identifier,base_fid,direction,actype,origin,destination,spawn_time,del_time,spawn_lat,spawn_lon,spawn_alt_ft,spawn_mass_kg,n_waypoints
284382839,284382839,eastbound,B789,KJFK,LGAV,19:51:51.01,24:30:30.54,44.998686,-52.069695,39110.0,201759.14525657566,67
284383462,284383462,eastbound,A332,KJFK,LROP,20:10:32.29,25:07:50.99,45.842653,-52.204068,38521.0,205110.7564927469,72
284383189,284383189,eastbound,B77L,KCVG,EDDP,20:29:14.43,25:24:58.42,47.033597,-52.110122,39960.0,238538.08268272487,81
284380887,284380887,eastbound,B789,MMGL,LEMD,20:38:29.74,26:52:59.14,38.571795,-69.379722,40352.0,192657.98395118662,76
284385710,284385710,eastbound,A333,KATL,EHAM,21:15:35.24,27:55:34.11,41.230991,-67.932151,38735.0,191014.58813264212,102
284382124,284382124,eastbound,B789,MMMX,LFPG,21:29:14.09,27:47:29.24,39.783523,-68.145699,40280.0,192877.02722513597,79
284385936,284385936,eastbound,A333,KJFK,LGAV,21:35:03.99,26:31:57.85,45.001989,-52.258444,38575.0,190395.040577189,67
284386224,284386224,eastbound,A339,KATL,LFPG,21:42:41.99,28:13:57.32,41.293186,-67.751961,38872.0,209212.17663230718,101
284387221,284387221,westbound,A333,LPFR,BIKF,21:45:27.57,24:29:32.39,43.90205,-12.44032,39361.0,185041.4260010136,47
284385961,284385961,eastbound,A343,KJFK,EDDF,21:48:09.55,27:03:29.59,45.807542,-52.730788,37648.0,209150.80194708813,90
284386309,284386309,eastbound,A339,KBOS,LGAV,21:53:18.90,26:47:25.61,45.169787,-52.035794,38352.0,213339.03979133058,69
284387239,284387239,westbound,A333,LEAL,BIKF,22:00:32.99,24:16:59.41,48.477814,-7.424145,39605.0,183728.96751003998,40
284386707,284386707,eastbound,A333,KMCO,EGLL,22:02:04.04,28:30:02.41,37.847476,-67.725058,38798.0,191152.6742091068,101
284386702,284386702,eastbound,A332,CYUL,DAAG,22:09:06.83,26:47:34.60,45.635144,-52.63034,38113.0,197045.64587948532,80
284387800,284387800,westbound,B789,EGLL,MMMX,22:09:32.40,27:02:45.09,54.007122,-9.539579,39088.0,217708.6031983276,62
284387226,284387226,westbound,B77L,EDDP,KCVG,22:12:49.54,27:01:31.93,57.223308,-8.176334,41761.0,250171.49385794014,80
284386805,284386805,eastbound,A359,KATL,LIRF,22:14:06.17,28:36:02.42,40.810462,-67.95401,38703.0,238131.61435886845,87
284386651,284386651,eastbound,B763,KEWR,LIRN,22:17:43.76,27:12:39.41,45.627361,-52.192344,37443.0,160403.80085355893,78
284387215,284387215,eastbound,B772,KCLT,EDDF,22:19:02.47,28:48:42.40,41.181873,-67.69887,38369.0,231452.92047127752,106
284386771,284386771,eastbound,B763,KJFK,EKCH,22:19:31.06,27:36:48.27,47.292485,-52.729265,36441.0,155718.7555424439,93
284386650,284386650,eastbound,A339,KJFK,LIRF,22:19:32.96,27:23:25.87,45.037945,-52.408877,38571.0,207541.4970143349,81
284386628,284386628,eastbound,A333,KATL,EDDF,22:28:39.08,29:28:27.36,41.108738,-67.88535,38728.0,191067.27925879837,101
284387202,284387202,eastbound,A339,KBOS,EHAM,22:34:16.34,27:33:43.61,46.058907,-52.589607,37663.0,200418.55841095946,85
284387237,284387237,eastbound,A339,KBOS,LIRF,22:43:23.82,27:47:31.33,45.005152,-52.833371,38417.0,206811.83976601844,84
284387203,284387203,eastbound,B763,KJFK,EDDB,22:45:18.67,28:09:10.62,45.726523,-53.067754,37551.0,156860.8942963698,92
284387037,284387037,eastbound,B772,KATL,LFPG,22:49:14.21,28:57:38.41,41.073632,-68.006711,38494.0,228457.73394162641,101
284387156,284387156,eastbound,A333,CYUL,LSZH,22:49:36.55,27:59:39.18,46.555245,-52.571093,37116.0,191045.6970735667,85
284386594,284386594,eastbound,B78X,KMSP,EHAM,22:49:50.65,27:25:51.62,57.025916,-60.921131,40430.0,216493.70649206167,85
284387278,284387278,eastbound,B772,KJFK,LIRF,22:50:47.78,27:31:16.22,45.218194,-52.004003,38096.0,225451.78464490458,80
284386824,284386824,eastbound,A333,KJFK,LSZH,22:52:08.20,28:07:10.41,45.380338,-52.834691,38214.0,190509.56301664677,88
284387406,284387406,eastbound,B789,CYUL,LFPG,22:53:55.92,27:31:26.86,46.856364,-52.459747,37665.0,188611.783033654,82
284386017,284386017,eastbound,B77W,SMJP,EHAM,22:54:46.98,28:20:54.31,26.375336,-42.161947,39666.0,274261.564400684,85
284387499,284387499,eastbound,B772,KMCO,EGKK,22:59:01.03,29:06:02.63,37.623388,-67.779648,38703.0,228219.9498673348,101
284387084,284387084,eastbound,A333,CYYZ,EHAM,22:59:31.92,27:55:19.88,46.769477,-52.162437,37843.0,188771.79739077017,81
284387078,284387078,eastbound,A333,KJFK,LIMC,22:59:45.76,28:15:21.88,45.493683,-52.597814,38159.0,190470.15803626328,88
284387289,284387289,westbound,A333,LEBL,BIKF,23:00:00.94,24:34:21.06,53.650324,-10.341445,40046.0,180464.72225165722,27
284386579,284386579,eastbound,A343,KDTW,EDDF,23:00:58.74,28:10:41.31,46.471677,-51.942213,37124.0,209745.07989448245,85
284382094,284382094,eastbound,B77L,MMGL,LFPG,23:01:02.57,27:36:38.82,45.577139,-52.265218,40436.0,234739.02002658273,59
284387026,284387026,eastbound,B77W,KJFK,LFPG,23:02:46.90,27:42:49.01,45.477455,-52.994919,37766.0,267809.438352715,86
284386762,284386762,eastbound,A332,KDTW,EDDM,23:10:13.01,28:14:06.56,46.296751,-51.894347,38052.0,197696.97473773055,80
284387334,284387334,eastbound,A333,KJFK,EIDW,23:10:57.62,27:20:22.19,45.773875,-52.705384,38085.0,190455.78306976237,72
284387607,284387607,eastbound,B772,CYOW,LFPG,23:15:35.20,27:51:08.62,46.948527,-52.816149,36841.0,216529.75959382261,82
284387692,284387692,eastbound,A332,KATL,EDDM,23:15:39.56,29:57:04.18,40.657919,-67.94015,38653.0,206332.86835824643,95
284387612,284387612,eastbound,A333,KEWR,EKCH,23:17:15.46,28:46:29.57,46.576387,-53.043688,37732.0,190416.2842662985,94
284387154,284387154,eastbound,B748,KMIA,EDDF,23:18:05.17,29:47:06.19,37.981124,-66.76955,36559.0,388906.3381559465,98
284386918,284386918,eastbound,A359,KDTW,EHAM,23:20:14.91,28:03:29.82,46.740663,-52.544582,38989.0,222399.91025097837,82
284387277,284387277,eastbound,A333,KMIA,LSZH,23:21:03.66,29:58:32.63,37.992999,-63.117507,39071.0,189217.35956898693,90
284387430,284387430,eastbound,B764,KEWR,EDDM,23:21:06.66,28:33:33.85,46.465808,-53.107707,34490.0,175066.45132668526,89
284387666,284387666,eastbound,A359,KBOS,LFPG,23:21:54.67,28:09:35.83,45.472246,-52.822388,38466.0,221189.32567461923,85
284386841,284386841,eastbound,B748,KSDF,EDDK,23:22:30.94,28:06:29.81,46.284676,-51.812503,36937.0,371400.5427601064,82
284387420,284387420,eastbound,A388,KMIA,EGLL,23:23:02.80,29:06:04.03,37.802837,-63.942457,39108.0,464519.9716255175,94
284388135,284388135,westbound,B77L,LEZG,MMSM,23:23:51.96,28:42:45.60,40.927254,-13.366942,40408.0,270342.7125870669,66
284388214,284388214,eastbound,B772,KRDU,LFPG,23:26:49.95,29:37:32.10,41.221779,-68.539673,38375.0,229436.90722040067,110
284387753,284387753,eastbound,A359,KJFK,EDDM,23:28:00.27,28:36:19.10,45.473495,-52.775707,38613.0,226549.51818811096,90
284387831,284387831,eastbound,B789,MDPC,EGKK,23:28:41.23,29:41:58.40,26.093151,-56.978833,40436.0,198766.63328728004,106
284387548,284387548,eastbound,A333,CYYZ,EKCH,23:29:38.40,28:37:54.23,56.844111,-60.841524,39031.0,189721.6627693025,89
284387617,284387617,eastbound,A333,KJFK,LIRF,23:29:46.85,28:30:37.13,45.211283,-51.952064,38241.0,190228.85555007198,80
284386842,284386842,eastbound,B77L,KIND,EBLG,23:30:47.74,28:12:31.78,46.478075,-52.083408,39729.0,234558.1879432625,81
284387815,284387815,eastbound,A359,KATL,EHAM,23:32:49.72,29:55:55.24,41.246104,-68.255258,39022.0,231178.91354909417,102
284387750,284387750,eastbound,A332,KJFK,EHAM,23:33:48.55,28:27:24.97,45.792775,-52.874315,38073.0,193811.12822588763,85
284387554,284387554,eastbound,B788,KIAD,LGAV,23:36:25.89,28:28:08.52,44.474394,-54.140574,40350.0,179935.42399201513,67
284387568,284387568,eastbound,A339,KATL,LGAV,23:37:29.07,30:14:27.57,40.787679,-68.072734,38252.0,219161.87663826134,76
284388074,284388074,eastbound,B772,KRDU,EGLL,23:37:29.55,29:34:19.58,40.727758,-68.479877,38493.0,227484.964978799,106
284387897,284387897,eastbound,A333,KMCO,EGCC,23:38:42.99,29:59:39.39,37.585999,-68.148572,38774.0,191355.33968512336,102
284388281,284388281,eastbound,A332,CYHZ,EDDF,23:39:13.44,28:48:23.91,46.465694,-52.89438,36934.0,193729.89255711183,88
284387678,284387678,eastbound,B744,KMIA,EHAM,23:43:23.84,29:55:09.68,38.135484,-65.990561,38209.0,303877.0331620525,98
284387749,284387749,eastbound,A333,KEWR,EIDW,23:45:40.26,27:55:26.63,45.916438,-52.939879,37955.0,190406.4149125047,71
284387633,284387633,westbound,B789,LIRF,MMMX,23:47:06.30,29:12:47.92,38.925038,-13.169159,39273.0,211764.51818366663,58
284387400,284387400,eastbound,A332,CYYZ,LIRF,23:47:08.17,28:36:14.34,46.013956,-52.10313,37665.0,199947.92181897289,75
284387926,284387926,eastbound,A343,KBOS,EDDF,23:47:52.93,29:02:21.61,45.806444,-52.478271,37346.0,207963.54822744188,89
284387557,284387557,eastbound,B764,KIAD,LIRF,23:48:09.62,28:43:39.98,45.954933,-52.39716,34838.0,177769.6405027214,76
284387547,284387547,eastbound,A333,KJFK,ENGM,23:48:43.71,28:40:15.81,49.394275,-53.078167,38719.0,189955.193183499,85
284387700,284387700,eastbound,B772,KEWR,LIMC,23:49:14.87,28:40:03.73,45.698414,-52.562255,37635.0,222153.8239272633,87
284387850,284387850,eastbound,A339,KJFK,LIRF,23:49:50.08,28:50:21.38,45.200523,-51.850287,38281.0,207276.20376863054,80
284387848,284387848,eastbound,A333,KTPA,EHAM,23:52:40.84,30:37:42.87,39.727764,-67.994512,38980.0,189849.95457933052,98
284387150,284387150,eastbound,B763,KMIA,EBBR,23:54:54.01,30:14:33.67,37.951908,-62.906889,39650.0,161822.18836861217,96
284388069,284388069,eastbound,A333,KBDL,EIDW,23:55:51.15,28:04:51.90,45.91228,-52.788873,37818.0,191114.47355392203,71
284387957,284387957,eastbound,A35K,KMCO,EGLL,23:56:30.20,30:13:29.89,37.644638,-68.119158,38405.0,262205.9168211115,102
284387769,284387769,eastbound,B789,KJFK,LFPG,23:58:02.68,28:40:19.28,45.458663,-52.37955,38658.0,189042.61922865256,85
284388012,284388012,eastbound,A333,KATL,EDDF,23:58:18.51,30:56:52.11,40.73887,-67.888658,38737.0,191024.64983010964,100
284387756,284387756,eastbound,B772,KJFK,LFPG,23:58:39.76,28:39:08.82,45.301597,-52.957549,38310.0,217798.26821004815,86
284387266,284387266,eastbound,A359,KMSP,EHAM,23:59:03.58,28:38:38.72,57.027811,-61.365298,40050.0,224655.6084877611,84
284387201,284387201,eastbound,B763,KORD,LSZH,23:59:29.83,28:59:42.88,46.247322,-51.90115,37236.0,156018.27769051498,76
284387725,284387725,eastbound,B763,KIAD,LOWW,24:01:59.62,29:16:22.69,45.659137,-52.363658,37588.0,159373.12200548872,81
284387712,284387712,eastbound,B763,KEWR,EGLL,24:02:11.55,28:36:57.21,45.797608,-52.930126,37337.0,152186.36803093867,79
284387813,284387813,eastbound,B77W,KIAD,EBBR,24:04:42.19,28:49:34.62,45.605442,-52.838352,37739.0,268296.88687734294,87
284387754,284387754,eastbound,A333,KEWR,ESSA,24:05:05.62,29:25:00.22,49.35459,-53.236567,38709.0,189934.80438874816,93
284386505,284386505,eastbound,B77L,KMEM,EBLG,24:05:25.13,28:50:54.47,45.837905,-52.385872,41240.0,235663.61126668827,76
284388114,284388114,eastbound,A333,KJFK,EBBR,24:06:36.07,29:11:48.87,45.567566,-52.767553,38113.0,190477.7347974198,87
284388062,284388062,eastbound,A333,KATL,LFPG,24:06:58.28,30:41:21.03,40.775139,-67.63816,38759.0,190925.4374164924,101
284386087,284386087,eastbound,B772,KDFW,LIRF,24:07:12.68,28:41:49.56,45.545388,-51.999887,37680.0,222451.49130119546,58
284388307,284388307,eastbound,B77W,KCLT,EGLL,24:07:15.10,30:01:26.49,40.514283,-68.433816,38098.0,277238.78658505704,103
284387839,284387839,eastbound,B763,KIAD,LSZH,24:07:45.66,29:16:23.29,45.453281,-52.836637,37720.0,156984.7339089844,87
284388001,284388001,eastbound,A333,CYOW,EPRZ,24:07:57.47,29:22:55.05,49.840046,-53.730849,38844.0,190831.77750233337,84
284387899,284387899,eastbound,B772,KCLT,EIDW,24:08:06.37,29:33:37.87,40.601214,-68.182966,38614.0,223492.29954081555,95
284387539,284387539,eastbound,B77W,KMIA,LFPG,24:09:28.82,30:00:55.63,38.204419,-62.305198,39430.0,277494.41264800046,93
284387811,284387811,eastbound,B788,KIAD,EDDM,24:09:59.48,29:13:54.30,45.282771,-52.974053,41951.0,170788.67436224213,85
284387162,284387162,eastbound,A333,KMSP,LFPG,24:10:30.84,28:58:10.59,50.717347,-53.894587,39573.0,185349.81793302437,78
284387727,284387727,eastbound,B763,KEWR,LSGG,24:10:32.35,29:14:49.89,45.645724,-52.536232,37311.0,155667.3974851934,87
284387887,284387887,eastbound,B788,KJFK,EPWA,24:10:50.27,29:21:13.35,46.217857,-53.035937,40037.0,173558.13126992053,88
284388212,284388212,eastbound,B77W,CYUL,LFPG,24:11:01.79,28:47:27.06,46.636676,-52.838486,36321.0,266446.8532872911,83
284388337,284388337,eastbound,B772,KCLT,LIRF,24:11:38.68,30:20:51.38,40.597948,-68.049854,38081.0,236864.18431774553,91
284387885,284387885,eastbound,B772,KEWR,EHAM,24:11:40.84,28:51:38.52,46.283012,-52.484221,37271.0,217525.0807380351,83
284388152,284388152,eastbound,A333,CYUL,LEBL,24:11:50.63,29:06:58.08,45.991656,-53.071543,37218.0,191207.2226116688,82
284387077,284387077,eastbound,B78X,KORD,LIRF,24:11:50.97,28:49:14.13,45.932965,-52.075026,37492.0,214732.961006593,68
284387677,284387677,eastbound,B763,KIAD,LSGG,24:13:46.96,29:20:44.24,45.298107,-52.983656,37873.0,156282.79718070914,87
284387531,284387531,eastbound,B764,KEWR,EDDB,24:15:43.12,29:34:31.40,46.681466,-52.876659,34573.0,174396.02587181242,91
284388336,284388336,eastbound,A359,KCLT,EDDM,24:15:43.61,30:53:11.50,41.179165,-67.7679,38717.0,234576.50343120264,100
284387981,284387981,eastbound,A333,KTPA,EDDF,24:16:01.23,31:16:40.75,38.128036,-66.025904,38962.0,189941.79739200787,97
284388316,284388316,eastbound,A333,KBOS,EINN,24:18:07.64,28:11:32.70,45.915684,-52.464389,37746.0,191578.21731792312,66
284387828,284387828,eastbound,B763,KIAD,EHAM,24:18:26.98,29:16:24.98,45.681805,-52.776569,37793.0,154358.97582580376,86
284388047,284388047,eastbound,A339,KJFK,EGLL,24:18:28.02,28:57:04.21,45.533082,-52.811487,38372.0,199193.3784354954,80
284387643,284387643,eastbound,A359,KEWR,LFPG,24:18:55.86,29:05:11.57,45.629979,-52.595899,38443.0,222090.0658558109,85
284388037,284388037,eastbound,B77L,KMIA,EHBK,24:19:38.73,30:22:33.01,38.026537,-61.880182,41798.0,247203.42078100436,95
284388048,284388048,eastbound,B764,KJFK,LFMN,24:20:46.95,29:15:37.46,45.69385,-52.647971,35024.0,174488.9374522387,85
284387764,284387764,eastbound,A333,CYYZ,EDDF,24:21:17.80,29:35:38.10,46.432373,-51.857657,37759.0,188663.1044367785,86
284387970,284387970,eastbound,B772,KEWR,EGLL,24:21:32.87,28:41:02.28,46.028445,-52.705954,37321.0,215356.5179244469,79
284388334,284388334,eastbound,B789,KBOS,EBBR,24:23:59.81,29:11:41.76,45.71777,-52.582699,38269.0,190015.73758213193,86
284388274,284388274,eastbound,B77W,KJFK,LFPG,24:27:20.51,29:05:35.44,45.442919,-52.603707,37629.0,267328.35855859815,85
284388331,284388331,eastbound,A333,KBOS,EHAM,24:27:24.89,29:30:55.89,45.959804,-52.879846,37475.0,191731.52261608577,86
284387855,284387855,eastbound,B772,KEWR,LOWW,24:27:52.21,29:22:50.69,46.003267,-52.138116,37229.0,224799.070788423,84
284388299,284388299,eastbound,B763,CYUL,LOWW,24:28:37.76,29:36:41.70,46.778464,-52.397381,36175.0,158107.49166917545,86
284387490,284387490,eastbound,B763,KORD,EGLL,24:29:42.90,28:53:56.61,51.357901,-55.082348,40702.0,153018.38852859195,77
284388270,284388270,eastbound,B744,KJFK,EBLG,24:29:49.19,29:16:52.55,45.603909,-52.946221,37447.0,288660.04981091735,88
284387841,284387841,eastbound,B772,KEWR,LFPG,24:31:09.83,29:09:02.71,45.83358,-52.640637,37325.0,217675.91462176575,84
284387653,284387653,eastbound,B77L,MPTO,EHAM,24:31:45.43,31:01:55.36,26.481079,-56.57808,41497.0,250349.53639614524,88
284386962,284386962,eastbound,A333,KSTL,EDDF,24:32:43.10,29:50:19.19,46.072004,-52.272601,38409.0,184504.1235194507,77
284388262,284388262,eastbound,B77W,KJFK,EGLL,24:33:46.75,28:55:41.59,45.59847,-52.984207,37565.0,264947.74399685033,80
284388030,284388030,eastbound,A332,KIAD,EHAM,24:33:51.55,29:26:21.76,45.776703,-52.817804,38616.0,194435.77370821714,85
284388002,284388002,eastbound,B748,KEWR,EDDF,24:34:11.54,29:26:19.11,46.138866,-52.414866,36817.0,370733.3643619543,89
284388244,284388244,eastbound,A333,KJFK,EINN,24:34:54.80,28:30:17.85,45.717984,-52.713046,38072.0,190508.52706655872,67
284388444,284388444,eastbound,B789,CYUL,EGLL,24:36:43.41,28:48:04.69,48.494275,-52.954352,41393.0,187332.19310752116,76
284388106,284388106,eastbound,B748,KIAD,EDDF,24:36:51.05,29:32:25.22,45.801139,-52.891402,37009.0,372120.322099972,90
284388168,284388168,eastbound,A35K,KATL,EGLL,24:37:25.67,30:39:47.65,41.339512,-68.096245,38270.0,260431.8561459598,100
284388138,284388138,eastbound,A359,CYYZ,LFPG,24:37:41.59,29:24:29.81,46.26829,-53.015547,38160.0,221924.84603092284,83
284388190,284388190,eastbound,B772,KCLT,EDDM,24:39:06.40,31:05:45.23,40.810848,-67.6996,38197.0,233781.39563633734,100
284388148,284388148,eastbound,A333,KJFK,EHAM,24:39:38.04,29:43:58.94,45.677405,-52.971127,38063.0,190593.88284311054,84
284387948,284387948,eastbound,A339,KIAD,EGLL,24:40:03.48,29:18:36.26,45.559594,-52.838661,38674.0,199948.2286042047,80
284387230,284387230,eastbound,A333,KORD,EIDW,24:41:55.63,28:44:36.06,46.686277,-52.614131,38207.0,185931.83559219283,68
284388351,284388351,eastbound,B77W,KJFK,EGLL,24:42:56.83,29:03:43.86,45.645625,-52.787767,37573.0,264534.75577287644,79
284388323,284388323,eastbound,A333,CYUL,EDDF,24:43:31.28,29:58:10.44,46.790774,-52.1775,36623.0,190936.89820684033,86
284388242,284388242,eastbound,A333,KBOS,EGLL,24:44:28.26,29:24:17.62,45.684283,-52.927204,37812.0,191801.93593362012,79
284388066,284388066,eastbound,A35K,CYYZ,EGLL,24:44:56.61,29:12:15.31,46.569178,-52.820534,37466.0,250289.29831282064,77
284388252,284388252,eastbound,A35K,KPHL,EGLL,24:45:42.24,29:13:54.38,45.618123,-52.404055,38239.0,251045.99280848575,79
284387691,284387691,eastbound,A333,KIAD,EIDW,24:45:42.76,28:53:42.30,45.785322,-52.481516,38210.0,188847.24554556687,71
284388221,284388221,eastbound,B789,CYYZ,LGAV,24:47:48.86,29:28:42.72,45.859479,-51.993668,37709.0,199234.57265628196,64
284386709,284386709,eastbound,B77W,KDFW,EGLL,24:47:54.76,29:06:52.22,46.35295,-52.579552,38160.0,263368.2969975974,67
284388132,284388132,eastbound,B763,KEWR,EGLL,24:48:18.22,29:21:36.40,45.942946,-52.525992,37123.0,151915.6424466737,80
284388474,284388474,eastbound,A339,KBOS,EGLL,24:49:07.68,29:25:02.34,45.620913,-52.359556,38135.0,198384.63717433318,79
284388209,284388209,eastbound,B789,KJFK,EGKK,24:49:35.72,29:17:57.95,45.472636,-52.854218,38624.0,187900.17690313436,79
284386447,284386447,eastbound,B78X,KORD,EDDF,24:49:37.55,29:43:53.73,46.564493,-51.785819,37190.0,214650.63114423447,80
284387928,284387928,eastbound,A333,KDTW,LFPG,24:50:11.98,29:48:43.23,45.99397,-52.964257,38041.0,187537.2041160578,84
284388364,284388364,eastbound,B763,KJFK,EGPH,24:50:54.19,28:58:56.09,47.016944,-52.759997,36534.0,150286.10688585404,73
284387767,284387767,eastbound,A332,KORD,LYBE,24:51:07.59,29:44:20.52,46.038158,-52.302484,37939.0,202438.41989887497,65
284388499,284388499,eastbound,B788,KPHL,LSZH,24:51:11.73,29:48:01.08,45.005446,-52.615994,41992.0,171729.1493985235,88
284388206,284388206,eastbound,B77W,CYYZ,EGLL,24:51:35.46,29:06:08.64,46.744814,-52.385584,36857.0,262301.0558811143,74
284388061,284388061,eastbound,B763,KEWR,LSZH,24:51:54.09,29:56:36.14,45.792621,-52.548108,37004.0,156215.57000094757,87
284387921,284387921,eastbound,B78X,KORD,EHAM,24:52:09.65,29:27:24.81,46.916236,-52.264025,37094.0,214742.01388971848,80
284388253,284388253,eastbound,B77W,KIAD,LFPG,24:55:49.99,29:32:42.56,45.556435,-52.396465,37711.0,266677.7968934095,84
284388469,284388469,eastbound,B77W,CYUL,LFPG,24:58:07.12,29:33:34.54,46.742183,-52.722052,36276.0,265074.9914686508,82
284388330,284388330,eastbound,B744,CYYZ,EDDF,24:59:34.19,29:50:34.94,46.804308,-51.932342,36774.0,289052.702693068,86
284388385,284388385,eastbound,A333,CYUL,EHAM,25:00:12.83,29:55:43.87,46.983895,-52.287342,36596.0,190902.6791875463,82
284388453,284388453,eastbound,B764,KJFK,LIPZ,25:01:00.14,30:00:37.67,45.828028,-52.569747,34803.0,176207.7143599835,85
284387704,284387704,eastbound,B764,KATL,EGLL,25:01:11.74,29:33:44.94,45.838029,-52.876647,35412.0,171298.22581198876,75
284388565,284388565,eastbound,A333,KBOS,BIKF,25:02:40.38,27:45:35.79,52.327513,-55.876206,39282.0,186575.67950664498,49
284388454,284388454,eastbound,B772,KTPA,EGKK,25:03:05.19,30:59:27.68,38.165739,-66.303952,38773.0,226823.31089505766,97
284388374,284388374,eastbound,B77W,KJFK,EGLL,25:05:07.97,29:24:55.03,45.734473,-52.644821,37525.0,263983.30765476334,79
284388192,284388192,eastbound,B78X,KEWR,EBBR,25:05:43.54,29:48:03.38,46.118483,-52.634777,36807.0,219330.40730994553,86
284388576,284388576,eastbound,A339,KBOS,LFPG,25:07:30.54,30:03:21.12,45.526109,-52.517123,37884.0,200286.39969345284,84
284388493,284388493,eastbound,B763,KJFK,EBBR,25:08:48.70,30:07:13.48,45.512783,-52.780477,37611.0,154463.61161364638,87
284388032,284388032,eastbound,B772,KIAD,LFPG,25:09:04.20,29:46:20.81,45.502872,-52.427855,38188.0,217437.61421482163,84
284388126,284388126,eastbound,A359,KORD,LFPG,25:13:37.80,30:00:23.87,46.101928,-53.093642,38968.0,223445.61257401152,81
284388380,284388380,eastbound,B772,KIAD,EGLL,25:14:07.90,29:32:30.00,45.701726,-52.36374,38277.0,214994.65800191418,79
284387027,284387027,eastbound,B772,KIAH,EHAM,25:14:13.06,29:56:45.77,45.831318,-52.402925,38203.0,214825.8106427691,69
284386941,284386941,eastbound,B78X,KIAH,EGLL,25:15:07.69,29:31:39.80,45.822824,-52.123793,38813.0,210268.23356508344,66
284388555,284388555,eastbound,A333,KSWF,BIKF,25:15:09.04,27:54:51.44,52.922069,-56.26121,39281.0,186932.37262096326,48
284387874,284387874,eastbound,B789,MMUN,EGBB,25:16:06.80,30:46:22.69,38.089103,-61.348272,40736.0,190338.51226410925,81
284386986,284386986,eastbound,B78X,KSEA,EGLL,25:18:56.71,29:39:38.38,63.280015,-64.400835,41100.0,211139.46540480273,69
284388603,284388603,eastbound,A333,KJFK,LSGG,25:20:27.32,30:35:25.01,45.23511,-52.925523,38146.0,190547.79105031127,88
284387997,284387997,eastbound,B78X,KORD,EGLL,25:20:30.45,29:35:19.55,46.581659,-52.180865,37167.0,214789.16699419718,76
284388517,284388517,eastbound,B788,KPHL,EHAM,25:21:03.09,30:01:33.52,46.365892,-52.477626,42330.0,167541.37479896392,85
284388455,284388455,eastbound,A333,CYUL,EBBR,25:22:05.34,30:18:01.80,46.820195,-51.9664,36657.0,190790.22112434285,83
284388623,284388623,eastbound,B788,CYUL,LFBO,25:22:43.01,30:04:36.81,46.857935,-52.875273,42330.0,169019.37146400195,82
284388419,284388419,eastbound,A333,KBWI,BIKF,25:25:01.80,28:06:15.48,52.403884,-55.819948,39248.0,187609.24364065335,48
284388470,284388470,eastbound,A333,KEWR,LFPO,25:26:08.69,30:23:34.87,45.51651,-52.595099,37984.0,190317.55469511996,85
284388382,284388382,eastbound,B763,KEWR,EGLL,25:28:41.01,29:59:36.11,45.993368,-52.459814,37083.0,151888.8543096576,79
284388215,284388215,eastbound,A339,KDTW,EHAM,25:28:43.00,30:23:31.99,46.564868,-52.44115,38043.0,200960.35329278963,83
284388485,284388485,eastbound,A35K,KJFK,EGLL,25:29:15.79,29:59:06.62,45.645887,-52.797363,37941.0,250595.53496063847,80
284392421,284392421,eastbound,B772,KCLT,EGLL,25:29:41.51,31:23:03.63,40.599521,-68.370465,38452.0,227005.23120173663,105
284388494,284388494,eastbound,B752,KIAD,EIDW,25:31:09.15,29:39:28.59,45.909739,-52.919131,36615.0,89185.8777509806,69
284387608,284387608,eastbound,B748,KIAH,EDDF,25:31:53.60,30:19:01.50,46.137609,-52.502226,36803.0,374669.91994774435,67
284392700,284392700,westbound,B763,EGNX,KJFK,25:32:09.15,30:58:52.01,55.002561,-8.381953,40069.0,157145.51256298862,92
284388684,284388684,eastbound,A388,KBOS,EGLL,25:35:06.92,29:52:58.22,45.998892,-52.880198,37173.0,439896.5007736355,78
284388571,284388571,eastbound,B744,KMIA,EBLG,25:37:50.59,31:53:15.84,38.132082,-65.774389,38128.0,304719.5903083581,98
284387950,284387950,eastbound,B788,MMUN,EBBR,25:38:53.24,31:35:39.75,38.161089,-60.734747,41685.0,170213.92759766182,83
284387849,284387849,eastbound,B77W,KIAD,EGLL,25:39:33.56,29:57:51.53,45.888383,-52.566392,37426.0,264206.4229735264,79
284388610,284388610,eastbound,B744,KDOV,ETAR,25:42:55.25,30:46:42.71,45.774103,-52.968369,37323.0,291030.376018007,91
284388649,284388649,eastbound,A35K,KMCO,EGCC,25:43:06.95,31:52:42.42,37.680145,-68.958195,38453.0,261396.0030063321,103
284388752,284388752,eastbound,A333,KMCO,EIDW,25:43:25.23,31:46:48.82,37.785982,-68.720736,38770.0,191432.1112998502,101
284388501,284388501,eastbound,B764,KEWR,LIPZ,25:45:05.48,30:46:43.90,46.067254,-52.876566,34715.0,176207.06935794876,84
284388557,284388557,eastbound,A339,KJFK,EHAM,25:46:22.30,30:44:31.03,45.929655,-52.577159,37966.0,201053.609255985,86
284388642,284388642,eastbound,B772,KJFK,EGLL,25:46:39.36,30:06:53.82,45.76568,-52.788952,37682.0,215660.84256455963,78
284388615,284388615,eastbound,B77W,KJFK,EGLL,25:46:41.41,30:07:30.35,45.669907,-52.90042,37489.0,264038.8541464653,80
284387896,284387896,eastbound,B789,KDEN,EDDF,25:47:10.73,30:45:42.12,59.344348,-62.721044,40850.0,187108.81747366712,74
284388407,284388407,eastbound,A333,KEWR,ENGM,25:48:56.59,30:39:14.34,49.66993,-53.321022,38934.0,189977.66727274394,84
284388664,284388664,eastbound,B789,KPHL,EGLL,25:49:32.68,30:12:30.14,45.799159,-52.663178,38488.0,187239.0165106417,77
284388564,284388564,eastbound,B764,KJFK,LFPG,25:50:29.35,30:40:31.37,45.851988,-52.643607,35185.0,170899.03419838534,84
284388198,284388198,eastbound,B764,KATL,LIMC,25:53:02.19,30:55:16.99,45.698672,-52.2962,35191.0,175035.66468898914,73
284388443,284388443,eastbound,B748,KORD,EDDF,25:54:44.36,30:42:42.84,46.60773,-51.876634,36622.0,370333.7478970083,80
284392405,284392405,eastbound,A333,KBOS,LFPG,25:54:59.50,30:53:31.43,45.4859,-52.714371,37920.0,191653.85018858415,85
284388375,284388375,eastbound,B789,KORD,EGLL,25:55:03.30,30:06:23.72,50.842697,-54.484099,41301.0,184619.60526168818,76
284388606,284388606,eastbound,B789,KIAD,EGLL,25:55:19.08,30:18:55.19,45.751937,-52.790994,38769.0,186656.32802689564,79
284388525,284388525,eastbound,B77W,KIAD,EDDF,25:55:46.50,30:55:36.41,45.835322,-52.50347,37267.0,270064.11055011395,90
284386889,284386889,eastbound,B77W,KLAX,EGLL,25:59:21.52,30:18:21.39,58.007774,-61.474482,40114.0,265959.97061945935,62
284388663,284388663,eastbound,B77W,KMIA,EGLL,26:01:19.82,31:37:53.96,37.999146,-62.017073,39585.0,275123.6662807074,92
284388241,284388241,eastbound,A333,MMUN,EDDF,26:02:39.69,32:49:05.56,37.893921,-62.93276,39594.0,185491.22658379818,84
284388730,284388730,eastbound,B77W,KEWR,EDDF,26:02:54.80,30:58:55.83,46.063969,-52.960577,36754.0,269897.17156725965,88
284388679,284388679,eastbound,B77W,KMIA,LSZH,26:03:20.20,32:07:02.68,38.01369,-62.046232,39110.0,282279.0569583655,89
284392417,284392417,eastbound,A388,KBOS,EDDM,26:03:51.56,30:59:43.75,45.913669,-52.843243,37052.0,453362.31616524013,89
284387710,284387710,eastbound,A339,KSLC,LFPG,26:04:56.23,30:58:01.49,57.314766,-60.938636,39781.0,206060.78893945404,71
284388605,284388605,eastbound,A333,KJFK,LIRF,26:09:02.21,31:10:48.04,45.203118,-51.80498,38122.0,190208.04439396822,80
284387275,284387275,eastbound,A359,KIAH,LFPG,26:09:23.65,30:52:16.34,45.517257,-51.978359,38867.0,227343.0985675539,68
284386974,284386974,eastbound,B789,KLAX,LFPG,26:10:06.24,30:51:04.45,57.024521,-60.594415,40956.0,181336.04047944542,64
284388678,284388678,eastbound,B772,KEWR,EIDW,26:11:19.45,30:01:32.76,46.380235,-52.637365,36915.0,211847.87649088044,70
284392425,284392425,eastbound,B772,KATL,LFPG,26:11:31.85,32:20:57.77,41.255078,-68.241993,38241.0,229057.2291162607,102
284387272,284387272,eastbound,B78X,KLAX,EHAM,26:12:13.51,30:54:43.85,60.7711,-65.397119,41092.0,206861.3462899907,65
284388758,284388758,eastbound,A332,KJFK,EDDF,26:12:44.39,31:21:42.10,45.515691,-52.983858,37970.0,195924.84552922702,89
284388622,284388622,eastbound,A339,KMIA,LIRF,26:12:48.44,32:16:57.73,37.858662,-60.817587,38791.0,214733.17060243103,78
284392439,284392439,eastbound,A333,CYUL,LIMC,26:12:59.92,31:19:03.65,46.267386,-52.882443,37187.0,191189.3621911311,84
284387408,284387408,eastbound,B788,KDFW,EDDF,26:15:04.26,31:13:46.00,46.555742,-52.479159,42017.0,163275.1972946423,70
284392390,284392390,eastbound,B752,KEWR,EGPH,26:15:44.72,30:38:31.75,46.326411,-53.005024,36199.0,89467.05875121387,76
284387534,284387534,eastbound,A333,KAUS,EDDF,26:16:58.68,31:38:10.80,45.707014,-52.417905,39102.0,179591.76206990573,68
284388413,284388413,eastbound,B78X,KORD,EBBR,26:17:26.76,30:53:49.73,46.605362,-51.83665,37160.0,214662.79507490006,80
284388404,284388404,eastbound,B788,KORD,EDDM,26:17:36.16,31:03:43.98,50.54167,-53.36818,42064.0,167412.35630815712,75
284392410,284392410,eastbound,B77W,KJFK,EGLL,26:18:05.15,30:38:08.93,45.79652,-52.941931,37156.0,264468.2341215866,80
284388748,284388748,eastbound,A343,KTPA,LSZH,26:18:11.64,33:06:48.36,39.330424,-68.265982,37033.0,221372.78490717622,93
284388662,284388662,eastbound,A332,KDTW,EDDF,26:19:54.38,31:24:57.42,46.333034,-52.30729,38057.0,196026.44656330772,84
284392464,284392464,eastbound,B764,KJFK,EGLL,26:21:16.29,30:53:47.87,45.879025,-52.931195,35230.0,169707.13693062527,77
284392455,284392455,eastbound,B789,KBOS,EHAM,26:21:26.99,31:03:45.85,46.26526,-52.49157,37702.0,189685.33847028308,85
284387829,284387829,eastbound,A359,KDFW,LFPG,26:21:34.34,31:06:01.37,45.557512,-52.2975,38873.0,226828.75542993532,69
284388558,284388558,eastbound,A339,KMSP,EIDW,26:21:35.46,30:14:27.38,54.44424,-57.824712,40353.0,198124.10354584744,70
284392456,284392456,eastbound,A333,CYUL,LFPG,26:22:35.18,31:16:19.44,46.623467,-52.485966,37137.0,191139.28495554643,82
284388668,284388668,eastbound,A339,KATL,LIRF,26:24:09.50,33:02:52.89,40.901879,-68.361986,38299.0,215917.94582173505,87
284388636,284388636,eastbound,A35K,KJFK,EGCC,26:26:06.21,30:42:35.44,46.007085,-52.727852,37590.0,249125.80883526875,76
284392482,284392482,eastbound,B748,KDOV,EPRZ,26:28:35.04,31:25:10.80,46.067666,-52.170331,36663.0,381233.25511886313,81
284392559,284392559,eastbound,A359,CYUL,EDDM,26:28:54.50,31:29:40.53,46.917591,-52.481575,37862.0,224925.7903753498,86
284392610,284392610,eastbound,B763,KBOS,BIKF,26:29:46.93,29:10:20.46,52.314696,-55.10609,41634.0,144165.82920144178,47
284392761,284392761,westbound,B763,EDDK,KEWR,26:30:00.34,31:48:25.93,56.070126,-7.990056,40067.0,157982.00983306748,89
284387802,284387802,eastbound,B772,KIAH,EDDM,26:32:06.39,31:25:47.37,45.966651,-52.219608,37726.0,220478.38356371972,65
284388661,284388661,eastbound,B788,KMIA,EPWA,26:33:36.29,32:52:01.69,38.182191,-60.738635,41194.0,178555.8651891293,85
284392449,284392449,eastbound,A339,KBOS,EGLL,26:34:41.85,31:09:04.20,45.929627,-52.528433,37537.0,198377.29116350715,79
284392434,284392434,eastbound,A333,KJFK,LFPG,26:35:57.41,31:36:29.93,45.277032,-53.007733,38010.0,190569.84856643996,86
284388528,284388528,eastbound,B763,KORD,EGLL,26:36:06.84,31:00:59.03,46.608101,-52.053937,37233.0,151667.9611035326,76
284392397,284392397,eastbound,B764,KEWR,LIRF,26:36:22.00,31:31:01.95,45.588599,-52.324676,35031.0,177003.6348511611,79
284387599,284387599,eastbound,B772,KIAH,EGLL,26:39:07.68,30:56:55.95,46.311593,-51.938391,38187.0,213128.70732890783,67
284392706,284392706,eastbound,A333,KBOS,EIDW,26:39:12.65,30:44:25.07,46.176041,-52.805907,37280.0,191730.58820600793,69
284388727,284388727,eastbound,B788,KMIA,LFPG,26:40:50.59,32:30:59.82,37.930498,-60.624655,41773.0,172451.65774346492,92
284392527,284392527,eastbound,A333,KJFK,LSZH,26:42:31.35,31:57:46.45,45.254305,-52.863889,38007.0,190537.55683415293,88
284392519,284392519,eastbound,A333,KPHL,EIDW,26:43:03.80,30:48:29.20,45.870358,-52.363712,37954.0,189777.6988701204,68
284388737,284388737,eastbound,A339,CYYZ,EDDF,26:43:24.77,31:50:52.37,46.657464,-51.933758,37693.0,202459.1959604122,84
284388743,284388743,eastbound,A333,KJFK,EKCH,26:44:11.32,32:03:22.20,46.895132,-51.71728,37331.0,189913.78776330632,91
284392484,284392484,eastbound,B763,KJFK,BIKF,26:45:25.65,29:26:46.49,52.440299,-55.571321,41648.0,144179.1167877966,49
284387681,284387681,eastbound,B763,KIAH,EHAM,26:45:59.66,31:38:29.66,45.966206,-52.137072,38183.0,155196.54743547447,67
284392505,284392505,eastbound,B772,KBWI,BIKF,26:46:48.41,29:19:16.65,52.928018,-56.12698,40353.0,203777.4926676242,48
284392622,284392622,eastbound,B772,CYYZ,BIKF,26:47:26.90,29:18:35.27,56.284015,-60.808317,40366.0,204122.99470194158,46
284392503,284392503,eastbound,A359,KEWR,EDDM,26:47:28.23,31:53:36.30,45.910357,-52.599337,37621.0,226397.81631196427,89
284392438,284392438,eastbound,A333,KCLE,EIDW,26:47:32.04,30:51:14.24,46.515809,-52.688127,38042.0,187817.30777040933,69
284388596,284388596,eastbound,A333,KMIA,EGLL,26:48:28.16,32:50:38.41,37.880238,-62.189256,39110.0,188951.62817456064,92
284392780,284392780,eastbound,B77L,KATL,EDDF,26:48:30.54,33:19:24.93,40.595444,-67.687065,41131.0,249909.95629519311,101
284387729,284387729,eastbound,A332,CYYZ,EIDW,26:50:33.80,30:35:49.27,49.346192,-53.27074,40571.0,188494.35717181658,65
284392483,284392483,eastbound,B752,KEWR,BIKF,26:50:43.13,29:29:12.78,52.866949,-55.834227,40808.0,84585.94755351866,48
284392399,284392399,eastbound,B772,KBOS,EGLL,26:51:31.34,31:11:23.48,45.997522,-52.787307,36979.0,215616.24855591948,79
284388765,284388765,eastbound,A333,KMSP,EIDW,26:52:27.83,30:47:34.08,54.813508,-58.332247,39428.0,186602.97314270266,68
284392662,284392662,eastbound,B789,CYOW,EGLL,26:53:27.36,31:01:28.78,48.955649,-52.572116,41399.0,186688.5594179102,72
284392602,284392602,eastbound,B764,KJFK,LSZH,26:53:46.90,31:58:20.73,45.876502,-52.386281,35009.0,173810.31388025364,87
284387844,284387844,eastbound,B772,KSFO,LFPG,26:54:34.80,31:38:05.78,58.33757,-61.993052,39189.0,215939.5350126407,66
284392477,284392477,eastbound,A333,KMCO,EDDF,26:58:31.08,33:45:22.96,38.034792,-63.192624,39020.0,189551.38696499422,95
284392529,284392529,eastbound,B772,KIAD,BIKF,26:59:57.56,29:31:53.81,54.118027,-57.925301,40350.0,203814.52215473115,47
284392520,284392520,eastbound,B789,KMCO,EGKK,27:01:08.72,32:39:48.97,38.135166,-61.689528,40715.0,193543.87118172768,93
284392855,284392855,westbound,B763,EDDP,KJFK,27:01:23.42,32:24:53.34,57.368819,-8.309459,39903.0,158818.19122073796,91
284392726,284392726,eastbound,A333,KJFK,EIDW,27:01:24.82,31:09:49.06,45.840841,-52.98452,37773.0,190654.57207965202,71
284388272,284388272,eastbound,B772,KDFW,LFPG,27:01:39.37,31:35:56.91,45.717317,-51.964368,38084.0,214188.73170811712,68
284392633,284392633,eastbound,A333,KJFK,EHAM,27:01:49.89,32:02:11.14,45.858998,-52.545558,37843.0,190389.19565382943,85
284392664,284392664,eastbound,B772,KMCO,EGKK,27:02:15.24,33:09:36.86,37.862534,-68.164894,38665.0,228318.6729842889,101
284387956,284387956,eastbound,B77W,CYYZ,EDDM,27:05:04.42,31:55:06.18,46.41999,-52.146584,36657.0,270619.1512541752,83
284392572,284392572,eastbound,B77W,CYYZ,LFPG,27:05:52.61,31:43:28.07,46.486354,-53.134796,36943.0,266101.5761191335,83
284388651,284388651,eastbound,A333,KORD,LSZH,27:06:20.84,32:17:42.82,46.11974,-51.990239,38294.0,185664.62253355864,77
284392803,284392803,eastbound,A333,KBOS,EIDW,27:07:00.21,31:13:21.22,46.017949,-52.611781,37379.0,191561.14064927227,71
284392784,284392784,eastbound,B77W,CYUL,LFPG,27:07:22.50,31:38:19.62,46.872431,-51.970142,36355.0,264718.34892931103,81
284392576,284392576,eastbound,B789,CYYZ,EIDW,27:08:40.75,30:49:50.27,49.525477,-53.531178,41575.0,183525.5460816845,63
284392698,284392698,eastbound,A333,KIAD,EIDW,27:09:03.27,31:17:10.47,45.814976,-52.80761,38029.0,188935.603160536,71
284392447,284392447,eastbound,A332,KDTW,EGLL,27:09:20.40,31:39:36.94,46.201022,-52.462953,38288.0,191779.52348718373,77
284388641,284388641,eastbound,B78X,KORD,LFPG,27:10:34.40,31:43:02.69,46.332991,-51.992975,37370.0,214669.1124526611,79
284392528,284392528,eastbound,B772,KMSP,BIKF,27:10:43.72,29:38:40.09,59.807709,-64.403969,40349.0,203110.2757904613,47
284388635,284388635,eastbound,A333,KATL,EGCC,27:10:45.37,31:34:43.44,45.83732,-52.394599,38500.0,185168.66033848087,75
284392553,284392553,eastbound,B763,KJFK,LSGG,27:12:26.26,32:12:55.93,45.247296,-52.472882,37293.0,155604.5803530104,86
284392479,284392479,eastbound,B77L,CYYZ,LSZH,27:13:12.82,32:03:51.01,46.290873,-52.982329,37561.0,238022.91367162621,85
284388379,284388379,eastbound,B77W,KDFW,EGLL,27:13:24.89,31:28:58.58,46.075877,-52.220048,37850.0,264113.5356949748,67
284392794,284392794,eastbound,A333,KMCO,EGCC,27:13:45.57,33:31:31.46,37.853155,-67.994418,38810.0,191168.0785058219,101
284392756,284392756,eastbound,A333,CYUL,LFLL,27:14:16.04,32:21:01.38,46.27287,-53.016289,37990.0,191237.8955562002,84
284392634,284392634,eastbound,A333,KJFK,EGLL,27:16:08.47,31:53:49.97,45.719965,-52.756604,37814.0,190490.4879808711,79
284392640,284392640,eastbound,B772,KJFK,EGLL,27:16:53.92,31:35:36.37,45.819993,-52.519179,37431.0,215267.42348888057,79
284392859,284392859,westbound,B763,LFPG,KEWR,27:17:37.15,32:23:39.39,53.032369,-13.357725,40267.0,156595.88412768528,85
284392705,284392705,eastbound,A333,KJFK,EIDW,27:18:19.09,31:26:57.79,45.795892,-52.903207,37833.0,190482.03519770852,70
284388229,284388229,eastbound,A339,KSLC,EHAM,27:19:55.00,32:13:05.35,60.934923,-64.956603,39803.0,205827.8686036537,72
284392651,284392651,eastbound,B77W,KJFK,EDDF,27:21:32.70,32:21:49.54,45.798801,-52.697932,36817.0,269759.4980479851,90
284388704,284388704,eastbound,A333,KATL,EHAM,27:25:58.24,32:23:53.78,45.798663,-52.043295,38516.0,185033.6278160004,78
284393625,284393625,westbound,B763,EGNX,KPHL,27:26:36.20,32:58:00.91,54.917039,-8.261836,39907.0,158380.48949511963,93
284388369,284388369,eastbound,B772,KAUS,EGLL,27:27:25.54,31:44:05.59,45.816251,-52.211411,38216.0,212655.3738890134,65
284392499,284392499,eastbound,B772,KORD,BIKF,27:28:28.90,29:56:10.80,58.150088,-62.354973,40347.0,203222.9919264206,47
284388733,284388733,eastbound,B77W,MPTO,EHAM,27:28:50.55,33:53:19.09,26.362861,-55.045585,38903.0,281965.4945050855,87
284388507,284388507,eastbound,B788,KORD,EHAM,27:28:56.50,32:00:25.43,52.743489,-55.874912,42344.0,165048.38018299703,80
284392744,284392744,eastbound,A339,KJFK,LIRF,27:29:40.03,32:30:41.54,45.152567,-51.838416,37616.0,207255.23277493418,80
284392511,284392511,eastbound,B772,KRDU,BIKF,27:30:40.74,30:03:05.03,52.736821,-55.763871,40316.0,203441.45748262122,48
284392603,284392603,eastbound,A333,KIAD,LSZH,27:32:29.78,32:48:09.61,45.262569,-52.9118,38092.0,189031.1089063111,86
284392704,284392704,eastbound,B772,KJFK,EGLL,27:33:07.16,31:54:51.32,46.430883,-52.773683,37139.0,214973.2549582378,79
284392816,284392816,eastbound,B763,KJFK,EIDW,27:33:58.47,31:39:09.23,45.777954,-52.885164,37066.0,149638.49181826942,66
284392846,284392846,eastbound,B77W,KJFK,EGLL,27:34:48.15,31:53:03.80,45.879509,-52.652536,36904.0,263874.55970695434,79
284388655,284388655,eastbound,B789,KDEN,EGLL,27:35:52.99,31:55:00.08,56.456997,-60.233398,41153.0,183235.8415030879,71
284392624,284392624,eastbound,B77W,KMIA,EGLL,27:36:22.74,33:09:41.73,38.095185,-61.420201,39625.0,274605.3772263058,91
284388740,284388740,eastbound,A333,KATL,EKCH,27:36:57.93,32:59:02.56,46.602513,-51.930179,38487.0,184913.3809052922,81
284392982,284392982,eastbound,B748,KMIA,EHAM,27:37:35.07,33:46:03.73,37.924015,-65.860701,36824.0,384684.8384629646,98
284392395,284392395,eastbound,B764,KATL,EIDW,27:39:27.76,31:44:07.31,45.869172,-52.907905,35451.0,168531.96127077352,68
284392446,284392446,eastbound,B78X,KORD,EGLL,27:40:23.23,31:54:22.21,46.540851,-52.281567,37835.0,214858.78135177368,75
284392966,284392966,eastbound,B764,KATL,EGLL,27:40:55.46,33:50:27.61,41.089002,-68.663182,35223.0,177452.43845717757,100
284392783,284392783,eastbound,B77W,CYYZ,EGLL,27:41:30.18,31:57:12.65,46.719521,-52.792364,37456.0,262632.15939648455,75
284392895,284392895,eastbound,A333,KBOS,LSZH,27:41:32.05,32:54:09.88,45.469412,-52.443665,37637.0,191598.7342765794,87
284393216,284393216,westbound,A332,EBLG,KJFK,27:43:53.49,33:03:17.49,54.572015,-8.487425,39626.0,197686.06985762584,91
284388456,284388456,eastbound,B789,MMMX,LFPG,27:45:15.81,33:44:00.20,37.974301,-62.757041,40550.0,189635.9985839631,74
284392711,284392711,eastbound,B764,KEWR,LFPG,27:46:03.01,32:37:43.13,45.762971,-52.959698,35140.0,171064.6578262428,85
284392617,284392617,eastbound,B763,KEWR,EGLL,27:47:46.52,32:19:17.07,45.911802,-52.958649,36857.0,152113.61021568297,79
284392750,284392750,eastbound,B78X,KJFK,EHAM,27:48:48.19,32:29:18.85,46.018807,-52.713819,36745.0,219519.20182152523,86
284392827,284392827,eastbound,B788,CYYZ,EHAM,27:49:46.67,32:19:47.55,50.355372,-53.713826,42425.0,166401.6333800747,82
284392856,284392856,eastbound,A35K,KJFK,EGLL,27:50:28.97,32:21:06.25,45.653863,-52.944216,37357.0,250572.13922582683,80
284392786,284392786,eastbound,B772,KBWI,EGLL,27:51:13.11,32:11:03.41,45.754822,-52.75756,37458.0,215238.50203206457,79
284393113,284393113,eastbound,B788,CYUL,EGLL,27:52:15.68,32:03:16.38,49.332761,-53.159892,42618.0,166223.65399679882,73
284392747,284392747,eastbound,A333,CYYZ,EDDF,27:55:02.11,33:13:09.63,46.411277,-52.869136,38407.0,189055.69036309028,87
284388669,284388669,eastbound,A346,KDEN,EDDF,27:57:03.45,32:55:44.29,56.616326,-59.76948,39527.0,291482.4978868719,73
284392997,284392997,eastbound,B752,KMCO,BIKF,27:58:13.60,32:39:50.40,39.76987,-67.920041,37218.0,91541.8964089003,79
284392804,284392804,eastbound,B772,KEWR,EGLL,27:58:26.55,32:18:38.43,45.911757,-52.835851,36976.0,215400.2304453887,79
284388561,284388561,eastbound,B78X,KORD,EDDF,27:58:54.40,32:53:26.83,46.71958,-51.980483,37889.0,214766.28242764695,80
284393160,284393160,eastbound,A359,KBOS,LFPG,28:01:32.45,32:47:32.99,45.507254,-52.508509,37820.0,221182.81677392146,85
284388324,284388324,eastbound,B77W,KLAX,EGLL,28:03:34.07,32:23:30.54,57.964196,-61.582124,40038.0,267308.29367137357,63
284393175,284393175,eastbound,B789,CYUL,EGLL,28:04:21.00,32:12:36.19,49.396997,-52.978045,41398.0,187352.54472704776,75
284388436,284388436,eastbound,B772,KSFO,EGLL,28:05:07.53,32:27:21.84,62.004425,-64.293729,39346.0,214053.50749935355,64
284392688,284392688,eastbound,B763,KEWR,LGAV,28:05:38.96,32:58:51.79,45.442774,-52.230987,36499.0,165289.79099217022,67
284392942,284392942,eastbound,A333,KJFK,LFPG,28:06:21.80,33:05:56.90,45.291034,-52.809952,37805.0,190537.143861171,85
284392842,284392842,eastbound,B77W,KJFK,LFPG,28:06:24.04,32:45:35.22,45.526956,-52.893517,36954.0,266713.0814525082,85
284388526,284388526,eastbound,B772,KLAS,EHAM,28:07:04.01,32:48:10.65,60.344705,-64.279765,39245.0,215856.96001641633,67
284392583,284392583,eastbound,B764,KATL,LIPZ,28:07:38.38,33:05:09.49,45.542264,-52.498723,35130.0,174737.12312022757,70
284392828,284392828,eastbound,B788,CYUL,EHAM,28:08:07.28,32:38:29.77,49.907804,-53.355949,42472.0,167740.20358038147,81
284388569,284388569,eastbound,B772,SEGU,EHAM,28:08:42.11,34:31:18.81,26.291594,-54.573897,38404.0,228565.63723164095,78
284388080,284388080,eastbound,B77W,KSFO,LFPG,28:08:56.03,32:54:50.16,57.207983,-61.430113,39873.0,268827.25366965384,66
284388251,284388251,eastbound,A35K,KLAX,EGLL,28:09:41.39,32:32:40.87,57.683951,-61.392875,39080.0,261340.10931351694,62
284392956,284392956,eastbound,A333,KJFK,LIMC,28:10:45.83,33:27:09.51,45.264775,-52.804285,37798.0,190511.54878134234,88
284393163,284393163,eastbound,A333,KBOS,EHAM,28:11:01.45,33:11:33.30,45.945722,-52.816329,37371.0,191736.0538055382,85
284392789,284392789,eastbound,B772,KDTW,LFPG,28:11:54.16,32:48:09.01,46.142036,-52.687286,38362.0,215874.01839410388,83
284393370,284393370,westbound,B748,EDDK,KPHL,28:14:01.15,33:18:13.47,56.793597,-7.988265,37302.0,376433.1462711308,91
284392793,284392793,eastbound,B789,KORD,EGLL,28:14:39.64,32:27:10.61,50.823163,-54.620227,41302.0,184654.8926271595,77
284393035,284393035,eastbound,B744,KATL,ELLX,28:15:21.96,34:34:44.23,41.226264,-67.936771,37254.0,303966.85782365076,102
284392905,284392905,eastbound,B789,KIAD,LFPG,28:16:16.68,33:01:40.40,45.282718,-52.893453,38342.0,188526.79274468552,85
284393166,284393166,eastbound,A388,KJFK,LIMC,28:16:44.32,33:01:10.22,45.060999,-52.777501,37383.0,455542.65327491687,86
284392889,284392889,eastbound,B763,KEWR,EGLL,28:17:44.31,32:48:30.32,45.948742,-52.848146,36854.0,152115.0285448114,79
284392903,284392903,eastbound,B789,KPIT,EGLL,28:17:54.45,32:34:46.24,46.655634,-52.44729,39601.0,185475.7024888161,77
284393097,284393097,eastbound,A332,CYYZ,EHAM,28:20:44.68,32:58:33.58,49.411216,-53.649699,40094.0,193449.54679787962,82
284393176,284393176,eastbound,B772,KATL,EGLL,28:21:58.49,34:13:56.60,41.018429,-68.371714,38275.0,226569.22045524642,101
284393328,284393328,eastbound,A339,KBOS,EGLL,28:24:00.32,32:58:52.31,45.787019,-52.548211,37422.0,198346.10298003134,79
284393114,284393114,eastbound,B789,KPHL,EGLL,28:24:39.82,32:50:22.10,46.116562,-52.771491,38078.0,187060.60068447527,80
284393036,284393036,eastbound,B772,CYYZ,EGLL,28:25:17.99,32:40:52.29,47.066734,-53.008696,38511.0,214326.57278107002,76
284392963,284392963,eastbound,A339,KJFK,EGLL,28:25:38.31,33:03:17.38,45.584259,-52.969842,37563.0,199198.7241479819,80
284388285,284388285,eastbound,B77W,SPJC,EHAM,28:26:12.59,34:41:31.58,26.280938,-53.010855,39059.0,282164.04491157207,71
284388519,284388519,eastbound,B772,KIAH,EDDF,28:26:13.14,33:25:04.02,45.903836,-52.404149,37801.0,216149.35364903227,68
284393170,284393170,eastbound,B764,KJFK,LFPG,28:29:43.38,33:20:28.92,45.579604,-52.708316,35061.0,170935.65371395336,85
284393010,284393010,eastbound,B772,CYYZ,EIDW,28:29:47.06,32:07:52.99,49.57061,-53.213518,39845.0,210893.0208194425,67
284392918,284392918,eastbound,B789,KJFK,LOWW,28:30:12.66,33:28:08.95,45.767473,-52.051532,37553.0,194964.1642502387,85
284392628,284392628,eastbound,B748,KORD,ELLX,28:30:48.00,33:13:52.91,46.370858,-52.100054,37250.0,369004.7197849553,81
284393186,284393186,eastbound,B788,CYYZ,EPWA,28:31:51.13,33:33:54.47,55.843038,-60.530538,41874.0,173054.55755800352,85
284393130,284393130,eastbound,A333,KEWR,LSZH,28:33:12.21,33:45:19.08,45.471913,-52.39196,37585.0,190292.38552597733,87
284392899,284392899,eastbound,A333,KMCO,EDDM,28:33:20.98,35:03:06.36,38.169696,-62.330709,39051.0,189322.82121268453,87
284388226,284388226,eastbound,B77W,KLAX,LFPG,28:35:30.38,33:08:57.32,47.121511,-52.722937,38115.0,264663.10676440416,59
284388522,284388522,eastbound,A332,KSLC,EGLL,28:35:33.24,33:03:06.66,58.221273,-62.157469,40066.0,196996.89368657215,69
284393086,284393086,eastbound,A359,KIAD,EKCH,28:35:54.49,33:46:25.56,46.966497,-52.895658,38746.0,225245.28700706235,92
284393094,284393094,eastbound,A339,KTPA,EGLL,28:36:34.24,34:35:28.33,38.116408,-62.392324,39467.0,207169.97537354493,92
284393279,284393279,eastbound,B77W,KATL,EHAM,28:37:14.49,34:46:52.82,41.36308,-67.835518,37344.0,279165.6742854384,102
284393156,284393156,eastbound,B772,KJFK,EPWA,28:39:40.54,33:45:43.33,46.206558,-52.348667,36955.0,225084.18638794415,86
284392812,284392812,eastbound,A333,CYYZ,EKCH,28:40:16.83,33:50:34.10,56.021375,-60.501278,39005.0,189902.95348521307,90
284392779,284392779,eastbound,B744,KHSV,ELLX,28:44:07.28,33:30:21.86,45.8715,-51.818069,37298.0,291481.037543537,78
284393311,284393311,eastbound,B752,KEWR,EINN,28:47:53.70,32:42:47.58,45.707109,-52.715178,36305.0,88247.99398648662,68
284393387,284393387,eastbound,B77W,KJFK,EGLL,28:50:47.57,33:09:51.58,45.742641,-52.752888,36830.0,264474.38119525206,77
284388139,284388139,eastbound,A339,KLAX,LIRF,28:52:33.57,33:47:18.09,49.080148,-52.263519,40264.0,202157.33328627126,51
284393264,284393264,eastbound,A332,CYYZ,EGKK,28:53:19.84,33:10:01.33,49.027426,-52.676209,40292.0,191482.53625007055,76
284393286,284393286,eastbound,A343,KJFK,EDDF,28:53:38.66,34:08:15.93,45.631741,-52.391002,36990.0,208986.74580469297,90
284396320,284396320,westbound,B763,BIKF,KJFK,28:58:00.00,33:10:26.42,63.413611,-26.960556,40664.0,151285.8,72
284393600,284393600,westbound,A359,LIRF,KIAD,28:59:36.74,34:26:50.24,48.799858,-6.405185,39393.0,232342.95243819902,86
284393456,284393456,eastbound,A359,KEWR,LFPO,29:01:02.42,33:54:19.02,45.117798,-52.766852,38068.0,222129.22389412552,86
284388701,284388701,eastbound,B772,KLAX,EHAM,29:01:10.46,33:42:53.92,60.508339,-64.641976,39247.0,215467.98093854595,65
284393143,284393143,eastbound,B789,KMIA,EDDB,29:01:56.34,35:23:23.95,38.085419,-62.334488,40230.0,199155.2992853973,90
284393900,284393900,eastbound,A333,CYYT,EGCC,29:02:00.00,32:54:31.73,47.293612,-47.831388,37739.0,190380.3,67
284393100,284393100,eastbound,B789,KIAD,EDDF,29:02:45.71,34:09:14.97,45.560682,-52.855569,38114.0,190483.2076594297,90
284393240,284393240,eastbound,B789,KMIA,EGLL,29:03:32.49,34:40:28.48,38.202569,-61.489972,40709.0,193311.02595255713,91
284393538,284393538,eastbound,B752,KEWR,EIDW,29:04:02.83,33:08:02.19,45.804696,-52.857757,36237.0,89073.27898628922,68
284388653,284388653,eastbound,B789,KLAX,EGLL,29:05:48.90,33:25:34.85,58.806209,-62.027878,41041.0,181154.48125085127,63
284392537,284392537,eastbound,B77W,KDFW,EGLL,29:07:29.83,33:24:29.31,46.099751,-52.588794,37867.0,264369.7735124398,67
284393706,284393706,eastbound,B763,KBOS,EIDW,29:07:42.05,33:09:41.53,45.87881,-52.750864,36952.0,149269.18447683397,69
284388674,284388674,eastbound,B77W,KSAN,EGLL,29:09:25.39,33:28:42.61,56.265308,-60.270314,40070.0,266634.9330396913,62
284393271,284393271,eastbound,B763,KIAD,LFPG,29:10:52.22,34:03:58.18,45.33251,-52.999607,37180.0,154243.7980050463,85
284393522,284393522,westbound,B789,LIRF,KORD,29:11:42.78,34:15:46.38,50.201763,-7.026786,40325.0,200887.18850524773,74
284393553,284393553,eastbound,B772,KJFK,EGLL,29:12:55.63,33:34:36.90,45.670254,-53.007379,37051.0,215679.0522317033,79
284392655,284392655,eastbound,A333,KMSP,EHAM,29:14:32.02,34:02:55.96,55.61981,-59.133184,39409.0,186777.1874942724,82
284393674,284393674,eastbound,B772,KCLT,EGLL,29:14:51.26,35:10:38.30,40.44973,-68.619767,38381.0,227369.8986310994,106
284393722,284393722,eastbound,B772,KBOS,BIKF,29:15:29.27,31:47:55.20,52.812146,-55.881258,40394.0,204497.62769110966,46
284393232,284393232,eastbound,B789,CYYZ,EGLL,29:18:23.27,33:28:43.24,49.606273,-53.550631,41344.0,186332.72084655438,74
284393364,284393364,eastbound,A359,KMIA,LFPG,29:19:57.97,35:17:07.01,38.221081,-61.514219,39461.0,230751.04967933547,92
284393075,284393075,eastbound,B752,KIAD,EIDW,29:22:35.68,33:26:31.47,45.699134,-52.489539,36478.0,88770.42575563329,71
284393557,284393557,eastbound,B772,KJFK,BIKF,29:22:43.22,31:56:32.43,52.925549,-56.555445,40361.0,204403.6693320988,48
284392472,284392472,eastbound,B772,KLAS,EGLL,29:24:09.92,33:46:43.02,58.02424,-62.255002,39372.0,213792.54082829645,65
284393702,284393702,westbound,A359,LIRF,CYYZ,29:24:56.12,34:42:38.94,49.663121,-6.516,39512.0,231125.98995473396,85
284392989,284392989,eastbound,B772,KBNA,BIKF,29:26:11.09,31:55:09.33,55.819713,-59.546148,40312.0,202857.98064501793,47
284392400,284392400,eastbound,B772,KDFW,EIDW,29:26:14.52,33:11:00.23,46.788184,-52.131261,38773.0,207442.27515351755,61
284388720,284388720,eastbound,A388,KSFO,EGLL,29:27:11.87,33:48:51.95,61.431151,-64.784037,39682.0,474297.48345266114,64
284393296,284393296,eastbound,A388,KIAD,EGLL,29:27:17.45,33:43:49.74,45.7129,-52.567546,37630.0,446568.93494780257,79
284392411,284392411,eastbound,B77W,KLAX,EGLL,29:30:22.04,33:50:14.00,58.07699,-61.668608,40040.0,267331.0094800559,63
284393689,284393689,eastbound,B772,KJFK,LFPG,29:30:51.85,34:10:02.70,45.288073,-52.619131,37220.0,217667.930996477,84
284393112,284393112,eastbound,B772,MMUN,EGKK,29:32:07.61,35:07:17.35,38.166683,-61.888422,38854.0,224378.17117751724,82
284393537,284393537,westbound,B772,EPRZ,KJFK,29:32:44.88,34:41:54.64,58.26536,-7.834531,38974.0,224322.3144377243,86
284393054,284393054,eastbound,B764,KATL,LFPG,29:32:58.44,34:20:04.38,45.596808,-52.015955,35133.0,173023.1383164516,77
284393208,284393208,eastbound,B77W,KORD,EGLL,29:33:31.54,33:43:11.05,49.459284,-53.478248,40250.0,263080.05413602054,76
284393361,284393361,eastbound,B78X,KMSY,EGLL,29:34:30.19,35:26:15.79,41.08427,-67.803838,38635.0,217200.6435965447,91
284392930,284392930,eastbound,B77L,KORD,LIMC,29:38:34.89,34:24:29.08,46.228714,-52.180375,39412.0,238839.34410358337,75
284392452,284392452,eastbound,A332,KLAS,EIDW,29:38:42.74,33:40:37.30,59.590766,-63.022129,40306.0,195395.29351087013,61
284393098,284393098,eastbound,B789,CYYC,EGLL,29:39:08.86,34:06:22.06,63.126606,-66.134156,41206.0,184926.33295546396,76
284392768,284392768,eastbound,B788,KORD,EIDW,29:40:17.79,33:20:57.30,51.190993,-54.765122,42737.0,160695.32603002584,65
284388600,284388600,eastbound,B772,KSFO,LIRF,29:41:15.06,34:20:58.32,47.051312,-53.090672,38099.0,218171.13448120712,51
284392463,284392463,eastbound,A359,KLAX,LFPG,29:44:11.98,34:29:13.22,56.715356,-60.650824,39927.0,230764.9256195116,64
284393288,284393288,eastbound,B789,KORD,EPWA,29:44:25.71,34:38:47.92,58.265624,-62.177717,40663.0,193017.95703006137,77
284393259,284393259,eastbound,B789,KORD,LIMC,29:46:17.67,34:35:07.25,46.129125,-52.432633,39964.0,188700.25097298264,74
284393480,284393480,eastbound,B763,KEWR,EGLL,29:46:22.65,34:16:25.15,45.779073,-52.579897,37021.0,151966.40227790663,79
284393489,284393489,eastbound,A359,KIAD,EDDM,29:46:49.15,34:49:56.45,45.097581,-52.379686,38332.0,227354.14017729953,83
284393948,284393948,eastbound,B763,KJFK,BIKF,29:46:56.37,32:25:50.28,52.732034,-55.693467,41575.0,144704.60760601773,46
284393697,284393697,eastbound,B77W,CYYZ,LFPG,29:54:19.50,34:30:55.90,46.729634,-53.131579,37521.0,265784.9395188193,82
284394005,284394005,eastbound,B77W,KEWR,LGAV,29:55:12.92,34:30:04.02,45.171052,-52.069965,36517.0,285231.14890891523,66
284393419,284393419,eastbound,B772,CYYZ,BIKF,29:56:01.83,32:24:44.41,56.694909,-60.671207,40394.0,203766.80828683786,46
284394158,284394158,eastbound,B744,KDOV,EPRZ,29:57:48.14,34:56:51.38,45.792589,-52.000373,36754.0,300231.62054933683,80
284393146,284393146,eastbound,A333,KORD,EIDW,30:00:36.73,33:54:02.21,49.339597,-53.32742,39455.0,186159.46815346726,65
284393000,284393000,eastbound,A333,KDEN,EIDW,30:02:07.64,34:09:13.26,56.876278,-60.876199,39955.0,182430.23497275673,68
284393747,284393747,eastbound,B772,KIAD,EGLL,30:02:46.33,34:24:08.29,45.51948,-52.9572,37619.0,215396.9219858505,78
284394377,284394377,westbound,B77L,EDDM,CYYZ,30:05:18.17,34:53:52.29,56.429058,-7.890171,42179.0,243758.04902003414,83
284392749,284392749,eastbound,B772,KIAH,EGLL,30:05:44.95,34:22:36.96,46.046887,-52.457615,38375.0,211398.94305116314,65
284393728,284393728,eastbound,B77W,CYYZ,EGLL,30:07:16.12,34:15:16.50,49.351298,-53.052059,40160.0,263484.9754161545,75
284394038,284394038,eastbound,A339,KATL,EGLL,30:09:33.45,36:30:02.12,40.064145,-68.580352,39089.0,207823.28475077997,102
284393647,284393647,eastbound,A35K,KJFK,EGLL,30:14:47.33,34:42:34.34,45.599142,-52.348934,37422.0,250369.02341319353,79
284393613,284393613,eastbound,B789,KORD,EGLL,30:15:21.33,34:26:45.18,51.050689,-54.692643,41305.0,184656.16066640848,77
284394566,284394566,eastbound,B789,KJFK,LFPG,30:17:10.94,35:01:45.98,45.160225,-52.570254,38068.0,189125.1347189414,85
284392604,284392604,eastbound,A333,KSFO,EIDW,30:18:17.24,34:21:15.04,58.475531,-61.615103,40534.0,178093.44415469316,60
284393281,284393281,eastbound,A359,KORD,EDDM,30:18:55.72,35:16:18.20,46.468765,-51.970537,38955.0,227130.252972765,75
284392936,284392936,eastbound,A333,KSEA,EIDW,30:19:22.27,34:20:53.38,64.225412,-64.361692,40188.0,181508.74299198668,65
284393178,284393178,eastbound,B752,KIAD,EGPH,30:21:49.99,34:30:38.69,46.202439,-52.163456,36531.0,89060.94656910835,71
284393590,284393590,eastbound,B788,KAUS,EGLL,30:23:54.34,36:15:42.00,41.425853,-67.881299,41826.0,169209.8492050043,85
284393136,284393136,eastbound,B789,KDEN,EGLL,30:25:02.15,34:45:03.68,56.485529,-60.068001,41155.0,182989.45118686254,71
284392900,284392900,eastbound,B744,KIAH,EDFH,30:26:02.57,35:17:36.57,45.877173,-52.088245,37167.0,296184.74874173314,71
284393169,284393169,eastbound,B763,KORD,EGLL,30:26:46.28,34:47:23.84,50.075793,-53.463508,40769.0,152407.26559510338,76
284392727,284392727,eastbound,B789,KSFO,EGLL,30:28:37.87,34:54:43.48,60.581769,-64.799046,41095.0,180979.66398029303,64
284393475,284393475,eastbound,B772,KSLC,EHAM,30:30:17.76,35:10:26.99,60.893062,-64.478388,38936.0,222795.7832923687,78
284394072,284394072,eastbound,B763,KBWI,LBSF,30:36:07.97,35:42:54.13,45.312244,-52.418197,36726.0,163710.938977925,70
284395446,284395446,eastbound,B78X,KJFK,EHAM,30:39:28.05,35:23:00.41,45.552113,-52.678055,36888.0,219614.70863073602,86
284393159,284393159,eastbound,B789,KDEN,EDDM,30:41:01.30,35:35:54.03,56.194351,-59.605895,40741.0,187940.63201340052,69
284397117,284397117,westbound,F2TH,LEMD,KBGR,30:41:37.62,36:06:59.79,44.450052,-11.708244,41484.0,15249.472114075732,89
284393145,284393145,eastbound,B748,MMMX,EDDF,30:44:50.32,37:06:30.39,40.219785,-68.238288,37553.0,377735.6008788535,76
284393067,284393067,eastbound,B789,MMMX,EHAM,30:49:54.46,37:09:21.92,39.837835,-67.80669,40410.0,192391.70492169,79
284392883,284392883,eastbound,A339,KSEA,LFPG,30:49:55.81,35:50:14.49,60.840408,-64.718772,39851.0,206028.56612927243,72
284393206,284393206,eastbound,B772,KBNA,EGLL,30:50:05.91,35:04:32.03,45.906374,-51.828465,38215.0,213479.2612271626,75
284392809,284392809,eastbound,A332,KPHX,EBBR,30:56:03.58,35:40:05.31,54.920254,-57.958323,40394.0,194383.83097425057,65
284397836,284397836,westbound,B788,GMMN,KJFK,31:02:59.75,36:38:23.09,37.187617,-13.944484,41925.0,176983.7544565058,95
284392532,284392532,eastbound,A339,MMSD,EDDF,31:05:07.14,36:25:36.72,45.795427,-53.052928,38889.0,201714.20225856497,59
284394036,284394036,eastbound,A339,KMSP,EGLL,31:05:15.22,35:30:45.42,53.336707,-56.902915,40124.0,200698.7461363755,78
284393064,284393064,eastbound,B77W,KIAH,EGLL,31:06:43.48,35:23:31.03,45.911487,-52.402544,38129.0,264130.70910873637,65
284398104,284398104,westbound,GLEX,EGGW,KIAD,31:08:56.70,36:24:21.58,54.496956,-8.003188,46302.0,33910.122599240305,92
284394076,284394076,eastbound,A346,KORD,EDDF,31:15:58.35,36:04:23.82,49.540542,-52.380928,39724.0,284290.2193249359,79
284393084,284393084,eastbound,B763,KIAH,EDFH,31:17:31.32,36:28:31.79,45.839235,-52.616284,37993.0,156877.47912024203,71
284399398,284399398,westbound,A333,EGLL,TBPB,31:25:57.93,37:15:09.52,50.138259,-6.134442,38093.0,196444.84177576986,101
284393498,284393498,eastbound,B772,KDFW,EGLL,31:27:38.27,35:44:10.17,46.062215,-52.364337,38332.0,213070.80444832944,67
284393099,284393099,eastbound,B772,KPHX,EGLL,31:28:42.98,35:44:59.23,55.196257,-58.766139,39393.0,212819.13425391927,63
284398561,284398561,westbound,B77L,EBLG,KIND,31:30:46.94,36:20:30.26,54.875117,-7.893468,41750.0,250639.5063845776,84
284396278,284396278,eastbound,B77L,CYYZ,EKCH,31:36:55.13,36:35:26.19,57.344919,-61.350728,42494.0,237774.19260918064,85
284392631,284392631,eastbound,A359,KLAX,LEMD,31:41:37.30,36:16:28.37,45.767555,-52.500364,39496.0,229931.0366174591,56
284392850,284392850,eastbound,B77W,KLAX,LFPG,31:47:54.82,36:23:22.02,55.226196,-58.119615,39936.0,268600.60351473565,63
284393227,284393227,eastbound,B77W,KSFO,LSZH,31:49:51.96,36:49:21.66,57.89498,-62.295296,39620.0,273356.13726360677,63
284399106,284399106,westbound,B763,EGLL,KEWR,31:50:51.98,37:02:08.15,53.80424,-10.735385,40124.0,156992.29060596396,87
284393251,284393251,eastbound,A388,KSFO,EGLL,31:51:50.30,36:14:23.53,61.009014,-64.566498,39688.0,474242.25687008083,64
284399145,284399145,westbound,FA7X,LFPB,KOMA,31:52:54.52,36:48:16.84,54.595325,-8.441274,44297.0,23412.598589167737,73
284393290,284393290,eastbound,B772,KSFO,EGLL,31:54:37.15,36:21:39.02,61.100125,-65.042689,39320.0,214383.7237842105,65
284398306,284398306,westbound,B748,EDDK,KSDF,31:55:16.02,36:34:10.73,56.994727,-8.242436,36744.0,385571.3865728499,78
284399920,284399920,westbound,B77W,EGLL,KDFW,31:59:54.93,36:33:27.31,54.142525,-10.169656,38463.0,292823.4478862928,68
284399888,284399888,westbound,B772,EGLL,KJFK,32:00:02.05,37:13:07.46,54.686988,-8.085227,39054.0,225563.79122010927,92
284398447,284398447,westbound,B77W,EDDF,KJFK,32:00:11.07,37:13:31.65,55.014956,-7.881227,39724.0,274887.12301685225,92
284400880,284400880,westbound,B752,EIDW,KIAD,32:01:20.00,37:11:29.97,54.274722,-10.592778,38759.0,97411.7,87
284399105,284399105,westbound,B789,LFPG,MMMX,32:03:46.70,36:55:49.75,54.167381,-8.40392,39141.0,216350.25567106495,59
284399713,284399713,westbound,A333,LPPT,CYUL,32:03:51.49,37:40:46.11,41.452293,-13.008567,38091.0,196397.6066000657,81
284399255,284399255,westbound,B789,LEMD,MMMY,32:06:17.04,37:34:28.89,40.103718,-13.351201,39320.0,214209.61685790017,72
284399645,284399645,westbound,B77L,EBLG,KMEM,32:08:29.21,36:55:12.11,54.859208,-8.957109,41439.0,255309.46309610418,74
284400153,284400153,westbound,B763,EGLL,KORD,32:09:46.51,37:02:36.60,53.800508,-9.874872,39543.0,161760.68036863196,82
284400268,284400268,westbound,B77W,EGLL,CYYZ,32:09:51.24,37:00:30.70,54.973087,-8.249642,39656.0,275526.9084492984,86
284399691,284399691,westbound,B772,EHAM,KEWR,32:11:22.43,37:13:15.86,55.828904,-8.026941,39004.0,226003.4131877409,89
284399590,284399590,westbound,A333,GMMX,CYUL,32:12:29.99,37:59:15.82,37.624917,-14.110106,38371.0,194490.8760767097,85
284400007,284400007,westbound,A333,EGLL,KBOS,32:13:46.49,37:24:51.62,53.725224,-11.58223,38361.0,194830.6870644015,88
284401218,284401218,westbound,B789,EGPH,CYYZ,32:14:34.71,36:57:48.28,57.341974,-8.029507,40766.0,199209.78861571747,84
284399749,284399749,westbound,B772,LFPG,KSFO,32:16:52.94,36:36:01.45,55.148372,-8.23644,37391.0,249004.85806982225,54
284399447,284399447,westbound,A359,LFPG,KLAX,32:17:08.87,36:35:04.18,55.267027,-8.402915,37821.0,247849.6990868528,52
284393999,284393999,eastbound,B77L,MMGL,EDDF,32:18:22.86,38:48:21.08,40.427466,-68.561008,41301.0,249878.44752397737,75
284394225,284394225,eastbound,B789,MMMX,EGLL,32:18:35.72,38:19:47.07,39.483355,-68.185831,40520.0,191082.9227487801,78
284399904,284399904,westbound,A333,EGLL,KMCO,32:23:29.32,37:42:53.85,53.707078,-12.527058,38397.0,194598.98437557934,84
284399149,284399149,westbound,B763,EKCH,KJFK,32:24:03.15,37:47:11.61,58.621933,-7.936132,40042.0,158272.95513171278,91
284399148,284399148,westbound,B77W,LFPG,CYUL,32:26:17.36,37:15:27.93,53.242002,-13.335491,40131.0,268997.6713999867,70
284394039,284394039,eastbound,B77W,KDFW,EGLL,32:26:45.30,36:42:55.63,45.974701,-52.294555,38031.0,264258.4756270144,67
284399184,284399184,westbound,A333,EHAM,KATL,32:27:54.83,37:41:27.49,56.030282,-8.335725,38448.0,194202.18290863777,84
284399748,284399748,westbound,A333,EGLL,KJFK,32:28:56.63,37:40:15.01,53.707694,-11.623828,38360.0,194823.6823548172,88
284396813,284396813,eastbound,A333,KDTW,EHAM,32:30:04.97,37:28:11.04,46.14553,-52.45519,38731.0,187376.34736550483,81
284396690,284396690,eastbound,B77L,KORD,EHAM,32:30:07.07,36:59:30.10,51.38116,-54.931982,42617.0,234561.92458425136,81
284401820,284401820,westbound,B772,EIDW,KEWR,32:32:00.00,37:28:38.70,54.469167,-10.510833,39044.0,226095.0,88
284400211,284400211,westbound,A359,EHAM,KDTW,32:34:45.94,37:20:12.85,56.156832,-8.290146,39447.0,229132.3101741315,84
284398486,284398486,eastbound,B748,KJFK,ELLX,32:36:30.50,37:28:50.89,45.010345,-52.826577,37269.0,369397.8955571802,89
284402140,284402140,westbound,B788,EIDW,KPHL,32:38:00.00,37:37:04.87,54.391667,-9.632222,41981.0,178114.4,89
284393261,284393261,eastbound,B77W,KLAX,LSZH,32:39:18.73,37:21:52.89,51.187411,-54.400949,39873.0,268873.58804570674,56
284393511,284393511,eastbound,A388,KLAX,EGLL,32:40:01.00,36:55:56.89,56.172876,-59.501695,39742.0,474902.8292085467,61
284399919,284399919,westbound,B772,EDDF,KCLT,32:42:53.80,37:45:50.21,55.893366,-7.922697,38564.0,231994.35332348206,83
284402486,284402486,westbound,B752,EGPH,KEWR,32:44:00.00,37:57:43.41,56.725833,-8.399167,33219.0,96504.0,89
284400939,284400939,westbound,B772,EGLL,KBOS,32:46:33.64,37:44:19.37,53.736939,-11.694056,39299.0,222012.3008094298,86
284401179,284401179,westbound,B788,LFBO,CYUL,32:46:38.69,38:20:12.16,48.271845,-6.433503,42028.0,175897.39249929646,83
284400466,284400466,westbound,A359,EHAM,KMSP,32:50:44.40,37:17:08.77,56.578611,-7.931305,39223.0,231612.22463305012,78
284397801,284397801,eastbound,B77L,KORD,EDDF,32:51:13.54,37:39:38.04,50.122375,-54.056379,42362.0,237861.26943874802,81
284401711,284401711,westbound,B772,EGLL,KCLT,32:53:25.11,37:50:42.24,53.802241,-10.920106,38633.0,231441.70310097892,87
284399799,284399799,westbound,B763,LSGG,KEWR,32:54:37.16,37:56:10.00,53.341872,-12.958807,40296.0,156987.6598035423,84
284401051,284401051,westbound,A333,EBBR,CYUL,32:57:49.50,38:11:55.90,54.525946,-7.946029,38459.0,194255.71205168738,77
284394689,284394689,eastbound,B789,MMMX,EGLL,32:58:38.34,39:13:29.49,38.524506,-69.559953,40468.0,192301.37860792907,79
284402755,284402755,westbound,B789,EIDW,CYYZ,32:59:00.00,37:45:05.26,54.403889,-9.666111,40761.0,199548.9,85
284401584,284401584,westbound,B789,EGLL,KORD,33:00:26.57,37:36:02.57,55.39951,-8.13696,40447.0,201843.58548295024,81
284401404,284401404,westbound,A333,LEMD,KATL,33:00:44.85,38:38:12.31,44.175462,-10.68139,38282.0,195204.6734535082,92
284400630,284400630,westbound,B772,LFPG,KEWR,33:02:32.35,37:50:54.55,52.698618,-12.991799,39177.0,223464.755784064,85
284401618,284401618,westbound,A359,LFPO,MYSM,33:04:41.28,39:02:14.56,49.912811,-6.326933,38795.0,235675.98489967702,101
284403065,284403065,eastbound,B772,BIKF,LEBB,33:07:00.00,35:48:43.19,62.320555,-19.898889,40448.0,206656.6,48
284401838,284401838,westbound,B764,EGLL,KATL,33:07:10.10,38:16:39.14,53.862932,-10.380845,30712.0,181500.271585521,86
284399921,284399921,westbound,A339,LFPG,KATL,33:07:43.02,38:04:02.59,52.884055,-13.08368,39038.0,211398.10858429084,80
284398081,284398081,eastbound,B744,KMIA,EBLG,33:07:52.42,39:01:44.61,38.205492,-61.27921,38324.0,302223.4879281084,93
284399843,284399843,westbound,B763,EDDB,KJFK,33:08:27.41,38:31:18.57,57.84177,-8.223717,40074.0,158328.37040496158,91
284393505,284393505,eastbound,A35K,KLAX,EGLL,33:08:47.31,37:21:26.44,51.530734,-54.188605,39255.0,259273.77084043273,57
284399330,284399330,westbound,A332,EDDM,KATL,33:09:15.50,38:13:21.19,56.309071,-8.730618,38912.0,206409.32755393832,75
284401440,284401440,westbound,A339,LPPT,KSFO,33:09:52.23,38:29:27.39,41.613463,-13.017267,37647.0,224348.58887962074,64
284402240,284402240,westbound,B789,EGLL,CYUL,33:09:56.13,38:12:08.73,54.733998,-8.032797,41001.0,195619.28214640648,77
284401876,284401876,westbound,B772,LEMD,KJFK,33:12:35.88,38:36:13.89,44.404488,-11.127699,38967.0,226579.79543029843,95
284401950,284401950,westbound,B78X,EGLL,KIAH,33:13:40.89,37:48:12.57,54.057429,-9.805055,39545.0,224436.2119477708,65
284394474,284394474,eastbound,B789,KLAS,EGLL,33:13:55.65,37:36:37.19,56.840948,-60.629799,41121.0,180516.2755182782,63
284400931,284400931,westbound,B772,EHAM,KIAH,33:15:02.41,37:45:51.10,56.712797,-8.256329,37849.0,242195.05091463588,62
284393564,284393564,eastbound,A333,KLAX,EIDW,33:15:43.12,37:16:15.55,55.711275,-59.298987,40617.0,177108.62093461264,58
284402709,284402709,westbound,A332,LPPR,CYYZ,33:15:51.84,38:41:39.95,41.950964,-12.785082,39370.0,198411.44380100712,93
284399327,284399327,westbound,A333,LIMC,KJFK,33:16:02.39,38:22:02.18,52.535887,-13.272153,39051.0,190606.99683674896,86
284393780,284393780,eastbound,A35K,KPHX,EGLL,33:16:21.17,37:37:00.53,55.536863,-58.768344,39098.0,260022.8050557354,63
284399969,284399969,westbound,B78X,EDDF,KORD,33:16:43.36,37:50:17.18,56.487716,-8.129036,39901.0,221749.57663862055,78
284399480,284399480,westbound,A339,LIRF,KSFO,33:17:14.79,38:32:00.11,49.579,-6.251378,38491.0,218875.81903112974,55
284401628,284401628,westbound,A332,LFPG,TNCM,33:19:02.39,39:11:56.73,48.389549,-6.049771,38852.0,204535.46008932035,102
284401319,284401319,westbound,A333,EHAM,KJFK,33:19:22.28,38:45:01.38,55.728015,-7.884323,38429.0,194360.261333697,92
284395548,284395548,eastbound,B748,KIAH,EGPK,33:20:00.34,37:15:57.62,46.084026,-52.452186,37349.0,364218.14888909995,63
284402242,284402242,westbound,B763,EGLL,KEWR,33:20:46.42,38:35:05.25,53.79241,-10.079326,40121.0,156997.86068434405,88
284401013,284401013,eastbound,A388,KBOS,EDDM,33:22:07.72,38:16:04.69,45.871961,-52.780328,37866.0,453435.59923676384,87
284403191,284403191,westbound,A333,ENGM,KEWR,33:23:11.58,39:08:46.84,60.923217,2.316401,38049.0,196692.48123193358,99
284402625,284402625,westbound,B788,LEBL,KORD,33:25:12.79,38:54:33.94,44.921506,-6.865355,41302.0,183374.28871040355,90
284400352,284400352,westbound,B764,EDDM,KEWR,33:25:14.18,38:38:04.88,57.019786,-7.745327,32386.0,175701.81011398448,89
284400738,284400738,westbound,A332,EDDF,KLAS,33:25:18.10,37:38:47.79,57.186945,-8.778545,38604.0,208938.9561212274,51
284400848,284400848,westbound,B764,EDDB,KEWR,33:25:22.85,38:33:49.91,58.293337,-8.3144,33537.0,175645.58901058242,87
284403109,284403109,westbound,A339,EIDW,KMSP,33:27:00.00,38:02:45.71,54.41,-9.711111,39061.0,208881.9,78
284402805,284402805,westbound,B764,LEMD,KEWR,33:29:08.60,39:12:21.03,44.112392,-10.254765,34566.0,175856.27237394257,95
284401925,284401925,westbound,B77W,LFPG,KMIA,33:30:08.81,39:15:12.65,50.316821,-6.016638,38576.0,291179.6914072708,91
284402562,284402562,westbound,B763,EBBR,KJFK,33:30:27.65,39:00:40.95,54.091553,-7.937814,40048.0,157962.9687616767,92
284402420,284402420,westbound,A339,EGLL,KBOS,33:32:35.73,38:44:04.70,53.760004,-10.895477,39835.0,201834.26603901773,87
284401199,284401199,westbound,B78X,EHAM,SKBO,33:33:04.63,38:54:27.59,52.397968,-13.702852,39881.0,221982.24061799826,70
284402660,284402660,westbound,B77W,EGLL,KJFK,33:33:36.79,38:33:43.98,53.770621,-11.359299,39798.0,273534.7853317893,88
284402280,284402280,westbound,A333,LEMG,CYUL,33:36:02.68,39:10:01.80,41.691408,-13.385865,38437.0,194077.01993748944,81
284401376,284401376,westbound,A333,EDDF,KAUS,33:38:02.95,38:20:26.20,56.853465,-8.765706,38746.0,192320.49294954856,64
284401847,284401847,westbound,B77W,LFPG,KSFO,33:38:08.33,37:57:19.84,55.207676,-8.283937,37860.0,302120.60521451634,54
284401557,284401557,westbound,A359,EHAM,KATL,33:38:28.19,38:41:38.66,55.683928,-7.81256,38954.0,234494.48963262237,85
284400774,284400774,westbound,B763,LSZH,KORD,33:39:40.85,38:30:44.89,53.889896,-10.239524,39686.0,162285.0523037518,75
284401942,284401942,westbound,A359,LFPG,KDFW,33:39:52.26,38:20:54.69,54.382891,-8.533535,38497.0,240094.93881738154,66
284400043,284400043,westbound,A339,LIRF,KLAX,33:40:11.62,38:57:40.87,49.641307,-6.445979,38501.0,218815.99043246897,55
284400024,284400024,westbound,A333,LFPG,KJFK,33:40:18.11,38:45:19.22,52.555107,-13.305822,38642.0,193096.94108663706,86
284401118,284401118,westbound,A333,LFPG,KDTW,33:44:19.29,38:28:43.42,53.366382,-13.423385,38667.0,192914.95460302857,80
284403489,284403489,westbound,B788,EGCC,MMUN,33:44:48.24,38:58:16.87,54.359501,-9.053072,40744.0,190173.18440075003,77
284400608,284400608,westbound,B772,LIMC,KEWR,33:45:23.71,38:33:35.43,52.725997,-13.057101,39196.0,222911.72743071368,84
284403147,284403147,westbound,A339,LPPT,KJFK,33:46:29.03,39:20:53.07,41.485665,-13.717073,39566.0,204022.6002166443,91
284401180,284401180,westbound,B772,EHAM,SEQM,33:46:47.25,39:09:47.67,52.496346,-13.664217,37231.0,251163.71737923997,65
284397518,284397518,eastbound,A333,KMSP,EHAM,33:47:29.81,38:37:05.44,55.488236,-59.276979,39389.0,186836.03527249247,83
284402886,284402886,westbound,B788,EHAM,KPHL,33:49:03.35,38:53:38.89,55.389234,-8.16991,41927.0,176466.08617990924,90
284403091,284403091,westbound,B772,EGLL,KIAH,33:49:24.81,38:29:14.45,55.39326,-8.951983,37881.0,242016.44564099313,68
284404306,284404306,westbound,A333,EIDW,KBOS,33:51:21.16,39:06:21.91,53.976516,-10.284765,37982.0,197119.89216096097,88
284401960,284401960,westbound,A359,LFPG,KIAH,33:51:58.82,38:22:19.35,53.559849,-13.539653,38585.0,239819.03164940124,63
284402857,284402857,westbound,A35K,EGLL,KLAX,33:52:44.08,38:03:11.23,56.078986,-8.523109,37000.0,279751.45939617994,52
284402581,284402581,westbound,A333,EBBR,KIAD,33:52:55.41,39:13:51.28,54.358246,-8.271443,38467.0,194193.23423938363,90
284402317,284402317,westbound,A333,EHAM,KTPA,33:53:22.95,39:07:16.09,55.963114,-8.645623,38468.0,194114.69995068424,76
284401782,284401782,westbound,B748,EDDF,KIAH,33:54:00.04,38:23:49.03,57.26583,-8.326092,35864.0,398953.67570276844,62
284400864,284400864,westbound,A333,LSZH,KMIA,33:54:07.04,39:06:57.21,52.818961,-13.766214,39001.0,190905.93881351504,73
284401460,284401460,westbound,A343,EDDF,KDFW,33:54:45.10,38:38:21.40,57.291305,-8.159152,36459.0,226917.92714146068,61
284401444,284401444,westbound,B763,LSZH,KEWR,33:56:11.21,39:14:08.98,55.316355,-8.445439,40229.0,157419.5741969979,88
284400926,284400926,westbound,A333,EDDF,CYUL,33:56:18.00,39:06:54.93,56.122053,-8.20128,38693.0,192680.2376061849,76
284402023,284402023,westbound,A333,LFPO,KEWR,33:57:08.65,38:54:43.48,52.712231,-13.303273,38640.0,193106.55055231703,84
284402974,284402974,westbound,B772,EGLL,KJFK,33:57:42.65,38:56:31.54,53.747213,-11.677304,39133.0,224319.995522981,88
284402908,284402908,westbound,A333,EBBR,KJFK,33:57:59.43,39:25:21.89,54.09019,-8.482463,38469.0,194187.95704879554,92
284405045,284405045,westbound,B764,EIDW,KATL,33:58:00.00,39:05:04.37,53.820556,-11.052778,30911.0,181049.6,86
284402614,284402614,westbound,A333,ESSA,KEWR,33:58:54.71,39:48:38.25,61.790953,2.597076,38392.0,194578.61979454392,99
284401629,284401629,westbound,A333,EDDF,KATL,33:58:56.74,39:19:17.44,55.732318,-7.678319,38673.0,192823.92828564547,81
284400388,284400388,westbound,A332,LIRF,KJFK,33:59:49.95,39:38:26.35,49.115945,-6.479569,39495.0,200922.4024854532,93
284401165,284401165,westbound,A333,LSZH,KJFK,34:01:39.39,39:12:43.81,53.101326,-13.435957,38987.0,190998.96240746157,87
284394705,284394705,eastbound,B789,KLAX,EGLL,34:02:35.32,38:21:03.86,55.915303,-59.25899,41134.0,178821.75140750498,60
284401139,284401139,westbound,B772,LIRF,KDFW,34:03:29.17,39:13:22.39,49.863663,-6.895933,37855.0,242496.64624663698,64
284400678,284400678,westbound,B763,LIRN,KEWR,34:04:40.30,39:45:24.14,48.250411,-6.53772,39931.0,160480.76785317305,85
284403293,284403293,westbound,B772,EGLL,KRDU,34:04:53.24,39:04:23.51,53.695318,-11.779076,38767.0,229508.64005846813,88
284400687,284400687,westbound,B78X,LIRF,KORD,34:06:16.20,39:13:03.21,49.573715,-7.192144,40164.0,220060.01584842926,77
284402739,284402739,westbound,A339,EDDF,MDPC,34:06:53.62,40:08:45.78,49.705956,-6.603836,38717.0,214670.61585581745,92
284403291,284403291,westbound,B789,EGLL,KPHL,34:07:20.80,39:09:17.39,53.821044,-11.737321,40830.0,197117.72624653773,89
284403135,284403135,westbound,B789,EGKK,KMIA,34:07:20.96,39:11:46.48,53.386193,-13.875696,40190.0,204100.33709322932,81
284403421,284403421,westbound,B77W,EGLL,KLAX,34:07:23.83,38:15:11.91,56.693396,-8.253981,34759.0,302412.93490237003,52
284404875,284404875,eastbound,A333,BIKF,GMMX,34:08:00.00,37:30:28.16,62.253611,-19.772778,38547.0,191599.5,58
284394835,284394835,eastbound,B772,KLAX,EGLL,34:08:10.46,38:25:41.96,56.121579,-59.615197,39412.0,211922.791694223,61
284402783,284402783,westbound,B789,EGKK,MKJS,34:08:27.62,39:24:23.87,52.95847,-13.216146,39941.0,207148.01998667247,78
284403606,284403606,westbound,B764,LEMD,KIAD,34:08:35.42,39:44:54.73,44.426082,-11.369655,34287.0,177462.39835259443,94
284403231,284403231,westbound,A35K,EGLL,KJFK,34:08:50.09,39:09:10.93,53.871072,-11.611921,38845.0,254906.6930233886,88
284400660,284400660,westbound,A359,LIRF,KATL,34:11:04.97,39:35:28.54,49.076077,-6.769057,38892.0,238023.15038018295,78
284402757,284402757,westbound,A333,LFPG,KMSP,34:11:27.56,38:53:30.57,53.587223,-11.305027,38595.0,193409.82777931503,75
284404749,284404749,westbound,B772,BIKF,KBOS,34:14:00.00,38:18:44.09,63.584722,-27.044722,39733.0,216408.0,72
284403565,284403565,westbound,B789,EGLL,CYYC,34:14:12.55,38:28:11.19,55.989219,-7.874724,40093.0,205941.0960248146,69
284400173,284400173,eastbound,B77L,KORD,LFPG,34:15:09.12,38:43:04.95,49.363496,-53.119056,42587.0,234768.18153456293,80
284403830,284403830,westbound,B772,EGKK,KLAS,34:15:12.20,38:26:40.31,55.801263,-8.740611,37539.0,246832.626508447,55
284402097,284402097,westbound,B789,LFPG,CYUL,34:15:44.84,39:05:00.55,53.354754,-13.296705,41135.0,192562.71408982156,70
284402582,284402582,westbound,B772,LFPG,KATL,34:15:44.95,39:03:03.72,52.68753,-13.21802,38528.0,232662.77261207678,80
284403487,284403487,westbound,B772,EGLL,MYNN,34:15:52.05,39:33:49.76,53.421556,-12.625823,38377.0,234975.38550463397,88
284403511,284403511,westbound,B78X,EBBR,KORD,34:16:22.81,38:56:19.20,54.997878,-8.492197,39720.0,223176.22451301265,82
284403443,284403443,westbound,B772,EHAM,KMIA,34:16:27.02,39:39:12.79,55.358363,-7.723783,38137.0,238260.36197763355,84
284403580,284403580,westbound,B78X,EBBR,KEWR,34:17:22.85,39:23:49.64,54.312525,-8.245548,39691.0,223368.0909990349,90
284402284,284402284,westbound,B788,EHAM,TNCB,34:18:29.37,39:41:37.40,52.477063,-13.879626,41174.0,183260.5261867412,80
284401219,284401219,westbound,A333,EDDF,CYYZ,34:18:34.04,39:20:46.62,56.263954,-7.984009,38696.0,192661.0175384636,85
284405165,284405165,westbound,A333,EIDW,KJFK,34:20:00.00,39:40:19.63,54.043056,-9.498333,37948.0,197329.4,91
284401497,284401497,westbound,A333,LIRF,KJFK,34:20:15.05,40:03:41.60,49.161053,-6.617724,39005.0,191008.24220095156,93
284403080,284403080,westbound,A333,LFPG,CYUL,34:21:10.31,39:33:45.24,53.984262,-8.583464,38498.0,194044.10620377358,76
284396222,284396222,eastbound,A35K,KLAS,EGLL,34:22:10.35,38:49:20.52,57.721149,-61.889276,39064.0,260311.2070932852,65
284401788,284401788,westbound,B764,LIRF,KIAD,34:22:35.60,40:13:22.46,48.226361,-6.020864,35509.0,180440.35625313176,89
284403944,284403944,westbound,B77W,EGLL,KDFW,34:24:02.04,39:02:44.01,53.924793,-9.717068,38466.0,292808.20695006044,69
284403636,284403636,westbound,B78X,LFPG,KORD,34:25:18.23,39:06:48.86,54.514629,-8.402028,39721.0,223181.44675453816,82
284403372,284403372,westbound,A359,LFPG,KPHX,34:26:38.02,38:43:51.29,55.377686,-8.950435,38028.0,245609.44667575965,54
284403632,284403632,westbound,B763,EHAM,KIAD,34:28:06.27,39:46:09.52,55.662553,-8.119831,39838.0,159701.92971722083,89
284402537,284402537,westbound,B748,EDDF,KMIA,34:28:34.09,39:38:17.88,56.272634,-8.564047,36297.0,393577.1560278535,78
284403464,284403464,westbound,B744,EHAM,KMIA,34:29:28.15,39:48:43.41,55.148114,-7.902828,37621.0,313476.6257045868,85
284397307,284397307,eastbound,B789,MMMX,EHAM,34:29:33.43,40:39:43.97,37.954459,-63.822284,40520.0,190450.13997267824,76
284404311,284404311,westbound,A333,LPPT,CYYZ,34:30:35.39,39:57:48.92,41.601518,-13.540606,38122.0,196161.93582468608,92
284404952,284404952,westbound,A333,EGCC,KMCO,34:31:28.22,39:59:44.42,54.250491,-7.887388,38057.0,196673.03129474825,88
284404248,284404248,westbound,A333,LEBL,KATL,34:31:46.52,40:26:28.93,44.785472,-6.83443,38383.0,194690.39666902064,91
284405870,284405870,westbound,A333,EIDW,KJFK,34:32:00.00,39:46:58.57,54.280833,-10.751111,37948.0,197329.4,89
284403247,284403247,westbound,B77W,LFPG,KJFK,34:32:07.26,39:26:24.36,52.747505,-13.056194,39833.0,272465.0118663185,86
284404877,284404877,westbound,B772,EGKK,TAPA,34:32:41.87,40:21:36.91,50.344331,-6.151874,38348.0,235454.61737537239,103
284402248,284402248,westbound,A339,LIRF,KJFK,34:32:52.16,40:14:14.23,49.134714,-6.543118,39450.0,208119.7641986849,93
284404162,284404162,westbound,A333,LEMD,KORD,34:33:53.90,40:03:19.55,44.253273,-10.318415,38273.0,195259.759705955,91
284403452,284403452,westbound,A333,EHAM,KDTW,34:33:55.43,39:30:19.46,56.325911,-8.438636,38462.0,194141.20952571218,83
284402885,284402885,westbound,B788,EDDF,KDFW,34:34:04.46,39:05:48.03,56.52883,-9.033991,40975.0,185087.96933573188,62
284402790,284402790,westbound,A333,EDDF,KRDU,34:34:05.13,40:03:31.92,55.469708,-7.67805,38667.0,192871.48261145322,89
284401966,284401966,westbound,A332,LIRF,KBOS,34:35:05.22,40:12:44.92,49.470763,-6.322828,39683.0,198955.99527120314,94
284403189,284403189,westbound,B772,LFPG,KDFW,34:35:57.39,39:03:09.38,53.449252,-12.665128,38040.0,239572.20304096676,63
284403695,284403695,westbound,A333,EHAM,KBOS,34:36:28.26,39:58:59.18,55.947346,-8.452444,38458.0,194167.45229209194,86
284403671,284403671,westbound,A388,EGLL,KMIA,34:36:30.84,39:44:31.88,53.647393,-13.239922,38548.0,469447.88170915766,87
284404845,284404845,westbound,B78X,EGLL,TBPB,34:38:31.93,40:16:13.43,50.115789,-6.177244,39337.0,225598.37626852214,100
284404789,284404789,westbound,A359,LFPO,MDPC,34:38:32.38,40:38:39.17,48.60477,-5.872111,38783.0,235688.56955241182,100
284404043,284404043,westbound,GLEX,LSGG,MYNN,34:40:08.46,40:25:08.54,48.766924,-6.873784,45287.0,35837.07365094703,87
284403542,284403542,westbound,A333,LFPG,KBOS,34:41:17.62,39:44:40.50,52.602128,-13.263297,38641.0,193093.33992226873,84
284403166,284403166,westbound,B763,LSGG,KIAD,34:41:56.07,39:48:01.01,53.308573,-13.043018,40013.0,158849.66724295038,85
284404720,284404720,westbound,B764,EGLL,KJFK,34:42:14.41,40:01:20.55,53.827155,-10.616231,32631.0,173950.98208629637,89
284405466,284405466,westbound,B772,EGKK,TLPL,34:42:34.65,40:24:32.19,50.185187,-6.146011,38227.0,237287.06631867468,102
284403755,284403755,westbound,A339,EHAM,KJFK,34:43:19.54,40:06:08.46,55.592047,-7.965171,39566.0,205002.20625873344,92
284405044,284405044,westbound,B77W,EGLL,KCLT,34:43:20.92,39:40:03.28,53.929375,-10.860064,39251.0,281463.0116491843,87
284405067,284405067,westbound,B789,LPPT,KPHL,34:43:27.75,40:07:28.92,40.643756,-13.61636,40713.0,199454.42346013847,95
284402984,284402984,westbound,A333,EDDF,KDTW,34:44:05.19,39:41:58.69,56.756259,-7.735195,38709.0,192513.95647653993,82
284403729,284403729,westbound,A333,EDDF,MMTL,34:44:22.43,39:58:38.79,55.84178,-8.569408,38704.0,192620.62895297658,64
284403371,284403371,westbound,B77L,LEBL,MMMX,34:45:18.37,40:03:17.91,40.537328,-13.907784,40263.0,270297.0006356631,65
284402858,284402858,westbound,A343,EDDF,KJFK,34:46:23.52,40:13:20.06,55.841478,-8.143957,37956.0,211370.52318136694,91
284401883,284401883,westbound,A332,EDDM,KDTW,34:46:46.34,39:37:43.16,56.777027,-8.157737,39348.0,201711.78349032722,78
284406005,284406005,westbound,A333,EIDW,KORD,34:47:00.00,39:43:09.88,54.444722,-9.211389,37946.0,197329.4,83
284403083,284403083,westbound,B763,EHAM,KIAH,34:47:20.22,39:34:22.61,57.240595,-8.18166,38734.0,169390.15258295243,64
284402094,284402094,westbound,B789,LOWW,KORD,34:48:17.80,39:16:08.94,57.849148,-8.890156,40476.0,197870.9263491021,70
284403905,284403905,westbound,B764,LFPG,KJFK,34:48:51.85,39:59:23.55,52.639801,-12.967564,35519.0,173897.0780282648,86
284404480,284404480,westbound,A339,EGLL,KMIA,34:49:24.06,40:05:52.57,53.848229,-12.517298,38797.0,213182.31363287094,84
284405774,284405774,westbound,F2TH,EGNJ,CYYR,34:51:01.87,38:50:28.53,55.148274,-8.445867,41481.0,14828.073277045549,68
284405137,284405137,westbound,B763,EGLL,KORD,34:51:04.65,39:44:41.28,53.976808,-9.595299,39581.0,161559.30095808685,82
284404782,284404782,westbound,A332,EGLL,KSLC,34:51:29.52,39:04:29.53,56.261443,-8.98564,38278.0,210801.71297847474,59
284405462,284405462,westbound,A35K,EGCC,KMCO,34:52:00.90,40:16:40.32,54.33169,-8.374268,37880.0,266422.6976562852,92
284403560,284403560,westbound,A339,EDDF,KJFK,34:52:02.57,40:09:08.36,55.447888,-7.81218,39568.0,205669.62693218232,90
284402164,284402164,eastbound,B763,KEWR,LFPG,34:53:35.39,39:45:58.46,45.308009,-52.772874,36959.0,153778.18558373343,84
284402653,284402653,westbound,B772,LOWW,KEWR,34:53:54.03,39:57:04.69,56.520471,-8.031319,39031.0,224417.91387558603,87
284404576,284404576,westbound,A333,LEMD,KIAD,34:53:58.09,40:28:30.27,44.305372,-10.986587,38304.0,195064.21635079762,95
284406252,284406252,westbound,B772,EIDW,KCLT,34:55:00.00,39:48:08.62,54.453333,-11.077222,38565.0,232654.2,86
284404905,284404905,westbound,B772,LEBL,KEWR,34:55:23.77,40:42:30.24,45.428259,-6.480586,38791.0,229165.40328398914,95
284404434,284404434,westbound,B789,EHAM,CYYZ,34:56:50.94,39:44:06.17,56.039185,-8.487723,40751.0,197670.5500991838,85
284403500,284403500,westbound,A332,EDDF,KATL,34:57:04.12,39:58:45.83,55.990702,-8.314478,38869.0,206017.68242966692,78
284405349,284405349,westbound,B772,EGLL,KPHX,34:57:24.28,39:10:09.57,55.861074,-8.257863,37487.0,247545.56040441876,55
284399596,284399596,eastbound,B748,KSDF,EDDK,34:58:09.52,39:43:50.71,45.797059,-52.037444,36874.0,370775.59956028854,81
284404220,284404220,westbound,A359,EFHK,KDFW,34:58:33.33,39:41:19.36,64.270975,7.373478,38217.0,243080.057543736,64
284403694,284403694,westbound,B788,EHAM,TNCC,34:58:35.74,40:21:19.62,52.411239,-13.902982,41158.0,183472.88931305057,80
284403437,284403437,westbound,B77W,EDDF,KEWR,34:58:46.81,40:04:39.84,55.553448,-7.766846,39711.0,275006.1570376634,90
284404330,284404330,westbound,B772,EGKK,KMCO,34:59:35.53,40:04:09.50,53.270196,-13.575836,38433.0,234093.42586556784,83
284403760,284403760,westbound,B789,EDDF,KDEN,35:00:29.16,39:14:27.75,56.967153,-8.536184,39890.0,206617.7571422502,61
284404986,284404986,westbound,B788,EHAM,KORD,35:02:13.62,39:34:41.73,56.353348,-8.355508,41629.0,179446.85391267552,80
284405268,284405268,westbound,B772,EGLL,KEWR,35:02:26.40,39:58:43.39,53.837877,-10.836897,39097.0,224910.18903442807,87
284403281,284403281,westbound,B788,LIRF,KORD,35:03:53.19,40:10:42.14,50.511288,-6.63125,41498.0,178655.71264914676,75
284403169,284403169,westbound,B772,LIRF,KEWR,35:03:59.57,40:46:15.88,49.602895,-6.700192,38934.0,226956.00043181475,80
284402741,284402741,westbound,B763,LOWW,KIAD,35:04:03.32,40:21:10.51,56.772412,-8.29799,39892.0,160575.12081452704,82
284403797,284403797,westbound,B748,EDDF,KORD,35:05:51.90,39:30:07.59,57.064105,-7.757982,36848.0,384346.22748113,77
284406558,284406558,westbound,B772,EIDW,CYYZ,35:06:00.00,39:54:03.61,54.114167,-9.503611,38968.0,227142.6,85
284399945,284399945,westbound,B764,LGAV,KEWR,35:06:22.46,40:14:27.63,54.290185,-9.39032,37299.0,174232.38130043674,73
284400210,284400210,westbound,A339,LGAV,KATL,35:06:35.31,40:43:52.37,48.79607,-6.686825,39103.0,214143.66559684373,70
284400030,284400030,westbound,B789,LGAV,KJFK,35:07:59.56,39:54:41.57,52.871755,-13.360836,40971.0,188921.6970490943,70
284405617,284405617,westbound,A35K,EGLL,KATL,35:08:24.19,40:06:22.22,53.739967,-10.592466,38113.0,264576.71575189685,84
284403517,284403517,westbound,B772,LIMC,KJFK,35:09:05.83,40:01:45.78,52.547908,-13.447815,39215.0,222641.10808728487,85
284405573,284405573,westbound,B772,EGLL,KAUS,35:09:11.16,39:42:57.38,55.538527,-8.840789,37808.0,243033.06670782814,67
284403358,284403358,westbound,B764,LIPZ,KEWR,35:09:27.68,40:23:46.95,56.104909,-7.968964,30703.0,175563.6323858683,89
284403715,284403715,westbound,A339,EDDF,MUHA,35:10:04.55,40:43:35.45,55.338384,-8.40493,38462.0,217779.04405905967,75
284403111,284403111,westbound,B763,LOWW,CYUL,35:11:23.95,40:23:10.72,56.420471,-7.812591,40324.0,156748.86861300992,76
284405384,284405384,westbound,A339,LFPO,TFFR,35:12:49.11,41:03:54.94,48.205201,-6.058012,38875.0,211890.05076604112,102
284405674,284405674,westbound,B789,EGLL,KDEN,35:13:30.54,39:32:17.10,56.07851,-8.633276,39887.0,208104.65673544462,67
284405683,284405683,westbound,A333,LPPT,CYUL,35:14:19.71,40:46:52.55,41.391311,-13.686408,38125.0,196175.5804590588,81
284404336,284404336,westbound,A339,LFPG,KBOS,35:14:25.44,40:19:36.63,52.835633,-13.146129,39929.0,201781.6628416895,86
284405559,284405559,westbound,B788,LEBL,KDFW,35:15:55.55,40:45:07.37,44.709178,-6.975832,40640.0,190264.15878646166,75
284405783,284405783,westbound,B77W,EGLL,KSAN,35:16:48.43,39:20:34.59,56.361082,-9.125296,37625.0,302545.82449424407,53
284404048,284404048,westbound,A333,EDDF,KTPA,35:17:04.33,40:34:21.20,55.756052,-8.505665,38702.0,192636.52744348298,73
284405219,284405219,westbound,A333,LEBL,CYUL,35:17:09.32,41:09:28.36,44.38325,-7.547087,38437.0,194291.83293988582,86
284405450,284405450,westbound,B788,EGKK,MMUN,35:17:12.58,40:11:50.76,53.689523,-12.807193,40880.0,187457.75141955944,70
284406763,284406763,westbound,B763,EIDW,KBOS,35:19:00.00,40:38:23.23,54.607222,-9.905278,40291.0,154828.9,87
284404622,284404622,westbound,A332,EDDF,KJFK,35:19:18.64,40:40:16.86,55.29291,-7.778671,39603.0,198281.3302688644,92
284405480,284405480,westbound,B789,EGLL,KSFO,35:19:45.31,39:25:55.48,56.314634,-8.74338,39321.0,214559.20228622443,55
284405286,284405286,westbound,B763,LFMN,KEWR,35:21:59.74,41:04:46.26,49.43276,-6.297409,39909.0,159805.48001474616,95
284403798,284403798,westbound,B764,LIPZ,KATL,35:22:05.80,40:56:17.03,50.471151,-6.595028,35329.0,181520.14583926782,78
284406301,284406301,westbound,A333,LPPT,KBOS,35:24:01.68,40:52:27.57,40.971018,-13.493628,38092.0,196381.48835826028,92
284405436,284405436,westbound,B77L,EDDF,MMSM,35:24:13.21,40:20:27.79,55.770355,-7.804569,40284.0,272311.6723962369,59
284401796,284401796,eastbound,B77L,KIND,EGSS,35:24:46.31,39:37:19.59,48.827709,-53.078652,42740.0,231914.60343763523,77
284407637,284407637,westbound,B763,BIKF,KJFK,35:25:00.00,39:40:12.74,62.897222,-26.360556,40710.0,151285.8,73
284405752,284405752,westbound,B78X,EGLL,KORD,35:25:11.55,40:06:54.15,55.334101,-8.253632,39544.0,224403.4173008688,83
284406071,284406071,westbound,B77W,EGLL,KJFK,35:25:32.43,40:27:03.10,53.895269,-11.108678,39826.0,273161.03075635,89
284404249,284404249,westbound,A339,LIRF,KATL,35:26:41.63,40:59:30.39,48.850277,-6.900884,38783.0,215708.38009600545,78
284404025,284404025,westbound,B77W,LIRF,CYUL,35:27:12.55,40:53:34.51,49.922295,-6.520077,39807.0,274507.572269941,71
284404070,284404070,westbound,A343,EDDF,KDTW,35:27:25.71,40:26:50.56,56.603346,-7.78409,37597.0,215061.65682086264,82
284402983,284402983,westbound,B772,EDDM,KCLT,35:27:34.84,40:30:27.97,56.594178,-8.686099,38623.0,230658.63286420764,79
284407108,284407108,westbound,B788,EIDW,KORD,35:28:00.00,40:03:03.00,54.801111,-8.888889,41641.0,181668.6,81
284406129,284406129,westbound,A333,LEMD,KBOS,35:28:05.11,41:03:13.32,44.333449,-10.956911,38305.0,195056.7978418681,93
284405277,284405277,westbound,A333,LFPG,KCVG,35:28:32.62,40:20:31.91,53.043726,-13.204431,38641.0,193080.34006999008,82
284400107,284400107,westbound,A333,LGAV,KJFK,35:29:21.41,40:28:15.50,53.069225,-13.780307,40044.0,183685.72821589964,70
284404439,284404439,westbound,B788,LSZH,KPHL,35:29:23.40,40:30:44.26,53.598917,-12.145228,42039.0,173217.20860786975,88
284404266,284404266,westbound,A333,LSGG,KJFK,35:30:28.08,40:36:58.13,52.697695,-13.471233,38923.0,191386.39722796605,86
284405740,284405740,westbound,B772,LFPG,KIAD,35:31:29.25,40:23:07.66,52.747353,-13.124348,39000.0,225961.9151563064,85
284397107,284397107,eastbound,B744,KLAX,ELLX,35:32:59.69,40:24:59.06,57.300119,-60.893461,38713.0,299218.36836157774,67
284407925,284407925,eastbound,A333,BIKF,GCTS,35:35:00.00,39:49:28.43,61.751389,-21.226944,38341.0,193402.6,72
284404056,284404056,westbound,B789,LIMC,CYYZ,35:36:16.74,40:18:02.99,53.552161,-11.802945,40843.0,194818.7637143268,82
284406116,284406116,westbound,A333,LEMD,KJFK,35:36:19.59,41:18:18.40,44.309875,-11.216202,38307.0,195039.6087414521,92
284406418,284406418,westbound,A332,LEMD,KJFK,35:36:30.79,41:12:05.98,44.454363,-11.696881,39573.0,197423.38609830392,91
284405362,284405362,westbound,B788,EHAM,CYYZ,35:36:48.11,40:27:33.71,55.738021,-7.974462,41932.0,176442.46621681465,86
284407727,284407727,westbound,B752,EIDW,KIAD,35:39:00.00,40:51:58.93,54.446389,-10.014167,37638.0,97411.7,88
284405659,284405659,westbound,A339,EHAM,KBOS,35:39:17.84,41:02:04.29,55.673016,-7.910956,39737.0,203112.63398674017,88
284407758,284407758,westbound,B752,EINN,KEWR,35:40:00.00,40:41:36.95,54.259167,-12.835,36924.0,95350.6,85
284406747,284406747,westbound,B772,LEMD,KCLT,35:41:29.35,41:06:31.00,44.274643,-10.906879,38482.0,233416.73691802644,95
284405001,284405001,westbound,B788,EDDM,KIAD,35:44:25.68,40:54:06.85,55.31274,-7.844336,41810.0,175666.4391501232,88
284404753,284404753,westbound,A359,EDDM,KDEN,35:45:00.55,39:59:11.54,57.449881,-8.787281,38683.0,239805.72135015295,58
284407017,284407017,westbound,B77W,EGLL,CYYZ,35:45:01.81,40:37:05.07,54.950569,-7.975116,39659.0,275504.0032937947,86
284404539,284404539,westbound,B789,LIMC,MMUN,35:45:25.14,40:41:44.69,52.676178,-13.088554,39792.0,207072.53610663803,63
284405359,284405359,westbound,B772,LFPG,KJFK,35:45:26.96,40:39:09.61,52.758141,-13.21841,39194.0,223173.20002823576,86
284405452,284405452,westbound,B788,EBBR,MDPC,35:45:57.77,41:12:34.89,51.79086,-13.903222,41486.0,180062.30287714506,90
284403666,284403666,westbound,B763,LEBL,KIAD,35:46:47.74,41:45:45.80,45.161027,-6.807852,39586.0,161812.44754060823,100
284402101,284402101,eastbound,B77L,KIND,LFPG,35:47:23.97,40:15:22.24,48.491996,-52.683367,42593.0,234272.22765166237,79
284406852,284406852,westbound,B77W,EGLL,KDFW,35:48:07.62,40:27:26.17,54.044136,-9.506871,38463.0,292796.5292002308,69
284405712,284405712,westbound,B748,ELLX,MMSM,35:48:38.69,40:32:20.67,55.679085,-8.948368,35863.0,400500.1805510714,58
284404385,284404385,westbound,B764,LIMC,KATL,35:50:21.18,40:42:49.09,53.252969,-14.153368,34695.0,180032.680490345,71
284404783,284404783,westbound,B763,LSZH,KIAD,35:50:35.75,41:00:17.89,53.720344,-11.546818,40028.0,159394.66733333847,85
284406879,284406879,westbound,A333,LPPT,KIAD,35:52:09.75,41:24:28.59,41.265702,-13.203945,38087.0,196375.10643120407,94
284405968,284405968,westbound,B788,EHAM,CYUL,35:52:27.92,40:54:50.51,55.522564,-7.862187,42184.0,173814.5979634885,77
284406652,284406652,westbound,A333,EGLL,KJFK,35:52:40.00,41:07:12.30,53.65768,-11.066741,38328.0,195028.22845384284,89
284407518,284407518,westbound,B764,LPPT,KIAD,35:52:53.74,41:31:36.98,40.353441,-13.711965,34054.0,176817.3156624112,95
284406850,284406850,westbound,B763,EGLL,KEWR,35:55:01.47,41:05:05.42,53.777249,-11.067923,40122.0,156982.68028860135,87
284408039,284408039,westbound,A333,EIDW,KBOS,35:56:00.00,41:16:12.93,54.063333,-9.600833,37948.0,197329.4,87
284402574,284402574,westbound,B788,LGAV,KIAD,35:58:06.50,41:20:35.53,50.295516,-6.702116,41700.0,173256.0480468236,75
284405220,284405220,westbound,A359,EDDM,KJFK,35:58:51.21,41:09:40.96,55.718399,-8.389864,39749.0,227389.32773696212,91
284406007,284406007,westbound,B77W,EDDF,KIAD,35:58:57.18,41:02:22.92,55.668156,-8.056064,39501.0,278055.3076750445,89
284406164,284406164,westbound,B78X,EHAM,KAUS,35:59:14.38,40:32:34.18,56.532329,-8.388682,39701.0,223248.95075832793,68
284407126,284407126,westbound,A332,EGLL,KDTW,36:00:51.77,40:54:46.23,53.851559,-10.010087,39344.0,199675.42086194005,84
284408315,284408315,westbound,A333,EIDW,KIAD,36:01:00.00,41:07:30.45,54.3125,-10.888611,37947.0,197329.4,87
284406461,284406461,westbound,B772,LEBL,KJFK,36:01:39.16,41:46:42.05,44.882603,-6.562969,38808.0,228934.01516182921,101
284405318,284405318,westbound,B772,LIRF,KCLT,36:01:52.51,41:27:52.64,48.899448,-7.106114,38492.0,233374.87708318993,81
284406138,284406138,westbound,B78X,EHAM,KORD,36:02:09.85,40:32:38.90,57.02309,-8.4044,39714.0,223125.58759792347,80
284405133,284405133,westbound,A359,EDDM,KMIA,36:02:39.03,41:16:09.62,55.915139,-8.500904,38820.0,238023.9568092068,72
284408828,284408828,westbound,B752,EGPH,KIAD,36:03:00.00,41:19:37.74,56.700278,-8.258056,31600.0,97900.9,89
284405385,284405385,westbound,B788,LIPZ,KPHL,36:03:45.52,41:12:07.59,54.333191,-7.698207,41921.0,174007.53211391982,85
284405815,284405815,westbound,B77W,EHAM,TNCC,36:04:03.06,41:27:27.46,52.454551,-13.360587,38639.0,290713.97206365113,81
284407618,284407618,westbound,A333,ENGM,KJFK,36:05:04.99,42:05:17.78,61.041159,2.690068,38118.0,196263.50616977623,102
284406148,284406148,westbound,B77W,LFPG,CYYZ,36:05:17.43,40:41:48.05,53.427731,-13.292983,39714.0,273738.02121981455,81
284408036,284408036,westbound,B772,EIDW,KDFW,36:06:00.00,40:38:00.54,54.614445,-9.919444,37897.0,241967.2,72
284406158,284406158,westbound,B78X,EDDF,KORD,36:06:59.40,40:42:10.05,56.599123,-8.256192,39844.0,222179.0681167712,79
284405562,284405562,westbound,B772,EDDM,KIAH,36:07:05.60,40:48:01.29,57.040102,-8.025409,37887.0,241107.0329881578,61
284407370,284407370,westbound,B772,EGLL,KIAD,36:07:37.58,40:59:16.08,53.810461,-11.647575,38882.0,227890.77916439174,86
284407859,284407859,westbound,A333,LPPT,KEWR,36:07:59.07,41:37:46.40,41.304517,-13.307961,38093.0,196383.4343930232,94
284407398,284407398,westbound,B77W,LEBL,CYYZ,36:08:33.84,41:40:57.68,45.195015,-6.688625,39312.0,280639.29028797534,97
284402893,284402893,eastbound,B763,KCVG,EBBR,36:12:08.93,41:03:53.08,45.66184,-51.85297,38368.0,154128.0929192086,81
284401863,284401863,eastbound,B77L,KMEM,LFPG,36:12:40.02,40:48:27.43,45.124562,-52.145912,40840.0,235350.77785571094,75
284407638,284407638,westbound,A339,EGLL,KMSP,36:13:33.22,40:59:26.66,53.875255,-9.069093,39061.0,209859.6806807921,81
284402515,284402515,eastbound,B748,KSDF,EDDK,36:14:51.72,41:00:35.31,45.578912,-51.880232,37174.0,370843.8019400754,81
284408605,284408605,westbound,A35K,EGCC,KMCO,36:14:55.32,41:31:25.08,54.208937,-7.913789,37880.0,266428.7733751078,90
284408334,284408334,eastbound,B772,KJFK,EGLL,36:15:42.60,42:08:48.87,41.357111,-68.737212,38842.0,227532.13005233151,105
284406737,284406737,westbound,A339,EHAM,KDTW,36:16:24.55,41:11:21.66,56.235448,-8.372048,39307.0,207809.95923077545,84
284407572,284407572,westbound,A35K,EGLL,KJFK,36:17:42.43,41:21:11.90,53.800184,-11.124069,38817.0,255108.62189931516,89
284405434,284405434,westbound,A333,LIMC,CYUL,36:17:52.61,41:19:12.23,53.097497,-12.910891,39049.0,190612.9178880317,70
284407376,284407376,westbound,B77W,EGLL,KMIA,36:18:14.42,41:17:21.35,53.886358,-12.258385,38882.0,286821.6125727926,79
284405721,284405721,westbound,B77W,LIRF,CYYZ,36:20:32.36,41:35:45.65,50.047247,-6.629127,39508.0,278981.7683024294,85
284402677,284402677,eastbound,B744,KMIA,EHAM,36:20:51.55,42:13:12.35,38.007021,-61.691313,38377.0,301326.20545768534,93
284406589,284406589,westbound,B78X,EHAM,MPTO,36:21:03.87,41:59:30.26,55.176929,-8.43644,39675.0,223451.9003984324,71
284407344,284407344,westbound,B789,EGLL,KORD,36:21:33.11,40:57:31.73,55.549513,-8.193093,40445.0,201830.85162220793,81
284405619,284405619,westbound,A333,LIRF,KJFK,36:23:15.22,42:06:41.84,49.175882,-6.67606,39002.0,191014.32859199544,93
284406863,284406863,westbound,A359,LEMD,KLAX,36:23:48.54,41:31:52.66,44.418341,-11.205439,37433.0,250978.57734695732,62
284408352,284408352,westbound,A333,LPPT,CYYZ,36:23:51.34,41:51:27.95,41.298007,-13.158408,38090.0,196393.7210802715,93
284405849,284405849,westbound,A339,EDDF,KLAX,36:24:20.63,40:40:52.86,57.235067,-8.485879,38239.0,220322.64561226132,49
284406665,284406665,westbound,B789,LFPG,CYYC,36:24:55.75,40:36:37.02,54.086648,-10.144512,40130.0,204605.43657297222,64
284406678,284406678,westbound,A359,LFPG,KEWR,36:25:03.18,41:14:18.69,53.180898,-12.898672,39887.0,224908.0295046826,85
284406682,284406682,westbound,A333,EHAM,KMSP,36:25:28.67,41:03:31.73,56.647771,-7.887775,38457.0,194169.09039542975,78
284406868,284406868,westbound,A333,EKCH,CYYZ,36:25:32.41,41:11:29.60,60.341575,-7.696982,38620.0,192995.70548753944,81
284408168,284408168,westbound,A333,EGLL,KBOS,36:26:42.81,41:40:31.46,53.693604,-10.875051,38328.0,195026.12064454204,87
284407999,284407999,westbound,B772,EGLL,CYHZ,36:27:01.58,40:44:06.27,53.651966,-11.787379,39660.0,216911.75606034911,75
284404550,284404550,eastbound,B763,KSDF,EIDW,36:27:08.57,40:30:37.62,45.343906,-52.703473,38880.0,151664.18641184564,70
284407742,284407742,westbound,B789,EGLL,KPHL,36:27:11.75,41:30:06.79,53.780773,-11.662313,40782.0,197894.77131986865,89
284405273,284405273,westbound,B789,LIMC,KJFK,36:27:48.83,41:20:07.25,53.531509,-13.355011,40967.0,193091.59029338553,85
284405733,284405733,westbound,A333,LIMC,KEWR,36:27:55.46,41:24:30.40,53.195741,-13.525176,39057.0,190544.8791859418,83
284409085,284409085,westbound,B763,EIDW,KJFK,36:28:00.00,41:46:47.89,54.036944,-10.571667,40093.0,156505.3,90
284407656,284407656,westbound,A332,LEBL,KLAX,36:28:10.40,42:01:45.07,45.139702,-6.747397,38230.0,211410.27087306138,63
284407469,284407469,westbound,B772,EGKK,KTPA,36:28:30.86,41:21:08.05,53.622144,-13.425847,38343.0,235300.9819271351,78
284406920,284406920,westbound,A339,EDDF,MMUN,36:29:20.54,41:49:10.81,55.630132,-8.075024,38183.0,220756.8411836696,68
284406316,284406316,westbound,B763,LSGG,KJFK,36:29:56.18,41:35:56.95,53.565084,-13.523228,40244.0,156606.72544776826,85
284407486,284407486,westbound,A332,EHAM,KIAD,36:32:47.97,41:45:14.40,55.72569,-7.80169,39364.0,199867.99330031505,90
284409562,284409562,eastbound,G280,CYYT,LFRG,36:33:00.00,40:53:30.64,48.046945,-49.810555,43631.0,16269.6,74
284407159,284407159,westbound,A359,LFPG,KORD,36:33:55.65,41:10:16.01,53.450877,-12.000934,39378.0,230580.3379748531,79
284406845,284406845,westbound,B788,LFPG,KMIA,36:34:21.17,41:46:25.33,52.591297,-13.435604,41363.0,181486.5676816401,83
284402256,284402256,eastbound,B77L,KMEM,EDDK,36:34:59.15,41:25:34.53,45.834988,-52.065678,41198.0,236834.6044758375,77
284409062,284409062,westbound,A332,EIDW,CYYZ,36:36:00.00,41:30:50.99,54.783889,-9.187778,39530.0,196590.9,85
284407043,284407043,westbound,A333,EDDF,KRSW,36:36:48.48,42:05:06.20,55.551308,-8.707117,38700.0,192653.37041951308,76
284407124,284407124,westbound,A332,EDDF,KPHL,36:38:19.26,42:01:28.53,55.312214,-7.819016,39507.0,199268.35024807643,93
284407209,284407209,westbound,B764,LFPG,KEWR,36:38:30.41,41:38:59.66,53.225877,-13.484953,34898.0,173768.48813985768,84
284408058,284408058,westbound,A332,EGKK,CYYZ,36:38:53.66,41:29:21.80,53.597082,-11.036022,39593.0,197236.24814102988,83
284407965,284407965,westbound,A339,EGLL,KIAD,36:39:59.42,41:49:06.11,53.84927,-11.26792,39445.0,205984.25568921852,88
284407589,284407589,westbound,B772,LFPG,KDEN,36:40:17.35,40:57:51.99,53.677672,-11.73696,38074.0,239071.07646653065,63
284408262,284408262,westbound,B77W,EGLL,KIAD,36:42:43.67,41:38:46.87,53.786639,-11.343631,39570.0,276806.12824448396,87
284407616,284407616,westbound,B78X,EHAM,KJFK,36:42:49.01,41:55:10.27,55.496858,-7.988946,39663.0,223531.90896066572,92
284409367,284409367,westbound,A333,EIDW,KEWR,36:43:00.00,41:47:56.25,54.552222,-11.483889,37947.0,197329.4,87
284405626,284405626,eastbound,B763,KJFK,EGNX,36:43:04.32,41:11:03.33,45.212564,-52.897573,38526.0,151876.07339771633,77
284407634,284407634,westbound,A333,LFPG,KJFK,36:43:09.78,41:48:48.48,52.995507,-13.230928,38643.0,193045.93454024568,86
284408177,284408177,westbound,A339,LFPO,TFFF,36:43:42.73,42:25:48.27,46.942475,-6.393673,38854.0,212209.544031519,96
284405882,284405882,westbound,B788,EPWA,KMIA,36:45:43.14,41:53:59.07,58.660139,-8.022097,41150.0,181259.07662664284,68
284408706,284408706,westbound,B763,EGLL,KEWR,36:45:54.15,41:59:09.23,53.915944,-10.340732,40121.0,156990.07028174002,88
284408095,284408095,westbound,A333,EHAM,KJFK,36:46:28.06,42:13:11.25,55.64668,-7.884038,38428.0,194358.2583495156,92
284409992,284409992,westbound,A333,EINN,KBOS,36:47:35.96,41:52:19.54,53.589524,-12.852947,37982.0,197105.05717288522,85
284407407,284407407,westbound,B772,LFPG,KJFK,36:47:36.37,41:41:41.86,53.006947,-13.116535,39194.0,223152.2899752737,86
284409238,284409238,westbound,A339,LPPT,KBOS,36:47:55.87,42:17:14.99,41.527041,-12.92026,39705.0,202464.3765978963,92
284409716,284409716,westbound,B752,EIDW,KEWR,36:49:00.00,42:02:51.84,54.463889,-10.175,36908.0,96001.0,89
284407427,284407427,westbound,B748,EDDF,KEWR,36:49:40.18,41:46:34.42,55.697017,-8.197853,37346.0,376074.63872519735,89
284408017,284408017,westbound,B772,LEMD,KDFW,36:50:01.28,42:01:42.54,44.409179,-11.196252,37760.0,243420.8294734129,80
284406506,284406506,westbound,A333,LSZH,CYUL,36:51:05.08,41:54:27.42,53.683461,-11.906294,38945.0,191285.7475140727,66
284407088,284407088,westbound,A333,LSZH,KORD,36:52:34.30,41:43:15.55,53.937236,-10.527757,38891.0,191631.78979162464,74
284407601,284407601,westbound,A359,LFPG,KBOS,36:53:37.39,41:47:47.34,53.134871,-13.129877,40087.0,222651.1708300265,83
284408484,284408484,westbound,A35K,EGLL,KJFK,36:53:45.46,41:58:02.96,53.726306,-10.989492,38818.0,255105.76464304482,89
284403113,284403113,eastbound,B77L,KMEM,EGSS,36:56:48.73,41:13:31.65,46.931552,-52.732657,42577.0,233319.13553925484,73
284408961,284408961,westbound,B772,EGLL,KORD,36:59:00.85,41:44:05.93,53.758491,-9.262222,38608.0,231777.32710927157,83
284408989,284408989,westbound,A333,LEBL,KJFK,36:59:15.65,43:00:29.98,44.612644,-6.673668,38342.0,194915.56981132296,98
284409737,284409737,eastbound,B763,KPHL,EGNX,36:59:34.54,43:02:52.41,41.256255,-68.482425,38265.0,157621.66161557593,103
284407640,284407640,westbound,A333,EKCH,KATL,36:59:38.33,41:50:34.38,60.044363,-7.880455,38676.0,192624.71596787072,76
284408752,284408752,westbound,B788,LEBL,KPHL,37:00:34.28,42:47:32.16,44.745153,-6.893495,41732.0,178831.55227199636,102
284407660,284407660,westbound,A333,EKCH,KBOS,37:01:38.76,42:20:41.99,59.716578,-8.08396,38686.0,192561.36677571933,85
284404547,284404547,westbound,B788,LGAV,KPHL,37:02:01.87,42:32:49.95,49.686347,-6.676546,41735.0,173363.8065487689,80
284406940,284406940,westbound,A333,LSZH,CYYZ,37:02:17.97,41:59:45.93,53.692227,-10.511327,38879.0,191710.42346448076,83
284408153,284408153,westbound,B77W,LFPG,KJFK,37:02:37.02,41:57:24.41,52.909078,-13.022399,39803.0,272401.34352827905,86
284408845,284408845,westbound,B764,EGLL,KATL,37:03:10.74,42:14:36.27,53.660401,-10.220712,32098.0,181946.34533240157,87
284407149,284407149,westbound,A359,EDDM,KCLT,37:04:53.22,42:07:09.72,56.186597,-9.13055,39264.0,233070.48534347749,79
284407778,284407778,westbound,B77W,LFPG,CYUL,37:06:08.03,41:56:38.47,53.384681,-13.027018,40014.0,269271.37905100593,70
284407670,284407670,westbound,B744,EDDF,KIAD,37:06:17.92,42:04:52.26,56.157481,-8.250874,38503.0,298946.1715361524,89
284407639,284407639,eastbound,B772,KBOS,EGLL,37:06:24.21,41:27:57.63,45.433216,-53.013649,39151.0,216118.91368742808,78
284408034,284408034,westbound,A359,LFPG,CYYZ,37:08:03.25,41:47:43.69,53.519457,-12.653496,39787.0,226018.64538830394,82
284409243,284409243,westbound,B77W,EGLL,KJFK,37:13:49.23,42:15:37.04,53.805541,-11.075448,39807.0,273125.1649837311,89
284407582,284407582,westbound,B772,LSZH,CYYZ,37:13:52.01,41:58:38.47,53.698878,-10.492112,39026.0,225572.35778834723,83
284408193,284408193,westbound,B788,LEMD,KPHL,37:14:39.71,42:38:06.58,44.140054,-11.484888,41889.0,177417.04274280262,96
284410724,284410724,westbound,B763,EGPH,KJFK,37:16:00.00,42:40:20.81,56.42,-8.483333,40013.0,157184.6,92
284407216,284407216,westbound,B788,LIRF,KPHL,37:17:02.69,42:54:28.09,48.892427,-6.178569,41795.0,175925.88930212712,92
284407863,284407863,westbound,A346,EDDF,KDEN,37:17:32.90,41:29:11.54,57.271398,-9.015599,38322.0,301515.6156587579,59
284406832,284406832,westbound,A333,LSZH,KIAD,37:19:25.77,42:29:07.58,53.559904,-11.744398,38930.0,191383.46434014954,86
284407035,284407035,westbound,B77W,LSZH,KMIA,37:19:28.22,42:20:59.60,53.357195,-13.280269,38991.0,286003.45523201046,73
284410675,284410675,westbound,A333,EIDW,KBNA,37:20:00.00,42:18:53.32,54.552778,-10.1375,37947.0,197329.4,84
284406670,284406670,westbound,A343,LSZH,MMUN,37:20:05.26,42:31:56.00,53.543186,-13.687018,36480.0,228617.52664949803,64
284407659,284407659,westbound,A333,EKCH,CYYZ,37:20:12.59,42:11:55.34,60.237761,-8.028082,38683.0,192585.00175708818,81
284407535,284407535,westbound,B77W,LSZH,KLAX,37:20:18.47,41:46:20.56,53.603916,-10.638428,37695.0,302838.6947728533,51
284409168,284409168,westbound,A35K,EGLL,CYYZ,37:21:12.13,42:10:38.85,53.846838,-9.972666,38694.0,256603.56874643965,85
284407898,284407898,westbound,A343,EDDF,MROC,37:22:47.36,43:07:56.20,56.387452,-8.486832,35650.0,235309.9506270862,67
284409419,284409419,westbound,A35K,EGLL,KPHL,37:23:00.88,42:30:07.80,53.719265,-11.009895,38734.0,256243.52024701843,90
284408031,284408031,westbound,B788,EDDM,KORD,37:23:20.54,41:55:56.43,56.744142,-7.589697,41611.0,177520.37026154445,74
284408877,284408877,westbound,B77W,LFPG,KLAX,37:23:52.94,41:41:49.74,54.910433,-8.829274,37704.0,303176.63776838995,52
284409622,284409622,westbound,A35K,EGLL,KDEN,37:23:55.30,41:35:31.23,56.073444,-8.553526,37722.0,270008.0109521844,64
284409254,284409254,westbound,B789,EGKK,KJFK,37:24:46.13,42:23:38.84,53.614406,-11.811638,40921.0,195966.13399695075,88
284408483,284408483,westbound,B764,LIPZ,KJFK,37:25:39.80,43:12:57.98,50.305373,-6.203722,34522.0,177623.99554849608,96
284408301,284408301,westbound,A359,LFPG,MPTO,37:26:21.41,42:43:42.72,52.334926,-13.412324,38189.0,244093.34839728707,67
284408673,284408673,westbound,B764,LFMN,KJFK,37:27:35.60,43:14:29.90,50.065188,-6.629515,34721.0,176913.91085001576,96
284408469,284408469,westbound,B772,EDDF,KIAH,37:28:16.50,42:08:33.38,56.470503,-8.997307,37895.0,241494.71722897032,63
284409795,284409795,westbound,B772,EGLL,KIAH,37:28:49.27,42:09:55.19,54.082037,-10.795219,37879.0,241963.5371220376,69
284407740,284407740,westbound,B77W,EDDM,CYYZ,37:29:30.29,42:16:27.89,56.197675,-8.455523,39659.0,275860.2896129481,84
284409140,284409140,westbound,A333,EHAM,KATL,37:29:56.65,42:47:24.53,55.781094,-8.388585,38454.0,194203.15700774718,85
284411797,284411797,westbound,A333,EINN,KJFK,37:30:00.00,42:39:38.24,53.9975,-12.121944,37948.0,197329.4,88
284408574,284408574,westbound,A343,EDDF,KBOS,37:30:52.80,42:56:23.79,55.605782,-8.207494,38178.0,209088.67425164458,87
284408219,284408219,westbound,A332,DAAG,CYUL,37:31:51.85,43:07:43.58,44.250624,-9.143572,39586.0,198446.49585194452,96
284408442,284408442,westbound,A332,EHAM,TNCA,37:32:29.54,43:00:30.28,52.276965,-13.80513,38566.0,209182.39369128997,79
284411325,284411325,westbound,A333,EIDW,KBDL,37:33:00.00,42:48:18.43,54.396389,-10.728611,37948.0,197329.4,84
284408404,284408404,westbound,B748,EDDF,MMMX,37:35:01.04,42:09:38.99,56.961773,-8.8673,35993.0,398816.9828089288,55
284408578,284408578,westbound,B772,LFPG,KATL,37:36:19.30,42:22:45.47,53.178705,-13.920425,38559.0,232070.8331209202,80
284409868,284409868,westbound,B77W,EGLL,KMIA,37:38:02.31,42:46:30.12,53.921621,-11.681785,38872.0,286976.4546082502,84
284407948,284407948,westbound,A333,LSZH,KJFK,37:38:17.08,42:45:47.77,53.517342,-13.234549,38992.0,190959.9199670039,86
284410713,284410713,westbound,B789,EGLL,CYOW,37:38:39.99,42:37:08.55,54.767953,-8.456669,40886.0,197182.44279179542,89
284409396,284409396,westbound,B772,EGKK,MMUN,37:40:20.46,42:37:05.87,53.68298,-13.665051,37884.0,241723.08680376847,71
284407966,284407966,westbound,B764,LSZH,KJFK,37:41:09.46,42:49:56.79,53.488209,-13.131549,34914.0,174481.75836221848,85
284408878,284408878,westbound,B77W,LFPG,KIAD,37:44:27.63,42:36:57.11,53.000708,-12.919165,39544.0,275714.01727115375,86
284408958,284408958,westbound,B77W,LFPG,CYUL,37:45:26.49,42:36:22.50,53.456873,-12.907217,39964.0,269231.2607870178,70
284409434,284409434,westbound,B772,EHAM,MMMX,37:45:32.56,42:28:06.33,56.131004,-8.951734,37233.0,251051.75795384718,58
284407902,284407902,westbound,B772,LIRF,KJFK,37:45:40.58,43:16:38.08,49.231811,-6.375347,38930.0,227068.8426527486,93
284411051,284411051,westbound,A333,EGCC,KJFK,37:46:00.96,43:14:48.87,54.255608,-7.960773,38051.0,196703.52329622264,93
284407716,284407716,westbound,GLEX,LIML,KFRG,37:48:51.13,42:44:50.95,52.944904,-13.303815,46764.0,31861.372574537145,86
284409086,284409086,westbound,A333,EDDF,KMCO,37:49:28.68,43:21:30.67,55.304896,-8.266853,38681.0,192747.60313694467,78
284409241,284409241,westbound,B789,EDDF,CYUL,37:49:32.25,42:48:57.01,55.638046,-8.278692,40987.0,194012.34594404613,76
284410579,284410579,westbound,A35K,EGLL,KMCO,37:50:39.32,42:59:09.81,53.649907,-10.680749,38007.0,266041.8154682705,85
284410834,284410834,westbound,B763,EGLL,KORD,37:51:30.64,42:46:46.33,53.774179,-9.327112,39584.0,161532.90012110188,82
284408637,284408637,westbound,A333,LFLL,CYUL,37:51:52.65,42:49:35.78,53.376922,-13.348657,38913.0,191422.5736425051,67
284404811,284404811,westbound,A339,LGAV,KBOS,37:54:20.40,43:12:56.29,55.054654,-8.791085,39811.0,206603.36041647402,76
284410146,284410146,westbound,B772,EHAM,KSFO,37:55:41.78,41:54:40.91,58.591818,-8.070316,37514.0,246859.78656587543,51
284410756,284410756,eastbound,B748,KPHL,EDDK,37:56:38.29,44:17:11.40,41.344632,-68.457936,36795.0,381853.11245306017,114
284409164,284409164,westbound,A333,EKCH,KJFK,37:57:39.49,43:18:41.66,59.655782,-8.103451,38685.0,192559.58959630778,91
284408819,284408819,eastbound,B763,KPHL,LFPG,37:57:51.22,42:53:30.08,44.638933,-53.068441,38561.0,154207.22286678356,85
284408096,284408096,westbound,A339,LIRF,KBOS,38:00:25.10,43:41:06.95,49.944206,-6.543216,39665.0,206077.49057606523,94
284405237,284405237,westbound,B789,LGAV,CYUL,38:00:35.17,42:55:54.43,55.607379,-9.002825,41015.0,188619.20682579445,73
284410869,284410869,westbound,B77W,EGLL,KJFK,38:00:56.49,43:00:06.95,53.813278,-11.676294,39762.0,273492.69181951124,88
284410427,284410427,westbound,B789,EGKK,KMCO,38:00:58.47,43:04:28.83,53.79012,-13.601369,40252.0,203294.58739047157,82
284411809,284411809,westbound,A333,EGCC,KJFK,38:01:00.89,43:29:39.86,54.261164,-7.990013,38051.0,196703.59641831668,93
284409759,284409759,westbound,B764,LFPG,KJFK,38:02:37.68,43:12:50.36,53.125533,-12.943002,34232.0,173769.6792428994,86
284409805,284409805,westbound,B788,LFPG,KPHL,38:02:40.10,42:59:00.20,53.306463,-13.19637,42094.0,173825.43141429158,87
284408797,284408797,westbound,A333,EDDF,MDPC,38:04:15.38,43:38:53.32,52.716384,-13.901457,38907.0,191390.4750865843,84
284411064,284411064,westbound,B78X,LEBL,KORD,38:07:38.97,43:31:50.33,45.701045,-6.73257,39630.0,223798.24696345843,90
284409498,284409498,westbound,A339,EDDF,KMIA,38:08:30.96,43:35:42.61,55.293746,-8.301869,38673.0,215466.00479439163,78
284410281,284410281,westbound,B789,LFPG,MMMX,38:10:18.07,42:45:34.72,53.62725,-12.823104,39258.0,214356.576443069,56
284408697,284408697,westbound,B764,LIRF,KEWR,38:11:05.07,44:14:31.96,50.222376,-6.732678,34552.0,177695.5078304897,74
284406758,284406758,eastbound,B77L,KCVG,EGNX,38:11:18.88,42:12:12.01,49.286563,-53.068758,42808.0,231458.17030850626,74
284407583,284407583,westbound,A332,LYBE,KJFK,38:11:43.48,43:32:44.88,55.178716,-7.568915,39566.0,200785.6364879381,85
284410207,284410207,westbound,B772,LFPG,MMUN,38:11:44.40,43:11:35.63,52.9555,-13.517154,37919.0,241210.43618631767,69
284411275,284411275,westbound,B789,EGLL,KORD,38:12:28.80,42:56:18.66,53.836234,-9.411455,40421.0,202220.37448169006,83
284411900,284411900,westbound,B772,EGLL,KLAX,38:18:10.33,42:40:32.13,53.925797,-8.366825,37255.0,250788.1163508602,55
284411148,284411148,westbound,A388,EGLL,KLAX,38:18:17.72,42:27:28.01,55.8662,-8.593589,37449.0,493714.7800377969,53
284411394,284411394,westbound,A333,EGLL,KTPA,38:18:43.77,43:40:26.45,53.945509,-10.987551,38331.0,194975.14595946885,82
284407569,284407569,eastbound,B77L,KCVG,EDDP,38:23:22.24,43:17:53.40,49.328601,-53.767205,42267.0,239897.3937273916,81
284410748,284410748,westbound,B772,LFPG,MUHA,38:27:13.09,43:34:24.64,52.660184,-13.317964,38136.0,238157.06620533773,76
284411970,284411970,westbound,A333,EGCC,KATL,38:30:28.40,43:50:41.68,54.502274,-8.318481,38087.0,196488.23814587147,90
284409239,284409239,westbound,A333,LIMC,KJFK,38:30:30.32,43:36:11.27,53.317086,-13.222775,39067.0,190505.61281517646,85
284411739,284411739,westbound,B77W,EGLL,KJFK,38:31:24.63,43:37:44.87,53.829746,-10.029166,39750.0,273943.75636047916,90
284412108,284412108,westbound,B789,EGLL,KDEN,38:35:05.41,43:01:41.17,54.324242,-8.763128,39830.0,209051.5840161548,69
284408993,284408993,eastbound,B789,KJFK,EGLL,38:35:22.48,42:56:11.15,45.68107,-52.804142,41123.0,187941.55873481627,78
284412242,284412242,westbound,A333,EIDW,KMSP,38:36:42.56,43:11:03.18,55.982945,-8.133835,38015.0,196912.7991228632,77
284411247,284411247,westbound,A333,EFHK,KORD,38:39:18.10,43:37:14.49,65.063085,9.346691,38460.0,194156.22256413044,81
284410941,284410941,westbound,A339,EDDF,CYYZ,38:40:34.26,43:37:38.59,56.041201,-8.162801,39499.0,206427.0856435045,84
284412218,284412218,westbound,B788,EGLL,KSAN,38:40:49.11,42:51:33.49,56.092665,-8.605762,40358.0,193223.0105661741,53
284409659,284409659,eastbound,B763,KJFK,EDDP,38:43:32.81,44:08:26.33,44.720853,-52.936067,38436.0,156770.62918809644,91
284411762,284411762,westbound,A388,EGLL,KBOS,38:44:25.64,43:42:32.52,53.90206,-10.89408,39593.0,443274.3574322712,87
284411409,284411409,westbound,B772,EGKK,KMCO,38:44:29.19,43:44:59.91,53.845534,-13.517549,38431.0,233977.50335046797,82
284409211,284409211,eastbound,B763,KEWR,EGLL,38:45:29.93,43:18:52.89,44.973574,-52.725943,38748.0,152198.87280592474,76
284407969,284407969,eastbound,B763,KCVG,EBBR,38:46:59.76,43:40:11.88,45.181215,-51.782952,38715.0,154210.97742494429,81
284409603,284409603,eastbound,A333,KJFK,EGLL,38:49:02.21,43:29:33.62,44.696679,-52.661748,38538.0,190692.81452038384,77
284410474,284410474,westbound,B744,EDDF,CYYZ,38:49:25.58,43:34:52.00,55.866356,-8.330904,38636.0,296667.01198266953,85
284412016,284412016,westbound,B77W,EGLL,KIAH,38:49:56.55,43:33:08.44,55.128514,-8.663389,38384.0,293952.6738285419,69
284412420,284412420,westbound,B772,EGLL,KCLT,38:52:43.88,43:53:40.41,53.822517,-10.201621,38607.0,231788.71675237114,88
284412699,284412699,westbound,B772,EGLL,KDFW,38:55:33.72,43:31:45.58,53.990732,-9.398681,37919.0,241446.21763219454,68
284411617,284411617,westbound,B788,LEMD,KJFK,38:56:19.91,44:21:34.33,44.289358,-11.869542,41996.0,176134.29254921668,91
284411613,284411613,westbound,A332,EHAM,CYUL,38:56:38.19,44:00:46.69,55.936645,-8.352285,39839.0,195089.78739810942,84
284412643,284412643,westbound,B789,EGLL,MMMX,38:58:39.95,43:46:44.58,53.824559,-9.84359,39120.0,217050.57545830487,61
284412383,284412383,eastbound,B772,CYHZ,EGLL,38:59:29.93,43:14:00.70,47.053071,-52.923424,39633.0,216583.73781355534,75
284411796,284411796,westbound,B764,LFPG,KATL,39:00:40.66,43:59:31.32,53.633461,-13.374044,32946.0,181080.26014620767,80
284411085,284411085,westbound,B789,LIMC,KORD,39:02:10.13,43:36:31.64,53.851134,-11.71266,40500.0,198893.73099561717,74
284411990,284411990,westbound,B772,EGLL,TXKF,39:02:26.17,44:24:28.30,53.478657,-13.072063,39189.0,223421.13251456272,86
284409088,284409088,westbound,B764,LIRF,KEWR,39:03:27.02,44:30:20.07,53.181707,-12.874633,34211.0,175587.90224315767,64
284411722,284411722,westbound,B744,ELLX,KMIA,39:07:25.05,44:14:29.95,53.789491,-11.096036,37842.0,311366.452877757,78
284411621,284411621,westbound,B789,EDDB,KMIA,39:08:53.75,44:20:07.50,57.680327,-8.306212,39995.0,204862.19237429855,75
284412824,284412824,westbound,A339,LFPO,TFFR,39:09:54.99,45:10:25.56,48.213863,-6.103583,38872.0,211884.88802106393,102
284414207,284414207,westbound,A333,EIDW,KIAD,39:13:00.00,44:21:31.21,54.391944,-10.743056,37948.0,197329.4,87
284411092,284411092,westbound,A388,EDDM,KBOS,39:13:19.03,44:20:34.85,55.769419,-8.308783,39523.0,453115.41202670324,87
284414313,284414313,westbound,A333,BIKF,KBWI,39:15:00.00,43:16:51.69,63.916667,-27.160278,38078.0,196102.2,69
284413238,284413238,westbound,B772,EGLL,KORD,39:16:58.34,44:05:00.78,53.907623,-8.636776,38580.0,232169.85019411566,84
284414425,284414425,westbound,A333,EIDW,KCLE,39:18:00.00,44:19:25.38,54.466667,-10.116667,37947.0,197329.4,85
284411505,284411505,westbound,A359,LFPO,KMIA,39:18:59.28,44:17:34.46,53.05344,-13.617815,38998.0,235026.64288429954,77
284412963,284412963,westbound,B763,EGLL,KEWR,39:19:02.77,44:34:54.95,53.978442,-9.683492,39978.0,157587.76842169143,89
284412351,284412351,westbound,A359,LFPG,MMMX,39:19:20.01,43:58:50.71,53.71158,-12.699309,37863.0,247720.65394402976,57
284408236,284408236,eastbound,B763,KJFK,BIKF,39:21:53.46,41:59:42.07,53.569603,-56.887707,41675.0,144049.55607091388,46
284414298,284414298,eastbound,A333,BIKF,LPPR,39:22:00.00,42:07:39.56,61.7675,-18.868333,39279.0,184774.6,50
284413476,284413476,westbound,B788,LEMD,KORD,39:22:00.16,44:39:28.21,44.296624,-10.296799,41416.0,182353.3794744011,91
284414766,284414766,eastbound,A333,BIKF,LEAL,39:25:00.00,42:15:53.27,61.685278,-18.719167,38920.0,188164.9,49
284414862,284414862,westbound,A333,EIDW,KPHL,39:31:00.00,44:48:41.04,54.406111,-10.921389,37948.0,197329.4,90
284412750,284412750,westbound,A339,EGLL,KATL,39:33:45.93,44:42:52.54,53.850692,-10.139683,38912.0,211590.30483206036,88
284413478,284413478,westbound,A35K,EGLL,KPHX,39:34:31.76,43:48:00.29,55.831414,-8.433706,37154.0,277558.87849464425,55
284414165,284414165,westbound,B752,LPPR,KEWR,39:35:46.23,45:23:48.04,42.28403,-11.666668,38434.0,96752.88574887392,91
284413827,284413827,westbound,B77W,EGLL,CYYZ,39:38:08.46,44:29:42.52,54.982867,-8.147127,39659.0,275489.8276910485,86
284413226,284413226,westbound,B744,EDFH,KGSP,39:44:39.70,44:49:06.81,54.643805,-8.135375,38045.0,306953.87299996347,84
284415625,284415625,westbound,A333,BIKF,KBOS,39:47:00.00,43:59:32.62,63.916667,-27.160278,38463.0,192471.1,71
284413399,284413399,westbound,A333,EFHK,KJFK,39:51:01.53,46:01:50.77,63.167431,6.664884,38494.0,193936.4672055713,105
284412469,284412469,westbound,A359,EDDM,KORD,39:53:24.86,44:26:07.56,56.864526,-8.312872,39305.0,232556.34847520507,74
284414194,284414194,westbound,B763,EGLL,KEWR,39:54:00.27,45:07:21.17,53.950496,-10.236925,40012.0,157165.54831695865,88
284415275,284415275,westbound,B77W,EIDW,KIAD,39:55:26.78,44:55:34.92,53.581809,-11.104454,39356.0,276573.42167506425,89
284413602,284413602,westbound,B789,EGLL,MKJS,39:55:48.24,45:17:17.96,53.790928,-11.945005,39884.0,208001.78859805374,80
284415557,284415557,westbound,A333,EIDW,KJFK,39:56:00.00,45:18:11.64,54.054722,-9.556944,37948.0,197329.4,91
284415970,284415970,westbound,A333,BIKF,KSWF,39:59:00.00,44:00:52.06,63.584722,-27.044722,38305.0,193936.5,69
284412713,284412713,westbound,A333,EKCH,KORD,39:59:03.48,44:27:41.06,60.656228,-7.813731,38696.0,192530.2898033206,75
284412439,284412439,westbound,A359,EDDM,KEWR,39:59:09.42,45:04:41.36,55.677221,-8.43753,39731.0,227584.84494907968,90
284414171,284414171,westbound,B772,EGLL,KBNA,40:00:15.21,44:56:59.58,53.96594,-9.337748,38381.0,234963.07508785764,87
284413951,284413951,westbound,B789,EGLL,KMIA,40:00:41.21,45:11:56.11,53.898068,-10.953203,40076.0,205945.72387463693,85
284413763,284413763,westbound,A333,LEMD,KJFK,40:01:41.12,45:44:32.23,44.328477,-11.196895,38308.0,195023.6451894147,92
284415623,284415623,westbound,A333,EIDW,KBOS,40:02:30.00,45:24:39.94,54.046111,-9.513056,37948.0,197329.4,87
284411966,284411966,eastbound,B772,KJFK,EGLL,40:02:30.14,44:24:52.57,45.443766,-52.822094,39104.0,215731.42417836972,77
284413506,284413506,westbound,A359,LFPG,KMIA,40:03:23.24,45:03:21.13,53.158811,-13.426155,38984.0,235135.15220961595,78
284413720,284413720,westbound,B772,LFPG,KDTW,40:04:17.02,44:44:50.90,53.653274,-11.770466,38878.0,227623.16393708636,82
284414399,284414399,westbound,A339,EGLL,KJFK,40:05:05.86,45:22:23.68,53.801565,-10.18246,39611.0,203894.62591820408,90
284415746,284415746,westbound,A333,EIDW,KORD,40:06:00.00,44:56:49.62,54.617222,-9.880833,37948.0,197329.4,82
284413795,284413795,westbound,B77W,LFPG,KJFK,40:06:05.70,45:00:41.61,53.167273,-12.957949,39809.0,272340.0879368025,86
284412577,284412577,westbound,B789,EDDM,KDEN,40:06:10.93,44:23:31.84,56.962332,-8.348953,39901.0,205598.12226157414,59
284414380,284414380,westbound,B788,EGLL,KAUS,40:07:42.57,44:48:54.28,54.11623,-9.838609,40814.0,188691.33017319444,69
284415941,284415941,eastbound,B772,BIKF,LPPT,40:08:00.00,43:09:00.84,61.925278,-19.154444,40266.0,209181.0,55
284414335,284414335,westbound,B78X,EHAM,KJFK,40:10:39.40,45:23:02.93,55.464314,-8.048068,39660.0,223542.18627783426,92
284414107,284414107,westbound,B763,LFPG,KIAD,40:13:35.13,45:17:33.37,53.49084,-13.490643,39936.0,158357.24572970433,85
284414353,284414353,westbound,B77W,EHAM,KATL,40:14:16.49,45:20:55.52,55.602643,-7.901217,38950.0,285907.9321261759,86
284414415,284414415,westbound,B78X,EGLL,KMSY,40:15:09.61,45:08:10.10,54.069568,-10.255793,39445.0,224276.96449801064,75
284413528,284413528,westbound,B789,LFPG,KIAD,40:19:43.29,45:11:05.99,53.445019,-12.962063,40780.0,196649.4526248536,85
284414060,284414060,westbound,A359,LFPG,KATL,40:21:06.84,45:11:22.09,53.412386,-13.106227,39163.0,233049.84144343744,81
284414544,284414544,westbound,B772,EGLL,KATL,40:21:32.56,45:25:48.20,53.839553,-9.381769,38384.0,234920.17989859666,89
284414903,284414903,westbound,B77W,EGLL,KDFW,40:23:04.04,44:57:35.03,54.174029,-9.227403,38426.0,293191.8003813848,68
284414864,284414864,westbound,B77W,EGLL,KJFK,40:23:40.04,45:29:03.01,53.703204,-10.337985,39725.0,273910.7649586673,90
284415451,284415451,westbound,B772,EGLL,KIAD,40:27:38.63,45:31:59.58,53.777007,-9.442222,38858.0,228275.03901373083,89
284412631,284412631,westbound,A388,LIMC,KJFK,40:28:49.35,45:22:46.15,53.42884,-12.832139,39521.0,455712.04071403964,87
284414330,284414330,westbound,A333,EDDF,CYYZ,40:32:23.05,45:35:11.87,55.862175,-8.189043,38698.0,192677.57332897608,85
284416709,284416709,westbound,B772,BIKF,KORD,40:38:00.00,43:43:41.15,64.071111,-27.194444,39016.0,223017.8,55
284415259,284415259,westbound,B772,EGLL,KEWR,40:38:30.44,45:41:35.39,53.925343,-9.35705,39044.0,225672.52623743934,89
284415869,284415869,westbound,B772,EGLL,KBWI,40:39:56.70,45:47:34.82,53.918085,-9.373777,38813.0,228999.0235053734,90
284415742,284415742,westbound,A35K,EGLL,KJFK,40:40:32.60,45:51:26.61,53.783106,-9.471981,38762.0,255505.81215004547,91
284415782,284415782,westbound,B77W,EGLL,KLAX,40:43:29.89,45:04:18.99,54.3069,-8.472546,37582.0,303597.10913537716,55
284414483,284414483,westbound,B789,EDDF,KIAD,40:46:19.33,45:53:03.74,55.301876,-8.01555,40620.0,198377.05681294992,90
284414781,284414781,westbound,B744,ETAR,KWRI,40:47:57.89,46:06:29.63,54.544658,-8.446115,38642.0,296444.7655912251,89
284415386,284415386,westbound,B788,EGLL,KPIT,40:48:00.05,45:47:30.47,54.818707,-8.451599,41825.0,178314.23221018378,88
284417423,284417423,westbound,B772,BIKF,KIAD,40:49:00.00,44:37:47.28,63.425555,-26.973056,39395.0,221221.3,68
284410452,284410452,westbound,B763,LGAV,KEWR,40:50:52.65,45:50:10.18,52.718691,-13.344104,40291.0,159318.85807736858,69
284417428,284417428,westbound,B752,BIKF,KDEN,40:54:00.00,43:44:06.91,64.068333,-27.200833,34020.0,98501.7,47
284416110,284416110,westbound,A332,LPPT,KJFK,40:57:35.85,46:27:01.61,41.424157,-13.920819,39606.0,196391.50304830595,90
284415016,284415016,westbound,B772,EDDF,KSFO,40:59:14.60,45:11:15.30,56.47465,-8.122418,37468.0,247624.9110065447,51
284415895,284415895,westbound,B77W,EGLL,KJFK,41:00:53.38,46:06:52.29,53.770441,-10.169802,39761.0,273499.2701413823,90
284416504,284416504,westbound,B772,EGLL,CYYZ,41:01:45.86,45:54:40.17,53.795624,-8.731484,38881.0,228040.42109849412,86
284416692,284416692,westbound,B772,GCTS,BIKF,41:03:12.31,44:48:04.87,34.333113,-16.187918,39904.0,213412.73637333518,67
284417277,284417277,westbound,B752,BIKF,KMCO,41:05:00.00,45:18:50.33,63.584722,-27.044722,34604.0,98305.1,72
284414684,284414684,westbound,A343,EDDF,KJFK,41:05:39.20,46:33:14.68,55.435533,-8.286763,37955.0,211416.45665795912,91
284417637,284417637,westbound,B772,BIKF,KBWI,41:06:00.00,45:00:37.50,64.069444,-27.196389,39427.0,220766.3,70
284414838,284414838,westbound,A346,EDDF,KORD,41:06:26.67,45:42:09.42,56.573331,-8.090516,38933.0,291247.9651789716,78
284417792,284417792,westbound,B763,BIKF,KJFK,41:08:00.00,45:24:27.32,64.074444,-27.1825,38944.0,151285.8,73
284416828,284416828,westbound,A333,LPPT,KIAD,41:09:13.96,46:42:24.09,41.553265,-13.068239,38093.0,196370.33995772197,94
284415930,284415930,westbound,A388,EGLL,KIAD,41:09:21.26,46:09:10.46,53.951283,-9.433534,39133.0,453155.04898202035,89
284415128,284415128,westbound,A359,EKCH,KIAD,41:10:54.45,45:58:51.21,59.991701,-7.960163,39524.0,229065.47755400525,85
284417500,284417500,westbound,B772,BIKF,KDTW,41:11:00.00,44:35:35.09,63.584722,-27.044722,39401.0,221133.8,61
284416122,284416122,westbound,B77W,EGLL,KLAX,41:11:05.36,45:17:23.04,56.271739,-8.919174,37756.0,302479.1538537793,52
284417852,284417852,westbound,B772,BIKF,CYYZ,41:13:00.00,44:40:01.79,64.075555,-27.196667,39576.0,218715.8,62
284413886,284413886,westbound,B788,EPWA,KORD,41:14:53.67,45:30:51.67,60.069557,-8.843146,41707.0,175049.6347520282,67
284417485,284417485,westbound,B772,BIKF,KPIT,41:15:00.00,44:53:42.24,63.432222,-26.966389,39399.0,221160.3,65
284417056,284417056,westbound,A333,LPPT,KBOS,41:19:06.41,46:49:48.36,41.755884,-12.932444,38094.0,196377.12319012303,92
284414424,284414424,westbound,B772,EPWA,KJFK,41:21:22.53,46:29:29.98,59.255348,-7.834302,39035.0,224389.3977936175,88
284417809,284417809,westbound,B752,BIKF,KEWR,41:22:00.00,45:19:58.73,64.058056,-27.231667,37944.0,92058.5,68
284417862,284417862,westbound,A333,LPPR,KEWR,41:22:44.94,46:59:53.69,42.299537,-11.701218,37984.0,197093.41359663164,95
284414651,284414651,westbound,B789,LOWW,KJFK,41:23:51.21,46:33:58.19,55.777592,-8.294463,40807.0,194356.6046233183,89
284416950,284416950,westbound,A332,LEBL,KBOS,41:26:13.55,47:17:58.95,44.883449,-6.680772,39533.0,197942.37102468783,99
284417381,284417381,westbound,B789,EGLL,CYYZ,41:32:19.03,46:24:04.34,53.904207,-8.6159,40727.0,198851.38426352097,86
284417086,284417086,westbound,B789,EGLL,CYYZ,41:32:24.20,46:17:12.18,53.696257,-10.472949,40794.0,197576.8946609109,84
284415793,284415793,westbound,A333,GMMX,BIKF,41:34:15.04,44:21:49.20,44.020575,-11.175866,39291.0,186511.8683843486,48
284417594,284417594,westbound,A333,LPPT,KEWR,41:35:08.74,47:08:08.42,41.719324,-12.789652,38094.0,196376.1903878596,94
284417058,284417058,westbound,A332,LEBL,KJFK,41:38:13.92,47:37:44.28,45.188361,-6.875776,39348.0,199867.7118949236,98
284415499,284415499,westbound,A333,LSZH,KBOS,41:41:14.36,46:52:16.52,53.634228,-11.610576,38921.0,191405.60219159414,85
284414241,284414241,westbound,B788,EPWA,CYYZ,41:42:10.17,46:17:06.36,59.380488,-8.116592,41975.0,172443.8453951009,77
284416971,284416971,westbound,A35K,EGLL,KLAS,41:42:51.19,45:49:27.52,56.129066,-9.108554,37224.0,276768.4250264341,54
284417636,284417636,westbound,B763,EGLL,KEWR,41:44:08.78,47:05:23.44,53.901758,-8.446436,40024.0,157581.76962056462,90
284416744,284416744,westbound,A359,LFPG,KBOS,41:44:18.67,46:37:07.25,53.361792,-13.055746,40087.0,222607.51382297842,84
284415751,284415751,westbound,A333,LSZH,KEWR,41:46:02.05,46:53:34.37,53.782049,-11.344025,38920.0,191417.56281277674,86
284415465,284415465,westbound,B789,EPWA,KEWR,41:52:55.31,46:54:15.56,58.52405,-7.829874,40801.0,194212.27609690893,86
284417414,284417414,westbound,B788,GMMN,CYUL,41:55:31.49,47:23:27.82,37.455516,-13.578053,41991.0,176371.56478631415,95
284417188,284417188,westbound,B772,LEAL,BIKF,41:57:08.70,44:13:23.67,47.861824,-7.304758,40592.0,202964.10739118516,39
284418102,284418102,westbound,A339,EGLL,KBOS,41:59:25.61,47:17:05.69,54.029128,-9.504591,39779.0,202219.0547456152,89
284417919,284417919,westbound,B77W,EGLL,KJFK,42:00:53.68,47:06:18.50,53.751999,-10.193617,39745.0,273882.0858491244,90
284417304,284417304,westbound,A333,EHAM,KMSP,42:04:15.24,46:41:42.63,56.565989,-7.842629,38458.0,194198.98110674505,77
284416999,284416999,eastbound,B772,KBOS,BIKF,42:09:37.51,44:43:43.18,53.190552,-57.055134,40352.0,205259.2865788995,47
284417425,284417425,westbound,A359,LFPO,KEWR,42:17:27.47,47:06:22.89,53.376363,-13.128532,39892.0,224787.27964185536,85
284418569,284418569,westbound,A359,LFPG,KLAX,42:31:57.64,46:54:29.41,54.543181,-8.246081,37771.0,248122.72055027986,53
284419050,284419050,westbound,A339,EGLL,KJFK,42:33:15.62,47:49:04.04,53.956695,-10.221759,39629.0,203881.90754703194,90
284419452,284419452,westbound,B772,EGLL,KJFK,42:36:44.45,47:42:22.57,53.925032,-10.114405,39029.0,225858.46811006498,90
284418685,284418685,westbound,B77L,EDDF,KJFK,42:44:07.31,47:55:10.06,55.180369,-8.265179,42198.0,243608.19253447987,92
284418106,284418106,westbound,B789,EGLL,KBOS,42:51:06.07,47:54:28.97,53.916923,-10.308732,41016.0,195231.3186239563,88
284414397,284414397,westbound,B77W,LGAV,KEWR,42:51:28.78,47:33:39.63,52.807895,-13.775228,39915.0,272794.8744442793,68
284418841,284418841,westbound,B748,EDDK,KSDF,42:53:03.52,47:36:45.78,55.112293,-8.168267,36711.0,386274.1490950064,79
284419592,284419592,westbound,A333,GCTS,BIKF,42:55:47.48,46:50:05.20,34.680502,-15.978895,38712.0,191132.5778900294,66
284411096,284411096,eastbound,B77L,KLAX,EGNX,43:04:19.42,47:16:25.72,58.033375,-61.612877,42558.0,232233.24496627363,61
284419974,284419974,westbound,B77L,EBBR,KORD,43:17:16.03,47:59:22.09,54.836907,-7.877317,41783.0,250069.57276460298,81
284417828,284417828,westbound,B789,LIRF,KJFK,43:18:35.41,48:52:27.57,49.186614,-6.208197,40688.0,196909.83710044666,93
284420351,284420351,westbound,B772,EGLL,KJFK,43:34:43.71,48:43:29.23,53.83474,-9.477009,39055.0,225474.18805720742,91
284420552,284420552,westbound,B77L,LFPG,KORD,43:39:33.14,48:24:42.34,54.048751,-8.037222,41731.0,250966.6715542502,84
284422063,284422063,westbound,B772,BIKF,CYYZ,43:52:00.00,47:18:25.58,63.584722,-27.044722,39182.0,218715.8,62
284420146,284420146,westbound,A359,LFPG,KJFK,43:55:41.62,48:48:26.27,53.193404,-13.229083,39904.0,224646.22018242217,86
284421165,284421165,westbound,B789,EGLL,KJFK,43:56:20.47,49:00:11.09,53.968841,-10.326483,40862.0,196981.47573241577,90
284420216,284420216,westbound,B77L,EDDF,KMEM,43:56:48.72,48:40:49.45,56.010525,-8.301749,41419.0,255405.090993249,71
284421080,284421080,westbound,B772,EGLL,KBOS,43:58:59.42,49:02:30.36,53.826006,-10.23337,39246.0,222726.547514977,88
284422149,284422149,westbound,B772,BIKF,KJFK,44:00:00.00,48:01:36.16,63.431944,-26.973333,39521.0,218655.2,72
284420451,284420451,westbound,B77L,LFPG,KMEM,44:01:31.60,48:47:21.85,54.384693,-8.923057,41463.0,254821.3860661504,74
284419629,284419629,westbound,B77L,LIMC,KMEM,44:07:21.04,48:45:37.52,53.76875,-11.343279,41501.0,254249.42746543576,67
284421672,284421672,eastbound,A333,KJFK,LGAV,44:14:14.40,50:49:34.28,41.37708,-68.151795,37705.0,196200.89300165893,87
284420687,284420687,westbound,B77L,EDDK,KMEM,44:20:02.09,48:59:54.05,56.423249,-8.575394,41431.0,254887.55641076944,71
284422086,284422086,westbound,B77L,EGSS,KMEM,44:32:41.07,49:19:10.27,55.412875,-8.887537,41458.0,254913.1589049865,78
284422450,284422450,westbound,A333,LPPR,BIKF,44:34:28.09,47:26:22.68,43.71606,-8.934241,39310.0,184562.74695334685,48
284421909,284421909,westbound,B763,EGSS,KSDF,44:36:11.53,49:38:50.19,55.267209,-8.028752,39429.0,162467.24622338454,84
284421681,284421681,westbound,B744,EBLG,KJFK,44:36:53.18,49:47:30.30,54.759865,-8.041197,38699.0,294797.47506111575,92
284422528,284422528,westbound,B763,EGNX,KCVG,44:38:53.97,49:42:31.77,55.377895,-8.135496,39508.0,161575.70784001224,85
284421575,284421575,eastbound,A343,KJFK,EDDF,44:44:03.00,51:09:04.13,42.469722,-63.934889,36652.0,213301.27383066004,106
284421273,284421273,westbound,B748,EDDK,KSDF,44:49:18.66,49:25:49.13,56.58466,-8.658717,36749.0,385700.84119187953,77
284421498,284421498,westbound,B77L,EDDF,MMSM,44:58:48.54,49:58:30.25,55.887757,-8.598084,40310.0,270966.0336668162,59
284422087,284422087,eastbound,A339,KBOS,LGAV,45:07:51.42,50:36:31.21,43.724402,-57.781509,36631.0,215458.57793809692,76
284422739,284422739,eastbound,A339,KBOS,LIRF,45:14:09.97,51:12:50.45,43.046411,-61.319187,36839.0,209942.55437255924,97
284421020,284421020,westbound,B744,ELLX,TJSJ,45:22:47.48,50:05:12.12,41.752706,-14.344673,38446.0,301758.91851936845,74
284422505,284422505,westbound,B77L,EDDP,KCVG,45:25:55.68,50:06:57.73,57.852585,-8.268,41667.0,250785.99816646354,79
284422529,284422529,westbound,B789,EHAM,MMMX,45:30:50.82,50:24:07.79,56.564651,-8.848763,39131.0,216242.13579132594,60
284423497,284423497,westbound,B77L,EGNX,KCVG,45:49:11.24,50:39:11.25,55.28867,-8.288496,41802.0,249833.61622151706,86
284423118,284423118,westbound,B77L,EGSS,KIND,45:53:09.92,50:37:48.30,55.358076,-8.40742,41728.0,250217.02659829822,84
284423524,284423524,westbound,B772,LPPT,BIKF,46:11:25.55,48:47:08.74,44.065641,-12.029327,40431.0,205316.3971031114,47
284421330,284421330,eastbound,B764,KEWR,LGAV,46:12:19.95,51:08:44.70,45.247865,-51.9453,33448.0,179656.9502544499,67
284423605,284423605,westbound,B789,EGLL,MMMX,46:14:57.64,51:15:19.45,53.975139,-8.947523,39087.0,217525.76634914067,64
284423208,284423208,westbound,A333,LEAL,BIKF,46:41:35.31,49:00:15.48,48.431985,-7.328362,39566.0,183736.43850570606,39
284421963,284421963,eastbound,B789,CYYZ,LIMC,46:43:39.87,51:28:02.98,48.480309,-53.002206,40892.0,191614.91755939845,83
284423476,284423476,westbound,B788,LIRF,MMMX,47:11:31.96,52:41:26.16,49.153354,-6.784488,40161.0,193035.65935501282,61
284423980,284423980,westbound,A359,LEMD,MMMX,47:17:24.91,52:37:42.51,40.381692,-13.719984,37729.0,248166.32879782334,68
284424570,284424570,westbound,A332,LIRF,KJFK,49:33:15.86,55:12:10.27,49.603205,-6.156297,39495.0,200895.40301975125,93
