identifier,base_fid,direction,actype,origin,destination,spawn_time,del_time,spawn_lat,spawn_lon,spawn_alt_ft,spawn_mass_kg,n_waypoints
283814692,283814692,eastbound,MD11,KPOB,EDFH,19:29:11.80,24:23:53.52,46.982991,-51.906164,35187.0,248958.07611809802,88
283818295,283818295,eastbound,A332,KJFK,LROP,20:29:20.51,25:26:51.69,46.929514,-52.412886,38020.0,205075.5840382009,76
283818286,283818286,eastbound,A332,KJFK,LYBE,20:38:24.90,25:38:09.46,46.94599,-51.898126,38120.0,202332.59872668664,81
283818905,283818905,eastbound,B763,CYYZ,LEZG,20:43:33.84,25:27:04.45,46.544977,-52.23429,36413.0,153948.08338833568,85
283822001,283822001,westbound,A333,LPPT,BIKF,21:06:08.69,23:54:31.46,43.811442,-9.657426,39262.0,185395.20918372253,49
283818366,283818366,eastbound,A339,KATL,LGAV,21:36:07.03,26:39:58.50,46.319595,-53.10717,37870.0,212945.51806912632,63
283821933,283821933,westbound,A333,LEMD,BIKF,21:39:16.26,23:52:55.62,48.825069,-7.481964,39625.0,182895.66729867147,38
283822330,283822330,westbound,B788,EGLL,SKBO,21:41:59.24,27:41:34.87,50.596916,-6.203356,40353.0,194273.17883393998,82
283822061,283822061,eastbound,B772,MDPC,EGKK,21:51:44.94,28:20:03.77,26.477938,-60.927768,38462.0,231734.80675003032,110
283820588,283820588,eastbound,B764,KEWR,LGAV,21:51:46.43,26:45:43.45,47.223373,-52.791417,35090.0,179667.6746521821,70
283820733,283820733,eastbound,A333,KJFK,LGAV,21:53:58.90,26:54:45.05,45.620972,-51.97132,38177.0,190216.157220068,70
283820117,283820117,eastbound,B748,KSDF,EDDK,21:59:39.02,26:36:18.55,48.282623,-52.100184,36445.0,370273.934528353,86
283820481,283820481,eastbound,B744,KSDF,EDDK,22:11:19.04,26:50:13.17,48.334172,-52.026204,36597.0,291087.8445535093,88
283821082,283821082,eastbound,A346,KJFK,EDDF,22:12:08.00,27:02:44.25,48.145732,-52.045038,36988.0,280467.94261767715,91
283821796,283821796,eastbound,A339,KBOS,LIRF,22:13:11.73,27:08:11.23,46.11446,-51.850322,38119.0,206446.7211233857,85
283822669,283822669,westbound,B788,EGLL,MMMX,22:14:14.50,26:36:06.45,55.306542,-8.96878,40281.0,194090.85230923942,54
283821485,283821485,eastbound,B763,KEWR,LIRN,22:15:08.14,27:11:15.15,47.033118,-52.596716,36746.0,160768.08241500056,83
283821561,283821561,eastbound,A333,KMCO,EGLL,22:23:34.38,28:38:06.18,41.093488,-67.914857,38529.0,189881.69124203708,98
283817114,283817114,eastbound,B748,KIAH,EDFH,22:37:00.12,27:15:05.90,48.292818,-52.113592,36356.0,373886.3071120783,74
283822054,283822054,eastbound,A339,KBOS,EHAM,22:40:20.78,27:22:25.67,48.377248,-52.486858,37202.0,200023.68352411955,86
283821465,283821465,eastbound,A339,KJFK,EDDF,22:44:14.34,27:44:11.06,47.915476,-51.921185,37777.0,202666.46689593542,90
283821417,283821417,eastbound,A343,KDTW,EDDF,22:45:04.75,27:44:59.34,48.43019,-52.32367,35960.0,209640.40841825044,89
283821878,283821878,eastbound,B77W,KJFK,LFPG,22:45:43.77,27:16:44.83,47.024908,-52.300955,37843.0,266006.7653202552,86
283821613,283821613,eastbound,A333,KJFK,LSZH,22:45:45.60,27:49:06.30,46.831273,-52.197971,38075.0,190055.20511320778,89
283821564,283821564,eastbound,A332,CYUL,DAAG,22:47:56.71,27:21:32.26,46.579005,-52.29387,37031.0,196897.15754195867,82
283821908,283821908,eastbound,A332,CYUL,DTTA,22:49:19.79,27:33:20.79,46.950654,-52.326587,36795.0,200175.08367717316,80
283820935,283820935,eastbound,A333,KRDU,EDDF,22:50:57.33,27:55:01.78,47.767864,-52.012974,38172.0,186975.7919841194,87
283822343,283822343,eastbound,A332,KBOS,LIRF,22:53:25.40,27:41:18.10,45.97963,-52.05899,38104.0,199219.4561903171,85
283821936,283821936,eastbound,B77W,KMIA,LFPG,22:53:32.74,29:02:22.95,40.297362,-67.687883,38355.0,279082.5278890363,98
283822273,283822273,eastbound,B789,CYUL,LFPG,22:59:55.81,27:27:34.95,48.794536,-52.164389,36832.0,188156.72107648687,85
283822142,283822142,eastbound,B772,KJFK,LIRF,23:00:20.78,27:43:01.29,46.922203,-52.216186,37713.0,225068.18560969233,83
283821854,283821854,eastbound,A333,CYYZ,EDDF,23:03:05.63,28:08:25.74,48.841326,-52.197057,36596.0,188675.83596154646,92
283822098,283822098,eastbound,A333,CYYZ,EHAM,23:03:31.19,27:48:30.02,48.768603,-52.930905,36411.0,188951.9483082359,86
283822184,283822184,eastbound,A333,KJFK,EIDW,23:03:40.04,26:55:34.46,48.44884,-52.505092,37587.0,189791.65201668654,72
283822256,283822256,eastbound,B789,KJFK,LIMC,23:05:35.57,27:52:17.43,47.446585,-52.466392,38069.0,192159.51245991891,90
283822904,283822904,westbound,B744,EBLG,KJFK,23:05:53.49,28:13:17.12,54.159516,-8.351413,38685.0,294796.21704099246,92
283821991,283821991,eastbound,A333,CYUL,LSZH,23:10:58.87,28:08:50.59,47.946501,-51.810637,36684.0,190813.90897105672,88
283822640,283822640,eastbound,A333,KBOS,EIDW,23:17:02.96,27:05:45.01,48.614127,-52.01734,37295.0,191076.11859370212,70
283820639,283820639,eastbound,A339,KATL,EHAM,23:18:11.98,27:57:29.51,48.439222,-52.104348,38219.0,202865.02077749182,81
283822322,283822322,eastbound,B764,KEWR,EDDB,23:20:16.83,28:26:23.98,48.331331,-51.944354,34999.0,173699.96856136018,91
283821310,283821310,eastbound,B78X,KORD,EDDF,23:21:59.97,28:06:34.87,48.803094,-51.905469,35902.0,214387.35496775946,84
283822244,283822244,eastbound,A388,KMIA,EGLL,23:22:20.63,29:12:42.76,40.276031,-67.734961,38521.0,464688.3033029854,97
283822293,283822293,eastbound,B764,KEWR,EDDM,23:24:41.54,28:27:46.41,48.221343,-52.506626,34959.0,174372.3997302243,91
283820627,283820627,eastbound,B744,KCHS,EDFH,23:25:23.04,28:11:54.59,47.43066,-52.670063,37820.0,291671.93259222247,85
283822454,283822454,eastbound,B772,KEWR,LIRF,23:25:59.55,28:07:24.20,46.909817,-52.629883,37783.0,225390.19754675834,83
283823077,283823077,westbound,B77L,EBLG,KORD,23:26:26.39,28:04:16.30,54.666099,-7.834334,41772.0,250170.90955222942,79
283822485,283822485,eastbound,A333,KEWR,EKCH,23:28:07.66,28:37:44.23,51.282501,-55.030561,38803.0,190034.86687436484,93
283822380,283822380,eastbound,A333,CYYZ,EKCH,23:30:11.80,28:40:57.75,53.826695,-58.000294,38901.0,189761.78337714885,91
283822720,283822720,eastbound,A333,KBOS,EKCH,23:31:03.65,28:40:38.70,48.48586,-52.453499,37476.0,191376.51942740896,90
283822574,283822574,eastbound,B763,KEWR,LSGG,23:32:01.05,28:25:35.16,46.925458,-52.041174,37703.0,155354.43988799554,88
283822477,283822477,westbound,B789,LIRF,MMMX,23:32:04.57,29:10:41.17,44.882059,-8.965824,38995.0,215747.07941160878,59
283822811,283822811,eastbound,B77W,CYUL,LFPG,23:32:55.62,27:59:22.00,48.839847,-52.099093,35398.0,264512.1582072254,85
283822490,283822490,eastbound,A339,KJFK,LIRF,23:32:58.37,28:30:40.97,46.419767,-52.488158,38161.0,207318.69819007954,83
283823268,283823268,eastbound,B772,TXKF,EGLL,23:33:01.69,29:16:42.87,35.449808,-61.051734,38950.0,226945.24941590236,102
283822535,283822535,eastbound,B772,KEWR,LFPG,23:35:56.06,28:06:22.49,48.080352,-52.233026,37331.0,216512.2114853482,87
283822769,283822769,eastbound,B772,CYOW,LFPG,23:36:53.57,28:05:15.63,48.868568,-52.279631,35214.0,215796.79719107685,85
283822581,283822581,eastbound,B772,KEWR,LIMC,23:37:17.76,28:18:07.71,46.883666,-52.422348,37844.0,221781.33562453205,88
283822622,283822622,eastbound,A359,KJFK,EDDM,23:37:25.16,28:29:38.10,48.040924,-52.11511,37966.0,225997.44355344266,91
283822597,283822597,eastbound,A332,CYYZ,EIDW,23:37:41.90,27:21:42.57,49.568043,-53.062849,37232.0,188132.47221499437,71
283822596,283822596,eastbound,B763,KEWR,EGLL,23:42:51.83,28:03:36.96,48.501837,-52.365828,37415.0,151527.51849089196,81
283822812,283822812,eastbound,A343,KBOS,EDDF,23:44:51.10,28:48:34.99,47.912401,-52.24206,37044.0,207727.3531897864,90
283821101,283821101,eastbound,A333,KATL,LFPG,23:46:16.31,28:33:09.16,47.359922,-52.226942,38336.0,184562.2845126837,82
283821687,283821687,eastbound,B748,KSDF,EDDK,23:46:38.46,28:21:20.44,48.639762,-52.021582,36351.0,370372.44918440323,86
283821958,283821958,eastbound,B78X,KORD,LIRF,23:48:58.85,28:27:38.01,48.216583,-52.510452,36015.0,214543.1418372541,72
283822403,283822403,eastbound,B788,KIAD,LGAV,23:49:28.40,28:30:15.72,46.726823,-52.455597,38656.0,177676.42541272144,68
283822653,283822653,eastbound,B789,KJFK,LFPG,23:49:56.21,28:23:33.85,46.847858,-52.296455,38343.0,188633.27973273207,86
283822724,283822724,eastbound,B772,KEWR,LOWW,23:50:53.52,28:40:10.48,48.491183,-52.448522,37177.0,224061.6020669992,87
283822590,283822590,eastbound,A333,KIAD,EHAM,23:53:51.78,28:40:11.91,48.088051,-52.637333,38036.0,188479.9864531167,87
283822378,283822378,eastbound,B764,KIAD,LIRF,23:54:14.15,28:48:18.35,47.831623,-52.454587,34571.0,177702.3306433407,80
283822243,283822243,eastbound,A339,CYYZ,LIRF,23:54:31.98,28:48:51.22,47.961112,-52.578812,36400.0,207344.53383269423,81
283822422,283822422,eastbound,A333,KJFK,ENGM,23:55:12.04,28:42:17.10,52.268203,-55.157399,38820.0,189984.79038862634,86
283822687,283822687,eastbound,B772,KEWR,LFPG,23:56:05.35,28:25:11.85,48.109855,-51.971207,37306.0,216489.57169416494,86
283822869,283822869,eastbound,B772,KEWR,EGLL,23:58:11.16,28:05:12.04,47.954367,-51.839917,37538.0,214418.46162944834,79
283822086,283822086,eastbound,B789,MKJS,EGKK,23:58:27.95,29:37:36.14,38.096906,-62.454445,40705.0,192374.68054320716,87
283821696,283821696,eastbound,B772,KCLT,EDDM,23:58:38.22,28:44:49.08,48.126183,-52.031958,37963.0,220828.1613376732,81
283822926,283822926,eastbound,B789,CYUL,EDDF,23:59:50.60,28:44:18.59,49.19995,-53.145526,36645.0,190684.93457968978,89
283823180,283823180,westbound,B77L,EKCH,KORD,24:01:27.44,28:14:55.20,60.736581,-7.762404,41882.0,248302.88861125254,71
283822785,283822785,eastbound,B772,KEWR,EHAM,24:02:18.62,28:32:27.02,48.563456,-52.867112,37270.0,216999.08482192786,86
283822734,283822734,eastbound,A332,KJFK,LIRF,24:02:39.02,28:49:55.56,46.442564,-52.006675,38136.0,199873.31351506163,82
283822083,283822083,eastbound,A333,KORD,EIDW,24:03:52.73,27:58:00.78,49.065248,-53.510942,36732.0,185923.0969323837,72
283822053,283822053,eastbound,B763,KORD,LSZH,24:07:05.87,29:05:09.74,48.340187,-52.478284,35966.0,155953.8611540289,82
283823018,283823018,eastbound,A333,CYUL,LEBL,24:09:11.21,28:59:38.72,47.083835,-52.318305,37146.0,191049.09852019566,85
283822934,283822934,eastbound,B763,KEWR,LSZH,24:09:18.60,29:05:28.76,47.883889,-52.403236,37241.0,155770.20156467668,90
283821470,283821470,eastbound,A333,KATL,EDDF,24:10:44.33,29:12:46.02,48.161259,-52.360254,38199.0,184582.22061721154,81
283823156,283823156,eastbound,A333,KBOS,EINN,24:10:45.64,27:52:32.57,48.628947,-52.035005,37292.0,191093.3338569267,68
283822923,283822923,eastbound,A333,KBDL,EIDW,24:11:20.16,28:01:20.08,48.589902,-52.269601,37484.0,190588.55765226737,71
283822578,283822578,eastbound,B763,KIAD,LOWW,24:11:52.55,29:14:37.77,48.229494,-52.027754,37524.0,158815.61183773534,83
283822175,283822175,eastbound,A359,KMSP,EHAM,24:12:52.30,28:46:42.75,52.962009,-56.859523,40104.0,223609.41407499884,82
283822513,283822513,eastbound,A333,KIAD,EIDW,24:12:57.81,28:06:48.17,48.583155,-53.083404,38022.0,188534.31091213858,73
283822616,283822616,eastbound,A333,KEWR,EIDW,24:14:36.73,28:05:49.05,48.630197,-52.643861,37698.0,189872.15110629113,72
283822689,283822689,eastbound,B763,KIAD,EHAM,24:15:57.69,28:54:25.78,48.690124,-52.247836,37649.0,153632.72204192597,86
283822895,283822895,eastbound,B764,KJFK,LFMN,24:16:23.80,29:07:24.29,47.044694,-51.918896,35036.0,173917.92059111537,86
283822815,283822815,eastbound,B77W,CYYZ,EDDM,24:16:53.35,28:59:48.80,49.173382,-52.249164,35317.0,270943.95933233056,90
283821876,283821876,eastbound,B772,KATL,LFPG,24:17:28.26,28:47:11.71,47.90703,-52.547928,37804.0,215340.24356504672,82
283822661,283822661,eastbound,A333,KEWR,ESSA,24:17:35.75,29:34:04.85,52.427499,-55.667266,38827.0,189963.9923643795,94
283822684,283822684,eastbound,B77W,KIAD,EBBR,24:19:08.51,28:50:03.12,48.085908,-52.170855,37660.0,266410.24586995173,88
283820966,283820966,eastbound,B772,KDFW,LIRF,24:20:06.42,28:58:57.77,47.861452,-52.846193,37026.0,222013.20136149772,63
283822677,283822677,eastbound,B763,KIAD,LSZH,24:20:25.71,29:15:25.49,47.715959,-52.126551,37643.0,156378.46328769487,88
283822984,283822984,eastbound,B77W,KJFK,EGLL,24:24:57.31,28:33:17.06,48.208429,-52.454069,37447.0,263032.4471558286,80
283822502,283822502,eastbound,B78X,KORD,EHAM,24:25:41.95,28:51:18.45,49.311226,-52.544706,35704.0,214646.68062827617,85
283822957,283822957,eastbound,A333,KJFK,EBBR,24:25:44.10,29:15:04.85,48.05604,-52.473915,37753.0,189798.0246237614,88
283823153,283823153,eastbound,B763,CYUL,LOWW,24:27:18.23,29:28:55.37,48.779277,-52.401898,35816.0,157708.32760210475,90
283822997,283822997,eastbound,B763,KEWR,EGLL,24:28:27.14,28:48:25.17,48.514858,-52.20927,37394.0,151551.6481648818,81
283822294,283822294,eastbound,B748,KORD,EDDF,24:29:51.31,29:08:51.45,48.763379,-52.427228,35936.0,370503.93516838475,84
283822697,283822697,eastbound,B788,KIAD,EDDM,24:30:08.34,29:17:50.85,48.671576,-52.074241,39188.0,168972.65066222634,87
283822897,283822897,eastbound,B772,KIAD,LFPG,24:32:40.97,29:01:45.90,47.976074,-51.936631,37800.0,216411.0911116579,87
283822791,283822791,eastbound,B772,KJFK,LFPG,24:34:50.28,29:01:49.12,48.139961,-52.015926,37298.0,216235.73200906388,85
283823023,283823023,eastbound,B789,KJFK,EGKK,24:35:53.57,28:50:01.79,47.755667,-52.507168,38195.0,186929.1494006211,79
283823047,283823047,eastbound,B78X,KEWR,EBBR,24:36:32.14,29:06:26.59,48.425789,-52.170718,37110.0,218736.07369195877,86
283822346,283822346,eastbound,B748,KJFK,ELLX,24:36:49.72,29:15:20.69,47.772107,-52.018846,36975.0,368146.3110663214,89
283821762,283821762,eastbound,A359,KDTW,EHAM,24:37:32.86,29:12:25.24,49.134659,-53.434332,36623.0,222380.95818886298,88
283823266,283823266,eastbound,A333,CYUL,EBBR,24:38:10.01,29:25:24.63,48.792416,-52.564519,36024.0,191044.60047258242,86
283823021,283823021,eastbound,B77W,CYYZ,EGLL,24:39:05.55,28:45:14.50,49.503376,-52.539997,35296.0,262593.08668929635,80
283822936,283822936,eastbound,B772,CYYZ,EGLL,24:39:50.35,28:45:38.13,49.108708,-52.321591,35700.0,213189.269082521,80
283823094,283823094,eastbound,A333,KBOS,EGLL,24:42:18.21,29:07:25.48,47.787836,-52.551409,37611.0,191503.78186073247,79
283823238,283823238,eastbound,A332,CYUL,EHAM,24:44:18.95,29:21:14.80,49.210488,-53.339008,36258.0,192035.04657502242,85
283823133,283823133,eastbound,B77W,KJFK,LFPG,24:44:47.70,29:15:37.90,47.198397,-52.355423,37693.0,265975.7931542091,86
283822907,283822907,eastbound,A35K,KJFK,EGLL,24:45:26.87,29:00:19.15,48.163954,-52.472498,37781.0,250090.49195222292,80
283823059,283823059,eastbound,B764,KEWR,LIPZ,24:45:42.04,29:42:48.74,48.471602,-51.930042,34389.0,175293.50271480228,87
283823115,283823115,eastbound,B77W,KJFK,EGLL,24:45:55.16,28:53:46.04,48.341523,-52.274941,37446.0,262904.9420372819,80
283823259,283823259,eastbound,A333,KEWR,ENGM,24:46:05.37,29:34:20.59,52.201505,-55.240121,38821.0,189930.48758552628,87
283823310,283823310,eastbound,A339,KBOS,EGLL,24:47:21.59,29:11:27.28,47.519588,-52.383127,37793.0,198115.4516893009,80
283822999,283822999,eastbound,A333,KJFK,EHAM,24:47:57.50,29:32:40.08,48.47238,-52.489622,37767.0,189785.23917245716,85
283822899,283822899,eastbound,B77W,TNCC,EHAM,24:48:22.33,30:55:19.63,26.586447,-51.304249,39305.0,279273.302961784,93
283821586,283821586,eastbound,B77W,KDFW,EGLL,24:48:37.08,28:58:06.09,48.867621,-52.71677,37813.0,263432.3832429527,71
283822029,283822029,eastbound,A333,KMSP,LFPG,24:49:01.09,29:31:34.35,48.240976,-52.06179,37479.0,184354.88794125884,80
283822802,283822802,eastbound,A333,KDTW,LFPG,24:49:24.00,29:32:07.75,48.22148,-52.150408,36993.0,187147.84960731582,87
283822806,283822806,eastbound,A333,KIAD,EGLL,24:49:28.13,29:12:37.65,47.886192,-52.104981,38055.0,188263.93511552885,81
283823095,283823095,eastbound,A333,KJFK,EINN,24:50:53.41,28:34:43.17,48.723383,-52.852225,37701.0,189845.73889455103,70
283822520,283822520,eastbound,B763,KIAD,LSGG,24:51:19.25,29:46:01.71,47.42397,-51.879149,37735.0,155679.89752059715,89
283823225,283823225,eastbound,B77W,KJFK,EGLL,24:52:14.61,29:00:44.21,48.331486,-52.405584,37381.0,263382.6666479851,80
283822981,283822981,eastbound,B744,KIAD,EDDF,24:52:57.18,29:36:35.34,48.377536,-52.035446,37582.0,289965.262471643,91
283823164,283823164,eastbound,A35K,KPHL,EGLL,24:54:01.38,29:06:43.56,48.217119,-52.054456,37891.0,250472.92675724335,80
283822531,283822531,eastbound,B789,KORD,LOWW,24:54:32.47,29:40:45.06,49.828525,-53.444033,36990.0,189817.00282153703,76
283823190,283823190,eastbound,A332,KJFK,EDDF,24:56:27.01,29:53:22.31,48.237087,-52.315602,37755.0,195329.2183307949,91
283822871,283822871,eastbound,B77W,KIAD,EGLL,24:58:28.07,29:03:30.38,48.440472,-51.805661,37698.0,262733.5366801452,80
283823169,283823169,eastbound,A333,CYUL,EDDF,25:02:18.30,30:05:19.44,49.516412,-52.924039,35855.0,191010.83602326634,88
283823267,283823267,eastbound,B764,KJFK,LIPZ,25:05:28.00,30:02:13.37,47.744792,-51.985408,34558.0,175572.66082056283,86
283823338,283823338,eastbound,B772,CYUL,LFPG,25:05:33.63,29:31:03.88,48.427679,-51.803307,36165.0,216003.6103158983,84
283823302,283823302,eastbound,A333,KEWR,LFPO,25:06:44.67,29:52:30.47,47.717904,-52.414169,37911.0,189987.41021004066,87
283822588,283822588,eastbound,B763,KORD,EGLL,25:07:09.07,29:27:29.12,49.391909,-52.995997,35846.0,151566.63696175723,81
283823385,283823385,eastbound,A333,KBOS,BIKF,25:07:11.69,27:50:11.26,52.176767,-55.56686,39162.0,186514.27177206395,49
283823049,283823049,eastbound,B744,CYYZ,EDDF,25:08:50.76,29:49:01.10,48.938506,-52.567602,35476.0,289381.6228712988,88
283823179,283823179,eastbound,B789,CYYZ,LGAV,25:08:56.87,29:48:51.48,48.497317,-52.238179,36516.0,199323.75094684982,70
283821815,283821815,eastbound,B78X,KIAH,EGLL,25:10:26.04,29:16:14.18,48.647437,-52.089315,37464.0,209009.8960850565,70
283823271,283823271,eastbound,A333,KJFK,EKCH,25:12:30.94,30:21:33.86,50.425413,-54.260409,38464.0,190149.49480797397,93
283823116,283823116,eastbound,B772,KIAD,EGLL,25:14:35.09,29:23:51.52,48.569791,-52.116452,37816.0,213909.6216092432,81
283822478,283822478,eastbound,B77W,KIAD,EDDF,25:15:10.16,29:55:41.16,48.393372,-51.835269,37607.0,268509.8091144543,89
283823205,283823205,eastbound,B763,KJFK,EGPH,25:15:20.56,29:21:28.96,48.459121,-52.197705,37667.0,149593.81394436298,77
283822364,283822364,eastbound,B772,KMCO,EGKK,25:16:13.37,29:24:24.65,48.252546,-51.950889,38262.0,211868.52300164057,75
283823104,283823104,eastbound,B77W,KIAD,LFPG,25:16:43.27,29:43:32.10,48.057925,-52.097475,37662.0,265523.3543178497,87
283822929,283822929,eastbound,B772,KRDU,EGLL,25:17:28.62,29:28:05.36,48.354267,-52.858284,38034.0,214118.69254363526,82
283823039,283823039,eastbound,B772,KRDU,LFPG,25:19:05.52,29:45:52.09,48.092257,-52.09722,37994.0,215858.1436180173,87
283822592,283822592,eastbound,B764,KATL,EGLL,25:21:45.45,29:38:30.30,48.661457,-51.982632,35178.0,170371.13482671106,78
283823372,283823372,eastbound,B772,KJFK,LIMC,25:21:57.58,29:59:53.18,46.649784,-51.814986,37925.0,221323.35167216466,87
283821872,283821872,eastbound,B772,KIAH,EHAM,25:22:01.33,29:46:45.25,48.960577,-52.062821,37587.0,213757.39932642016,72
283823399,283823399,eastbound,A339,KBOS,LFPG,25:23:09.71,30:07:09.19,47.602705,-52.315118,37713.0,200000.82337161075,86
283823370,283823370,eastbound,B77W,CYUL,LIRF,25:24:03.67,30:00:44.80,48.646527,-52.139624,35307.0,274245.3521428839,86
283827742,283827742,westbound,B763,EGNX,KJFK,25:24:54.80,30:34:01.57,55.161467,-8.420633,40033.0,157281.22805198235,87
283823329,283823329,eastbound,B788,KPHL,LSZH,25:25:28.96,30:14:25.54,48.35244,-52.43866,38502.0,169085.88682553513,91
283821895,283821895,eastbound,B744,KSSC,LBSF,25:27:27.85,30:11:12.60,48.487424,-52.621314,36939.0,308079.49243713106,68
283823432,283823432,eastbound,A333,KSWF,BIKF,25:27:45.50,28:08:08.79,52.419741,-55.186352,39117.0,186947.913942967,49
283822522,283822522,eastbound,A332,KATL,EDDM,25:29:51.71,30:23:25.22,48.364154,-52.489428,38008.0,199723.54318950864,77
283822853,283822853,eastbound,B78X,KORD,EGLL,25:30:49.57,29:35:45.58,48.766998,-51.920893,35794.0,214550.73829109085,80
283819612,283819612,eastbound,A359,KLAX,LFPG,25:31:08.46,30:06:04.94,48.445596,-52.574712,38318.0,227767.3444883547,60
283822573,283822573,eastbound,B744,KSSC,EDFH,25:31:41.23,30:20:23.29,48.573748,-52.400929,37668.0,291790.63981993863,87
283823050,283823050,eastbound,A339,KDTW,EHAM,25:32:33.70,30:09:14.18,49.410249,-52.273989,36413.0,200710.87244166492,85
283823509,283823509,eastbound,A388,KBOS,EGLL,25:33:41.76,29:39:50.10,48.326613,-52.458671,37398.0,439503.64949913375,79
283823410,283823410,eastbound,B788,CYYZ,EPWA,25:34:22.94,30:34:12.88,53.469,-57.381984,41801.0,172772.0321440452,86
283821965,283821965,eastbound,B748,KIAH,EDDF,25:37:12.35,30:12:21.82,48.622705,-52.126859,36442.0,373820.14020822675,71
283822975,283822975,eastbound,B77W,KORD,LFPG,25:38:01.19,30:04:03.41,48.960788,-51.961571,35580.0,263905.7991375667,84
283823335,283823335,eastbound,A333,CYHM,BIKF,25:41:20.78,28:23:21.75,53.0949,-56.72453,39171.0,186657.6629059903,50
283822762,283822762,eastbound,A359,KATL,LIRF,25:41:23.80,30:23:37.65,47.777027,-52.756117,38030.0,231649.1973738659,71
283823554,283823554,eastbound,B762,KPSM,EGUN,25:41:44.07,29:59:52.09,48.907764,-51.945855,36796.0,131737.71994723292,80
283823423,283823423,eastbound,A333,KJFK,LIRF,25:43:06.84,30:43:21.36,46.938945,-52.606735,37987.0,190206.43804732378,83
283822707,283822707,eastbound,A359,KATL,EHAM,25:44:37.42,30:13:40.54,48.916008,-52.271064,38387.0,224557.49735194157,81
283823388,283823388,eastbound,B764,KJFK,LFPG,25:44:51.87,30:28:05.48,47.811546,-52.545312,34987.0,170983.02073635499,86
283823298,283823298,eastbound,A333,KJFK,EGCC,25:46:13.01,29:52:57.73,48.706238,-51.924754,37728.0,189526.13755683633,75
283823469,283823469,eastbound,B77W,KJFK,EGLL,25:48:16.27,29:55:31.19,48.353025,-52.311223,37466.0,262868.8217706144,79
283827450,283827450,eastbound,B772,KBOS,EGLL,25:48:49.51,30:00:01.99,48.8014,-52.41417,36635.0,215529.9059976633,80
283827473,283827473,eastbound,A388,KBOS,EDDM,25:50:32.08,30:32:46.22,48.333959,-52.305946,37344.0,452962.8938894957,89
283823437,283823437,eastbound,A333,KJFK,LSGG,25:50:52.08,30:46:58.68,48.030114,-51.8282,37909.0,189860.05631848375,88
283823299,283823299,eastbound,B752,KIAD,EIDW,25:51:09.65,29:38:02.88,48.626851,-52.093883,36966.0,88464.40716824608,72
283823189,283823189,eastbound,B772,KCLT,LIRF,25:51:33.31,30:27:29.56,47.856079,-52.274935,37760.0,224060.5915727534,74
283823473,283823473,eastbound,A333,KJFK,EHAM,25:53:41.79,30:36:46.28,48.511969,-52.064189,37948.0,189872.985914534,85
283823318,283823318,eastbound,B772,KCLT,EDDF,25:53:48.70,30:38:11.32,48.305687,-52.617737,38054.0,218952.90268511008,84
283823467,283823467,eastbound,B77W,CYYZ,LEBL,25:54:37.41,30:26:22.67,47.891303,-52.469022,36215.0,269171.6371962702,86
283822658,283822658,eastbound,B748,KBHM,EHAM,25:55:34.78,30:15:55.44,48.890861,-52.103797,36637.0,369577.2560813188,80
283823454,283823454,eastbound,B772,KJFK,EGLL,25:56:28.86,30:05:14.71,48.323952,-52.41944,37535.0,214629.06725441548,80
283823300,283823300,eastbound,B763,KJFK,EBBR,25:56:37.23,30:41:08.62,48.043098,-52.341165,37422.0,153841.1144364063,87
283822295,283822295,eastbound,B772,KMCO,BIKF,25:56:51.58,28:29:10.81,52.474072,-55.225915,40127.0,202015.439449265,49
283822128,283822128,eastbound,A343,KDFW,EDDF,25:58:39.96,31:04:19.49,48.591557,-52.770874,36560.0,214911.79312170757,74
283822914,283822914,eastbound,A332,KATL,EDDF,25:59:46.51,30:48:17.17,48.422044,-51.916818,38010.0,197853.49335686723,80
283823506,283823506,eastbound,B772,KEWR,EIDW,26:00:42.64,29:38:17.14,49.088498,-52.475274,36617.0,212156.18516191124,71
283827519,283827519,eastbound,A339,KBOS,EGLL,26:01:09.30,30:20:18.00,48.236486,-52.03669,37624.0,198180.91862076285,79
283823444,283823444,eastbound,A339,KMIA,LIRF,26:01:23.79,32:36:12.09,40.388891,-67.816028,38181.0,215886.0723488872,84
283823040,283823040,eastbound,B748,KEWR,EDDF,26:03:23.37,30:43:43.91,48.650105,-52.137624,36756.0,369535.86631320446,91
283822521,283822521,eastbound,B763,KIAH,EHAM,26:05:45.97,30:43:48.20,48.70967,-51.956237,37464.0,156223.5491209226,74
283822624,283822624,eastbound,B772,KIAH,EDDM,26:05:49.01,30:48:24.94,48.586602,-52.19772,37446.0,219962.43085470743,69
283827532,283827532,eastbound,A333,CYUL,LFPG,26:05:56.45,30:48:06.36,48.962465,-52.14931,35970.0,190842.4595660179,85
283822766,283822766,eastbound,A333,KMCO,EGCC,26:06:06.33,30:14:26.76,48.305598,-52.01883,38430.0,183247.79740587983,73
283827715,283827715,westbound,B763,EDDK,KEWR,26:06:12.50,31:16:23.15,54.803645,-8.32498,40027.0,158272.94597800996,87
283822748,283822748,eastbound,B789,KDEN,EDDF,26:06:37.04,30:56:30.18,53.84883,-56.53526,40971.0,184150.13216141096,70
283823200,283823200,eastbound,B789,KORD,EGLL,26:08:02.25,30:18:26.42,48.639206,-52.540699,37208.0,183164.87402034993,80
283823349,283823349,eastbound,B788,KPHL,EHAM,26:08:57.77,30:40:25.68,48.732879,-52.892085,38704.0,166502.10766801104,87
283823143,283823143,eastbound,B77W,KCLT,EGLL,26:10:57.00,30:21:47.48,48.487598,-52.548811,37947.0,263544.47108239576,82
283823013,283823013,eastbound,A35K,KATL,EGLL,26:11:03.15,30:23:28.21,48.451382,-52.183477,37801.0,253755.47684746963,79
283827492,283827492,eastbound,A333,CYUL,LIMC,26:11:44.80,31:08:59.08,48.85019,-52.297746,36036.0,190866.23427944627,88
283827464,283827464,eastbound,A333,KBOS,LFPG,26:12:44.36,30:53:32.63,48.184935,-51.826698,37592.0,191119.318558518,85
283822852,283822852,eastbound,A332,KTPA,EDDF,26:15:02.65,31:04:54.73,48.382008,-52.161557,38218.0,197951.931773757,75
283823460,283823460,eastbound,A35K,KJFK,EGCC,26:15:07.21,30:15:49.19,48.694977,-52.259791,37573.0,248331.67480409733,77
283822329,283822329,eastbound,A333,KAUS,EDDF,26:16:21.10,31:21:25.90,48.690011,-52.226348,38454.0,179330.79246487652,72
283823249,283823249,eastbound,B788,KORD,EDDM,26:16:27.25,31:04:42.21,48.934658,-52.067526,38546.0,165605.95353990435,79
283823301,283823301,eastbound,B78X,SKCG,EHAM,26:20:29.28,32:45:47.60,26.552614,-55.403679,40457.0,215412.10281478107,91
283823549,283823549,eastbound,B77W,KEWR,EDDF,26:21:18.71,31:03:01.51,48.63067,-52.222079,36917.0,268167.06599989656,89
283823056,283823056,eastbound,B788,KORD,LIRF,26:21:21.46,31:00:53.97,47.991815,-52.268758,38164.0,168608.79913973509,72
283827454,283827454,eastbound,B764,KEWR,LIRF,26:22:39.79,31:13:08.61,48.635653,-52.013173,34319.0,176516.99762670213,82
283827908,283827908,westbound,B744,EDFH,KBWI,26:24:10.04,31:11:35.62,55.055164,-7.817747,38490.0,298702.96928688843,83
283822738,283822738,eastbound,A333,KTPA,EHAM,26:24:22.30,31:13:30.34,48.141111,-52.529919,38486.0,182874.54628826206,77
283823463,283823463,eastbound,A333,KBWI,BIKF,26:24:52.36,29:06:00.29,52.313074,-55.126952,39085.0,187428.77987961128,51
283823345,283823345,eastbound,B788,KORD,EHAM,26:24:53.00,30:59:06.40,49.173192,-53.594217,38806.0,162877.8392616399,84
283827478,283827478,eastbound,B77W,KJFK,EGLL,26:25:27.75,30:32:00.31,48.437901,-52.114809,37204.0,262889.2991636608,80
283827679,283827679,eastbound,B763,KBOS,BIKF,26:28:31.58,29:08:37.88,52.224376,-55.152581,41312.0,144073.8780437342,50
283823328,283823328,eastbound,A359,KCLT,EDDM,26:31:31.75,31:26:03.36,48.349365,-52.619176,38288.0,228213.91672523716,82
283822941,283822941,eastbound,A339,KATL,LFPG,26:32:10.28,31:11:34.98,48.145204,-51.928651,38113.0,202812.3132645345,82
283827457,283827457,eastbound,B752,KEWR,EGPH,26:35:19.34,30:30:25.79,49.261467,-52.237153,35956.0,88525.13682625609,73
283823344,283823344,eastbound,B763,KORD,EGLL,26:36:57.80,30:54:52.43,49.117567,-52.155801,36197.0,151442.13414791506,79
283822662,283822662,eastbound,B748,KMIA,EDDF,26:38:02.14,31:19:37.35,48.087228,-52.028284,36882.0,373843.232481135,75
283827501,283827501,eastbound,A333,KJFK,LFPG,26:41:03.04,31:22:51.97,48.037996,-51.912702,37978.0,189792.27748079877,86
283823484,283823484,eastbound,A333,KDTW,EDDF,26:41:05.58,31:40:59.53,48.771959,-51.912274,37181.0,186939.2009560077,87
283823520,283823520,eastbound,B77W,CYYZ,LIRF,26:41:56.35,31:20:40.24,48.541427,-52.285653,35694.0,274392.915357011,81
283823468,283823468,eastbound,A339,KJFK,EHAM,26:43:25.48,31:25:05.16,48.662652,-52.471184,37591.0,200376.0081168001,87
283822486,283822486,eastbound,B772,KIAH,EGLL,26:44:32.98,30:52:45.56,48.72495,-52.125873,37629.0,212732.90235094505,71
283827595,283827595,eastbound,A333,KEWR,LIMC,26:44:52.08,31:46:35.32,48.177908,-52.260476,37859.0,189857.2808983779,90
283827543,283827543,eastbound,B77W,CYYZ,LSZH,26:45:43.88,31:31:26.04,49.092552,-52.700907,35443.0,269810.3924147863,90
283827552,283827552,eastbound,B772,KEWR,BIKF,26:47:43.87,29:22:31.43,52.136287,-55.366263,40244.0,203973.382883796,50
283822575,283822575,eastbound,A339,KSLC,LFPG,26:48:20.07,31:31:15.70,48.489082,-52.424865,38258.0,202799.88921028125,66
283823260,283823260,eastbound,B78X,KORD,EBBR,26:49:17.18,31:17:22.10,49.11344,-52.138535,36045.0,214909.8216495844,84
283823354,283823354,eastbound,B78X,KORD,LFPG,26:49:35.39,31:17:40.39,49.011447,-52.353634,35770.0,214372.55874283574,83
283827899,283827899,westbound,B763,EDDP,KJFK,26:51:00.56,32:02:03.37,56.327191,-7.671401,40051.0,158538.29134504386,87
283827577,283827577,eastbound,B772,KDTW,BIKF,26:51:31.45,29:23:57.85,53.317863,-56.644215,40275.0,202000.04617669559,49
283822154,283822154,eastbound,B78X,KLAX,EHAM,26:53:33.18,31:23:14.61,48.787691,-53.028534,38973.0,203820.7927971955,61
283823275,283823275,eastbound,B772,KTPA,EGKK,26:54:15.11,31:05:08.94,48.277319,-52.459305,38150.0,212209.49693809522,75
283827587,283827587,eastbound,A333,KJFK,LSZH,26:54:35.39,31:54:34.20,47.998896,-52.464254,37979.0,190001.87484553226,89
283827691,283827691,eastbound,B772,CYYZ,BIKF,26:54:45.38,29:27:36.46,54.031768,-58.050137,40306.0,203774.3560960106,48
283822920,283822920,eastbound,A359,KDEN,EDDM,26:58:43.27,31:48:45.20,48.627347,-52.23728,38156.0,228737.41860391735,66
283827670,283827670,eastbound,B764,KJFK,LSZH,26:58:49.53,31:55:11.45,48.601888,-52.40454,34449.0,173426.1914924998,89
283827708,283827708,eastbound,B772,KJFK,EGLL,26:59:26.81,31:06:35.14,48.431336,-52.113358,37322.0,214664.50998630776,80
283827699,283827699,eastbound,B77W,KJFK,EDDF,27:00:58.74,31:49:02.20,48.580221,-52.400739,37107.0,268756.7257324778,91
283823488,283823488,eastbound,A333,KORD,LSZH,27:01:48.05,32:05:22.19,48.309471,-52.594546,37712.0,185734.545013556,82
283827839,283827839,eastbound,B77W,CYUL,LFPG,27:02:11.05,31:31:01.23,49.169333,-52.644973,35378.0,264801.1700019626,85
283827909,283827909,westbound,B763,LFPG,KEWR,27:06:11.45,32:04:53.33,51.955495,-13.520992,40247.0,156560.60757127998,83
283828316,283828316,westbound,B763,EGNX,KPHL,27:06:22.97,32:13:13.60,54.63117,-8.332953,39907.0,158333.0916297553,84
283827596,283827596,eastbound,A333,KPHL,EIDW,27:06:52.12,30:55:28.05,48.727511,-51.864502,37919.0,189137.66837800413,71
283827638,283827638,eastbound,B77W,CYYZ,LFPG,27:08:00.67,31:34:33.47,49.07777,-52.05089,35532.0,265136.98194425117,86
283823188,283823188,eastbound,B752,KDEN,BIKF,27:08:03.91,29:44:09.33,55.546812,-59.284664,40896.0,82799.22517447737,46
283823433,283823433,eastbound,B764,KATL,LIMC,27:08:18.56,31:58:30.90,48.56733,-52.175563,35147.0,174079.61651500146,76
283823558,283823558,eastbound,B789,KPHL,EGLL,27:10:56.36,31:22:32.51,48.709455,-51.875308,38132.0,185790.32881212223,81
283827667,283827667,eastbound,B764,KJFK,EGLL,27:11:24.90,31:31:15.58,48.685774,-52.55785,34721.0,168428.18365879718,80
283827813,283827813,eastbound,A333,CYUL,LFLL,27:16:28.66,32:11:09.59,48.26518,-52.405672,36811.0,190993.70322120658,87
283827503,283827503,eastbound,A333,KCLE,EIDW,27:16:44.48,31:04:19.77,48.983076,-51.951282,37020.0,187474.0017548744,71
283827563,283827563,eastbound,A333,KIAD,EIDW,27:17:33.56,31:12:50.73,48.27263,-52.499103,37978.0,188436.19130214374,73
283823513,283823513,eastbound,B788,KEWR,EPWA,27:18:44.92,32:16:44.89,50.677985,-53.964704,41271.0,172072.7041477275,89
283823213,283823213,eastbound,B77W,KDFW,EGLL,27:19:21.28,31:28:13.96,48.73063,-52.298463,37771.0,263075.26395201526,70
283827594,283827594,eastbound,B772,KMSP,BIKF,27:21:30.11,29:52:15.29,55.739087,-59.848143,40396.0,201582.9054501315,45
283827567,283827567,eastbound,B772,KBWI,BIKF,27:21:34.18,29:56:22.68,52.237494,-55.566485,40204.0,203688.82195235544,50
283827728,283827728,eastbound,A339,KJFK,EGLL,27:22:05.49,31:40:44.84,48.299024,-52.000624,37878.0,198589.11979400084,77
283827749,283827749,eastbound,B788,KPHL,LIRF,27:22:07.69,32:04:28.53,47.695325,-52.472567,38474.0,172129.54852965072,81
283827788,283827788,eastbound,B78X,KJFK,EHAM,27:22:47.98,31:49:01.01,48.740118,-52.033304,36992.0,219035.13352723763,86
283823085,283823085,eastbound,B772,KDFW,LEMD,27:23:16.84,31:49:53.57,47.33192,-52.518765,37595.0,215287.30716755078,71
283827921,283827921,eastbound,A333,CYUL,LPPT,27:25:14.85,31:45:35.69,47.385342,-52.29101,37210.0,191012.55198733317,76
283822073,283822073,eastbound,B77W,KLAX,EGLL,27:26:48.69,31:35:16.63,48.801433,-52.287477,37818.0,260617.81144864223,58
283827471,283827471,eastbound,B772,KCLT,EGLL,27:27:11.58,31:36:53.86,48.49036,-52.385547,37813.0,213502.0881967232,82
283827556,283827556,eastbound,B763,KJFK,BIKF,27:28:50.23,30:10:24.59,52.154861,-55.539459,41359.0,144522.70806975267,49
283827660,283827660,eastbound,A333,KIAD,LSZH,27:28:51.80,32:25:43.20,48.134843,-51.884793,38011.0,188177.59236727958,87
283828267,283828267,westbound,B748,EDDK,KPHL,27:29:33.38,32:08:52.41,56.81172,-7.904094,37209.0,377432.91433128325,81
283827678,283827678,eastbound,B763,KEWR,EGLL,27:30:57.20,31:50:41.29,48.805583,-52.07125,37091.0,151187.21097688872,81
283822704,283822704,eastbound,B744,KLAX,EBBR,27:31:04.61,32:00:31.09,48.670891,-52.829032,36921.0,290919.95337154233,61
283823375,283823375,eastbound,B78X,KORD,EDDF,27:31:21.62,32:11:36.35,49.128748,-52.111636,35751.0,214311.0364317887,81
283822506,283822506,eastbound,A343,KLAS,LSZH,27:31:57.52,32:30:30.68,48.594599,-53.021892,36317.0,216713.7325299365,59
283827946,283827946,eastbound,A333,KBOS,LSZH,27:31:59.38,32:29:48.79,47.998808,-52.035599,37708.0,191231.17937292234,88
283827875,283827875,eastbound,A333,KBOS,EIDW,27:32:03.47,31:20:31.41,48.531698,-52.042129,37408.0,191151.56950186682,69
283827772,283827772,eastbound,B763,KEWR,LFPG,27:34:02.94,32:14:15.59,48.61542,-51.996282,37030.0,152830.0489404931,86
283827774,283827774,eastbound,A333,CYYZ,EGLL,27:35:36.59,32:00:18.29,49.057581,-52.615945,36326.0,188803.19810215276,81
283827580,283827580,eastbound,B772,KIAD,BIKF,27:35:44.27,30:09:37.25,52.492966,-55.716015,40195.0,203366.24025896442,50
283827868,283827868,eastbound,B78X,KEWR,EGLL,27:37:26.96,31:46:28.14,48.265816,-52.472293,37108.0,219072.63357257398,81
283827798,283827798,eastbound,A332,KJFK,LIRF,27:38:41.15,32:25:14.80,47.664378,-52.225504,37741.0,199763.47572728133,82
283828291,283828291,westbound,B77L,EBLG,KORD,27:39:15.63,32:12:44.57,54.732624,-7.911265,41765.0,250319.49223980855,78
283823577,283823577,eastbound,A333,KMSP,EIDW,27:39:21.00,31:30:49.62,49.028519,-52.742783,38043.0,184938.19922292125,68
283827775,283827775,eastbound,A333,KJFK,EIDW,27:39:26.21,31:32:19.27,48.561375,-52.501141,37617.0,189807.41063238244,72
283823489,283823489,eastbound,B77W,KMIA,EGLL,27:41:16.46,31:56:05.68,47.728947,-52.676708,38273.0,263341.2350066182,74
283823221,283823221,eastbound,B772,KAUS,EGLL,27:41:18.90,31:48:42.93,48.501939,-52.334963,37551.0,211944.06856031515,69
283827758,283827758,eastbound,B763,KEWR,LGAV,27:42:14.76,32:36:53.48,48.108421,-52.939406,36602.0,164820.46130483985,71
283823565,283823565,eastbound,A333,KATL,EKCH,27:43:33.78,32:51:36.80,50.21318,-53.462597,38480.0,184645.32014921808,85
283827901,283827901,eastbound,B77W,KJFK,LFPG,27:45:17.87,32:13:07.33,47.946681,-52.135127,37414.0,265803.9655367219,85
283827476,283827476,eastbound,B772,KATL,LFPG,27:46:14.87,32:15:20.33,48.188563,-52.571676,37913.0,215589.65928448428,82
283823083,283823083,eastbound,A333,MMUN,EDDF,27:47:12.18,32:57:58.53,48.174765,-52.712585,38634.0,179184.73368153654,71
283827698,283827698,eastbound,A333,KJFK,EGLL,27:49:05.25,32:11:21.50,48.260752,-52.31246,37622.0,189829.32240311956,80
283823539,283823539,eastbound,B77W,MPTO,EHAM,27:49:27.23,33:53:17.97,37.905129,-63.327389,37087.0,278615.85707881063,80
283827780,283827780,eastbound,B789,CYYZ,EGLL,27:49:40.79,32:00:44.79,48.958291,-52.137,36163.0,184804.66312909548,80
283823381,283823381,eastbound,B772,KDFW,LFPG,27:50:08.01,32:19:14.94,48.288704,-52.590316,37558.0,213915.28232004674,73
283827570,283827570,eastbound,B772,KORD,BIKF,27:51:03.04,30:21:16.84,54.663307,-58.1975,40300.0,202175.04543534352,48
283823453,283823453,eastbound,A333,KATL,EGCC,27:53:22.52,32:03:28.99,48.579153,-52.582617,38051.0,184532.18714347488,79
283822927,283822927,eastbound,A359,KPHX,LFPG,27:54:10.63,32:32:45.98,48.117684,-53.156911,38356.0,227823.23906330983,63
283827869,283827869,eastbound,B763,KJFK,EIDW,27:55:06.70,31:41:28.41,48.718519,-52.063881,37075.0,148706.77915111574,71
283827838,283827838,eastbound,B789,KIAD,LFPG,27:58:29.66,32:28:33.51,47.988691,-51.968374,38001.0,187064.8393176149,87
283827905,283827905,eastbound,B77W,KJFK,EGLL,27:58:46.53,32:06:21.38,48.282092,-52.166574,37201.0,262857.65314973966,80
283829024,283829024,westbound,B763,EINN,KLAX,27:59:00.00,32:23:40.57,54.575833,-10.622222,38120.0,173121.8,58
283823070,283823070,eastbound,A339,KSLC,EHAM,27:59:22.08,32:42:27.92,48.492803,-52.495225,38250.0,201637.47322885937,65
283827993,283827993,eastbound,A333,KJFK,LIMC,28:04:01.87,32:59:21.33,47.706187,-52.213721,37948.0,189973.75907797774,87
283823000,283823000,eastbound,B78X,KLAS,EHAM,28:04:29.86,32:35:34.29,48.617419,-53.137528,38611.0,204738.36881026893,63
283827460,283827460,eastbound,B764,KATL,EIDW,28:05:09.66,31:51:55.00,48.97253,-52.247546,35394.0,167793.57134293855,72
283827959,283827959,eastbound,B789,KJFK,LOWW,28:05:25.00,32:54:51.56,48.202651,-52.401011,37888.0,194242.47088321677,87
283827999,283827999,eastbound,A343,KJFK,EDDF,28:06:19.63,33:02:09.16,48.354264,-52.011043,37183.0,208554.44666256043,89
283827573,283827573,eastbound,B772,KRDU,BIKF,28:06:39.15,30:39:52.09,52.435992,-55.431329,40145.0,203169.86830231166,51
283827939,283827939,eastbound,B763,KEWR,EGLL,28:07:34.66,32:27:44.72,48.708953,-52.071209,36969.0,151200.4097993167,81
283822632,283822632,eastbound,B789,KLAX,LIRF,28:10:19.14,32:50:15.80,47.853025,-52.794281,38628.0,181828.1809232487,52
283828186,283828186,eastbound,A333,KBOS,EHAM,28:10:35.07,32:51:59.00,48.628947,-51.847652,37403.0,191057.8538697028,83
283827516,283827516,eastbound,B772,KORD,EGLL,28:13:29.29,32:20:03.97,48.881591,-51.884975,35649.0,211280.2277841683,79
283823560,283823560,eastbound,A333,KMCO,EIDW,28:14:02.08,32:08:56.75,48.06665,-52.237172,38393.0,183252.8557677814,71
283823482,283823482,eastbound,A339,KATL,LIRF,28:14:20.03,33:05:28.51,47.84053,-52.47344,37884.0,209426.27087111416,71
283822676,283822676,eastbound,B772,KSFO,LFPG,28:14:45.52,32:44:05.14,48.516493,-52.326693,37765.0,208056.3122746341,60
283823504,283823504,eastbound,A346,KDEN,EDDF,28:16:11.71,33:12:01.32,48.314719,-53.062555,37280.0,289029.5512653915,71
283827529,283827529,eastbound,A332,KDTW,EGLL,28:16:39.04,32:35:30.06,48.821745,-52.496843,35961.0,191491.51184660252,80
283828301,283828301,eastbound,B78X,CYUL,EGLL,28:16:41.60,32:24:12.11,48.788432,-52.33606,35419.0,220019.08677526593,79
283828085,283828085,eastbound,B772,MYNN,EGLL,28:16:43.37,34:11:26.49,40.232262,-67.691759,38230.0,225668.4391529187,97
283823090,283823090,eastbound,B77W,KLAX,LFPG,28:20:08.82,32:50:59.67,48.25599,-52.992148,37664.0,264194.8070063242,61
283823508,283823508,eastbound,B77W,KMIA,LSZH,28:20:33.98,33:02:51.79,47.528106,-52.430859,38062.0,269961.05772201036,72
283823295,283823295,eastbound,B789,KAUS,EHAM,28:21:20.19,32:53:12.76,48.370823,-52.307542,38053.0,180861.92976277726,71
283828199,283828199,eastbound,A388,KJFK,LIMC,28:21:49.90,32:57:12.43,47.755759,-52.332572,37616.0,454978.47300600883,87
283823305,283823305,eastbound,A339,MMUN,EDDF,28:22:05.89,33:22:39.09,48.164866,-52.703289,38273.0,207065.10092146765,68
283823353,283823353,eastbound,B772,KIAH,EDDF,28:24:43.77,33:15:14.21,48.378543,-52.74723,37254.0,216975.99555588773,73
283827984,283827984,eastbound,A333,KJFK,LFPG,28:26:15.62,33:08:35.43,48.058043,-51.985373,37795.0,189890.531224868,86
283828066,283828066,eastbound,B78X,CYYZ,EGLL,28:28:17.92,32:35:04.88,48.866941,-52.20408,35510.0,217661.68815928244,80
283822939,283822939,eastbound,B77W,KSFO,LFPG,28:30:40.02,33:00:40.95,48.298322,-52.846344,37859.0,261606.3217096698,60
283827470,283827470,eastbound,A333,KMIA,LIRF,28:30:47.52,33:29:00.64,47.187666,-52.314684,38430.0,183081.65925207603,66
283827702,283827702,eastbound,B764,KATL,LIPZ,28:31:25.56,33:25:19.41,48.682516,-52.654293,35137.0,174325.81285277693,74
283828110,283828110,eastbound,B789,KPHL,EGLL,28:32:15.49,32:45:48.23,48.419032,-52.002379,38057.0,186389.480994425,82
283828103,283828103,eastbound,B752,KIAD,EIDW,28:32:18.89,32:22:11.74,48.730067,-52.112519,36628.0,88487.26908956406,72
283827498,283827498,eastbound,A333,KMCO,EDDF,28:32:19.06,33:38:40.20,47.660105,-52.650887,38401.0,183351.69657210165,76
283827956,283827956,eastbound,B763,KEWR,EGLL,28:32:24.37,32:55:57.58,48.522501,-52.582967,36596.0,153001.1567183792,81
283828438,283828438,eastbound,A333,KBOS,EHAM,28:33:22.43,33:18:13.34,48.24773,-52.383012,37430.0,191314.55687069663,84
283828116,283828116,eastbound,A332,CYYZ,EHAM,28:33:36.05,33:11:15.83,48.94439,-52.678153,35924.0,193102.10302094326,86
283828058,283828058,eastbound,B772,CYYZ,EIDW,28:34:11.89,32:13:23.52,48.987159,-52.435993,35622.0,209738.44437434553,69
283827676,283827676,eastbound,B77W,KMIA,EGLL,28:35:16.29,32:50:50.35,47.553228,-52.593456,38141.0,264097.7038667055,74
283828190,283828190,eastbound,B764,KJFK,LFPG,28:38:31.95,33:17:10.44,48.221955,-51.925846,34883.0,170608.33479499465,84
283828332,283828332,eastbound,A339,KBOS,EGLL,28:45:51.19,33:05:51.67,48.102532,-51.816364,37546.0,197893.09736717184,79
283823514,283823514,eastbound,A333,KATL,EHAM,28:46:10.37,33:28:52.66,48.385434,-51.956297,38138.0,184492.00204269533,82
283828176,283828176,eastbound,B789,KJFK,EPWA,28:49:45.07,33:44:14.24,49.73188,-52.468423,37984.0,193865.03139800063,89
283828159,283828159,eastbound,B772,KIAD,EGLL,28:52:33.12,33:06:31.43,48.102877,-52.502562,37393.0,214408.9164251261,82
283827853,283827853,eastbound,A333,CYYZ,EKCH,28:55:30.13,34:03:18.72,49.8656,-52.978018,35780.0,188792.5534737372,92
283823014,283823014,eastbound,A359,KLAX,LIRF,28:55:34.43,33:42:39.06,47.725915,-52.863863,37878.0,232139.80688041108,52
283827944,283827944,eastbound,B78X,KPIT,EGLL,28:55:46.64,33:03:33.63,48.603466,-52.286452,36020.0,216828.3437323387,81
283827448,283827448,eastbound,B772,KDFW,EIDW,28:56:25.49,32:34:55.84,48.664048,-52.251779,37953.0,207561.1926188654,65
283827829,283827829,eastbound,B772,KDTW,LFPG,28:59:51.48,33:26:45.76,48.626404,-51.893274,35736.0,215346.0891373343,86
283827762,283827762,eastbound,B772,KMCO,EGKK,29:00:55.44,33:13:44.38,47.739397,-52.480957,38164.0,212789.2778459221,75
283828046,283828046,eastbound,B772,KBWI,EGLL,29:03:01.81,33:10:26.17,48.020568,-51.76787,37401.0,213964.0976881684,79
283828127,283828127,eastbound,B788,KIAD,EDDF,29:03:48.44,33:53:01.23,47.837795,-52.203404,38425.0,167566.613493026,90
283828192,283828192,eastbound,B752,KIAD,EGPH,29:04:05.37,33:03:34.81,48.594328,-52.524843,36435.0,88911.71158231772,75
283823340,283823340,eastbound,A332,KSLC,EGLL,29:05:14.67,33:23:50.68,48.313574,-52.108469,38111.0,193170.15817321945,63
283827612,283827612,eastbound,B77W,KDFW,EGLL,29:08:29.09,33:19:38.88,48.431007,-52.51432,37226.0,262612.9348655106,70
283828298,283828298,eastbound,A333,CYYZ,EGKK,29:10:47.91,33:36:46.43,48.429198,-52.327647,36257.0,188851.38343704637,80
283828593,283828593,westbound,A359,LIRF,KIAD,29:11:39.32,34:34:21.12,47.965515,-7.218803,39346.0,232210.72605495653,83
283823170,283823170,eastbound,B77W,KLAX,EGLL,29:12:03.79,33:21:14.09,48.211994,-52.538351,37753.0,260715.73558893733,58
283828419,283828419,eastbound,A333,KJFK,EFHK,29:12:46.62,34:38:10.68,52.900592,-55.824492,38828.0,190003.87088084914,94
283828278,283828278,eastbound,B763,KIAD,LFPG,29:16:27.65,33:59:52.18,47.90853,-52.229474,37412.0,153603.24831686018,88
283823272,283823272,eastbound,B789,MMMX,LFPG,29:16:46.79,33:49:39.74,47.660332,-52.466303,38735.0,180217.84962751548,65
283828418,283828418,eastbound,B77W,KJFK,EGLL,29:16:56.63,33:24:50.05,48.091453,-52.076564,37145.0,263474.8975582628,80
283830148,283830148,westbound,B763,BIKF,KJFK,29:20:00.00,33:30:28.83,63.4,-26.932222,40708.0,151285.8,70
283827982,283827982,eastbound,B772,MKJP,EGKK,29:20:11.91,35:06:50.92,34.197045,-60.47601,38886.0,225027.19098311558,89
283827738,283827738,eastbound,B772,KCLT,EIDW,29:22:13.26,33:02:21.50,48.506275,-52.291003,37277.0,210138.5754876261,73
283828250,283828250,eastbound,B789,MKJS,EGLL,29:23:41.68,35:00:44.21,36.856446,-60.882129,40712.0,192455.60398294064,86
283828070,283828070,eastbound,B744,KNGU,EDDS,29:24:05.57,34:07:25.65,48.036184,-51.928344,37313.0,292047.41732617014,89
283828523,283828523,eastbound,B763,KMIA,EBBR,29:25:14.15,35:54:40.02,40.803087,-67.856617,38132.0,162037.08889245323,99
283828209,283828209,eastbound,A333,KDTW,EHAM,29:25:23.79,34:10:34.34,48.549205,-52.391847,36331.0,187085.3984626345,85
283828387,283828387,eastbound,A333,CYYZ,LPPT,29:26:22.26,33:46:28.48,47.243263,-52.232505,37095.0,188781.1709354301,79
283827704,283827704,eastbound,A333,KMSP,EHAM,29:26:27.75,34:09:19.34,48.505685,-51.896226,37969.0,184321.09849314947,79
283828312,283828312,eastbound,A388,KIAD,EGLL,29:27:25.92,33:35:11.26,47.910553,-52.266644,37591.0,446126.37544014736,81
283828550,283828550,eastbound,B772,KJFK,EGLL,29:28:46.46,33:40:09.43,47.85335,-52.386516,37092.0,214659.66753721377,80
283828650,283828650,eastbound,B763,KBOS,EIDW,29:29:04.30,33:16:10.11,48.296438,-51.958869,36774.0,149064.58971913162,70
283828667,283828667,westbound,A359,LIRF,CYYZ,29:32:24.88,34:48:54.24,48.570055,-6.231358,39408.0,231414.2574216419,83
283828111,283828111,eastbound,B77L,KORD,EHAM,29:32:50.02,34:03:12.71,48.746363,-52.510436,36214.0,232054.5004269263,84
283827990,283827990,eastbound,B764,KATL,EGLL,29:37:20.00,33:54:14.42,48.628869,-51.999783,35218.0,170597.53449264282,78
283827904,283827904,eastbound,A333,KORD,EKCH,29:38:38.47,34:45:27.56,50.631967,-53.620226,38453.0,185732.66842604024,87
283828183,283828183,eastbound,B763,KORD,EGLL,29:40:47.63,34:03:51.49,48.700762,-52.528772,35563.0,151633.8619995763,80
283828094,283828094,eastbound,A333,KMSP,EHAM,29:43:47.96,34:29:52.76,48.436988,-52.435486,37980.0,184482.4693985796,80
283828694,283828694,eastbound,B77W,CYYZ,EGLL,29:45:49.14,33:52:52.21,48.919989,-51.819845,34730.0,262040.86389838555,79
283828169,283828169,eastbound,B77L,KATL,EDDF,29:49:53.49,34:35:24.68,47.745379,-52.29201,38024.0,237402.68573963747,81
283827799,283827799,eastbound,B772,KIAH,EGLL,29:50:31.00,34:02:33.09,48.061446,-52.278002,37583.0,212981.50916105323,71
283827940,283827940,eastbound,A333,KMCO,EDDM,29:50:43.82,35:00:55.56,47.307472,-52.62481,38407.0,183747.5027049901,74
283828309,283828309,eastbound,B788,KORD,EPWA,29:51:57.18,34:48:08.25,55.014257,-58.404733,41812.0,170223.65525818855,77
283823492,283823492,eastbound,B789,KLAX,EGLL,29:57:43.09,34:15:02.67,48.057562,-52.717814,39005.0,173377.40655129793,58
283828494,283828494,eastbound,A359,KEWR,LFPO,29:58:25.99,34:36:02.42,47.38029,-52.388262,38017.0,221761.75928376132,87
283828166,283828166,eastbound,A333,KORD,EIDW,29:58:29.06,33:50:25.09,48.578652,-52.3068,36589.0,185451.12623401324,70
283823517,283823517,eastbound,B772,KLAX,EHAM,29:59:47.80,34:31:32.15,48.249887,-52.676652,37479.0,208031.47944269553,60
283823502,283823502,eastbound,B77W,KSAN,EGLL,30:02:04.65,34:11:31.15,48.05488,-52.463278,37565.0,260035.89905746904,57
283828304,283828304,eastbound,A359,KORD,EDDM,30:03:07.56,35:01:44.09,48.344154,-52.187967,36407.0,226985.405860617,81
283828150,283828150,eastbound,B772,KORD,EGLL,30:04:29.84,34:15:08.53,48.591712,-52.401113,35261.0,211780.90383351,79
283828909,283828909,eastbound,A339,KJFK,EGLL,30:07:52.05,34:32:18.66,47.519033,-52.22198,37996.0,198733.7441750232,81
283828300,283828300,eastbound,B78X,KORD,LIMC,30:09:03.93,34:52:40.05,48.266948,-52.651234,35659.0,214500.89608289886,78
283827487,283827487,eastbound,B77W,KLAX,EGLL,30:12:11.50,34:21:38.03,48.09309,-52.475513,37542.0,260629.16595048053,58
283828322,283828322,eastbound,B77W,KATL,EHAM,30:13:00.09,34:41:24.11,48.061351,-51.940633,37366.0,265898.99799229525,82
283828455,283828455,eastbound,B763,KEWR,EGLL,30:17:32.20,34:43:11.68,48.214206,-52.181898,36734.0,151435.08781791554,82
283827777,283827777,eastbound,A339,MUHA,EDDF,30:17:40.80,35:21:25.03,47.034028,-52.191013,38313.0,206320.76694468706,70
283828196,283828196,eastbound,B772,KATL,EGLL,30:18:15.98,34:26:24.48,47.991784,-51.86782,37080.0,212536.084095525,78
283827942,283827942,eastbound,A359,MROC,LFPG,30:21:28.63,36:45:40.00,39.86214,-68.158253,38694.0,235028.87125768224,80
283828892,283828892,eastbound,A35K,KJFK,EGLL,30:25:01.56,34:39:44.90,47.845871,-51.905833,37414.0,250005.02092201912,79
283828331,283828331,eastbound,B752,KEWR,EINN,30:26:54.20,34:12:01.87,48.393017,-52.52233,36165.0,87797.16472456003,69
283831408,283831408,westbound,B748,EDDK,KSDF,30:28:00.46,34:52:59.72,57.311714,-8.152803,36615.0,386548.77836640115,74
283828962,283828962,eastbound,A359,KMIA,LFPG,30:32:40.24,36:55:58.88,39.307102,-67.989901,38888.0,232259.30607515122,100
283828354,283828354,eastbound,A343,MRLB,LSZH,30:34:05.47,37:19:27.57,40.108497,-68.107741,36851.0,226954.86966058498,78
283828953,283828953,eastbound,B77W,KEWR,LGAV,30:35:27.23,35:12:58.96,47.209893,-52.732028,36788.0,285371.6029801222,70
283828695,283828695,eastbound,B752,KEWR,EIDW,30:40:01.75,34:37:53.84,48.458449,-52.524546,35813.0,88403.65581208016,73
283827865,283827865,eastbound,A339,MMUN,EDDF,30:40:46.83,35:42:54.54,47.328871,-52.125528,38325.0,207212.29927087296,68
283828082,283828082,eastbound,B77W,KIAH,EGLL,30:42:20.97,34:49:54.41,47.75446,-51.894254,37919.0,262820.67624926666,69
283828601,283828601,eastbound,B789,KORD,EGLL,30:44:19.76,34:57:31.86,48.634547,-51.850506,36159.0,181891.19855967004,78
283830432,283830432,westbound,A332,LIMC,KCVG,30:45:58.57,35:56:01.34,49.965677,-6.183123,38902.0,205408.80225421657,77
283828024,283828024,eastbound,A332,KDEN,EIDW,30:50:26.42,34:35:59.19,48.470127,-51.930718,37442.0,190233.8427679932,62
283828648,283828648,eastbound,A346,KORD,EDDF,30:55:36.64,35:47:34.98,48.621835,-52.051038,35461.0,283727.08821719006,84
283828893,283828893,eastbound,B763,KJFK,BIKF,30:56:30.02,33:37:30.70,52.102646,-55.216449,41247.0,144376.19035067482,51
283828515,283828515,eastbound,B77L,KORD,EDDF,30:59:11.68,35:45:32.62,48.461921,-52.030397,35911.0,234930.6421839246,83
283828914,283828914,eastbound,B772,KCLT,EGLL,31:01:47.57,35:13:57.16,47.376801,-52.43129,37998.0,214436.55119555414,82
283829908,283829908,eastbound,B77W,CYYZ,LFPG,31:02:42.42,35:30:26.38,48.435428,-52.024417,34986.0,264754.7131585219,85
283828195,283828195,eastbound,B772,KDFW,EGLL,31:06:20.29,35:17:19.58,47.787716,-52.024383,37870.0,211064.71828185095,69
283829803,283829803,eastbound,B789,KJFK,LIRF,31:06:53.33,35:51:49.80,46.914175,-52.41066,37973.0,194855.96610467296,83
283830348,283830348,eastbound,B77W,KJFK,EHAM,31:07:28.52,35:37:29.82,47.905333,-52.048838,36731.0,265654.1123828262,84
283827653,283827653,eastbound,A333,KSFO,EIDW,31:10:02.84,35:00:20.56,51.272236,-53.939702,40915.0,174245.34044574335,53
283828060,283828060,eastbound,B764,KATL,LFPG,31:16:49.54,35:59:00.42,48.165418,-52.515158,34829.0,172458.44307680466,82
283828978,283828978,eastbound,A339,KMSP,EGLL,31:26:31.74,35:47:40.95,50.25139,-53.65268,39903.0,199513.48558958122,76
283833015,283833015,westbound,B77L,EBLG,KOAK,31:29:09.08,35:48:25.61,55.297729,-8.136688,40547.0,268316.104411049,54
283833166,283833166,westbound,B789,LFPG,KJFK,31:30:57.43,36:59:58.05,50.538634,-6.529727,40696.0,199036.200553963,97
283832944,283832944,westbound,B77L,EBLG,KORD,31:32:50.01,36:10:48.58,54.654386,-7.968532,41764.0,250247.4733745454,79
283834127,283834127,westbound,A333,EGLL,TBPB,31:32:51.08,37:30:33.17,50.147118,-6.137691,38079.0,196458.31477665735,101
283828324,283828324,eastbound,A333,KDFW,LEMD,31:37:02.81,36:20:28.10,46.605898,-52.668937,38380.0,181137.98966071682,71
283827900,283827900,eastbound,B77W,KLAX,LFPG,31:37:45.29,36:12:34.70,47.834981,-52.980035,36964.0,263872.5705524455,61
283827948,283827948,eastbound,B772,KPHX,EGLL,31:38:07.89,35:49:01.81,48.152017,-52.096863,37469.0,207851.62679856375,60
283833290,283833290,westbound,B77L,EBLG,KIND,31:40:29.74,36:19:28.45,54.676608,-7.79144,41714.0,250925.59538914828,80
283834030,283834030,westbound,B77W,LFPG,CYUL,31:42:14.10,37:03:18.90,50.308338,-6.261978,39736.0,274233.26691209886,91
283834089,283834089,westbound,B788,LFPG,SKBO,31:44:33.14,37:29:21.96,48.28668,-6.884093,40388.0,192872.91153772714,76
283834502,283834502,westbound,A333,EGLL,KMCO,31:46:31.15,37:50:50.13,50.529433,-6.675592,38096.0,196355.1785585223,94
283833836,283833836,westbound,B763,EGLL,KEWR,31:54:20.82,36:54:45.26,53.436914,-12.7224,40201.0,156417.59389279838,84
283834394,283834394,westbound,A333,LPPT,CYUL,31:54:56.25,37:35:36.20,41.407746,-12.910216,38083.0,196405.58346454005,85
283833007,283833007,westbound,B748,EDDK,KSDF,31:57:46.12,36:19:55.28,57.512433,-8.052591,36630.0,385502.4976791839,72
283833807,283833807,westbound,B789,LEMD,MMMX,31:58:23.54,37:18:08.97,41.897327,-13.016313,39104.0,216899.29870739594,63
283833849,283833849,westbound,B789,LEMD,MMMY,32:00:24.10,37:01:20.05,44.325182,-11.932033,39265.0,215221.43091893147,66
283834318,283834318,westbound,A333,EGLL,KJFK,32:07:09.30,37:04:11.64,52.961248,-13.083045,38406.0,194504.45169045276,85
283835838,283835838,westbound,B763,EGPH,KJFK,32:08:42.82,37:35:49.43,55.349541,-7.645303,40047.0,156959.26211222538,92
283835486,283835486,westbound,B752,EIDW,KIAD,32:09:24.33,37:06:27.29,53.320506,-13.044949,38824.0,96957.00888479692,82
283833805,283833805,westbound,FA7X,LFPB,KMOT,32:09:58.89,36:45:00.32,53.539406,-11.879323,44637.0,22481.92999502829,76
283833557,283833557,westbound,B78X,EDDF,KORD,32:12:02.10,36:43:23.39,55.810535,-7.855367,39820.0,222240.89563102514,78
283828101,283828101,eastbound,B772,MMMX,EHAM,32:12:14.59,36:45:01.27,47.482745,-52.241388,37690.0,214365.18422667813,65
283834334,283834334,westbound,B77L,EBLG,KMEM,32:13:05.05,36:44:57.00,54.71206,-8.430004,41404.0,255611.09545259128,69
283834492,283834492,westbound,B77W,EGLL,KDFW,32:14:40.20,36:23:43.46,53.807071,-13.568231,38564.0,291432.97939573333,61
283835775,283835775,westbound,B789,EGPH,CYYZ,32:15:43.09,36:56:47.58,55.446166,-8.137391,40766.0,199192.12489420595,82
283834289,283834289,westbound,B772,EHAM,KEWR,32:15:57.72,37:18:44.45,55.853267,-7.915873,38993.0,226055.60168251235,88
283834471,283834471,westbound,A333,LFPG,KATL,32:16:10.32,37:28:10.09,50.583952,-7.087198,38293.0,195145.4221313273,73
283833949,283833949,westbound,A339,EHAM,KATL,32:16:37.24,37:05:57.54,55.116415,-7.643813,38866.0,212523.25179760353,72
283834259,283834259,westbound,B77W,EHAM,SMJP,32:17:57.99,37:45:14.23,49.465209,-7.161886,37738.0,289945.6756133626,86
283834892,283834892,westbound,B763,EGLL,KORD,32:19:53.90,36:57:43.52,53.780356,-11.790179,39671.0,160961.0414177708,77
283835228,283835228,westbound,B772,LFPG,KEWR,32:21:42.49,38:10:50.80,50.340193,-6.225721,38844.0,228460.94189850887,84
283827696,283827696,eastbound,B772,MMUN,EGKK,32:21:47.36,36:39:38.67,47.015935,-52.737326,37944.0,212215.81531106908,68
283834827,283834827,westbound,A333,LFPG,KJFK,32:22:14.92,38:07:45.19,50.079705,-5.974602,38236.0,195555.54354931507,98
283833269,283833269,westbound,B77W,EDDF,KJFK,32:23:07.85,37:36:04.48,54.965885,-8.256983,39716.0,274765.16607318335,93
283834529,283834529,westbound,B763,LSGG,KEWR,32:23:57.90,38:00:49.53,50.34976,-6.429179,39726.0,159269.33738796198,94
283834386,283834386,westbound,B772,LFPG,KSFO,32:25:55.51,36:35:21.06,53.859395,-12.764157,37532.0,246909.0234473607,51
283834657,283834657,westbound,A333,EGLL,KBOS,32:30:54.88,37:37:27.28,52.987079,-13.00917,38402.0,194519.39572558826,82
283834824,283834824,westbound,B77W,EGLL,CYYZ,32:31:41.17,37:12:59.21,55.121517,-8.350325,39656.0,275420.35089441447,82
283834700,283834700,westbound,B772,EGLL,KJFK,32:32:50.08,37:27:01.51,53.192502,-13.27337,39179.0,223532.5106313454,87
283834885,283834885,westbound,B788,EBBR,MDPC,32:34:56.36,38:30:33.29,50.886352,-6.223691,41196.0,184471.22371144695,98
283828980,283828980,eastbound,B77W,KDFW,EGLL,32:36:13.33,36:46:15.95,48.053315,-52.07755,38072.0,262652.34622017643,69
283828236,283828236,eastbound,B748,MMMX,EDDF,32:37:30.15,37:22:34.10,47.500742,-52.728322,36928.0,365651.544615943,65
283836473,283836473,westbound,B772,EIDW,KEWR,32:37:40.95,37:48:31.28,53.361821,-13.172157,39094.0,225235.7363598038,73
283837051,283837051,westbound,B752,EGPH,KEWR,32:42:00.00,37:46:52.92,56.390278,-8.000556,38906.0,96504.0,83
283831158,283831158,eastbound,B748,KORD,ELLX,32:42:23.92,37:21:36.55,48.722142,-52.419591,35298.0,369052.76847221446,85
283835958,283835958,westbound,A359,LFPG,KLAX,32:45:15.77,37:36:44.64,50.485694,-6.595007,37574.0,249340.61482841359,59
283835170,283835170,westbound,A359,EHAM,KDTW,32:46:14.77,37:25:54.06,56.031019,-8.250204,39422.0,229231.9147057506,80
283828294,283828294,eastbound,B77W,KLAX,LSZH,32:46:40.66,37:30:53.29,47.874012,-52.811343,36846.0,267572.71246378776,57
283829775,283829775,eastbound,B789,SKBO,EDDF,32:48:12.34,39:00:02.40,26.386333,-49.750521,40334.0,193528.96263328573,80
283835423,283835423,westbound,B78X,EHAM,SKBO,32:49:13.68,38:39:28.63,50.940899,-6.892938,39312.0,223886.06993585834,76
283834249,283834249,westbound,B772,EDDM,KCLT,32:53:01.22,37:24:03.58,56.366222,-8.751275,38628.0,230733.7905289075,66
283836239,283836239,westbound,B789,EGLL,KORD,32:54:01.20,37:27:17.08,53.919469,-9.372912,40415.0,202279.50644524896,80
283834826,283834826,westbound,B744,EBLG,KATL,32:55:13.54,37:32:46.86,55.510262,-7.997025,37930.0,308484.0088665702,73
283835885,283835885,westbound,A333,LFPG,KDTW,32:58:34.03,38:19:47.09,50.456394,-6.317596,38259.0,195426.24995274274,87
283835932,283835932,westbound,B788,LFBO,CYUL,33:01:18.54,38:27:51.72,48.061098,-6.792746,42033.0,175688.19518817763,92
283835982,283835982,westbound,A333,LEMD,KATL,33:02:41.65,38:45:56.76,42.935117,-11.919871,38310.0,195024.11428147412,89
283835298,283835298,westbound,B772,LIMC,KEWR,33:05:15.74,38:27:15.24,49.771263,-6.516121,38876.0,227556.85619944366,95
283837562,283837562,westbound,B788,EIDW,KPHL,33:05:31.25,37:57:09.75,53.953397,-10.720964,42012.0,177674.05248553754,85
283835163,283835163,westbound,A359,EHAM,KMSP,33:05:44.70,37:33:22.20,56.227563,-8.213907,39215.0,231612.09621341518,78
283837760,283837760,eastbound,A333,BIKF,LPMA,33:06:00.00,36:58:26.04,61.878611,-21.32,38707.0,190070.1,67
283835631,283835631,westbound,B772,EGLL,KBOS,33:06:37.58,38:01:50.16,53.305439,-13.300707,39332.0,221362.30838852952,82
283836708,283836708,westbound,A333,LPFR,CYYZ,33:09:08.15,38:39:29.17,41.620383,-14.13615,38267.0,195101.19290575222,87
283837330,283837330,westbound,B789,EIDW,CYYZ,33:10:14.61,37:41:05.97,53.042345,-12.952336,40835.0,198253.2492977891,78
283836179,283836179,westbound,B772,EGLL,KCLT,33:11:40.95,37:41:03.27,53.610938,-12.584598,38636.0,231278.87210849053,75
283835405,283835405,westbound,B772,EHAM,KSFO,33:12:14.60,37:14:38.73,57.805317,-8.891062,36597.0,247002.20665776008,52
283835790,283835790,westbound,A332,EHAM,TNCM,33:12:37.08,39:16:46.52,50.854768,-6.114302,38722.0,205197.47639742936,103
283828364,283828364,eastbound,A359,KLAX,LFPO,33:12:41.01,37:59:14.69,47.329042,-52.537104,37944.0,227670.2954386493,60
283831405,283831405,eastbound,B77L,KORD,EGPK,33:14:26.63,36:59:13.72,49.791335,-53.797657,36397.0,226811.02793415936,72
283835620,283835620,westbound,B772,EHAM,SEQM,33:15:22.45,39:06:23.57,50.118501,-6.99082,36955.0,254756.6076975638,73
283835471,283835471,westbound,B78X,EHAM,KLAX,33:15:40.66,37:28:58.31,56.485682,-8.369688,39686.0,223285.01861676597,53
283836571,283836571,westbound,B772,EGLL,KSEA,33:16:36.63,37:23:44.47,56.768004,-7.907356,37886.0,241766.264194419,64
283834209,283834209,westbound,A339,LIRF,KSFO,33:18:13.43,38:36:22.84,48.297546,-6.747302,38406.0,219128.88027608732,57
283834942,283834942,westbound,B764,EDDM,KEWR,33:18:39.21,38:27:05.55,57.343218,-8.038664,32734.0,175659.61593656847,84
283831846,283831846,eastbound,B744,KDOV,ETAR,33:19:19.89,38:03:03.26,47.586488,-51.882648,37156.0,289611.49986322847,90
283829814,283829814,eastbound,A339,KATL,EGLL,33:19:42.01,37:43:29.63,47.605715,-52.509199,38012.0,201191.43158444657,79
283835466,283835466,westbound,B764,EDDB,KEWR,33:21:11.23,38:30:28.57,57.716493,-7.65409,33025.0,176270.9832418632,85
283835735,283835735,westbound,A333,EBBR,CYUL,33:21:31.81,38:20:03.02,53.855844,-11.857915,38601.0,193290.16818387713,81
283835931,283835931,westbound,A333,LSZH,KMIA,33:21:33.98,39:26:19.45,48.432883,-6.303374,38549.0,193517.45855008438,85
283836567,283836567,westbound,B77W,LFPG,KMIA,33:23:56.86,39:09:05.93,48.697867,-6.906264,37576.0,290756.93166397634,89
283836523,283836523,westbound,B78X,EGLL,KIAH,33:26:43.07,37:54:07.34,55.447912,-8.360297,39533.0,224433.73164697803,64
283835833,283835833,westbound,GLEX,LIML,KTEB,33:27:44.03,38:55:12.56,50.386589,-6.551595,46336.0,33231.99999770492,96
283836861,283836861,westbound,B77W,LFPG,KJFK,33:28:06.32,39:00:16.65,50.309969,-6.252088,39103.0,276928.76508183207,98
283835659,283835659,westbound,A333,LSZH,KJFK,33:28:32.69,39:06:29.32,50.314329,-6.587103,38592.0,193332.6809755707,96
283837511,283837511,westbound,A388,EGLL,KMIA,33:29:49.96,39:22:02.85,50.614505,-5.707013,38219.0,471653.7987348764,97
283837225,283837225,westbound,B788,LEBL,KORD,33:30:38.21,38:57:18.99,44.33024,-6.991477,41273.0,183825.21191361852,89
283837582,283837582,westbound,B772,EGKK,TAPA,33:32:32.73,39:19:26.63,50.048594,-6.61161,38123.0,235075.1524067898,103
283828504,283828504,eastbound,A388,KLAX,EGLL,33:33:47.62,37:41:34.52,48.22494,-52.671208,37505.0,472228.3261889302,57
283835984,283835984,westbound,B772,EHAM,KIAH,33:34:26.10,38:14:43.66,52.986892,-13.269332,38011.0,239979.9837829249,59
283835697,283835697,westbound,A333,EDDF,CYYZ,33:35:44.36,38:28:06.37,56.159222,-8.398656,38692.0,192611.2774704211,81
283836709,283836709,westbound,B789,EGLL,CYUL,33:35:49.68,38:27:24.62,53.784712,-11.14303,41057.0,194622.73701247643,82
283835737,283835737,westbound,B748,ELLX,KORD,33:35:50.74,37:52:36.71,57.226416,-8.213892,36704.0,383655.59925542795,76
283838493,283838493,westbound,B789,EGKK,MMUN,33:37:43.37,39:28:17.12,50.728553,-6.361223,39056.0,213991.2449737187,82
283837412,283837412,westbound,B764,LEMD,KEWR,33:38:09.19,39:18:36.88,44.269459,-10.387192,32837.0,175732.15306258976,94
283828503,283828503,eastbound,A35K,KLAX,EGLL,33:38:27.48,37:56:22.95,48.224635,-52.524271,37201.0,258038.9642838496,57
283836651,283836651,westbound,A333,LFPO,KEWR,33:41:05.84,39:15:17.15,50.114589,-6.545492,38234.0,195568.5953342725,94
283836475,283836475,westbound,B764,EGLL,KATL,33:41:14.84,38:11:22.99,53.489372,-13.226679,33010.0,180777.9864351309,66
283835630,283835630,westbound,A333,EDDF,CYUL,33:42:21.61,38:35:47.22,56.083008,-8.213968,38692.0,192624.2945982544,82
283834953,283834953,westbound,A339,LIRF,KJFK,33:42:50.05,39:25:07.78,48.288936,-6.04416,39152.0,208428.5989805003,94
283837081,283837081,westbound,B78X,EBBR,KORD,33:43:27.91,38:12:31.72,55.330201,-8.523538,39703.0,223170.99027612,79
283828571,283828571,eastbound,A333,KLAX,EIDW,33:44:44.28,37:43:29.79,48.097005,-52.7047,38803.0,174516.24516898813,55
283836912,283836912,westbound,B77W,LFPG,KSFO,33:45:44.60,38:08:12.38,54.234605,-9.037836,37846.0,302171.6413617361,54
283835053,283835053,westbound,A333,LSZH,KORD,33:46:36.05,38:25:22.69,52.525826,-13.227886,38926.0,191123.45022329598,72
283836914,283836914,westbound,A339,EHAM,KSLC,33:47:16.07,38:09:05.42,56.633333,-8.496881,38330.0,218273.90736853736,61
283835307,283835307,westbound,B763,LIRN,KEWR,33:47:24.48,39:26:31.43,48.558466,-6.743152,38929.0,160484.25791319952,86
283836133,283836133,westbound,A359,EHAM,KATL,33:47:39.38,38:19:51.74,55.621573,-9.117445,39049.0,233778.678860717,70
283835406,283835406,westbound,B763,LSZH,KORD,33:48:19.88,38:25:19.82,52.64278,-13.1426,39313.0,161691.1227068068,72
283835791,283835791,westbound,B748,EDDF,KIAH,33:48:51.36,37:57:33.77,57.961824,-8.871072,35696.0,398423.56460425135,56
283828663,283828663,eastbound,A359,KSFO,LFPO,33:49:24.67,38:34:34.34,47.808245,-53.032952,38473.0,226763.27445626646,60
283837502,283837502,westbound,B788,EHAM,KPHL,33:49:33.30,38:51:03.19,55.538237,-7.873705,41914.0,176526.21392485854,88
283835257,283835257,westbound,B78X,LIRF,KORD,33:49:48.63,38:51:46.04,48.981809,-6.639301,39292.0,220254.91498008676,76
283837503,283837503,westbound,A339,LFPG,KSLC,33:50:55.43,38:49:35.60,50.541635,-6.680746,38078.0,220477.9914442449,67
283836282,283836282,westbound,B772,EHAM,KMIA,33:52:11.39,39:11:02.15,51.047199,-13.1847,38337.0,235052.53519053842,79
283836762,283836762,westbound,B77W,LFPG,KLAX,33:52:35.83,38:14:25.99,54.26514,-9.221691,37768.0,303343.88437384757,53
283837163,283837163,westbound,B77W,EGLL,KJFK,33:53:02.89,38:50:27.12,53.185124,-12.650552,39584.0,272836.1730308731,88
283837183,283837183,westbound,B788,LEMD,MMMX,33:53:43.57,39:08:54.75,41.674014,-13.216316,40260.0,194047.47064661336,62
283836863,283836863,westbound,B763,EGLL,KEWR,33:53:57.23,38:49:20.40,53.652249,-13.428886,39916.0,156196.18774655298,82
283837070,283837070,westbound,A339,EGLL,KBOS,33:54:12.41,38:57:06.05,52.67007,-13.379083,39784.0,201051.59933283037,83
283828746,283828746,eastbound,A35K,KPHX,EGLL,33:56:12.32,38:15:04.73,48.234804,-52.760346,37161.0,257891.27237257498,60
283837202,283837202,westbound,B763,EBBR,KJFK,33:56:26.46,39:14:20.55,54.094082,-10.232103,40037.0,157296.52913367917,90
283838500,283838500,westbound,FA7X,EGGD,KSJC,33:58:27.41,38:30:16.77,54.204571,-9.276638,42559.0,27115.17003290981,57
283837106,283837106,westbound,A339,EGLL,KJFK,33:58:28.51,38:57:38.78,53.355094,-13.265968,39712.0,203120.61950235206,86
283836626,283836626,westbound,A359,LFPG,KIAH,33:58:37.99,38:25:41.19,54.001196,-10.964899,38501.0,240357.02587364495,60
283836132,283836132,westbound,A333,EDDF,KDFW,33:58:39.18,38:31:03.81,56.637889,-8.58073,38721.0,192383.71995531657,58
283838054,283838054,westbound,A339,LPPT,KSFO,33:58:40.52,39:13:25.39,41.337807,-13.649955,37647.0,224304.01931022498,64
283835599,283835599,westbound,A333,LSZH,CYYZ,34:01:41.93,38:47:29.88,52.347135,-12.95695,38925.0,191176.58736687008,78
283838395,283838395,westbound,B78X,LPPT,KEWR,34:02:48.43,39:15:16.04,41.650121,-14.255658,38817.0,225705.55038637738,91
283836420,283836420,westbound,A333,EDDF,KRDU,34:03:06.89,39:02:41.10,56.010714,-8.150833,38682.0,192658.49779435308,77
283838817,283838817,westbound,B772,EGKK,KMCO,34:04:44.18,39:56:48.40,50.533544,-6.479569,38125.0,238609.79466343488,96
283836160,283836160,westbound,A339,LIRF,KJFK,34:05:07.72,39:52:23.27,48.260405,-6.119401,39149.0,208406.75649526337,96
283839509,283839509,eastbound,A333,BIKF,LEAL,34:07:00.00,37:09:59.64,62.320555,-19.898889,38517.0,188164.9,52
283838217,283838217,westbound,B763,LEBL,KIAD,34:07:11.30,39:56:55.65,44.664153,-6.440634,35429.0,162049.1500658623,97
283838009,283838009,westbound,B77W,EGLL,KLAX,34:07:44.14,38:12:02.17,57.181958,-8.767683,35794.0,301905.2987133331,52
283838511,283838511,westbound,B772,EGLL,MYNN,34:07:47.42,40:02:45.22,50.649406,-5.761157,38097.0,239003.79989565283,98
283837543,283837543,westbound,A35K,EGLL,KLAX,34:08:13.66,38:20:43.16,56.28789,-8.45299,36991.0,279717.9000901585,53
283836187,283836187,westbound,A333,EDDF,KATL,34:09:42.55,38:56:44.37,56.357476,-8.246847,38704.0,192506.2069837437,67
283837546,283837546,westbound,A333,EHAM,KDTW,34:10:24.09,39:03:08.84,56.186532,-8.081971,38429.0,194257.576211626,80
283837032,283837032,westbound,A332,EDDF,KATL,34:10:52.17,38:47:24.73,56.14271,-8.326358,38862.0,205967.0948237184,67
283838153,283838153,westbound,A333,LFPG,KBOS,34:11:43.15,39:56:12.06,50.150099,-6.48793,38263.0,195400.54628943116,93
283836702,283836702,westbound,B77L,EHAM,KORD,34:11:48.52,38:40:14.57,56.067594,-7.980437,41790.0,249718.29623218527,79
283838374,283838374,westbound,B772,EGKK,KLAS,34:13:25.74,38:25:39.55,56.000352,-8.459754,37526.0,246802.78074474112,56
283837327,283837327,westbound,A333,EBBR,KJFK,34:13:38.65,39:15:51.45,53.754957,-12.846651,38630.0,193084.63214864905,86
283837240,283837240,westbound,B77L,LEBL,MMMX,34:14:10.18,39:28:11.98,41.70681,-13.235465,39958.0,270951.16130599525,59
283838519,283838519,westbound,B764,LFPG,KJFK,34:14:28.51,40:05:50.99,49.851588,-5.934477,36529.0,176413.81001171542,97
283837455,283837455,westbound,B788,EDDF,KDFW,34:15:16.21,38:39:42.73,56.07441,-8.194903,40926.0,185694.06659029925,60
283839395,283839395,eastbound,A333,BIKF,LEMG,34:16:00.00,37:26:05.48,62.200277,-19.671666,38598.0,188558.1,54
283839543,283839543,westbound,B764,EIDW,KATL,34:16:10.36,38:57:28.67,54.152475,-10.268691,32639.0,180839.232108507,75
283836502,283836502,westbound,B748,EDDF,KSFO,34:16:58.02,38:17:58.65,57.717549,-8.014575,35670.0,399633.3546569756,51
283837692,283837692,westbound,B763,EHAM,KIAH,34:17:45.88,38:52:02.28,56.196563,-8.983917,38632.0,169978.56290137078,61
283837725,283837725,westbound,B772,EGLL,KIAH,34:18:09.21,38:32:54.02,53.799834,-13.486737,37978.0,240489.9744066241,60
283838231,283838231,westbound,B764,LEMD,KIAD,34:18:26.18,39:41:47.61,44.427432,-12.018699,33701.0,177290.79648657667,90
283837824,283837824,westbound,B772,EGLL,KJFK,34:19:05.72,39:09:24.00,53.314641,-13.399073,39108.0,223499.0562602928,86
283836565,283836565,westbound,A332,EDDM,KATL,34:19:35.95,38:55:59.58,56.39216,-8.522385,38909.0,206388.7807243896,64
283836537,283836537,westbound,A332,LIRF,KBOS,34:20:35.03,40:05:54.33,48.469005,-6.276684,39192.0,199105.9511495063,95
283838007,283838007,westbound,A339,EHAM,KJFK,34:20:39.92,39:36:15.86,54.175173,-9.298554,39615.0,204601.00686090856,91
283836067,283836067,westbound,B763,LSZH,KEWR,34:21:44.04,39:19:46.35,52.628936,-13.470122,39546.0,157189.2247187002,82
283838198,283838198,westbound,B78X,EBBR,KEWR,34:22:21.63,39:23:49.21,54.250675,-8.47032,39681.0,223369.0161661738,88
283836455,283836455,westbound,B764,LIRF,KIAD,34:23:01.28,40:02:58.88,47.100237,-6.986611,34619.0,180250.7994006604,85
283837238,283837238,westbound,B772,EDDF,KCLT,34:23:18.15,38:53:05.55,56.371998,-8.913595,38557.0,231814.09316705284,69
283837908,283837908,westbound,B789,LFPG,CYUL,34:23:34.16,39:10:14.25,52.710108,-12.90812,41097.0,193089.0989694416,80
283838098,283838098,westbound,B78X,LFPG,KORD,34:25:50.69,38:57:24.03,55.017924,-8.035312,39705.0,223146.8374319224,79
283838701,283838701,westbound,B772,EGLL,KSFO,34:25:53.51,38:32:04.33,56.269126,-8.965234,37430.0,248137.79206240393,54
283838982,283838982,westbound,A339,EGLL,KMIA,34:26:47.10,40:23:38.73,50.449451,-6.647256,38533.0,214919.90867900304,90
283828512,283828512,eastbound,A35K,KLAX,EGLL,34:27:48.75,38:45:04.06,48.503243,-52.668059,37096.0,258057.84475704347,56
283838765,283838765,westbound,B788,EGCC,MDPC,34:28:18.76,39:57:29.13,52.348597,-13.505412,41441.0,182004.1312197353,97
283837680,283837680,westbound,A332,EDDF,KDTW,34:28:40.80,39:14:05.73,55.897306,-7.927962,39298.0,201337.19132129877,79
283838745,283838745,westbound,A333,LEBL,KATL,34:28:50.98,40:16:21.27,44.615776,-6.66364,36436.0,194760.04837095697,85
283837923,283837923,westbound,B772,EGLL,KRDU,34:28:51.93,39:05:02.35,53.572978,-12.627147,38786.0,229124.47177088476,75
283839287,283839287,westbound,A333,LFPO,MDPC,34:28:54.20,40:37:08.68,48.576873,-5.937476,37788.0,195703.7741026344,98
283839127,283839127,westbound,A333,LPPT,CYYZ,34:29:34.98,39:59:54.56,42.044406,-13.32885,38122.0,196119.76545100354,88
283834275,283834275,eastbound,B748,KSDF,EDDK,34:30:04.70,39:07:14.51,48.990807,-52.691861,35950.0,370522.1277193866,85
283837739,283837739,westbound,B772,LFPG,KDFW,34:31:17.67,38:57:43.04,54.282375,-9.638356,37954.0,240827.22460733715,62
283838106,283838106,westbound,B763,EHAM,KIAD,34:31:51.82,39:34:49.26,55.38904,-8.450375,39891.0,159291.0082755215,81
283837114,283837114,westbound,A332,LIRF,KIAD,34:32:07.76,40:06:45.52,48.22766,-6.591462,38845.0,203407.296004321,87
283839027,283839027,westbound,A339,LFPG,KBOS,34:32:19.97,40:13:20.20,50.309713,-6.509806,39436.0,204030.03772584684,97
283838324,283838324,westbound,B78X,EHAM,CYYZ,34:33:48.26,39:12:33.69,56.083716,-7.945416,39659.0,223468.58728179176,81
283837239,283837239,westbound,B772,LFPG,KATL,34:34:17.05,38:58:32.04,52.520285,-13.599975,38525.0,232462.86189418365,67
283834661,283834661,westbound,B764,LGAV,KEWR,34:34:34.90,40:13:58.89,48.252453,-6.819451,36338.0,176229.39740682417,78
283836871,283836871,westbound,A339,LIRF,KJFK,34:35:25.99,40:11:08.90,48.563521,-6.573332,39124.0,208202.3436884176,92
283837840,283837840,westbound,B748,ELLX,KHSV,34:35:36.18,38:46:15.97,53.377599,-14.152192,36715.0,387465.5127987712,64
283838553,283838553,westbound,B77W,EGLL,KDFW,34:36:53.41,38:53:52.12,53.744734,-12.286942,38528.0,291921.5215428548,63
283839932,283839932,westbound,A35K,EGCC,KMCO,34:37:12.33,39:21:22.28,54.811868,-7.751762,37888.0,266346.79070426093,72
283829657,283829657,eastbound,B789,KLAX,EGLL,34:38:08.10,38:46:42.61,51.292035,-54.47111,41293.0,175485.5026344772,57
283836661,283836661,eastbound,B763,KEWR,LFPG,34:38:34.51,39:19:26.04,47.928615,-52.187551,36108.0,153228.51832021505,86
283837488,283837488,westbound,A346,EDDF,KJFK,34:39:31.22,39:45:41.51,55.93473,-8.018857,39442.0,283386.59925482585,89
283829719,283829719,eastbound,B772,KLAX,EGLL,34:39:39.13,38:48:26.03,49.096274,-53.093949,37131.0,206807.4533170218,57
283838249,283838249,westbound,A333,EHAM,KBOS,34:39:59.18,40:04:47.14,55.388857,-7.979759,38409.0,194386.57960379057,91
283838755,283838755,westbound,A333,LEMD,KORD,34:40:24.15,40:08:04.50,44.270779,-10.742659,38284.0,195198.8264981454,90
283837738,283837738,westbound,B748,EDDF,KMIA,34:40:50.11,40:24:02.78,48.948682,-6.620704,36105.0,395571.5523727852,83
283834848,283834848,westbound,A339,LGAV,KATL,34:41:14.37,40:13:54.92,47.892443,-5.995981,38824.0,214464.3924365171,65
283837974,283837974,westbound,B77W,EDDF,KEWR,34:42:37.07,39:41:24.88,55.943562,-8.410895,39690.0,275026.9341267405,88
283837315,283837315,westbound,A339,LFPG,KMSP,34:42:53.49,39:13:45.87,52.686482,-13.114682,39176.0,209634.18411944224,74
283837703,283837703,westbound,B748,EDDF,KLAX,34:43:03.07,38:48:17.31,57.392619,-7.992274,35603.0,399209.73620624404,50
283838731,283838731,westbound,A359,EFHK,KDFW,34:43:23.54,39:21:49.04,63.880124,7.3,38198.0,243090.5357159016,64
283839647,283839647,westbound,A333,EIDW,KJFK,34:43:31.17,39:46:14.50,53.77398,-12.920862,38092.0,196423.46961605246,86
283839607,283839607,westbound,B772,EGKK,TTPP,34:43:39.08,40:23:44.17,50.060614,-6.199283,37475.0,239451.60328066166,92
283837785,283837785,westbound,B772,LIRF,KEWR,34:45:42.89,40:12:28.37,48.502515,-6.335004,38550.0,227497.55087544487,92
283837932,283837932,westbound,B764,LIPZ,KEWR,34:45:47.06,40:29:22.98,48.990557,-6.508479,36595.0,177748.99854755972,95
283840378,283840378,westbound,B772,EIDW,CYYZ,34:48:18.39,39:27:39.08,54.038703,-10.36703,38994.0,226717.03048436544,80
283836775,283836775,westbound,B772,LIRF,KDFW,34:48:57.19,40:02:29.14,47.820237,-6.523927,37299.0,243853.04066891034,66
283838172,283838172,westbound,B789,EGLL,CYYC,34:49:37.81,39:00:18.64,55.91123,-8.370159,40111.0,205505.80925612687,68
283829731,283829731,eastbound,B789,KLAX,LFPG,34:49:44.18,39:17:57.13,49.599947,-53.357003,41150.0,176627.35439390235,59
283839023,283839023,westbound,A388,EGLL,KSFO,34:49:48.16,38:54:58.89,56.270982,-9.093876,37557.0,491411.45042932953,54
283839259,283839259,westbound,B764,EGLL,KJFK,34:50:37.07,40:01:47.18,52.940354,-12.891769,36942.0,173438.53088432053,86
283837639,283837639,westbound,A333,LFPG,CYUL,34:51:35.74,39:50:06.68,53.784597,-12.37532,38641.0,193031.33594703904,80
283838924,283838924,westbound,B789,EGBB,MKJS,34:51:43.02,40:14:29.07,52.571326,-13.802203,39618.0,207091.6659847616,83
283838878,283838878,westbound,A333,LSGG,KJFK,34:52:09.51,40:31:47.85,49.931496,-6.485279,38520.0,193791.20726224876,97
283837836,283837836,westbound,B763,LSGG,KIAD,34:52:24.81,39:38:33.71,52.524822,-13.120016,39330.0,158925.51695096842,75
283838679,283838679,westbound,B744,ELLX,KHSV,34:52:25.88,39:16:57.10,56.102824,-9.018108,37946.0,308677.55178947805,67
283839388,283839388,westbound,B772,LEBL,KEWR,34:52:43.41,40:48:19.70,44.887876,-6.368572,35911.0,229371.19105811862,97
283837361,283837361,westbound,B763,LOWW,KIAD,34:53:07.81,39:50:57.17,56.602567,-8.705883,39882.0,160790.0575373747,74
283840176,283840176,westbound,A333,LPPT,CYUL,34:53:29.60,40:25:32.81,41.80956,-13.492756,38121.0,196124.2564065503,90
283839422,283839422,westbound,B788,EHAM,KORD,34:54:56.71,39:25:27.81,56.227316,-7.8813,41586.0,179862.61469657123,79
283838270,283838270,westbound,B764,LIPZ,KATL,34:56:16.72,40:16:25.05,49.485483,-6.600818,35074.0,181524.010644495,68
283840478,283840478,westbound,B788,EIDW,KORD,34:56:27.93,39:22:11.20,53.595126,-11.672476,41686.0,180857.5031127258,78
283836825,283836825,westbound,B789,LOWW,KORD,34:56:31.02,39:18:28.15,56.70712,-9.103852,40461.0,198224.81308841953,68
283838715,283838715,westbound,A339,EDDF,MMUN,34:56:45.03,40:55:02.13,49.402373,-7.011266,38074.0,221425.38929446935,75
283830763,283830763,eastbound,B789,KLAS,EGLL,34:58:29.85,39:06:02.96,51.091854,-54.217027,41310.0,176465.33579648676,59
283837765,283837765,westbound,A359,LIRF,KATL,34:58:32.25,40:16:21.49,48.221295,-6.535186,38620.0,238249.07906095238,74
283840691,283840691,westbound,B772,EIDW,KCLT,34:59:00.00,39:36:25.65,54.408056,-9.758889,38570.0,232654.2,78
283840130,283840130,westbound,B789,EGCC,KMLB,34:59:11.92,39:38:50.89,54.795635,-8.587336,40072.0,206661.4051684341,71
283839406,283839406,westbound,A333,EGCC,TBPB,34:59:34.63,40:31:00.54,51.786625,-13.307408,38319.0,194914.7206650226,93
283829298,283829298,eastbound,A359,MMMX,LFPG,35:00:07.64,39:38:03.49,47.336764,-52.61534,38195.0,230194.51195067572,64
283838430,283838430,westbound,A343,EDDF,KDTW,35:00:28.69,39:52:46.95,56.114234,-7.826985,37558.0,215182.55439621117,79
283839650,283839650,westbound,B78X,EGLL,KORD,35:00:50.64,39:27:27.56,53.700884,-11.484747,39412.0,224040.38847863802,78
283839044,283839044,westbound,A339,EHAM,KBOS,35:01:12.68,40:26:26.08,55.715101,-7.653464,39713.0,203184.23889763793,89
283830656,283830656,eastbound,A35K,KLAS,EGLL,35:01:31.48,39:17:49.12,48.880511,-52.750407,37017.0,256913.25619980806,59
283839894,283839894,westbound,A339,LFPO,TFFR,35:02:13.86,41:07:31.03,48.076058,-6.068072,36917.0,211856.44645305368,102
283834875,283834875,westbound,A333,LGAV,KJFK,35:03:49.69,40:46:02.34,49.767682,-6.70211,39544.0,186117.95333238863,81
283837258,283837258,westbound,B772,LOWW,KEWR,35:04:03.87,40:05:33.57,56.196298,-8.302572,39030.0,224641.8341209209,86
283837604,283837604,westbound,B763,LOWW,CYUL,35:04:40.58,40:19:29.20,56.250682,-7.761685,40230.0,157435.12593351013,85
283838310,283838310,westbound,B789,EDDF,KDEN,35:04:44.58,39:15:07.67,56.508659,-9.024905,39879.0,206585.62974992633,59
283839076,283839076,westbound,B789,EGLL,KPHL,35:04:54.59,39:54:21.78,53.862413,-11.441923,40822.0,197296.38458320987,84
283839318,283839318,westbound,B77W,EGLL,KCLT,35:04:55.49,39:35:59.40,53.642692,-11.989894,39196.0,280490.0334490564,76
283839490,283839490,westbound,B77W,EBBR,KIAD,35:05:00.70,39:52:00.70,54.884775,-8.031005,39486.0,277987.79430811165,81
283838860,283838860,westbound,B789,EDDF,KMSP,35:05:06.65,39:23:57.32,56.775357,-7.668574,40371.0,200963.5662172,71
283839608,283839608,westbound,B763,EGLL,KORD,35:05:12.45,39:43:03.26,53.729064,-11.319162,39433.0,161184.69724709474,77
283839907,283839907,westbound,B772,LFPG,KJFK,35:05:18.94,40:33:15.61,50.16776,-6.507197,38726.0,228076.11067968054,96
283840150,283840150,westbound,B789,EGLL,KDEN,35:05:58.70,39:25:16.63,53.850476,-9.861547,39844.0,208810.94985452815,68
283841257,283841257,westbound,B763,EIDW,KBOS,35:08:00.00,40:27:31.71,53.979444,-10.879167,39177.0,154828.9,85
283838674,283838674,westbound,B788,EDDM,KORD,35:08:37.98,39:41:16.57,56.231575,-7.788467,41593.0,177738.14828931636,74
283839118,283839118,westbound,A333,EHAM,KJFK,35:10:02.48,40:25:42.41,54.044616,-9.996711,38521.0,193748.59335128526,90
283839078,283839078,westbound,A333,EDDF,KJFK,35:11:16.25,40:33:23.34,55.505669,-8.09258,38659.0,192801.48381916285,92
283839135,283839135,westbound,A339,EDDF,TTCP,35:13:06.53,41:01:55.35,48.102996,-6.065463,38319.0,215224.61938544773,93
283838769,283838769,westbound,A339,LIRF,KATL,35:15:09.90,40:41:33.99,47.922386,-6.664481,38331.0,215931.0332469931,74
283839690,283839690,westbound,B772,EGLL,KEWR,35:15:45.97,40:03:29.15,53.576454,-13.124389,39032.0,223710.24470673775,84
283839701,283839701,westbound,A333,LFPG,KCVG,35:17:51.09,40:37:56.54,50.43065,-6.369679,38262.0,195403.12262667844,85
283838632,283838632,westbound,A332,DAAG,CYUL,35:18:07.73,40:43:20.12,43.963891,-11.583736,39696.0,197791.89982891892,93
283840062,283840062,westbound,B772,EGLL,KAUS,35:20:33.02,39:39:37.84,55.892235,-9.061669,37807.0,242855.584087915,61
283839969,283839969,westbound,B788,LEBL,KDFW,35:23:18.39,40:38:33.55,44.646812,-8.75822,40709.0,189202.78365847268,72
283840528,283840528,westbound,B77W,EGLL,KJFK,35:24:03.52,40:35:31.75,54.808772,-8.163747,39747.0,274116.32198238425,92
283840572,283840572,westbound,B772,LEMD,KDFW,35:25:53.28,40:44:16.41,44.458734,-8.463531,36310.0,244108.78131347656,75
283841517,283841517,westbound,A333,EIDW,KORD,35:26:17.85,40:08:40.22,53.89129,-10.49258,37981.0,197125.16155490698,78
283839820,283839820,westbound,B788,EHAM,CYYZ,35:27:41.52,40:09:03.50,56.161672,-7.876789,41935.0,176328.9279799443,82
283840347,283840347,westbound,B77W,EGLL,KSAN,35:28:40.00,39:41:35.59,53.825157,-12.013561,37798.0,302566.08333953185,53
283839777,283839777,westbound,A333,LEBL,CYUL,35:29:11.82,41:13:07.46,46.878676,-6.795192,38212.0,194113.82341468695,93
283840452,283840452,westbound,B788,EHAM,CYUL,35:29:23.91,40:31:53.45,55.405472,-7.749343,42126.0,174816.71676726936,85
283838593,283838593,westbound,B77W,LIRF,CYUL,35:29:48.12,40:57:00.17,48.888927,-6.433143,38906.0,274895.16509239393,91
283838967,283838967,westbound,B748,EDDF,KORD,35:30:27.49,39:51:11.53,56.990199,-7.867643,36829.0,384400.51440062484,76
283840786,283840786,westbound,A35K,LFPO,TFFF,35:31:27.34,41:13:58.45,48.077878,-6.474376,36878.0,265557.18816865346,97
283840306,283840306,westbound,B77W,EHAM,TNCC,35:32:01.79,41:24:35.96,50.758895,-6.575649,37914.0,293546.0678028306,88
283839026,283839026,westbound,A332,EDDF,KTPA,35:32:44.43,40:07:02.21,56.442273,-8.765742,38674.0,207940.64222202258,61
283838384,283838384,westbound,B788,LIRF,KORD,35:32:49.67,40:30:05.90,49.453548,-7.248642,41445.0,179167.85038586453,75
283842163,283842163,westbound,B752,EIDW,KIAD,35:35:00.00,40:34:15.28,54.062222,-10.337222,38514.0,97411.7,79
283836358,283836358,eastbound,B77L,KIND,EGSS,35:35:22.36,39:44:39.14,49.528654,-52.547911,35988.0,230772.2827741793,80
283842025,283842025,westbound,B763,BIKF,KJFK,35:37:00.00,39:45:40.11,62.897222,-26.360556,37424.0,151285.8,68
283839377,283839377,westbound,B788,EHAM,MKJS,35:37:45.64,41:03:00.36,52.057516,-13.698775,41102.0,183933.29954031794,79
283840709,283840709,westbound,B788,LEMD,CYUL,35:38:46.31,40:59:02.38,44.288298,-11.268136,42072.0,175547.97203824818,82
283839173,283839173,westbound,B77W,EDDM,CYYZ,35:39:45.33,40:19:39.19,56.108114,-8.309905,39655.0,275828.31934918073,81
283842114,283842114,westbound,B752,EGPH,KIAD,35:41:09.51,40:40:06.08,56.09347,-8.539329,30913.0,97412.45302725025,79
283840605,283840605,westbound,B77W,EGLL,KLAX,35:41:36.62,39:54:36.96,56.061465,-8.879358,37783.0,302541.3375934457,54
283842058,283842058,westbound,B752,EINN,KEWR,35:42:00.00,40:42:01.28,53.678056,-13.043056,38368.0,95350.6,83
283838966,283838966,westbound,B788,LSZH,KPHL,35:43:13.91,40:26:09.80,53.491615,-13.133695,42064.0,172730.8699318687,82
283839518,283839518,westbound,B764,LIPZ,KEWR,35:43:44.66,41:40:57.59,47.352492,-6.163541,35631.0,178626.50064347553,97
283841542,283841542,westbound,A333,ENGM,KJFK,35:43:44.76,41:12:39.62,61.174437,2.52024,38120.0,196221.62540509467,92
283839021,283839021,westbound,B772,EDDM,KSFO,35:43:57.06,40:04:49.41,56.437353,-8.193992,37490.0,247001.86270011248,51
283840931,283840931,westbound,A35K,EGLL,KATL,35:44:10.52,40:15:58.06,53.557406,-12.26006,38176.0,264074.27598720614,73
283840211,283840211,westbound,A343,LSZH,MMUN,35:45:24.75,41:55:51.00,48.188887,-6.820989,35946.0,231238.7919801372,75
283839624,283839624,westbound,A359,EDDM,KMIA,35:45:34.36,41:33:40.40,48.996076,-6.957818,38449.0,239059.51365428497,81
283837162,283837162,westbound,B788,LGAV,KIAD,35:48:29.51,41:03:48.57,48.904175,-6.918025,41681.0,173453.55392632383,72
283839680,283839680,westbound,B772,LIRF,KCLT,35:48:32.93,41:08:42.08,48.4203,-7.045831,37884.0,234041.31938339843,79
283839865,283839865,westbound,A333,LIMC,CYUL,35:49:31.60,41:27:15.33,50.022967,-6.227003,38645.0,193071.31710246747,91
283840625,283840625,westbound,B789,EHAM,CYYC,35:50:14.26,39:54:47.46,56.807919,-8.269077,40150.0,204421.4547226989,64
283840178,283840178,westbound,B772,LFPG,KIAD,35:50:44.54,40:29:23.14,52.402552,-13.35133,38885.0,225926.22722028667,77
283841085,283841085,westbound,A359,LFPG,KEWR,35:50:51.68,41:16:47.58,50.301971,-6.303458,39472.0,227346.80679064553,95
283842312,283842312,westbound,B752,LPPR,KEWR,35:51:03.67,41:28:20.17,42.447549,-12.366967,37733.0,96485.18956249989,93
283839977,283839977,westbound,B77W,EDDF,KIAD,35:51:33.89,40:34:00.08,56.211509,-8.265317,39479.0,278104.454627572,80
283840270,283840270,westbound,B764,LIMC,KATL,35:52:12.08,41:08:37.38,49.346567,-6.608289,34993.0,182890.28134059944,70
283840181,283840181,westbound,A333,LIMC,KEWR,35:52:59.20,41:31:19.44,49.911832,-6.28364,38630.0,193165.08057021291,95
283842359,283842359,westbound,A333,EGCC,KATL,35:53:10.83,40:47:25.56,55.334983,-7.92957,38088.0,196446.38995366948,79
283832111,283832111,eastbound,B789,MMMX,EHAM,35:56:35.93,40:27:38.40,48.274379,-52.285214,39141.0,180063.15895574947,64
283841820,283841820,westbound,B772,EGKK,KTPA,35:57:35.34,41:47:35.87,50.478136,-6.618471,37587.0,239429.96919094966,91
283842023,283842023,westbound,A333,EGLL,TAPA,35:58:40.58,42:04:56.56,50.267419,-6.186632,38057.0,196468.74280359456,104
283839492,283839492,westbound,B788,EDDM,KIAD,36:00:05.99,40:42:51.67,56.518314,-7.98381,41836.0,175084.17110144751,76
283840050,283840050,westbound,A333,LIRF,KJFK,36:00:34.34,41:49:19.95,48.128047,-6.286471,38751.0,191310.76733742555,96
283841369,283841369,westbound,B77W,EGLL,KDFW,36:01:56.21,40:19:32.92,53.721905,-12.156432,38528.0,291915.47673803126,63
283839246,283839246,westbound,B763,LSZH,KIAD,36:02:28.74,40:48:39.61,53.608017,-12.710836,39553.0,159029.09661317224,74
283841108,283841108,westbound,B763,EGLL,KEWR,36:02:54.33,41:02:59.82,53.675945,-12.91811,39363.0,156408.1831223576,82
283840133,283840133,westbound,A333,EKCH,KEWR,36:04:13.68,40:50:29.49,60.221058,-7.988946,38675.0,192581.59343220558,81
283841044,283841044,westbound,A333,EHAM,KMSP,36:04:49.25,40:41:31.31,56.358724,-8.205401,38438.0,194169.4394321828,77
283840359,283840359,westbound,A332,ETAR,KBWI,36:07:05.05,41:03:11.23,55.772467,-8.295048,39442.0,199856.8786002749,80
283836828,283836828,eastbound,B77L,KIND,LFPG,36:07:57.68,40:33:58.11,49.185855,-52.232964,35873.0,233074.41154098243,83
283841298,283841298,westbound,A339,EHAM,KDTW,36:08:23.34,40:57:53.11,56.169648,-7.921932,39282.0,207945.9496447168,81
283841951,283841951,westbound,A333,LFPG,KJFK,36:08:33.72,41:49:51.67,50.310078,-6.527226,38276.0,195343.6607929315,96
283842440,283842440,westbound,B772,EIDW,KDFW,36:10:03.95,40:26:17.25,53.712252,-11.844307,37957.0,241048.44186355016,67
283841962,283841962,westbound,A359,LFPG,KBOS,36:10:10.76,41:41:18.12,50.254818,-6.454132,39766.0,224910.91839568145,94
283841620,283841620,westbound,B77W,EHAM,MPTO,36:11:41.61,42:03:53.74,50.796149,-6.952399,37292.0,302242.3325622321,76
283840078,283840078,westbound,B772,EDDM,KIAH,36:12:06.67,40:32:25.11,56.577029,-8.889379,37907.0,240934.2276129183,55
283841722,283841722,westbound,B772,EGLL,KIAD,36:13:58.96,40:48:45.67,53.574926,-12.033873,38915.0,226943.31830218923,77
283840564,283840564,westbound,B78X,EDDF,KORD,36:15:45.81,40:42:08.19,56.335917,-7.797998,39843.0,222000.9570821033,76
283841459,283841459,westbound,A333,EGLL,CYYZ,36:15:47.78,40:59:31.54,53.559811,-12.565497,38391.0,194600.33586373823,78
283841689,283841689,westbound,B789,EGLL,KORD,36:16:39.15,40:46:33.74,53.721983,-11.147201,40467.0,201563.22850949847,79
283841787,283841787,westbound,B772,EGLL,KSFO,36:16:50.44,40:23:22.42,56.255313,-9.032122,37429.0,248144.47982350865,54
283841750,283841750,westbound,B77W,LEBL,CYYZ,36:17:12.42,41:43:36.70,45.259664,-6.494472,35661.0,280439.3075366544,94
283843383,283843383,westbound,A332,EIDW,CYYZ,36:25:00.00,41:08:10.23,53.848889,-10.999444,39533.0,196590.9,80
283841587,283841587,westbound,B78X,EHAM,KORD,36:25:33.84,40:55:51.76,56.405583,-8.206047,39673.0,223353.8338383826,80
283842445,283842445,westbound,A333,EIDW,KBOS,36:25:52.33,41:30:41.66,53.695967,-13.11508,38054.0,196651.38494279468,83
283840882,283840882,westbound,A332,EGLL,KSLC,36:26:19.76,40:39:50.81,56.197495,-9.133422,38253.0,210875.10721444408,61
283841552,283841552,westbound,B78X,EHAM,KLAS,36:26:28.84,40:33:27.72,56.897811,-8.56299,39704.0,223168.3991265995,54
283833330,283833330,eastbound,B789,MMMX,EGLL,36:26:35.13,40:39:18.79,47.012123,-52.393396,40857.0,179024.44202737682,62
283839909,283839909,westbound,B788,LIPZ,KPHL,36:26:50.06,41:18:50.34,52.370937,-13.70767,42074.0,171386.00137438395,83
283841057,283841057,westbound,B789,LFPG,CYYC,36:26:56.78,40:42:34.98,55.562268,-7.838405,40079.0,205113.70150439025,66
283841727,283841727,westbound,A333,EHAM,KIAD,36:27:23.63,41:30:03.65,56.036649,-7.677473,38411.0,194375.47701880292,81
283841411,283841411,westbound,B77W,LSZH,KMIA,36:29:28.86,42:22:14.19,48.52702,-6.452437,36764.0,291042.6116383771,85
283843329,283843329,westbound,A333,EIDW,KSFO,36:32:00.00,40:59:49.80,54.323889,-9.341667,37948.0,197329.4,59
283833167,283833167,eastbound,B77L,MMGL,EDDF,36:32:07.15,41:13:05.52,48.419104,-52.006679,41966.0,236240.8943525143,61
283842215,283842215,westbound,B789,EGLL,KPHL,36:33:20.64,41:17:36.26,53.698425,-12.937281,40871.0,196484.2465223766,82
283841512,283841512,westbound,A359,LFPG,KORD,36:34:16.12,41:06:50.99,55.419511,-8.440598,39293.0,231070.80612918513,79
283842011,283842011,westbound,B78X,EHAM,KJFK,36:35:37.44,41:47:18.57,55.886071,-7.798011,39573.0,223541.91184036192,91
283842518,283842518,westbound,B772,LFPG,CYUL,36:35:56.30,42:00:25.43,50.472967,-6.141797,38951.0,225476.53144321076,91
283842257,283842257,westbound,A339,EGLL,KIAD,36:36:25.77,41:21:58.07,53.65581,-12.012944,39422.0,205713.382359979,77
283840768,283840768,westbound,A359,EDDM,KSAN,36:36:45.02,40:58:20.40,56.230741,-8.055802,37829.0,249216.6791545224,50
283841505,283841505,westbound,B77L,EDDF,MMSM,36:37:20.94,40:58:26.58,56.788378,-8.066925,40357.0,270896.1447540425,50
283842657,283842657,westbound,A333,LPPT,CYYZ,36:37:43.03,42:10:25.32,42.124974,-13.183188,38122.0,196111.4796423726,89
283841516,283841516,westbound,A332,EDDF,MDPC,36:37:44.68,42:36:31.20,48.454523,-6.736874,38387.0,207457.36120208807,91
283840032,283840032,eastbound,B763,KJFK,EGNX,36:37:45.09,40:48:45.33,49.623677,-53.226339,35446.0,151599.32870475316,78
283841834,283841834,westbound,B744,EDDF,KIAD,36:39:27.00,41:18:34.24,56.254491,-8.247192,38421.0,299840.85412539943,80
283842486,283842486,westbound,B77W,LFPG,KJFK,36:40:27.92,42:07:46.60,50.298444,-6.588601,38713.0,276482.07806454337,96
283841497,283841497,westbound,B763,LFPG,KEWR,36:40:30.93,41:41:38.98,52.363926,-13.288114,38937.0,156501.40443514948,82
283842447,283842447,westbound,A333,EHAM,KJFK,36:41:30.11,42:06:34.22,55.911201,-7.678759,38410.0,194364.84390246824,91
283842372,283842372,westbound,B772,EGLL,CYHZ,36:42:15.97,40:56:36.53,53.221698,-13.117589,39396.0,216235.10434692292,74
283840913,283840913,westbound,A333,LSZH,CYUL,36:42:34.12,41:39:20.11,52.50834,-13.137836,38955.0,191075.5358431924,81
283843356,283843356,westbound,B763,EIDW,KJFK,36:42:39.55,42:00:03.61,53.895371,-10.973785,38594.0,156280.19105224044,88
283841435,283841435,westbound,B744,EBLG,KSFO,36:43:24.91,40:56:31.65,56.188771,-8.416397,36807.0,328640.60319068073,53
283840643,283840643,westbound,A388,EDDM,KLAX,36:44:18.14,40:57:15.81,56.547684,-8.809359,37529.0,501857.4139241074,49
283842565,283842565,westbound,B77W,EGLL,KIAD,36:44:45.75,41:23:07.92,53.581555,-12.548022,39026.0,276142.63246498903,77
283837443,283837443,eastbound,B763,KCVG,EBBR,36:45:41.93,41:24:41.65,49.855529,-52.549363,35334.0,153926.22820533704,85
283843974,283843974,westbound,B752,EIDW,KEWR,36:46:00.00,41:56:15.91,54.371389,-10.414722,38169.0,96001.0,86
283840666,283840666,westbound,B77W,LIRF,CYYZ,36:46:23.14,41:59:03.29,48.585935,-6.639234,38206.0,279420.176597975,83
283841823,283841823,westbound,B764,LPPT,KIAD,36:46:44.43,42:17:32.46,41.729,-13.913675,34395.0,176763.25933839564,90
283840995,283840995,westbound,B764,LIRF,KEWR,36:46:45.93,42:57:57.58,47.709973,-6.552348,35101.0,178453.9157783135,85
283842487,283842487,westbound,A339,EGLL,KBOS,36:47:00.14,41:53:06.54,53.503376,-12.907713,39706.0,201309.339464363,82
283836874,283836874,eastbound,B77L,KMEM,EDDK,36:47:31.58,41:27:48.89,49.639332,-52.558092,36333.0,235832.51123666918,80
283843153,283843153,westbound,A359,LFPG,MPTO,36:47:49.19,42:35:33.78,48.140239,-6.840235,37099.0,246255.28292182393,77
283842997,283842997,westbound,A35K,EGCC,KMCO,36:48:27.50,42:07:52.34,53.664959,-13.319928,38091.0,264780.5477012199,85
283840614,283840614,westbound,B77W,LFPG,CYYZ,36:48:54.68,41:20:21.92,52.480026,-13.103207,38763.0,274114.7827141115,78
283841869,283841869,westbound,A333,EKCH,CYYZ,36:49:54.45,41:32:42.12,60.165906,-7.576668,38654.0,192788.36096221147,79
283843492,283843492,westbound,A333,EIDW,KIAD,36:50:30.23,41:39:16.04,53.652021,-13.143545,38020.0,196864.94057863211,76
283844252,283844252,westbound,A333,EINN,KBOS,36:50:42.34,41:56:22.06,53.084605,-13.23427,37984.0,197098.48759147062,83
283842147,283842147,westbound,A333,EHAM,KATL,36:50:55.07,41:45:28.17,55.621903,-8.120485,38478.0,193966.46259535794,73
283837127,283837127,eastbound,B748,KSDF,EDDK,36:51:04.79,41:25:32.73,49.712909,-52.675102,35770.0,370115.5699003974,84
283842466,283842466,westbound,A333,EGKK,CYYZ,36:52:21.00,41:37:00.38,53.188432,-12.901366,38434.0,194316.3729260751,77
283842557,283842557,westbound,B772,LFPG,KDEN,36:52:28.61,41:12:31.30,55.468483,-7.786622,37980.0,240344.96935005282,65
283840971,283840971,westbound,A333,LSZH,KIAD,36:53:12.95,41:36:14.96,53.094898,-13.497301,38979.0,190936.6763121933,72
283842838,283842838,westbound,A35K,EGLL,KJFK,36:54:05.43,41:47:28.28,53.444062,-13.313437,38888.0,254505.04744018742,86
283842373,283842373,westbound,A359,LFPG,CYYZ,36:55:04.04,41:39:18.47,54.982083,-8.243316,39667.0,226783.2020830722,82
283841515,283841515,westbound,A359,EDDM,KCLT,36:55:34.07,41:31:49.97,56.290597,-8.248065,39229.0,233282.97553272956,68
283842799,283842799,westbound,A333,EHAM,TNCA,36:55:55.62,43:06:42.54,50.718128,-6.645002,38307.0,194756.2419723235,88
283839191,283839191,westbound,B788,LGAV,KPHL,36:55:57.43,42:13:46.68,49.714058,-7.11021,41768.0,172620.34093398746,76
283841087,283841087,westbound,A333,EKCH,CYYZ,36:56:10.20,41:37:07.78,60.338826,-7.904703,38686.0,192581.63235486805,79
283843617,283843617,westbound,A333,EIDW,KEWR,36:56:18.76,41:52:28.64,53.684013,-12.171789,38019.0,196875.97236302268,79
283841945,283841945,westbound,A333,EKCH,KBOS,36:56:37.95,42:20:00.41,59.727796,-7.611736,38670.0,192669.62678773634,88
283843143,283843143,westbound,B789,EGLL,KLAX,36:59:56.37,41:13:02.96,55.998138,-8.45705,39215.0,215775.2692569895,54
283841561,283841561,westbound,B788,LIRF,KPHL,37:00:57.17,42:24:06.37,48.226551,-7.163641,41795.0,175558.37742321249,87
283836482,283836482,eastbound,B77L,KMEM,LFPG,37:06:27.44,41:33:58.21,49.428825,-52.713459,36126.0,234251.88118607088,78
283842776,283842776,westbound,A359,EHAM,TNCC,37:06:30.90,42:59:20.53,50.850844,-6.717622,38415.0,240080.86314490423,87
283841397,283841397,westbound,A333,LSZH,KORD,37:08:08.69,41:43:51.56,53.546026,-12.55222,38940.0,191171.63506343128,72
283843015,283843015,westbound,B763,EGLL,KEWR,37:08:57.06,42:08:40.54,53.704803,-13.151928,39105.0,156419.26496913738,82
283842980,283842980,westbound,B764,LFMN,KJFK,37:10:32.13,43:06:21.43,48.126253,-6.23451,35507.0,177352.2554612685,99
283841510,283841510,westbound,B77W,LSZH,KSFO,37:10:49.65,41:22:01.83,53.143996,-13.874982,38061.0,299896.04592882376,49
283843580,283843580,westbound,A339,EGLL,KMSP,37:10:59.42,41:46:48.62,55.716386,-8.025595,39087.0,209643.8683693656,78
283842269,283842269,westbound,B764,LSZH,KJFK,37:11:20.05,42:45:21.05,55.730589,-7.752213,36705.0,175715.91329621573,92
283842284,283842284,westbound,B77W,EDDF,KSFO,37:13:53.72,41:27:45.48,56.760421,-8.215285,37909.0,301079.8953500466,52
283843205,283843205,westbound,A333,LEBL,KJFK,37:14:45.29,43:07:08.14,44.45406,-7.836782,38425.0,194450.19582474275,99
283842656,283842656,westbound,B77W,LFPG,KLAX,37:15:02.71,41:34:55.31,55.674453,-8.265834,37767.0,303154.87683101447,53
283843149,283843149,westbound,B789,EGKK,KJFK,37:15:14.69,42:07:19.56,52.846872,-13.372886,40966.0,195274.46283171934,86
283842711,283842711,westbound,B788,EHAM,TNCC,37:16:52.50,42:47:20.16,51.210889,-11.874751,41086.0,184446.93395886524,82
283843040,283843040,eastbound,B737,CYHZ,EGPK,37:17:00.00,41:12:58.67,48.5,-52.0,34002.0,64885.7,66
283840518,283840518,westbound,B789,EPWA,KMIA,37:17:58.10,42:34:04.77,52.917069,-13.727305,40178.0,200522.19213000333,68
283843464,283843464,westbound,B78X,EGLL,CYYZ,37:20:42.54,41:51:19.33,53.72712,-12.308883,39030.0,223783.93351396048,78
283841816,283841816,westbound,A333,EDDF,KRSW,37:21:25.20,42:44:20.66,51.80673,-13.840926,38924.0,191070.35274548497,71
283841899,283841899,westbound,A333,LSZH,KJFK,37:21:35.24,42:27:12.49,52.514873,-13.313371,38954.0,191077.07896788663,86
283837809,283837809,eastbound,B77L,KMEM,EGSS,37:21:55.16,41:31:28.39,49.611486,-52.598998,36138.0,231723.55352880375,76
283844533,283844533,westbound,A332,EIDW,KMCO,37:22:39.87,42:50:13.08,53.660183,-13.330731,38657.0,204249.19655753553,89
283843185,283843185,westbound,B77W,LFPG,CYUL,37:22:59.94,42:09:53.11,52.421247,-13.349084,38910.0,269474.8921987071,80
283842584,283842584,westbound,A339,LFPO,TFFF,37:23:05.64,43:15:35.25,47.756905,-6.175055,37354.0,212420.18664914533,98
283843533,283843533,westbound,A332,LEBL,KSFO,37:24:43.42,42:46:36.30,44.648004,-8.791372,38314.0,210806.48093465884,62
283843511,283843511,westbound,B77W,EGLL,KJFK,37:25:22.38,42:20:32.41,53.439588,-12.735074,39193.0,272391.45388231485,86
283842519,283842519,westbound,A339,EDDF,KSEA,37:25:40.08,41:44:13.01,56.877855,-8.572648,38457.0,217788.60973491936,58
283841930,283841930,westbound,B77W,LSZH,CYYZ,37:26:13.18,41:54:02.79,53.626995,-12.82285,39361.0,273887.7502489317,77
283842781,283842781,westbound,B772,EDDF,KIAH,37:26:50.08,41:47:59.38,56.548412,-8.60866,37758.0,243243.15267642046,59
283842760,283842760,westbound,B748,EDDF,MMMX,37:27:41.28,41:34:26.53,57.650805,-8.06832,35748.0,398720.64024224586,48
283843837,283843837,westbound,A35K,EGLL,KPHL,37:28:20.71,42:22:37.62,55.501513,-8.04537,38688.0,256543.85734671002,82
283842759,283842759,westbound,B764,LIPZ,KJFK,37:29:38.43,43:19:43.08,49.373464,-6.581757,35688.0,177869.0734085146,97
283842504,283842504,westbound,A339,LIRF,KBOS,37:29:44.22,43:16:31.50,48.383122,-6.424245,39588.0,206431.8682500616,95
283843139,283843139,westbound,B764,EGLL,KATL,37:29:50.73,42:03:26.65,53.607761,-12.412389,32924.0,181008.4999341247,67
283842323,283842323,westbound,B77W,LSZH,KLAX,37:29:53.43,41:43:44.20,53.125535,-13.714346,37974.0,301201.2422943458,49
283842950,283842950,westbound,A333,LFLL,CYUL,37:31:06.64,43:06:28.95,49.704584,-6.3467,38499.0,193924.7143210419,91
283843898,283843898,westbound,B77W,LFPG,MMUN,37:31:14.63,43:20:50.73,50.703478,-6.569635,37257.0,297265.3742763656,75
283842033,283842033,westbound,B789,LIRF,KLAX,37:31:29.51,42:41:56.84,48.240114,-6.621069,38600.0,216466.38223144505,57
283842542,283842542,westbound,B748,EDDF,KEWR,37:33:17.54,42:18:56.41,56.19421,-8.296227,37371.0,375454.73384402116,83
283843859,283843859,westbound,B772,EGLL,KORD,37:33:22.17,41:58:17.81,53.710977,-11.414504,38676.0,230697.7993128017,77
283845475,283845475,westbound,A333,EIDW,KBDL,37:33:38.84,42:43:40.81,53.758497,-11.97117,38054.0,196664.27423580902,83
283839751,283839751,westbound,B789,LGAV,CYUL,37:35:48.94,42:34:39.40,55.972596,-8.439088,41020.0,188590.90611817068,74
283843905,283843905,westbound,B789,LEMD,MMGL,37:35:55.58,42:50:04.08,41.662277,-13.656733,38981.0,217949.53925160153,59
283842888,283842888,westbound,A333,EDDF,CYYC,37:37:45.08,41:49:00.18,57.56631,-7.980874,38735.0,192305.39469936932,61
283842670,283842670,westbound,A346,EDDF,KDEN,37:39:39.24,41:52:43.34,56.885382,-8.457269,38287.0,301636.606350981,60
283842659,283842659,westbound,A343,EDDF,KBOS,37:41:38.01,43:10:46.63,55.936831,-8.204554,38160.0,209041.5974699687,88
283843659,283843659,westbound,B789,EHAM,MMMX,37:43:53.27,42:01:23.88,57.344451,-8.125322,39128.0,216108.46439101858,51
283843535,283843535,westbound,A333,LIMC,KJFK,37:43:57.31,43:31:15.59,49.413703,-6.235147,38631.0,193119.933113668,97
283845139,283845139,westbound,A35K,EGCC,KJFK,37:44:11.29,42:55:34.13,54.235635,-9.451186,38757.0,254955.6861860107,90
283842866,283842866,westbound,B772,LFPG,KATL,37:44:12.17,42:05:56.88,52.997841,-13.872561,38557.0,232084.59820938067,67
283844309,283844309,westbound,B772,EGLL,KIAH,37:44:58.19,42:04:20.86,53.792775,-12.064083,37873.0,242074.15758197667,62
283845869,283845869,westbound,A333,EINN,KJFK,37:46:00.00,42:49:19.04,52.973611,-13.728056,37948.0,197329.4,85
283845336,283845336,westbound,B789,EGKK,KMIA,37:48:11.56,43:40:16.99,50.638072,-6.589587,39907.0,208706.61038174023,91
283843801,283843801,westbound,A333,EHAM,KBOS,37:53:31.90,43:09:19.44,54.10265,-10.569014,38552.0,193585.87362296623,86
283844324,283844324,westbound,A35K,EGLL,KMCO,37:53:34.53,43:08:10.71,51.39551,-13.83544,38106.0,265201.9796598334,82
283843517,283843517,westbound,A333,EKCH,KJFK,37:54:11.42,42:40:38.85,60.272498,-7.900347,38687.0,192571.3692312258,81
283844044,283844044,westbound,A333,EHAM,KSEA,37:54:21.52,42:14:53.89,56.766968,-8.286429,38453.0,194073.28546787,60
283842996,283842996,eastbound,A345,KBOS,EDDS,37:54:34.96,42:37:39.05,49.218521,-52.256685,35636.0,272699.0709739524,87
283843939,283843939,westbound,B772,LFPG,CYOW,37:54:37.28,42:39:48.72,52.680453,-13.536827,39143.0,221657.52679349322,78
283843319,283843319,westbound,A333,EDDF,KPHL,37:54:54.83,42:53:55.90,56.430129,-7.642252,38680.0,192651.85816534146,81
283843515,283843515,westbound,B744,EDDF,CYYZ,37:56:34.23,42:33:07.79,56.261409,-8.19466,38630.0,296516.7896599295,82
283844305,283844305,westbound,B772,EHAM,KSFO,37:58:06.11,42:05:34.71,56.958972,-8.810574,37456.0,247590.7830147285,53
283840500,283840500,eastbound,B77L,KCVG,EGNX,37:58:26.85,42:07:22.84,49.685776,-52.814182,35671.0,229397.79231814024,79
283845033,283845033,westbound,B763,EGLL,KORD,38:00:33.89,42:32:53.69,53.710829,-11.880291,38978.0,161031.06535507942,76
283844954,283844954,westbound,B77W,EGLL,KJFK,38:05:20.74,42:59:21.82,53.440348,-13.002478,39034.0,272387.0437278313,86
283844065,283844065,westbound,B788,LFPG,KPHL,38:08:23.78,42:54:53.32,52.369624,-13.322636,42086.0,173985.4203835855,83
283845884,283845884,westbound,A333,EGCC,KJFK,38:09:20.08,43:31:06.38,54.180159,-9.475327,38130.0,196241.9275930581,90
283843268,283843268,westbound,A332,EDDF,KMCO,38:10:42.81,43:32:43.61,51.644093,-13.627351,38879.0,206140.77356646198,75
283840101,283840101,eastbound,B744,KIND,ELLX,38:11:52.24,42:51:31.71,49.694678,-52.716549,35116.0,288771.4879018889,83
283844930,283844930,westbound,B789,EGLL,CYUL,38:14:41.63,43:00:03.79,53.593004,-12.689102,41108.0,193883.18228195858,80
283844673,283844673,westbound,A359,LFPG,CYVR,38:14:47.55,42:30:29.83,55.913681,-9.108258,38568.0,239418.90477671812,59
283845530,283845530,westbound,B772,EGKK,KMCO,38:15:05.90,44:05:32.55,50.621865,-6.481557,36835.0,238533.3198037927,94
283845874,283845874,westbound,B772,LFPG,MUHA,38:15:18.72,44:08:06.32,48.472583,-6.44232,36709.0,243044.25284031796,86
283844980,283844980,westbound,B789,EGLL,CYYC,38:15:49.55,42:24:08.56,56.06307,-8.139284,40108.0,205608.39244069572,68
283845017,283845017,westbound,A339,EDDF,MUVR,38:16:36.93,44:16:42.88,49.644225,-6.732787,38323.0,218118.94859586412,83
283845482,283845482,westbound,B764,LFPG,KJFK,38:17:33.81,44:14:31.19,49.718394,-6.112194,35944.0,176357.83805226634,98
283846561,283846561,westbound,A333,EIDW,KMSP,38:18:00.00,42:56:50.64,54.643056,-9.234444,37947.0,197329.4,78
283845443,283845443,westbound,B789,EGLL,KORD,38:20:20.44,42:48:59.76,53.88461,-11.301064,40491.0,201222.21732127704,79
283845211,283845211,westbound,B772,EGLL,CYVR,38:21:17.87,42:29:08.45,56.296354,-8.857992,37995.0,240225.59542498086,61
283844426,283844426,westbound,B789,LFPG,MMMX,38:22:28.95,42:38:24.94,52.912192,-13.066467,39209.0,214461.32631450042,50
283845519,283845519,westbound,A359,LFPO,KMIA,38:24:32.81,44:11:05.44,48.640616,-7.100461,38501.0,237356.83137997484,89
283845157,283845157,westbound,A388,EGLL,KSFO,38:24:44.14,42:30:32.34,56.342515,-8.824464,37557.0,491415.788588899,54
283844832,283844832,westbound,B772,EHAM,CYEG,38:25:33.59,42:28:18.30,57.169965,-8.027249,38445.0,233692.17313196053,67
283843620,283843620,eastbound,B763,KJFK,EDDP,38:25:54.12,43:29:12.95,49.791906,-53.306943,35194.0,156591.5201456808,91
283846685,283846685,westbound,A333,EIDW,KLAS,38:27:00.00,42:59:33.42,54.815556,-8.828056,37938.0,197329.4,61
283845437,283845437,westbound,A333,EFHK,KORD,38:27:33.88,43:27:28.92,63.510202,7.720638,38438.0,194163.54069866263,81
283843184,283843184,eastbound,B789,KJFK,EGLL,38:30:16.63,42:44:59.38,48.973348,-53.174405,36210.0,187159.41626859317,80
283845892,283845892,westbound,B764,LFPG,KATL,38:32:05.70,43:55:51.33,50.118925,-6.047256,34468.0,183747.65661373624,79
283847015,283847015,westbound,A333,EIDW,KSEA,38:33:00.00,42:58:24.56,54.466667,-10.116667,37944.0,197329.4,69
283845962,283845962,westbound,A359,LFPG,SKBO,38:33:18.16,44:20:13.07,47.650811,-6.673995,37568.0,246157.52140110682,78
283845297,283845297,westbound,B78X,LIMC,KORD,38:35:13.27,43:37:07.39,50.355882,-6.400273,39791.0,222100.62335718123,82
283845053,283845053,westbound,A333,EHAM,KMSP,38:36:15.66,43:12:02.99,56.543277,-8.12514,38431.0,194195.77493668007,77
283845753,283845753,westbound,B788,LEMD,KJFK,38:36:55.14,44:01:22.49,44.490306,-11.894362,41999.0,175939.91241183682,94
283845606,283845606,westbound,A339,EGLL,KTPA,38:39:29.08,43:58:32.11,51.556317,-14.013592,38839.0,212641.5411924427,79
283845322,283845322,westbound,A388,EGLL,KLAX,38:39:50.41,42:48:40.92,53.763416,-11.305594,37478.0,493546.6546193967,53
283846250,283846250,westbound,B77W,EGLL,TBPB,38:40:32.31,44:18:35.69,49.96828,-6.582483,36607.0,286957.9362874595,100
283846592,283846592,westbound,B772,EGKK,MMUN,38:41:00.05,44:33:54.09,50.655092,-6.626508,36710.0,246439.26094368036,82
283841981,283841981,eastbound,B77L,KCVG,EDDP,38:41:14.35,43:32:08.05,49.959138,-52.872427,35599.0,238882.32546181657,85
283845260,283845260,westbound,B772,EHAM,CYVR,38:41:14.40,42:47:04.72,56.900565,-8.30161,38031.0,239537.96666336583,59
283843860,283843860,eastbound,A333,KJFK,EGLL,38:42:13.39,43:03:39.21,49.28871,-52.573957,35971.0,189888.54068690297,78
283845782,283845782,westbound,A332,EHAM,CYUL,38:45:33.35,43:52:08.90,56.044968,-8.137596,39783.0,195156.62513161887,84
283843450,283843450,eastbound,B763,KEWR,EGLL,38:45:44.21,43:05:02.94,49.622607,-52.428044,35268.0,151136.3013632525,80
283842301,283842301,eastbound,B763,KCVG,EBBR,38:48:54.49,43:28:20.20,49.976118,-52.629717,35175.0,154213.81413166135,85
283846215,283846215,westbound,B789,EGLL,KDEN,38:52:26.17,43:12:12.28,53.738435,-9.902416,39844.0,208880.53571865405,68
283845877,283845877,westbound,B77W,EGLL,KJFK,38:54:00.41,43:50:01.03,53.60488,-12.675062,39629.0,272459.0324510474,86
283845854,283845854,westbound,A388,EGLL,KBOS,38:54:10.31,43:47:49.75,53.516661,-12.928254,39667.0,442773.22870515607,83
283845818,283845818,westbound,B772,EGLL,TXKF,38:57:09.35,44:13:30.70,51.421066,-12.810146,39137.0,223791.6604318003,94
283846372,283846372,westbound,GLEX,EBCI,KSAT,39:01:28.82,43:30:55.70,54.78586,-8.230912,44541.0,37502.74125035674,62
283843590,283843590,westbound,B789,LIRF,CYYC,39:02:55.43,43:07:22.13,53.416222,-13.622107,40229.0,200655.60647030035,53
283846031,283846031,westbound,B77L,EDDF,CYYZ,39:04:52.84,43:46:32.22,55.526074,-8.229985,42154.0,244430.62423345816,82
283845536,283845536,westbound,A339,EDDF,KMIA,39:05:57.75,45:04:53.55,49.71961,-6.580411,38557.0,216252.736419446,84
283848298,283848298,westbound,A333,BIKF,KBWI,39:06:00.00,42:34:54.11,63.916667,-27.160278,38078.0,196102.2,57
283843086,283843086,eastbound,B763,KPHL,LFPG,39:10:10.17,43:49:26.14,49.150655,-52.793104,35648.0,153238.41014337234,86
283846765,283846765,westbound,B789,EGLL,MMMX,39:12:40.14,43:32:53.37,56.130399,-8.91647,39146.0,216406.4362786892,53
283845299,283845299,westbound,A388,EDDM,KBOS,39:12:49.06,44:24:08.95,55.99252,-7.997332,39481.0,453147.8403220993,88
283846830,283846830,westbound,B772,EGLL,KDFW,39:15:01.92,43:33:49.32,53.830349,-11.138098,37977.0,240735.25607013097,63
283846488,283846488,westbound,B772,EGLL,KCLT,39:15:29.03,43:48:47.31,53.834627,-11.590855,38607.0,231045.92218538324,77
283843998,283843998,eastbound,B763,KPHL,EGNX,39:18:54.83,43:28:58.59,49.530813,-52.930521,35653.0,150989.7015750569,78
283847770,283847770,westbound,B789,EGLL,MKJS,39:20:08.16,45:14:00.50,50.216661,-6.763041,39689.0,211152.70775191445,90
283847288,283847288,westbound,B77W,LFPG,KJFK,39:21:16.19,44:52:21.00,50.138028,-6.615744,37254.0,276434.9428492247,96
283846608,283846608,westbound,A359,LFPG,MMMX,39:22:37.25,43:43:06.58,55.759578,-8.57611,37767.0,248350.27532432438,51
283847989,283847989,westbound,B789,EGLL,KMIA,39:26:11.49,45:14:42.32,50.504959,-6.627349,39920.0,208558.0892145342,90
283848728,283848728,westbound,A333,LPMA,BIKF,39:27:00.00,43:20:56.56,34.843056,-18.058611,38398.0,190070.1,67
283846900,283846900,westbound,A339,EGLL,KATL,39:29:28.38,44:09:48.05,55.751042,-8.204016,38906.0,211611.08847322603,71
283847507,283847507,westbound,A359,LFPG,KMIA,39:29:41.87,45:15:06.40,48.580219,-7.171078,38607.0,237414.05063654666,88
283845809,283845809,westbound,A359,LFPG,KLAX,39:32:26.70,43:46:16.09,53.090669,-13.403609,37939.0,246985.91670871043,51
283846986,283846986,westbound,B763,EGLL,KEWR,39:33:40.98,44:32:55.90,53.683084,-13.11501,40159.0,156700.26244260487,83
283847373,283847373,westbound,B77W,EGLL,KORD,39:33:52.70,44:02:30.01,53.791192,-11.172876,39198.0,280300.79003697465,78
283848103,283848103,westbound,B788,EGLL,KBNA,39:34:40.73,44:17:23.09,54.824125,-7.956662,41413.0,182694.01253137802,78
283844933,283844933,eastbound,B748,KPHL,EDDK,39:37:25.46,44:13:22.77,49.693122,-52.872271,35241.0,368411.20174820226,89
283846526,283846526,westbound,A339,LFPG,KSEA,39:39:24.09,43:55:01.47,53.485132,-13.573622,38501.0,217335.10248600066,57
283848212,283848212,westbound,B763,LFPG,KIAD,39:40:06.05,45:18:48.63,50.028014,-6.492381,37091.0,160831.63300423138,93
283848715,283848715,westbound,A333,EIDW,KPHL,39:40:28.32,44:45:09.94,53.650071,-12.888513,38022.0,196864.43073885725,84
283847483,283847483,westbound,A333,EFHK,KJFK,39:42:30.21,45:16:13.89,63.10954,6.86859,38467.0,193977.6331790785,93
283847527,283847527,westbound,A35K,EGLL,KPHX,39:43:39.08,44:00:22.58,53.768491,-10.881449,37179.0,277418.9249932784,56
283847544,283847544,westbound,B78X,EGLL,KPDX,39:46:32.24,43:51:46.88,56.281996,-8.879945,38976.0,224050.90266737327,60
283847889,283847889,westbound,GLEX,ESSA,KSUA,39:47:18.41,44:41:29.27,62.251568,1.406111,44909.0,36710.03830223724,69
283846058,283846058,westbound,A359,EDDM,KORD,39:47:58.28,44:18:42.30,56.807455,-7.893696,39291.0,232649.60429045733,73
283848282,283848282,westbound,A339,EGLL,KJFK,39:48:05.91,45:11:18.65,55.119989,-8.30563,39615.0,204013.49079392056,91
283849201,283849201,westbound,A333,EIDW,KIAD,39:49:42.47,44:40:19.97,53.534178,-12.292255,37985.0,197098.82125539376,76
283846522,283846522,westbound,A332,LIRF,KJFK,39:50:59.31,45:34:53.87,47.934882,-6.134083,39425.0,201224.50688320168,95
283846525,283846525,westbound,A359,EDDM,KEWR,39:51:10.43,44:55:09.48,55.991149,-8.348034,39737.0,227519.19947958793,89
283846665,283846665,westbound,B789,EDDM,KDEN,39:52:54.25,44:10:34.75,56.616523,-8.3017,39773.0,206144.84490050274,60
283848502,283848502,westbound,B789,LFPG,KIAD,39:56:52.83,45:17:31.49,50.50143,-6.406794,40509.0,201316.97114879452,93
283849416,283849416,westbound,A333,BIKF,KBOS,39:58:00.00,44:14:32.49,63.916667,-27.160278,38463.0,192471.1,72
283849487,283849487,westbound,A333,EIDW,KBOS,39:59:00.00,45:15:24.31,53.848889,-10.999444,37948.0,197329.4,85
283847994,283847994,westbound,B772,EHAM,KBOS,40:00:36.05,45:14:41.97,56.023205,-8.174125,39118.0,223227.56056122456,88
283846617,283846617,westbound,B772,LIRF,KSFO,40:02:59.00,45:11:42.98,48.535721,-6.814923,36641.0,251074.96386607242,57
283848484,283848484,westbound,B772,EGLL,KATL,40:03:24.48,44:38:45.37,53.673393,-11.169747,38431.0,234031.74219008972,75
283844797,283844797,westbound,B763,LGAV,KEWR,40:05:27.60,45:42:12.52,49.036287,-7.106942,40025.0,161439.30361883435,76
283846011,283846011,eastbound,B772,KJFK,EGLL,40:05:43.66,44:16:13.44,49.964952,-53.265885,34857.0,213786.8329958627,79
283849331,283849331,westbound,A333,EIDW,KORD,40:06:00.00,44:45:56.00,54.359444,-11.137222,37948.0,197329.4,78
283849924,283849924,westbound,A333,BIKF,KSWF,40:06:00.00,43:52:39.86,63.429444,-26.958333,38308.0,193936.5,62
283847855,283847855,westbound,B77W,EGLL,CYYZ,40:08:28.69,44:42:24.49,53.790048,-11.886663,39758.0,274296.68700016214,78
283848330,283848330,westbound,B78X,EHAM,KJFK,40:09:08.63,45:23:06.29,55.89756,-7.665235,39198.0,223567.34476371744,92
283848042,283848042,westbound,B763,EGLL,KEWR,40:09:36.28,45:09:49.37,53.69307,-12.840106,40241.0,156281.12805941803,83
283847313,283847313,westbound,A359,EDDM,KIAD,40:10:09.76,45:09:01.53,56.022404,-8.260142,39533.0,229841.10818318184,84
283848614,283848614,westbound,B772,EGLL,KSFO,40:13:26.50,44:20:12.79,56.270344,-8.900975,37426.0,248197.04805948542,54
283848997,283848997,westbound,A35K,EGLL,KDEN,40:17:44.70,44:37:14.61,55.915297,-7.885366,37676.0,270279.94317070313,67
283848756,283848756,westbound,B77W,EGLL,KJFK,40:19:12.59,45:12:49.59,53.499204,-13.357534,39912.0,272054.8462635653,85
283848460,283848460,westbound,B772,LFPG,KDTW,40:19:28.86,44:53:45.77,53.78752,-10.475072,38844.0,228370.83752019695,79
283849222,283849222,westbound,B78X,EGLL,KEWR,40:20:55.16,45:27:54.82,54.597533,-8.102284,39505.0,224740.8765254064,90
283847357,283847357,westbound,A359,EDDM,KSFO,40:22:26.30,44:43:39.15,56.838696,-7.912655,37999.0,247424.71116276443,51
283849967,283849967,westbound,A333,EIDW,KJFK,40:23:06.80,45:37:44.61,53.738664,-11.114948,38020.0,196885.11772717873,88
283849066,283849066,westbound,B77W,EGLL,KSEA,40:25:41.29,44:39:25.98,53.748942,-10.377854,37287.0,293359.8042163982,64
283848742,283848742,westbound,B77W,EHAM,KATL,40:27:36.71,45:00:59.04,56.3869,-8.046356,38646.0,285546.79122678895,72
283849224,283849224,westbound,A333,LEAL,BIKF,40:28:07.75,43:13:03.15,44.809855,-7.205102,39363.0,185361.36701145122,45
283849319,283849319,westbound,B772,EGLL,KIAD,40:32:10.88,45:11:59.44,53.678745,-10.621324,38889.0,227948.5854838026,78
283847891,283847891,westbound,A359,EDDM,CYUL,40:35:46.08,45:36:39.80,55.791745,-7.905443,39926.0,225266.48252700185,85
283848659,283848659,westbound,A359,LFPG,KATL,40:37:44.29,45:01:40.22,52.801053,-13.821417,39199.0,232883.14367728855,67
283848909,283848909,westbound,B77W,EGLL,KDFW,40:38:08.32,44:56:41.75,53.852591,-10.985024,37428.0,291951.5342718672,63
283848418,283848418,westbound,B788,EDDF,KIAD,40:42:59.00,45:44:32.26,54.679493,-8.248584,41807.0,176621.4606522575,89
283849932,283849932,westbound,A388,EGLL,KIAD,40:44:30.46,45:30:43.63,55.579902,-7.889644,39144.0,453080.03983346856,81
283848429,283848429,westbound,A388,LIMC,KJFK,40:45:52.73,46:13:10.66,50.255237,-6.180409,39189.0,458108.85152942187,96
283849303,283849303,westbound,B78X,EGLL,KPIT,40:46:13.83,45:21:17.05,53.771893,-11.860409,38592.0,223897.826896759,77
283848622,283848622,westbound,A343,EDDF,KJFK,40:46:54.96,46:06:11.17,56.080997,-8.276997,37949.0,211337.82565726043,89
283848908,283848908,westbound,B744,EDDS,KNGU,40:47:16.89,45:28:51.05,56.018199,-7.955862,38465.0,299927.8161270105,75
283849687,283849687,westbound,B77W,EGLL,KLAX,40:49:35.45,45:03:40.14,53.840107,-10.777016,37055.0,302765.02943670854,54
283849557,283849557,westbound,A35K,EGLL,KJFK,40:53:55.00,45:50:44.68,53.337113,-13.025682,38893.0,254579.9436353926,86
283851247,283851247,westbound,B772,BIKF,KDTW,40:55:00.00,44:08:10.75,63.584722,-27.044722,39283.0,221133.8,57
283849503,283849503,westbound,B77L,EDDF,KATL,40:58:38.02,45:30:29.64,55.632113,-9.103859,41578.0,252936.15197664485,68
283851108,283851108,westbound,B772,BIKF,KIAD,41:01:00.00,44:25:03.81,63.428056,-26.963333,39209.0,221221.3,58
283851004,283851004,westbound,B772,BIKF,KORD,41:03:00.00,44:03:17.01,63.423889,-26.955556,39160.0,223017.8,53
283849457,283849457,westbound,A333,LEMG,BIKF,41:05:20.34,43:56:37.32,43.864358,-8.480858,39340.0,185519.15084029693,48
283850521,283850521,westbound,B752,GCTS,BIKF,41:05:42.22,44:58:23.31,34.643628,-16.060979,37912.0,89673.80189931215,66
283849896,283849896,westbound,B77W,EGLL,KJFK,41:07:12.59,46:00:49.59,53.499215,-13.35753,39912.0,272054.85059428035,85
283849084,283849084,westbound,B772,EDDF,KSFO,41:07:18.67,45:17:50.06,56.952003,-8.769183,37454.0,247091.22468412286,51
283850444,283850444,westbound,A339,EGLL,KSEA,41:07:31.85,45:26:39.81,55.94407,-8.102906,38358.0,217519.00612705294,63
283850299,283850299,westbound,B77W,EGLL,CYYZ,41:13:43.11,45:47:55.19,53.730621,-11.367626,39723.0,274777.1012009357,79
283846527,283846527,eastbound,B772,KJFK,LIMC,41:15:53.39,45:57:27.66,49.90588,-52.961548,34790.0,221450.99840841437,87
283848732,283848732,westbound,A333,LSZH,KEWR,41:16:54.99,46:16:00.59,52.539866,-13.42862,38974.0,191056.13096519953,84
283851422,283851422,westbound,B772,BIKF,KEWR,41:18:00.00,44:47:05.39,63.584722,-27.044722,39301.0,218769.4,60
283850230,283850230,westbound,B772,EGLL,CYVR,41:18:45.56,45:21:16.60,56.430844,-9.143251,37994.0,240295.6478008961,60
283850432,283850432,westbound,B789,GMMN,CYUL,41:19:44.90,46:50:57.40,40.103604,-14.333436,38758.0,195616.9652377738,81
283851718,283851718,westbound,B763,BIKF,KBOS,41:20:00.00,45:33:10.28,63.427778,-26.963611,38890.0,149673.2,70
283850233,283850233,eastbound,B772,CYHZ,EGLL,41:20:29.33,45:26:21.73,49.182955,-52.05583,34969.0,215016.78611068794,76
283847974,283847974,westbound,B788,EPWA,KORD,41:22:44.66,45:35:21.46,59.684332,-8.704117,41694.0,175195.52265817192,66
283849674,283849674,westbound,A359,EKCH,KIAD,41:22:53.64,45:58:14.85,60.242502,-7.350941,39499.0,229136.7801209122,79
283851464,283851464,westbound,B763,BIKF,KJFK,41:24:00.00,45:36:20.87,63.4225,-26.964444,38886.0,151285.8,70
283851498,283851498,westbound,B772,BIKF,CYYZ,41:28:00.00,44:44:27.71,63.584722,-27.044722,39303.0,218715.8,58
283848392,283848392,westbound,B788,EPWA,CYYZ,41:29:18.99,46:03:33.93,59.0949,-7.462163,41953.0,172681.41977965753,76
283841846,283841846,eastbound,B77L,KLAX,EGNX,41:29:25.38,45:26:49.08,50.076664,-53.055704,42388.0,227281.4499243784,55
283849106,283849106,westbound,B772,EPWA,KJFK,41:29:45.58,46:37:23.17,58.915827,-7.970066,38976.0,225238.88289805545,90
283851355,283851355,westbound,B772,BIKF,KBWI,41:34:00.00,45:00:34.76,63.422778,-26.958611,39033.0,220766.3,58
283851888,283851888,westbound,A333,EGPH,KBGR,41:34:27.07,46:42:42.75,55.283147,-8.011952,37993.0,197030.8154342304,89
283850236,283850236,westbound,B744,EBLG,KGSP,41:35:03.43,46:12:45.81,55.906561,-8.088618,37889.0,305433.78285090934,75
283851038,283851038,westbound,B772,GCLP,BIKF,41:35:33.82,45:17:30.32,34.827581,-15.667599,39107.0,213007.56266394863,66
283850377,283850377,westbound,B772,EGLL,KBWI,41:35:36.07,46:22:53.76,53.370652,-13.259104,39022.0,225952.7088121408,83
283850853,283850853,westbound,B789,EGLL,CYYZ,41:40:16.25,46:15:30.13,53.8362,-10.808116,40802.0,197718.5260500026,80
283849433,283849433,westbound,A333,LSZH,KBOS,41:41:33.19,46:51:53.54,52.535638,-13.397877,38975.0,191072.2845686733,82
283849151,283849151,westbound,B789,EPWA,KEWR,41:43:41.48,46:45:37.60,58.104464,-7.518212,40773.0,194499.31571013047,87
283850796,283850796,westbound,B78X,EGLL,KBOS,41:46:09.30,46:44:10.35,53.267537,-12.848969,37542.0,223629.92047544828,83
283851629,283851629,westbound,A359,LFPO,KEWR,41:56:12.49,47:21:40.37,50.372198,-6.323896,39570.0,227165.39567007188,95
283849915,283849915,westbound,GLEX,LOWK,KBGR,41:57:41.67,46:41:09.31,54.012797,-11.52187,47102.0,30869.955293881605,84
283851574,283851574,westbound,B789,EGLL,CYYZ,42:04:20.99,46:40:23.49,53.759257,-10.897244,40802.0,197708.5395005818,80
283851499,283851499,westbound,B772,EGLL,KJFK,42:06:56.58,47:00:52.94,53.360089,-13.341661,39185.0,223647.4837831539,85
283851689,283851689,westbound,A35K,EGLL,KLAS,42:16:58.33,46:30:54.48,56.28164,-8.790751,37210.0,276825.373397302,56
283852923,283852923,westbound,B744,EINN,KORD,42:20:38.09,46:44:46.15,52.492701,-13.636344,37481.0,298292.9688334692,77
283851805,283851805,westbound,A339,EGLL,KBOS,42:21:06.97,47:30:13.06,53.39127,-12.812,39904.0,201364.71175835698,83
283851362,283851362,westbound,B763,EGLL,KEWR,42:24:27.60,47:21:30.32,53.65776,-13.211456,40237.0,156289.8669974836,83
283848278,283848278,westbound,B77W,LGAV,KEWR,42:29:04.77,47:08:52.63,52.927581,-13.176822,39904.0,273867.31852329575,68
283846885,283846885,eastbound,B763,KSDF,EGSS,42:32:12.33,46:51:55.02,49.957743,-52.951875,35450.0,152883.53723354737,80
283852491,283852491,westbound,B748,EDDK,KSDF,42:45:59.86,47:14:49.13,56.873968,-7.523053,36377.0,386005.34858619905,74
283853194,283853194,westbound,A333,GCTS,BIKF,42:50:20.61,46:46:14.52,34.674591,-15.997751,38604.0,191663.0731977976,67
283853295,283853295,westbound,A359,LFPG,KBOS,42:58:31.62,48:29:54.87,50.439831,-6.291488,39769.0,224952.6768738412,94
283852711,283852711,westbound,A35K,EGLL,KJFK,43:00:27.87,47:56:42.37,53.332332,-12.870246,38892.0,254609.18422202356,86
283853058,283853058,westbound,B772,EGLL,KJFK,43:03:32.68,47:51:40.60,53.650955,-12.836391,39124.0,224598.10902287747,84
283851996,283851996,westbound,B789,LIRF,KJFK,43:11:22.65,48:51:54.75,47.151754,-6.041405,40631.0,197571.36309706894,95
283852571,283852571,westbound,B77L,EDDP,KCVG,43:26:54.61,47:55:28.59,57.109915,-7.57881,41783.0,249784.93445871738,71
283853246,283853246,westbound,A359,LFPG,KLAX,43:33:08.25,47:52:43.07,55.82983,-8.675671,37840.0,247593.31160061932,53
283854539,283854539,westbound,B763,LEZG,CYYZ,43:41:14.89,49:29:20.65,44.962333,-6.378205,39494.0,161382.31667632228,96
283850801,283850801,eastbound,B77L,KCVG,EDDP,43:41:58.11,48:33:24.45,49.9108,-53.224963,35861.0,237606.3018262563,82
283853741,283853741,westbound,B77L,LFPG,KMEM,43:42:01.75,48:13:15.56,54.433554,-8.704785,41425.0,255387.8757250403,70
283853750,283853750,westbound,B77L,EDDF,KMEM,43:43:14.03,48:14:19.88,55.515326,-8.32434,41412.0,255353.1681091238,67
283853933,283853933,westbound,B772,EGLL,KJFK,43:45:25.24,48:39:16.82,53.442796,-12.972589,39183.0,223714.61854324013,86
283853685,283853685,westbound,A359,LFPG,KJFK,43:57:05.66,48:54:08.37,52.182946,-13.430323,39903.0,224811.29113580415,87
283854531,283854531,westbound,B763,EBBR,KCVG,44:00:57.96,48:51:45.84,55.41812,-8.028429,39494.0,162609.98419369647,79
283854594,283854594,westbound,B789,EGLL,KJFK,44:02:31.87,48:59:47.09,53.533097,-12.740962,40929.0,195946.56779737273,87
283852861,283852861,westbound,B77L,LIMC,KMEM,44:03:06.63,48:22:02.83,53.318977,-13.544702,41561.0,253276.82669919016,62
283851166,283851166,eastbound,A332,KCVG,LIMC,44:05:00.13,48:53:20.41,49.699688,-52.593814,35952.0,198294.8234559817,77
283854612,283854612,westbound,B772,EGLL,KBOS,44:06:02.37,49:03:00.90,53.486009,-12.85585,39344.0,221437.40981958664,83
283854192,283854192,westbound,B77L,EDDK,KMEM,44:16:05.68,48:46:28.17,54.968312,-8.472471,41418.0,255383.3909435131,68
283855452,283855452,westbound,B763,EGNX,KCVG,44:18:34.56,49:09:32.60,55.339104,-8.40494,39537.0,161595.62400003232,80
283855440,283855440,westbound,B77L,EGSS,KMEM,44:23:55.58,49:01:13.11,54.787781,-7.82136,41399.0,255889.06998076156,75
283855303,283855303,westbound,B763,EGSS,KSDF,44:36:03.58,49:25:28.82,55.572289,-8.338912,39500.0,162292.41275378852,80
283855177,283855177,eastbound,A332,TNCM,LFPG,44:44:12.49,51:13:22.54,26.15898,-56.259946,39152.0,202300.89358202906,110
283855589,283855589,westbound,B77L,LFPG,KMEM,45:03:12.36,49:32:30.02,54.483935,-9.14621,41458.0,254862.16422029314,69
283856207,283856207,westbound,B77L,EGNX,KCVG,45:07:28.91,49:46:05.40,55.175917,-8.275265,41760.0,250673.97954564766,81
283855529,283855529,westbound,B748,EDDK,KSDF,45:16:14.48,49:45:22.30,56.567459,-7.599981,36282.0,386506.3027080338,75
283855863,283855863,westbound,B789,EHAM,MMMX,45:20:41.85,49:35:54.89,56.870148,-8.648723,39127.0,216261.07351406355,51
283856304,283856304,westbound,B77L,EGSS,KIND,45:27:24.87,50:03:51.09,54.978718,-7.879372,41750.0,250687.22834038836,81
283855843,283855843,westbound,B748,ELLX,KORD,45:31:05.68,49:54:57.66,55.88514,-8.046713,36590.0,384157.90888729703,78
283851443,283851443,eastbound,B789,MMMX,LFPG,45:35:14.41,51:50:56.36,39.897006,-68.245563,39957.0,193439.05693541316,83
283856521,283856521,westbound,B788,EGLL,SKBO,45:48:15.89,51:34:22.27,49.706681,-6.65852,40387.0,193729.78259733127,79
283855275,283855275,eastbound,A346,KJFK,EDDF,46:19:30.95,51:09:32.27,49.604073,-52.825545,35284.0,280699.25319140416,88
283856933,283856933,westbound,B772,LEAL,BIKF,46:26:49.07,49:10:05.59,44.16074,-7.261843,40439.0,205796.42447475478,48
283856000,283856000,eastbound,A339,KBOS,LIRF,46:27:15.73,51:18:24.08,48.884092,-52.313509,36401.0,206251.09923899616,84
283856757,283856757,westbound,B789,EGLL,MMMX,46:27:53.24,50:51:49.19,55.546036,-8.220748,39125.0,217021.02496033147,54
283854330,283854330,eastbound,B748,KSDF,EDDK,46:27:58.72,51:02:47.71,49.357834,-52.452605,36012.0,370115.20551254955,82
283856823,283856823,westbound,B789,LEMD,MMMX,46:28:09.41,51:42:57.00,42.001374,-13.675088,39100.0,216416.06940122563,60
283855666,283855666,eastbound,A339,KJFK,LIRF,46:49:03.34,51:43:12.70,48.58755,-52.544491,36575.0,206810.656759196,81
283855779,283855779,eastbound,A332,CYUL,DAAG,46:53:25.23,51:24:51.35,47.394846,-52.315282,38553.0,197038.57811625118,81
283856983,283856983,westbound,A359,LEMD,MMMX,47:10:03.30,52:29:15.86,42.320247,-13.049229,37641.0,248583.855472221,62
283856962,283856962,westbound,B744,EHAM,KMIA,47:17:24.10,52:35:03.84,53.445157,-13.430915,37762.0,310320.64948581666,78
283856619,283856619,westbound,B788,LIRF,MMMX,47:28:33.36,52:56:39.67,42.669547,-11.236185,40233.0,190995.61841115265,55
