identifier,base_fid,direction,actype,origin,destination,spawn_time,del_time,spawn_lat,spawn_lon,spawn_alt_ft,spawn_mass_kg,n_waypoints
274205288,274205288,eastbound,B744,KATL,ELLX,19:55:09.75,24:36:30.00,48.053641,-52.398268,38964.0,291629.81649894867,76
274207902,274207902,eastbound,A332,KJFK,LROP,20:26:11.17,25:12:14.51,47.856982,-51.979356,38976.0,204833.79425107187,69
274209452,274209452,eastbound,A332,KJFK,LYBE,20:48:30.04,25:39:02.37,48.689431,-52.103505,39254.0,201957.63570758948,75
274211169,274211169,eastbound,B772,TAPA,EGKK,21:00:53.44,27:00:17.78,26.263342,-54.665953,38772.0,228302.34513296644,106
274207180,274207180,eastbound,B77L,KCVG,EDDP,21:14:04.59,26:00:53.97,50.855163,-53.380901,42302.0,238751.89225078817,79
274212542,274212542,westbound,A333,LPPT,BIKF,21:16:18.01,24:04:15.82,43.941214,-8.934657,39327.0,184894.4122040111,48
274210957,274210957,eastbound,A332,CYUL,DTTA,21:19:16.38,25:54:48.59,48.932232,-52.997384,39316.0,200538.16810368394,76
274205741,274205741,eastbound,B789,MMGL,LEMD,21:42:02.04,26:44:29.36,43.731897,-58.250127,40871.0,183172.48732887048,61
274213154,274213154,eastbound,GLEX,TXKF,EDDK,21:43:30.39,28:11:09.12,35.408119,-61.076393,46083.0,34472.21767724339,114
274205740,274205740,eastbound,B788,MMMX,LEMD,21:53:56.29,26:54:44.28,43.803114,-57.822853,41819.0,161012.6783217898,62
274211505,274211505,eastbound,B744,KJFK,EDDF,22:00:16.88,26:40:37.86,48.358208,-52.39763,38952.0,289557.62785469886,84
274206988,274206988,eastbound,B77L,KDFW,EBLG,22:19:27.20,26:56:05.08,51.371194,-54.554601,42413.0,235759.9861191026,69
274212853,274212853,eastbound,B772,KJFK,LGAV,22:20:44.03,27:29:04.69,43.685073,-58.023359,38038.0,238110.01064882058,73
274212062,274212062,eastbound,A333,KBOS,LGAV,22:22:14.49,27:09:44.74,47.727447,-51.993926,38760.0,191332.49349696087,67
274213538,274213538,westbound,B764,EGLL,KEWR,22:25:59.21,27:54:44.39,55.192294,-9.200209,33499.0,173983.58543660282,86
274211816,274211816,eastbound,B78X,KEWR,LGAV,22:27:41.07,27:01:58.49,46.86583,-52.592305,39717.0,219192.05390102917,65
274212344,274212344,eastbound,A333,KJFK,LIMC,22:31:57.57,27:31:36.32,47.108931,-52.347977,38924.0,190141.72323909294,83
274213456,274213456,eastbound,B772,KEWR,LIRF,22:34:58.21,28:49:24.53,41.137796,-68.683311,38185.0,237423.92572831427,103
274212786,274212786,eastbound,B772,TNCC,EHAM,22:36:13.02,29:17:02.84,26.363811,-58.591228,38411.0,232351.51864184436,100
274213405,274213405,eastbound,B772,MDPC,EGKK,22:40:26.87,29:01:25.57,27.418568,-60.596563,38576.0,230901.14637930403,108
274211111,274211111,eastbound,B77L,MPTO,EBLG,22:41:07.37,29:21:35.91,28.82072,-60.759953,41500.0,252114.65524784217,89
274213171,274213171,eastbound,B772,CYUL,LFPG,22:48:59.36,27:17:56.24,50.089801,-53.696543,39430.0,217500.5675117797,81
274212237,274212237,eastbound,A333,KJFK,LSZH,22:50:30.03,27:57:17.54,47.121752,-52.622483,38904.0,190290.0580031554,85
274213657,274213657,westbound,B789,EGLL,MMMX,22:52:32.93,27:38:07.28,56.035857,-8.484904,39122.0,216679.76104253324,61
274212734,274212734,eastbound,B763,KJFK,LIRN,22:54:10.52,27:47:40.24,46.886987,-52.757854,39434.0,160912.43015894477,77
274212633,274212633,westbound,A333,LEAL,BIKF,22:54:53.38,24:25:35.25,54.627979,-8.74274,39995.0,180760.31423169794,26
274212035,274212035,eastbound,A339,KJFK,LIRF,22:57:39.51,27:52:54.68,47.018174,-52.973447,39370.0,207509.0154917867,78
274213314,274213314,eastbound,B763,KBOS,LOWW,22:59:11.52,27:57:59.71,47.400641,-52.534562,39435.0,158755.8186428669,84
274213142,274213142,eastbound,A359,CYOW,LFPG,22:59:35.59,27:35:52.72,50.524995,-54.275528,40147.0,221402.31871586893,83
274213241,274213241,eastbound,A333,CYUL,LSZH,23:01:13.85,28:04:50.18,49.875836,-53.526639,38734.0,191379.59929325237,84
274213639,274213639,eastbound,B789,MDPC,EGBB,23:02:56.82,29:20:34.63,27.428779,-60.909267,40415.0,200225.58838790722,109
274212280,274212280,eastbound,A333,CYYZ,EDDF,23:04:33.87,28:12:21.10,50.946767,-54.692211,38977.0,189455.02965548795,86
274211400,274211400,eastbound,A333,KRDU,EDDF,23:06:43.61,28:17:43.54,47.358884,-53.030612,39277.0,187506.28106279095,82
274213415,274213415,eastbound,A333,CYUL,EBBR,23:07:17.57,27:59:17.51,50.86251,-54.441793,38702.0,191571.4954073612,84
274212574,274212574,eastbound,B77W,KJFK,LFPG,23:08:00.79,27:37:11.70,47.436787,-52.383478,39633.0,266970.4757638332,81
274210982,274210982,eastbound,A333,KORD,LSZH,23:08:11.23,28:08:24.80,50.860316,-53.316829,39419.0,186135.85619428084,76
274212378,274212378,eastbound,A333,KDTW,LFPG,23:10:09.19,27:59:46.60,50.686033,-54.355618,39189.0,187807.06073569812,83
274212201,274212201,eastbound,B763,KEWR,LIRN,23:11:07.98,28:02:28.04,46.885074,-52.674878,39476.0,160318.76394137932,76
274213100,274213100,eastbound,B77W,KJFK,LIRF,23:11:56.76,27:46:46.14,47.036041,-52.608066,39368.0,275662.1914433261,77
274210817,274210817,eastbound,A333,CYYC,EDDF,23:13:54.99,28:31:08.34,60.399341,-63.888714,39809.0,184202.2778889798,75
274213817,274213817,eastbound,A333,CYUL,DAAG,23:14:43.63,28:02:22.59,46.060484,-52.71053,38745.0,191260.9543996832,80
274213402,274213402,eastbound,A359,KBOS,LFPG,23:15:22.01,27:54:06.01,47.444984,-52.835843,40171.0,221179.1154341826,83
274212833,274212833,eastbound,B78X,CYYZ,EHAM,23:16:14.14,27:45:45.33,51.552375,-54.942097,39829.0,218711.3564810274,83
274211337,274211337,eastbound,A333,KATL,LFPG,23:16:50.40,28:07:05.64,47.055276,-52.462988,39621.0,184979.32350670898,76
274213060,274213060,eastbound,B763,KJFK,LIRF,23:16:59.00,28:07:01.90,47.036374,-52.643085,39512.0,159514.97947616194,78
274213090,274213090,eastbound,A333,KJFK,EIDW,23:17:04.12,27:15:51.51,47.734512,-52.469656,38926.0,190132.35578426652,66
274212752,274212752,eastbound,A332,CYYZ,LIRF,23:17:14.43,28:04:26.25,48.913616,-53.254936,39370.0,200546.56939806385,76
274211920,274211920,eastbound,A332,KORD,LIRF,23:17:53.41,27:54:08.51,49.102096,-52.131804,39417.0,201393.81695831404,66
274213455,274213455,eastbound,A332,CYUL,LGAV,23:18:14.67,27:55:28.18,48.908896,-52.597333,38786.0,206016.3846227497,67
274213291,274213291,eastbound,A333,KBOS,LSZH,23:19:41.55,28:29:18.16,47.159627,-52.902773,38726.0,191607.6338081049,86
274213649,274213649,eastbound,B789,MDPC,EGCC,23:20:11.23,29:33:46.92,27.633941,-60.773407,40452.0,199630.73308923404,108
274212006,274212006,eastbound,A343,KDTW,EDDF,23:21:10.50,28:26:22.98,51.00874,-54.61445,38031.0,210429.27357891304,85
274212094,274212094,eastbound,A339,KBOS,EDDF,23:22:40.60,28:31:13.88,47.721211,-52.821554,39804.0,202463.8327460247,87
274213461,274213461,eastbound,B789,KMIA,EGKK,23:22:58.07,29:20:38.55,37.839764,-65.949452,40602.0,196279.59537660828,96
274213458,274213458,eastbound,A388,KMIA,EGLL,23:26:52.19,29:17:45.49,37.641941,-65.879385,39090.0,465184.1356404065,96
274213255,274213255,eastbound,A332,KBOS,LIRF,23:27:03.03,28:15:22.68,47.03124,-52.815853,39429.0,199464.57594964976,82
274212025,274212025,eastbound,B789,KMSP,EDDF,23:27:15.66,28:12:10.35,53.038173,-55.110027,40933.0,187352.2128065533,78
274212938,274212938,eastbound,A359,KDTW,EHAM,23:28:58.88,28:02:21.48,51.579605,-54.636091,40087.0,222926.9494089469,81
274212403,274212403,eastbound,B772,KCLT,EDDM,23:30:35.99,28:10:35.90,47.048876,-51.92197,39031.0,221495.33859831406,73
274213576,274213576,eastbound,B772,KJFK,LFPG,23:33:48.89,28:08:44.46,47.072333,-52.868062,39404.0,217730.6424991344,82
274213248,274213248,eastbound,B764,KEWR,EDDM,23:33:56.88,28:34:22.17,48.799121,-52.546886,34739.0,174481.75802157895,84
274212404,274212404,eastbound,B789,KORD,LGAV,23:34:20.13,28:10:52.98,49.722272,-53.262047,40085.0,198122.95530664898,59
274213466,274213466,eastbound,A333,KJFK,LFPG,23:36:32.81,28:26:39.61,47.224949,-52.590162,38905.0,190285.98604483466,82
274211961,274211961,eastbound,B788,KMLB,EGPF,23:36:33.28,27:26:15.58,48.115814,-52.846266,42644.0,159772.8777769224,68
274213403,274213403,westbound,B788,LIRF,MMMX,23:38:14.68,29:23:26.13,49.090012,-6.71789,40129.0,193072.38856991037,65
274208555,274208555,eastbound,B77L,KLAX,EBBR,23:39:29.96,28:14:53.07,53.22609,-56.542079,42350.0,234836.32813529944,61
274213256,274213256,eastbound,B764,KEWR,EDDB,23:39:33.93,28:49:00.57,48.75344,-52.85911,34689.0,174058.7040736178,87
274213950,274213950,eastbound,A333,KBDL,EIDW,23:39:45.10,27:35:54.87,48.231261,-52.360431,38820.0,190876.61919062285,67
274212510,274212510,eastbound,B772,KCLT,LFPG,23:41:32.20,28:13:19.28,46.933946,-52.598049,39348.0,216954.82315883148,80
274212153,274212153,eastbound,B78X,KORD,EDDF,23:41:33.39,28:32:37.78,51.503223,-54.751724,40222.0,215705.74688444208,82
274213123,274213123,eastbound,A359,KEWR,LFPG,23:44:52.95,28:22:38.04,47.803916,-52.797305,40139.0,222054.38841437572,82
274213593,274213593,eastbound,A333,KBOS,EIDW,23:45:02.18,27:45:40.63,47.70995,-52.820222,38729.0,191584.8991525952,66
274213404,274213404,eastbound,A333,KEWR,ESSA,23:45:29.85,29:06:11.04,51.3221,-55.197312,38922.0,190147.6182268523,93
274213312,274213312,eastbound,A333,KJFK,EKCH,23:48:14.44,29:00:49.28,48.931579,-52.526275,38935.0,190049.875342404,87
274213985,274213985,eastbound,B789,CYUL,EDDF,23:48:26.04,28:39:02.17,51.120236,-54.643696,40984.0,191705.80151966168,87
274212841,274212841,eastbound,B763,KORD,EGLL,23:52:50.32,28:15:29.90,51.522424,-55.004682,40353.0,152954.48968023472,77
274213192,274213192,eastbound,A332,KIAD,LIRF,23:52:52.61,28:29:43.54,48.184766,-52.250077,39441.0,200499.10084457626,71
274213671,274213671,eastbound,B772,KMCO,EGKK,23:53:08.03,29:46:25.88,40.68561,-68.489662,38881.0,225498.97996085262,96
274213268,274213268,eastbound,B77W,CYYZ,LIRF,23:53:40.73,28:28:30.61,48.975185,-52.613488,39446.0,275232.3132904944,75
274213322,274213322,eastbound,B748,KMIA,EDDF,23:57:27.25,30:10:33.68,38.098696,-64.725545,36723.0,387649.98586790677,92
274213356,274213356,eastbound,A333,KIAD,EIDW,23:57:32.01,27:51:40.91,50.698507,-54.6167,39116.0,188605.61108860836,65
274213485,274213485,eastbound,A339,CYUL,LFPO,23:58:39.40,28:44:02.10,50.867816,-54.201475,39985.0,200242.4691365435,83
274214062,274214062,eastbound,B77W,CYUL,LFPG,23:58:56.84,28:26:35.51,50.55897,-53.78728,40106.0,266285.81513614155,82
274213417,274213417,eastbound,A333,KIAD,EKCH,23:59:53.75,29:13:11.65,51.105598,-54.846611,39120.0,188576.06587134185,90
274213626,274213626,eastbound,A333,KEWR,EKCH,24:00:56.12,29:13:16.20,49.368426,-53.03408,38941.0,190005.4903601562,89
274212605,274212605,eastbound,B789,KATL,LFPG,24:02:45.61,28:39:19.36,46.500217,-52.741812,41068.0,186538.6903535851,77
274213457,274213457,eastbound,A333,KEWR,EIDW,24:04:31.93,28:04:21.12,48.121191,-53.004358,38911.0,190224.75331005722,68
274212052,274212052,eastbound,A333,KATL,EDDF,24:04:35.39,29:13:20.90,47.153949,-52.306332,39622.0,184987.84699304856,75
274211338,274211338,eastbound,B772,KDFW,LIRF,24:05:14.36,28:35:46.15,48.374397,-52.531944,38780.0,223337.53293130436,57
274213592,274213592,eastbound,A333,CYYZ,EIDW,24:05:57.36,27:57:26.20,51.514517,-54.573972,38987.0,189303.52383354935,66
274213596,274213596,eastbound,B789,KMIA,ENGM,24:06:00.09,30:27:49.27,40.370287,-67.870943,40385.0,198454.78549855275,98
274211152,274211152,eastbound,A333,KATL,EHAM,24:10:01.66,29:00:49.33,47.536752,-52.067062,39649.0,184781.91172352672,76
274213124,274213124,eastbound,A333,CYYZ,ESSA,24:10:10.28,29:24:14.16,54.382149,-58.624941,38930.0,189912.64896840765,92
274213607,274213607,eastbound,B763,KJFK,EDDB,24:10:16.99,29:18:50.15,48.90532,-52.587394,40211.0,156453.99335566178,86
274207501,274207501,eastbound,B77L,MMSM,EDDF,24:11:22.30,29:02:04.85,47.749039,-52.526509,42265.0,237829.77185292033,59
274214390,274214390,westbound,B77L,EKCH,KORD,24:12:55.31,28:57:25.28,60.3717,0.885384,41635.0,252129.64279094114,80
274214063,274214063,eastbound,A359,KBOS,EKCH,24:12:59.83,29:15:33.57,48.392148,-52.784699,39981.0,223422.59278370184,89
274213895,274213895,eastbound,B77W,CYUL,LGAV,24:14:27.69,28:41:59.11,49.784449,-52.440402,38911.0,284535.6626307237,67
274213591,274213591,eastbound,A359,KJFK,LFPG,24:14:37.76,28:53:58.80,47.192472,-52.787115,40145.0,221974.50852293844,83
274214126,274214126,eastbound,B788,TNCB,EHAM,24:16:37.78,30:59:20.62,26.450155,-58.178556,41422.0,177723.02881356698,100
274213061,274213061,eastbound,B772,KCLT,EDDF,24:16:44.58,29:01:56.60,47.281291,-52.019761,39195.0,219122.8207937925,78
274212960,274212960,eastbound,B78X,KORD,LIRF,24:17:45.84,28:48:06.89,49.719393,-52.85496,40117.0,215311.1417058947,67
274213541,274213541,eastbound,A333,KIAD,EHAM,24:18:03.61,29:07:33.49,49.179904,-53.320613,39124.0,188571.04041672617,83
274213155,274213155,eastbound,B744,KORD,EDDF,24:18:16.56,29:04:08.96,51.097502,-54.655572,38873.0,291517.16286270344,81
274213783,274213783,eastbound,A359,KJFK,LIRF,24:18:44.06,29:04:05.30,46.704122,-52.826804,39516.0,229120.13466671068,78
274214020,274214020,eastbound,B772,KEWR,EHAM,24:19:38.30,28:49:14.58,48.255852,-52.3975,39425.0,217233.14332667552,81
274213655,274213655,eastbound,A333,CYYZ,EDDM,24:19:39.85,29:27:09.10,50.791828,-54.071032,38990.0,189274.40451220388,84
274213677,274213677,eastbound,B772,KJFK,EHAM,24:22:00.83,28:57:01.47,47.497563,-52.728227,39407.0,217664.23488932336,81
274214140,274214140,eastbound,A333,KBOS,LIRF,24:22:10.45,29:18:29.23,47.054453,-52.788435,38728.0,191577.4403052853,81
274212937,274212937,eastbound,B763,KORD,LSZH,24:22:58.17,29:15:33.30,50.856311,-53.282692,39804.0,156614.33414476435,76
274213656,274213656,eastbound,A333,KMCO,EGCC,24:25:02.17,30:28:28.01,40.160847,-68.000883,38952.0,190394.97445280902,97
274213692,274213692,eastbound,B763,KIAD,LOWW,24:25:41.19,29:20:36.94,48.181782,-51.824419,39571.0,158786.27408783446,74
274213869,274213869,eastbound,A333,CYYZ,LOWW,24:26:09.07,29:36:35.35,51.078079,-54.320753,38986.0,189293.08330437908,81
274212217,274212217,eastbound,B789,CYVR,EDDF,24:27:20.48,29:29:12.51,60.999436,-64.385333,41000.0,185941.27634785557,71
274214598,274214598,eastbound,B788,KMLB,EGCC,24:27:49.91,30:28:07.82,37.806696,-69.112593,41790.0,175458.94877199398,102
274213765,274213765,eastbound,B772,KEWR,LOWW,24:28:33.52,29:12:21.91,47.478392,-52.477845,38900.0,224827.3595159963,79
274213704,274213704,eastbound,B772,KEWR,LIMC,24:29:37.19,29:09:31.35,46.804642,-52.433117,39125.0,221586.2521653448,83
274213521,274213521,eastbound,A333,KORD,EIDW,24:30:54.75,28:25:43.46,51.228229,-54.472081,39368.0,186388.02498011987,68
274214209,274214209,eastbound,A339,KJFK,EDDF,24:32:32.37,29:42:06.83,47.27491,-52.610913,39782.0,203093.15129241996,87
274213871,274213871,eastbound,B763,KJFK,ESSA,24:34:59.55,29:53:39.92,49.942408,-53.772412,40246.0,156285.7258747764,92
274213648,274213648,eastbound,B772,KIAD,LFPG,24:35:07.16,29:01:35.05,48.510178,-52.389936,39424.0,216370.35493118802,80
274213923,274213923,eastbound,A333,KTPA,EDDF,24:36:40.32,31:31:15.94,40.127225,-67.963566,39025.0,189873.9368443345,94
274213375,274213375,eastbound,B772,CYYC,EHAM,24:37:00.79,29:19:17.76,61.339878,-65.146616,39411.0,216445.16660534643,77
274214234,274214234,eastbound,B789,KJFK,EGKK,24:37:01.30,28:55:05.15,47.305884,-52.641789,41301.0,187643.51991347608,78
274214534,274214534,eastbound,A332,CYUL,LFPG,24:37:12.52,29:15:25.13,50.679817,-54.331708,40051.0,192682.60226904426,83
274213691,274213691,eastbound,B788,MMUN,EGKK,24:37:23.89,30:38:59.53,39.368383,-68.173294,41727.0,172023.5395905829,87
274213632,274213632,eastbound,B788,KORD,LGAV,24:38:11.61,29:14:52.82,50.50763,-53.455051,41248.0,175527.1286438249,60
274213442,274213442,eastbound,B788,KIAD,LGAV,24:38:16.45,29:13:01.49,46.30976,-51.909263,41284.0,177786.89206752175,62
274222924,274222924,eastbound,B772,TXKF,EGLL,24:39:07.31,30:23:54.08,35.011861,-61.012015,38942.0,227191.17019246964,103
274213623,274213623,eastbound,A388,KJFK,EDDM,24:39:32.84,29:22:24.27,47.03495,-52.704184,39354.0,456433.7009004678,85
274214034,274214034,eastbound,B763,KEWR,EGLL,24:40:17.96,29:05:36.56,47.563349,-52.408891,40055.0,151914.42461814897,77
274214081,274214081,eastbound,B764,KDTW,EDDM,24:41:37.28,29:49:32.37,51.084924,-54.820581,35539.0,175865.44531840683,81
274213262,274213262,eastbound,A359,KATL,LGAV,24:41:40.09,29:22:01.67,46.45926,-52.602708,38835.0,239480.68580438197,56
274214444,274214444,eastbound,B763,CYUL,LOWW,24:43:19.31,29:44:46.24,50.9116,-54.197862,39757.0,158252.79499884322,86
274213785,274213785,eastbound,B77L,KCVG,EDDF,24:45:03.44,29:30:31.53,50.767202,-54.479622,42249.0,239047.78627825135,82
274213999,274213999,eastbound,B748,KEWR,EDDF,24:45:52.23,29:29:37.87,48.150435,-52.504136,37655.0,370292.3286069392,86
274214214,274214214,eastbound,B744,CYYZ,EDDF,24:46:10.50,29:30:46.09,50.755988,-54.676351,38897.0,290164.56008330337,86
274213436,274213436,eastbound,B764,KIAD,EDDM,24:46:17.38,29:40:40.09,48.624543,-52.657501,34774.0,175072.74366244275,78
274212570,274212570,eastbound,B77W,CYVR,LFPG,24:46:35.53,29:34:30.90,60.790479,-64.00363,39918.0,270061.3086728305,73
274213892,274213892,eastbound,A333,KDTW,LIRF,24:46:44.03,29:37:11.62,48.628697,-51.99795,39259.0,187284.49550465227,70
274214282,274214282,eastbound,B789,MKJS,EGKK,24:46:59.37,30:47:32.91,31.711494,-60.632049,40554.0,195629.37119977156,92
274213925,274213925,eastbound,B772,KIAD,EGLL,24:47:15.29,28:57:34.16,47.735457,-52.632142,39563.0,214809.6193059925,76
274214082,274214082,eastbound,B764,KJFK,LFMN,24:50:24.96,29:40:55.97,46.697847,-52.513908,36859.0,174247.31559079973,82
274214568,274214568,eastbound,A339,KBOS,LFPG,24:50:40.42,29:40:48.58,47.151702,-52.88051,39996.0,200315.9518307489,83
274214317,274214317,eastbound,B772,KEWR,LFPG,24:51:34.58,29:23:55.15,47.452631,-52.951632,39396.0,217807.94517112456,82
274214363,274214363,eastbound,B77W,KJFK,LFPG,24:51:49.17,29:25:04.12,46.865665,-52.80677,39684.0,267500.56092149206,83
274212562,274212562,eastbound,B78X,KSEA,EGLL,24:52:48.39,29:14:38.37,63.13511,-64.692087,41090.0,210772.6158465715,68
274214510,274214510,eastbound,B788,CYUL,EGLL,24:53:17.90,29:04:22.95,50.792536,-53.951433,42560.0,166672.5984909754,76
274213880,274213880,eastbound,B788,MMUN,EGNT,24:53:48.16,30:37:24.95,39.995903,-67.650439,41814.0,170415.43515275526,85
274213524,274213524,eastbound,B77W,KIAD,EDDF,24:54:33.34,29:46:53.05,47.29267,-52.349455,39492.0,270338.5443487528,87
274214132,274214132,eastbound,B77W,KJFK,EGLL,24:55:05.93,29:07:50.51,47.389198,-52.938763,39877.0,263871.8839139554,77
274214115,274214115,eastbound,A333,KJFK,EBBR,24:56:46.53,29:53:11.43,47.341357,-52.921951,38883.0,190451.2007869488,84
274214089,274214089,eastbound,B772,CYYZ,EGLL,24:56:48.23,29:04:41.68,50.976082,-54.167957,39517.0,214680.54894247852,76
274212297,274212297,eastbound,B77W,KDFW,EGLL,24:56:48.38,29:02:11.46,51.087072,-53.74179,40058.0,264355.69203081116,65
274214485,274214485,eastbound,A333,KMIA,EGLL,24:57:15.78,31:12:40.22,37.630429,-65.77039,39034.0,190048.9718994807,96
274214687,274214687,eastbound,A388,KBOS,EGLL,24:57:39.98,29:04:25.41,48.241008,-52.741256,39934.0,439838.3032596883,76
274213741,274213741,eastbound,B772,KIAD,LIRF,24:57:52.25,29:29:25.28,47.270219,-51.951017,38874.0,224645.9531696278,72
274214370,274214370,eastbound,B77W,KJFK,EGLL,24:59:15.01,29:08:39.76,48.45227,-52.940397,40297.0,264518.7773926565,76
274213718,274213718,eastbound,A333,KMSP,LFPG,24:59:23.47,29:52:01.44,53.063826,-56.047732,39396.0,186059.6519178872,81
274214193,274214193,eastbound,B77W,CYYZ,LFPG,25:00:56.13,29:29:58.07,50.600467,-54.0363,39885.0,266245.8136110448,82
274214613,274214613,eastbound,B77W,CYUL,LFPG,25:01:02.82,29:29:02.22,50.476599,-53.715553,39793.0,266228.4013597758,82
274213227,274213227,eastbound,B77L,KCVG,EBBR,25:01:16.99,29:31:49.32,50.867282,-54.048998,42499.0,235524.17861777882,82
274214466,274214466,eastbound,B788,KPHL,EHAM,25:01:44.81,29:36:36.83,48.156161,-52.804585,42372.0,167324.67350446232,81
274213230,274213230,eastbound,A359,KATL,LIRF,25:02:37.54,29:42:50.28,46.707869,-51.970636,39506.0,231824.35480925866,64
274213508,274213508,eastbound,A359,KORD,EDDM,25:02:40.55,29:54:52.77,50.876856,-53.901584,39739.0,227713.20887806336,76
274212429,274212429,eastbound,A339,KSEA,EHAM,25:03:04.01,29:53:19.96,63.016272,-65.130841,39995.0,204773.57580256948,70
274214315,274214315,eastbound,A332,KJFK,EHAM,25:03:44.05,29:41:37.79,48.469112,-52.839337,40065.0,193357.37653260984,81
274214129,274214129,eastbound,B77W,CYYZ,LGAV,25:04:22.87,29:40:40.19,50.442655,-53.797474,38464.0,285203.2608960362,65
274213685,274213685,eastbound,A333,KORD,LEMD,25:04:34.14,29:46:51.94,49.547478,-53.178761,39401.0,186121.81618146156,77
274214215,274214215,eastbound,A333,KDTW,LFPG,25:05:14.22,29:55:22.25,50.46602,-54.278135,39158.0,187989.74607860766,83
274213803,274213803,eastbound,B77W,KIAD,EBBR,25:05:29.24,29:40:03.89,47.315068,-52.373895,39630.0,267609.0596350613,83
274212758,274212758,eastbound,B744,KPSM,EETN,25:05:43.55,30:09:04.61,51.053634,-54.387842,38690.0,293916.10019985365,92
274214156,274214156,eastbound,B763,KEWR,LSZH,25:05:59.13,30:05:31.47,47.483069,-52.455587,39732.0,156197.98484443515,85
274213344,274213344,eastbound,B764,KATL,EGLL,25:06:05.96,29:29:26.33,48.278084,-52.759196,35072.0,170937.05790252553,72
274214275,274214275,eastbound,B77W,KIAD,LFPG,25:06:42.80,29:37:48.61,47.154608,-52.522817,39744.0,266519.5778924053,82
274214895,274214895,eastbound,B763,KJFK,LPPT,25:07:04.61,30:56:10.71,41.434867,-68.392514,39270.0,157575.37652079656,101
274213965,274213965,eastbound,B788,KIAD,EHAM,25:07:18.58,29:41:30.64,49.258691,-52.862222,42375.0,166174.5239420752,82
274214000,274214000,eastbound,B772,KORD,EGLL,25:07:43.63,29:15:41.84,51.16059,-54.338547,39502.0,213806.08034951723,76
274214422,274214422,eastbound,B78X,KEWR,EBBR,25:08:42.38,29:43:46.77,47.866339,-52.953138,39592.0,219437.58472648298,83
274214739,274214739,eastbound,B772,CYUL,EHAM,25:08:43.46,29:36:59.91,51.00878,-54.224214,39429.0,217477.41242693967,82
274214504,274214504,eastbound,B77W,KJFK,EGLL,25:09:36.89,29:18:56.73,48.353392,-52.851936,40352.0,263704.9299570726,76
274213613,274213613,eastbound,A333,KMCO,EGLL,25:09:37.75,31:26:58.09,40.259214,-68.48151,38941.0,190365.6055213469,98
274214606,274214606,eastbound,A333,CYHM,BIKF,25:09:43.21,27:47:00.66,55.685955,-59.632839,39167.0,186994.24571762182,48
274214389,274214389,eastbound,B789,KPHL,LGAV,25:11:13.91,29:46:25.38,46.758359,-52.231374,40105.0,201064.18963974004,64
274213274,274213274,eastbound,B763,KATL,LSZH,25:11:37.57,30:06:27.96,46.683454,-52.270122,39776.0,157656.88854226764,71
274214704,274214704,eastbound,A333,KBOS,BIKF,25:11:38.02,27:54:49.79,52.427115,-55.651562,39255.0,186465.7269284189,49
274213987,274213987,eastbound,A339,KJFK,EGLL,25:12:05.59,29:39:39.42,47.458042,-52.830271,40154.0,199049.04810921705,77
274213505,274213505,eastbound,B789,KORD,LOWW,25:12:15.74,29:56:54.33,51.140193,-54.078674,40646.0,191494.15698951174,73
274214212,274214212,eastbound,A359,KRDU,LFPG,25:12:32.35,29:54:30.01,46.555479,-52.903285,40094.0,223800.22725129034,83
274214547,274214547,eastbound,B789,CYUL,EDDF,25:13:21.76,30:04:26.28,50.708759,-54.000421,40993.0,191639.75864417982,87
274214114,274214114,eastbound,B789,KORD,EPWA,25:14:44.71,30:06:33.68,51.859931,-54.380619,40686.0,191242.98919826577,75
274213767,274213767,eastbound,A332,KATL,EDDF,25:14:53.88,30:15:29.32,46.879875,-52.378419,39780.0,198396.7795544205,76
274214421,274214421,eastbound,B763,KJFK,LIPZ,25:15:17.67,30:10:12.42,46.896272,-52.906404,39637.0,158343.90091073725,81
274213966,274213966,eastbound,A333,KIAD,EBBR,25:15:26.38,30:11:43.92,47.504342,-52.950185,39119.0,188777.45880309131,84
274213988,274213988,eastbound,A35K,KMCO,EGCC,25:15:58.51,31:04:54.93,40.499886,-68.276739,38627.0,260036.1040356275,97
274214301,274214301,eastbound,A333,KJFK,EINN,25:16:53.05,29:06:13.96,47.335195,-52.300863,38925.0,190142.93496216665,66
274214319,274214319,eastbound,B772,KIAD,EGLL,25:17:29.76,29:32:01.81,47.093423,-52.548171,39559.0,214888.40656357934,77
274214248,274214248,eastbound,B764,KCVG,LFPG,25:18:24.79,29:59:50.82,50.664984,-53.958531,35879.0,171964.9184094034,79
274214170,274214170,eastbound,B772,KCLT,LIRF,25:18:47.51,29:49:58.27,46.456183,-52.085868,38828.0,224590.37610086973,67
274213555,274213555,eastbound,B763,KIAD,LSGG,25:19:34.71,30:11:44.86,47.116412,-52.365161,39894.0,156027.26476634853,82
274212331,274212331,eastbound,A333,KIAH,EHAM,25:19:41.69,30:07:12.80,50.898632,-54.233475,40170.0,180543.58222730696,67
274214558,274214558,eastbound,A332,KJFK,EDDF,25:19:57.00,30:20:06.63,47.958847,-52.607286,39844.0,195634.10556971133,87
274214779,274214779,eastbound,A332,KBOS,EGLL,25:20:19.84,29:36:53.04,49.163304,-53.230966,40277.0,190661.46573968785,76
274214204,274214204,eastbound,B772,KRDU,EGLL,25:20:44.50,29:35:22.92,46.869087,-52.880481,39507.0,215006.44216578148,77
274214186,274214186,eastbound,B788,KORD,LIRF,25:21:05.82,29:54:29.36,49.456334,-52.350589,41785.0,169530.70197571703,67
274213664,274213664,eastbound,A333,KATL,EHAM,25:21:16.26,30:13:37.90,47.164086,-51.908728,39650.0,184789.99427506322,76
274214893,274214893,eastbound,B788,CYUL,LFBO,25:21:22.29,30:04:28.46,48.812689,-52.988223,42313.0,168939.17125953888,83
274214634,274214634,eastbound,A333,KJFK,EGCC,25:21:50.13,29:40:02.65,47.487262,-52.859529,38909.0,190262.8219876804,74
274214185,274214185,eastbound,A332,KDTW,EGLL,25:22:03.84,29:38:54.01,50.944152,-54.583541,40175.0,192434.04333456163,77
274213872,274213872,eastbound,B764,KATL,LFPG,25:23:17.62,30:03:24.29,48.253821,-52.829059,34961.0,172821.35598469287,75
274213751,274213751,eastbound,B763,KATL,EDDS,25:24:10.62,30:19:33.84,46.775154,-51.985647,39766.0,157540.37546348714,71
274212669,274212669,eastbound,B77W,KIAH,EGLL,25:24:44.77,29:31:29.70,50.826878,-53.911108,40046.0,264085.8618927324,64
274214727,274214727,eastbound,A333,KSWF,BIKF,25:25:06.79,28:06:38.61,52.930844,-55.941954,39246.0,186833.32656420986,48
274211239,274211239,eastbound,B789,KSFO,EGLL,25:25:18.74,29:42:11.24,53.970009,-57.422245,41070.0,177585.6235139986,59
274214686,274214686,eastbound,A333,CYUL,LPPT,25:25:25.12,29:46:46.32,47.059489,-52.763057,38738.0,191202.68119639967,74
274214575,274214575,eastbound,B772,KJFK,LIMC,25:25:27.98,30:04:07.50,46.718496,-52.344686,39108.0,221942.44318229402,83
274214642,274214642,eastbound,B789,CYYZ,EGPH,25:25:29.55,29:18:22.63,51.235653,-54.882701,41455.0,184716.2055032501,71
274212969,274212969,eastbound,A359,KIAH,LFPG,25:25:55.23,30:01:22.36,50.443699,-53.976678,40009.0,227457.94082123222,67
274214717,274214717,eastbound,A333,KBOS,EGLL,25:26:00.20,29:53:34.31,47.605937,-52.661657,38732.0,191523.74935282388,74
274214449,274214449,eastbound,B764,KEWR,LIPZ,25:26:01.58,30:18:29.56,49.023186,-53.14838,35003.0,175915.6243009489,80
274212696,274212696,eastbound,B748,KIAH,EDDF,25:26:06.96,30:09:04.24,50.607427,-53.572954,37618.0,374431.13595937536,67
274212898,274212898,eastbound,B789,KDFW,LFPG,25:28:08.52,29:57:09.54,50.654817,-53.657096,41082.0,182775.04124302344,67
274214443,274214443,eastbound,A35K,KPHL,EGLL,25:28:26.59,29:46:38.46,47.871205,-52.687804,39280.0,250849.66433420207,76
274214683,274214683,eastbound,A333,KJFK,EKCH,25:28:53.22,30:40:10.63,50.488108,-54.008384,38909.0,190196.17297256022,89
274214247,274214247,eastbound,A332,KMSP,EGLL,25:28:57.74,29:48:40.61,53.436336,-56.327896,40160.0,193139.33595655914,78
274214584,274214584,eastbound,A333,KBOS,EHAM,25:28:59.84,30:23:31.79,47.51751,-52.729302,38734.0,191524.36234314594,84
274214528,274214528,eastbound,A333,KBWI,BIKF,25:29:45.33,28:11:51.37,54.028318,-57.627672,39272.0,187184.2030026615,47
274214188,274214188,eastbound,B789,KORD,LFPG,25:30:51.86,30:02:31.42,50.544126,-54.183538,41093.0,186467.73711253508,81
274227394,274227394,eastbound,B772,CYHZ,BIKF,25:32:04.18,28:09:45.72,51.206423,-54.565417,40396.0,205643.68800976296,48
274214879,274214879,eastbound,A333,KBOS,EGKK,25:32:19.37,30:07:12.48,47.127629,-52.766466,38729.0,191566.4755565205,78
274214603,274214603,eastbound,A333,KEWR,LFPO,25:32:59.75,30:30:13.93,47.316436,-52.904182,38899.0,190317.853664333,84
274214408,274214408,eastbound,B772,KCLT,EGLL,25:34:40.73,29:48:58.45,46.739196,-52.763318,39505.0,214814.95109076734,77
274214596,274214596,eastbound,A339,KJFK,EGLL,25:35:20.06,30:01:27.90,47.196859,-52.314593,40160.0,199030.34503946346,76
274214852,274214852,eastbound,B77W,KMIA,EGLL,25:37:03.53,31:35:22.30,37.886218,-67.485593,39386.0,279131.624396572,99
274214708,274214708,eastbound,B764,KJFK,LIMC,25:37:10.62,30:28:38.10,46.655096,-52.2999,36902.0,174219.70243340076,82
274214788,274214788,eastbound,A333,KBOS,EHAM,25:37:47.00,30:31:18.66,47.548268,-52.548619,38740.0,191476.77581310476,83
274212961,274212961,eastbound,A333,KDFW,EDDF,25:37:52.85,30:44:13.12,50.712063,-54.281379,40054.0,181488.30429272956,68
274214780,274214780,eastbound,A332,KMIA,LIRF,25:38:10.55,31:50:05.01,38.048396,-64.757826,38944.0,206301.03462414118,81
274214707,274214707,eastbound,A333,CYYZ,EGPF,25:38:19.81,29:34:03.36,51.412018,-54.63323,38975.0,189396.41537756048,68
274214858,274214858,eastbound,B772,KTPA,EGKK,25:38:51.89,31:38:32.06,39.57916,-68.500722,38785.0,227241.24495760453,97
274214420,274214420,eastbound,A333,KJFK,EGCC,25:39:53.53,29:54:03.02,49.414966,-53.603578,38911.0,190203.81161332587,72
274214713,274214713,eastbound,B764,KEWR,LDDU,25:40:07.16,30:27:13.55,48.9961,-53.079359,34783.0,179383.92238942886,73
274214351,274214351,eastbound,A339,KJFK,EGLL,25:40:14.96,30:07:36.97,47.154651,-52.648206,40158.0,199054.28307001904,75
274214353,274214353,eastbound,B788,KPHL,EIDW,25:40:53.03,29:25:35.94,48.936917,-52.925442,42770.0,162903.94314187582,66
274214414,274214414,eastbound,A333,KDTW,EHAM,25:41:00.75,30:28:08.17,51.023309,-54.493905,39175.0,187870.75592942743,81
274230349,274230349,eastbound,B772,KBOS,LFPG,25:41:16.77,30:13:38.07,47.120943,-52.767509,39428.0,217923.5962137106,82
274214714,274214714,eastbound,B788,KPHL,LEBL,25:43:22.97,30:20:41.31,46.028615,-52.82539,42195.0,169404.6573496022,81
274214009,274214009,eastbound,A346,KIAD,EDDF,25:45:23.29,30:37:30.31,50.440618,-53.692247,39676.0,282175.71472718375,85
274213938,274213938,eastbound,B789,CYUL,EKCH,25:45:34.73,30:38:16.15,51.677034,-54.857565,41029.0,191512.58882467888,88
274214498,274214498,eastbound,B789,KPHL,LIRF,25:45:36.79,30:25:35.47,46.345698,-52.758968,40623.0,195276.5283340071,76
274214688,274214688,eastbound,B788,KPHL,LSZH,25:46:23.71,30:38:01.39,46.725638,-52.697851,42126.0,170013.47132715196,85
274214867,274214867,eastbound,A333,CYUL,LPPR,25:46:27.14,29:57:33.27,48.047103,-52.369187,38769.0,191057.49807183063,70
274214833,274214833,eastbound,B772,KJFK,EGLL,25:48:23.36,29:58:24.33,49.195966,-53.38259,39576.0,215126.02206754335,76
274214549,274214549,eastbound,B763,KEWR,EGLL,25:48:40.19,30:10:14.73,48.880517,-52.933902,40740.0,151855.64793539065,76
274214786,274214786,eastbound,A333,KJFK,EHAM,25:49:23.77,30:43:48.67,47.301017,-52.595808,38916.0,190227.89006783316,83
274213426,274213426,eastbound,A333,KPDX,EHAM,25:49:29.64,30:47:44.50,60.957661,-64.455891,40178.0,181449.91488984664,71
274214518,274214518,eastbound,A333,KIAD,BIKF,25:49:59.45,28:27:21.19,54.943171,-58.458912,39261.0,187382.12368352214,48
274214933,274214933,eastbound,A333,KBOS,EINN,25:50:35.13,29:40:48.50,47.416654,-52.924084,38721.0,191610.8294703837,64
274219245,274219245,eastbound,B772,KCLT,EGLL,25:53:32.19,31:44:32.45,40.529769,-68.298695,38832.0,227038.83639727018,105
274214838,274214838,eastbound,B78X,KEWR,EDDF,25:53:38.14,30:41:45.65,47.848195,-53.019351,39544.0,219445.4740338617,85
274214587,274214587,eastbound,B764,KEWR,EIDW,25:54:05.40,29:50:30.66,48.969897,-53.143981,35691.0,166153.9395058123,66
274214540,274214540,eastbound,A333,CYYZ,LIPZ,25:54:14.13,30:55:44.93,49.893323,-53.794588,38981.0,189299.70512975895,79
274228060,274228060,westbound,B763,EGNX,KJFK,25:54:18.90,31:32:23.48,55.31023,-8.368789,40062.0,157014.1905984723,91
274224304,274224304,eastbound,A333,CYQB,LFPG,25:55:35.28,30:43:00.58,50.277575,-53.732246,38574.0,192481.80703176497,82
274221039,274221039,eastbound,A333,KBOS,LFPG,25:57:42.93,30:47:26.69,47.405689,-52.551595,38728.0,191545.17099847365,82
274213416,274213416,eastbound,A346,KSEA,EDDF,25:58:00.67,31:07:35.96,60.714419,-64.643413,39671.0,291805.4809880316,71
274214917,274214917,eastbound,B788,TNCC,EHAM,25:58:13.22,32:41:26.09,26.296966,-58.407281,41408.0,177949.39011770874,100
274212783,274212783,eastbound,B789,KAUS,EDDF,25:58:50.23,30:42:28.02,50.694334,-53.581278,40916.0,183708.03281024809,64
274214775,274214775,eastbound,B788,KPHL,LIRN,25:58:52.03,30:35:53.90,46.224125,-52.29846,41734.0,174075.9507033347,73
274211889,274211889,eastbound,B789,KLAX,EGLL,25:58:59.57,30:13:52.33,53.38665,-56.416195,41208.0,176909.7777320395,58
274240533,274240533,eastbound,B772,KATL,LFPG,25:59:03.43,32:08:03.32,40.77851,-68.43587,38666.0,229000.2832691937,102
274214822,274214822,eastbound,B789,KPHL,EGLL,25:59:34.99,30:10:48.05,49.153155,-53.401859,41311.0,186917.2485546916,75
274213529,274213529,eastbound,B788,KDFW,EDDF,26:00:56.33,30:49:00.12,50.534529,-53.35519,42110.0,162190.33677523836,67
274214877,274214877,eastbound,B788,KMIA,EPWA,26:01:18.03,32:47:34.91,37.999548,-67.233216,41051.0,182326.6557794774,89
274214778,274214778,eastbound,A333,KJFK,LSGG,26:01:45.95,31:09:08.47,46.79807,-52.727018,38902.0,190330.18033980054,85
274214847,274214847,eastbound,B772,KEWR,LEBL,26:05:24.97,30:34:13.39,47.045502,-52.775328,39232.0,220152.92182936572,80
274212673,274212673,eastbound,A359,KSEA,LFPG,26:05:37.72,30:47:42.81,54.290709,-57.171565,40072.0,225393.69398857275,65
274214887,274214887,eastbound,B764,KJFK,EGLL,26:06:30.81,30:25:04.02,48.451868,-52.547885,35272.0,168610.93518692005,75
274214347,274214347,eastbound,A359,KCLT,EDDM,26:07:26.18,30:59:46.77,46.487055,-52.403472,39705.0,228662.65318810323,74
274229171,274229171,eastbound,B77W,KJFK,EGLL,26:08:02.77,30:14:33.17,48.971202,-52.658369,40318.0,264167.53497145284,75
274214697,274214697,eastbound,B789,MMUN,EGCC,26:08:36.16,31:51:57.19,39.670419,-67.955856,40664.0,192806.31010959472,85
274214802,274214802,eastbound,A333,KJFK,EGKK,26:09:01.34,30:43:05.40,46.997316,-52.707337,38905.0,190312.55772040616,78
274214972,274214972,eastbound,B788,KJFK,EPWA,26:09:14.87,31:08:26.39,49.984123,-53.82283,41865.0,172758.56510878698,84
274214271,274214271,eastbound,B77W,CYYZ,EGLL,26:09:27.02,30:19:14.71,50.545868,-54.314762,39896.0,264208.41088045144,77
274214759,274214759,eastbound,B788,CYYZ,EPWA,26:11:12.11,31:09:12.12,51.357967,-53.999474,41867.0,171652.4461344922,83
274218210,274218210,eastbound,A333,CYUL,LSGG,26:11:58.05,31:11:10.09,50.038545,-53.518802,38715.0,191361.02623473178,84
274213633,274213633,eastbound,B772,KIAH,EGLL,26:12:07.83,30:22:41.85,50.730799,-54.063829,39396.0,213773.1080692544,66
274247956,274247956,eastbound,A333,CYUL,LFLL,26:12:41.59,31:14:01.77,49.869344,-53.839509,38688.0,191566.03199791475,84
274218546,274218546,eastbound,B772,CYHZ,EIDW,26:13:48.87,29:56:31.58,47.751106,-52.525739,39885.0,212833.15459326652,66
274214162,274214162,eastbound,A339,CYYC,EDDF,26:14:17.77,31:27:31.97,60.345318,-64.12883,39819.0,205448.20317930263,75
274232484,274232484,eastbound,B772,KBOS,EGLL,26:15:11.73,30:26:03.80,47.707572,-52.715754,39547.0,216414.71116278265,76
274222876,274222876,eastbound,B772,KJFK,EGKK,26:15:45.27,30:29:47.61,47.777239,-52.793156,39551.0,215563.21491427024,77
274214851,274214851,eastbound,B764,KEWR,LEMD,26:15:46.83,30:52:30.93,46.452452,-52.704093,37245.0,171037.3411886446,79
274214352,274214352,eastbound,A333,KMSP,EHAM,26:16:14.48,31:07:28.59,53.519731,-56.698896,39373.0,186180.70943820121,82
274214130,274214130,eastbound,A333,KATL,EGCC,26:16:20.15,30:28:44.00,50.447218,-53.902795,39625.0,184675.20895466488,72
274214871,274214871,eastbound,A332,CYYZ,EGKK,26:17:19.10,30:38:20.43,50.407379,-53.952328,40188.0,191808.30062265592,78
274213989,274213989,eastbound,B772,KDFW,LFPG,26:17:33.33,30:46:11.58,50.209654,-53.628368,39270.0,215737.63471076556,68
274214751,274214751,eastbound,B772,KJFK,EGLL,26:19:25.76,30:33:19.16,47.11523,-52.923575,39570.0,215500.6693710985,77
274214537,274214537,eastbound,B764,KATL,LIMC,26:21:18.44,31:09:04.04,46.607276,-51.957917,37066.0,174639.9901293636,69
274214915,274214915,eastbound,A333,KEWR,ENGM,26:21:23.54,31:12:18.80,50.979536,-54.687706,38921.0,190092.6954792876,81
274226631,274226631,westbound,B763,EDDK,KEWR,26:22:57.04,31:29:26.22,57.413612,-8.346653,40075.0,157495.2413321343,87
274212815,274212815,eastbound,B772,KSFO,EDDM,26:22:58.44,31:14:57.52,54.121032,-56.886324,38273.0,216488.88512460375,58
274214649,274214649,eastbound,B752,KORD,EINN,26:23:25.91,30:03:15.99,51.06691,-54.611486,39632.0,87712.01811152263,65
274214682,274214682,eastbound,B78X,KORD,LFPG,26:24:00.54,30:52:43.44,50.111991,-53.682085,39636.0,215524.7485247099,80
274217582,274217582,eastbound,B77W,CYUL,LEBL,26:24:37.03,30:52:36.10,48.786625,-52.887757,39906.0,270140.56287376897,81
274213805,274213805,eastbound,B77W,KDFW,EGLL,26:25:45.66,30:31:53.03,50.691994,-53.63312,39928.0,264352.4452117289,65
274237755,274237755,eastbound,B763,KATL,LIPZ,26:25:48.21,32:58:10.99,40.678592,-67.864089,38946.0,166161.03346516562,92
274214709,274214709,eastbound,B788,KORD,EHAM,26:26:24.85,31:01:29.88,50.483385,-54.00173,42333.0,164309.53411006246,81
274216989,274216989,eastbound,B763,KBOS,EIDW,26:26:31.15,30:17:59.63,49.051676,-53.248139,40940.0,149340.9005211537,66
274235612,274235612,eastbound,A333,CYUL,LIMC,26:27:01.63,31:23:59.76,49.888937,-53.182835,38715.0,191362.34658500605,83
274213622,274213622,eastbound,B763,KIAH,EDDM,26:29:06.93,31:23:00.11,50.011623,-53.495552,39792.0,156192.7458256729,61
274212547,274212547,eastbound,B789,KLAX,LFPG,26:30:11.71,31:06:00.39,52.834598,-55.980122,41037.0,178777.4739537848,60
274214873,274214873,eastbound,A332,KDTW,EDDF,26:30:31.58,31:29:54.97,50.399558,-54.218489,39780.0,196577.9021892039,86
274218283,274218283,eastbound,A333,CYHZ,EDDF,26:30:34.31,31:36:52.76,47.550296,-52.347553,38347.0,194344.3007296695,85
274213890,274213890,eastbound,B772,KIAH,EHAM,26:30:35.63,30:57:16.08,50.727144,-53.637564,39322.0,214586.3507767712,66
274230626,274230626,eastbound,B763,KIAD,LSZH,26:31:20.66,31:32:20.93,46.579126,-52.591787,39909.0,156864.97062116466,83
274214906,274214906,eastbound,B77W,KMIA,LSZH,26:32:03.57,32:47:16.33,38.012139,-64.722948,39115.0,283348.59694735974,90
274248910,274248910,eastbound,B772,KJFK,BIKF,26:32:14.78,29:05:53.19,52.924321,-56.304456,40334.0,204327.81243008882,49
274215710,274215710,eastbound,B763,KEWR,EGLL,26:32:48.38,30:54:11.32,48.449577,-52.943117,40614.0,152312.6227150059,75
274248742,274248742,eastbound,A332,CYUL,LIRF,26:32:54.94,31:14:30.17,49.014386,-52.66328,39442.0,199143.82448778232,80
274214607,274214607,eastbound,A333,KATL,EKCH,26:34:36.47,31:43:55.83,51.008797,-53.688527,39649.0,184518.27839961712,79
274233911,274233911,eastbound,B763,KBOS,BIKF,26:35:19.05,29:17:05.78,52.606354,-56.321091,41593.0,144204.02330090204,47
274214232,274214232,eastbound,B772,CYVR,EGKK,26:35:20.87,31:02:40.97,63.024898,-65.43172,39511.0,214735.32942342543,69
274229802,274229802,eastbound,B789,KMCO,EGKK,26:36:14.92,32:44:07.51,37.720862,-68.028007,40536.0,197803.47298786434,101
274214926,274214926,eastbound,A333,KJFK,EHAM,26:36:30.43,31:31:56.23,47.445007,-52.852265,38915.0,190279.47787180057,84
274214712,274214712,eastbound,B763,KORD,EGLL,26:36:38.71,31:02:45.77,53.220805,-56.608803,39994.0,152919.97010393022,79
274214450,274214450,eastbound,B764,KATL,EDDM,26:37:13.72,31:32:38.03,48.218007,-52.126186,34956.0,174378.26069104738,70
274214638,274214638,eastbound,A332,CYEG,EHAM,26:37:49.62,31:20:47.38,63.038386,-64.476321,40171.0,195463.09582797802,77
274214956,274214956,eastbound,FA7X,KTEB,LFMN,26:39:48.65,31:36:45.45,47.564747,-52.776548,45628.0,18933.79115689198,83
274212806,274212806,eastbound,B77W,KLAX,LFPG,26:40:08.42,31:12:09.16,53.458853,-55.949143,39642.0,267257.5659091893,61
274214617,274214617,eastbound,B78X,KORD,EBBR,26:42:04.67,31:13:46.98,50.345733,-53.799604,39879.0,215526.83439939594,81
274241021,274241021,eastbound,B77W,KMIA,LFPG,26:45:01.94,32:47:26.10,38.128082,-64.81732,39393.0,279094.78281221515,95
274213050,274213050,eastbound,B77W,KSFO,EDDF,26:46:31.36,31:40:31.16,54.1712,-56.988921,37774.0,267768.0054775572,62
274248835,274248835,eastbound,A333,KJFK,LGAV,26:46:32.35,31:41:01.42,46.345183,-52.487294,38914.0,190277.54580575984,65
274231648,274231648,eastbound,B789,CYYZ,EGLL,26:47:47.53,31:00:03.68,50.102139,-53.984374,41252.0,186512.09994442857,77
274217971,274217971,eastbound,A333,KEWR,LIMC,26:47:57.23,31:57:00.91,47.503508,-52.876332,38908.0,190260.97293247515,85
274214894,274214894,eastbound,B788,KEWR,EPWA,26:47:58.75,31:49:23.85,49.801696,-53.762818,41840.0,172802.36764596737,84
274213665,274213665,eastbound,A339,KSLC,LFPG,26:48:32.51,31:36:21.13,53.345041,-55.842642,39902.0,204052.94793037415,66
274224355,274224355,eastbound,A332,KJFK,LSZH,26:48:54.38,31:46:58.44,46.394504,-52.702123,39766.0,196543.9966108262,85
274214502,274214502,eastbound,B789,CYVR,EIDW,26:50:07.68,30:43:39.04,62.849728,-64.528809,41425.0,181036.74331820323,65
274213826,274213826,eastbound,B789,KDEN,EDDF,26:52:11.27,31:46:26.12,53.378389,-56.15477,40742.0,184486.8971572116,71
274237234,274237234,eastbound,B77L,CYYZ,EHAM,26:52:23.97,31:23:06.35,50.344497,-54.330812,42575.0,235222.37754372202,83
274230779,274230779,eastbound,B77W,TNCC,EHAM,26:53:43.37,33:29:42.92,26.389292,-57.740994,39057.0,283446.1567610475,99
274214964,274214964,eastbound,B788,MMUN,EHAM,26:54:10.43,33:30:03.02,37.81696,-69.787123,41469.0,175581.07344890913,92
274221620,274221620,eastbound,A343,KTPA,LSZH,26:54:17.38,33:37:48.56,39.879404,-67.973241,37094.0,221242.61612251314,92
274244273,274244273,westbound,B763,LFPG,KEWR,26:55:26.08,32:07:02.73,53.616537,-10.769068,40143.0,157151.41521400792,88
274215285,274215285,eastbound,B763,KJFK,LKPR,26:55:55.16,32:06:37.66,46.558607,-52.90066,39464.0,157688.386626139,86
274240695,274240695,eastbound,B77W,CYYZ,LEBL,26:56:22.36,31:21:53.31,49.185752,-52.707093,39881.0,269776.53195361374,80
274213476,274213476,eastbound,B772,KSFO,LSZH,26:56:38.95,31:46:40.10,53.804318,-57.188634,38688.0,216212.78605129878,58
274230764,274230764,eastbound,B752,KEWR,EGPH,26:57:16.93,30:55:20.29,50.269586,-53.871681,39318.0,89271.85386795943,70
274218977,274218977,eastbound,B772,KDTW,BIKF,26:58:43.38,29:27:45.82,55.971146,-59.724532,40320.0,203517.4351233279,47
274216200,274216200,eastbound,B789,MYNN,EGLL,26:59:13.40,32:50:48.44,37.719122,-64.537832,40683.0,195565.24851310535,95
274248694,274248694,eastbound,A333,KJFK,LSZH,26:59:30.35,32:08:18.57,46.690342,-52.698093,38879.0,190525.03505118264,85
274216697,274216697,eastbound,B77W,KJFK,EDDF,27:00:00.51,31:45:28.04,49.230548,-53.430733,39897.0,270299.963123571,85
274226204,274226204,eastbound,A332,MMUN,LFPO,27:00:28.38,33:40:07.77,38.452227,-69.277493,39293.0,203708.11102777833,90
274239705,274239705,eastbound,B772,KIAD,BIKF,27:01:06.07,29:33:46.61,52.698418,-55.617202,40348.0,203459.504526007,48
274221634,274221634,eastbound,A339,KJFK,EHAM,27:01:31.18,31:55:56.17,46.835644,-52.746232,39985.0,201002.64351625438,84
274219105,274219105,eastbound,A333,KBOS,EIDW,27:01:53.04,30:56:01.15,49.556733,-53.415532,38729.0,191473.47501526386,67
274242856,274242856,eastbound,A346,KEWR,EDDM,27:03:10.21,31:52:05.23,49.229064,-52.861241,39487.0,283823.3673014244,85
274246168,274246168,eastbound,B772,KBWI,BIKF,27:03:13.99,29:38:39.57,52.39331,-55.949732,40336.0,203809.96863461935,48
274227045,274227045,eastbound,A332,KMCO,EDDF,27:03:33.36,33:52:44.86,39.062361,-68.428732,38932.0,205583.27222619447,99
274214524,274214524,eastbound,A35K,KATL,EGLL,27:03:38.26,31:19:18.59,49.936088,-53.462335,39234.0,253956.45101166872,73
274212965,274212965,eastbound,B78X,KLAX,EHAM,27:03:44.04,31:36:11.91,53.46197,-56.732712,40498.0,204214.78996189532,60
274220085,274220085,eastbound,B764,KJFK,LSGG,27:04:12.43,31:57:31.52,48.082003,-52.63768,35032.0,172982.6700739113,83
274221038,274221038,eastbound,B772,KMCO,EGKK,27:05:23.28,33:06:47.51,39.158081,-68.365264,38776.0,227658.41948359838,99
274224298,274224298,eastbound,B77W,KJFK,EGLL,27:06:25.52,31:15:44.69,49.306347,-53.47112,40207.0,264497.305938937,76
274229194,274229194,eastbound,A333,KBOS,EGLL,27:06:37.92,31:32:39.30,49.249608,-53.227944,38733.0,191432.48779317964,76
274219121,274219121,eastbound,B752,KDTW,BIKF,27:06:51.77,29:45:21.27,55.528305,-60.043683,38086.0,84499.43443627859,47
274229070,274229070,eastbound,A333,KIAD,EIDW,27:07:35.64,31:04:21.93,49.312074,-52.919861,39173.0,188357.46569773162,65
274214889,274214889,eastbound,B788,KORD,LEBL,27:08:26.99,31:41:55.48,48.920419,-52.818236,42090.0,166491.05999215375,74
274214977,274214977,eastbound,A35K,KMCO,EGLL,27:09:37.15,33:22:24.56,38.996966,-68.53017,38481.0,261895.8065701054,100
274240820,274240820,eastbound,A333,KBOS,EIDW,27:09:46.26,31:09:45.58,48.025772,-52.538121,38761.0,191356.74480304308,68
274226573,274226573,eastbound,B789,CYYZ,EIDW,27:10:08.28,30:49:44.96,50.545356,-53.921466,41511.0,183974.3602702812,66
274245675,274245675,eastbound,A333,KIAD,LSZH,27:12:29.31,32:19:28.10,46.611947,-52.359454,39149.0,188645.95322637793,82
274215881,274215881,eastbound,B763,KEWR,LIRN,27:15:02.67,32:05:38.36,47.443372,-52.752332,39580.0,160498.03060323748,75
274240002,274240002,eastbound,B789,CYYZ,LFPG,27:19:40.44,31:48:43.70,50.01243,-53.304388,41152.0,187979.350673793,82
274214643,274214643,eastbound,B78X,KORD,EDDM,27:20:35.05,32:06:14.95,50.345124,-53.594531,39915.0,215430.81859930747,76
274214829,274214829,eastbound,B763,KEWR,LSGG,27:20:48.26,32:15:02.28,47.845681,-52.872067,40188.0,155624.31049633454,83
274214968,274214968,eastbound,A332,KMSP,EIDW,27:21:16.31,31:12:25.17,53.629908,-57.1798,39942.0,190130.4065043493,69
274245187,274245187,eastbound,A346,KBOS,EDDF,27:23:40.07,32:14:26.66,49.076447,-53.109909,39681.0,279278.1387601269,86
274222886,274222886,eastbound,B772,KMIA,EGLL,27:24:03.28,33:13:36.15,37.855564,-65.571778,38851.0,226557.5127906691,95
274232854,274232854,eastbound,B772,KRDU,BIKF,27:25:29.07,29:59:23.61,53.631998,-57.688285,40267.0,204017.45012551456,47
274243497,274243497,eastbound,A333,KPHL,EIDW,27:25:50.37,31:24:20.78,49.056963,-52.934414,39027.0,189425.52235267012,67
274214835,274214835,eastbound,B78X,KORD,EDDF,27:26:10.73,32:09:14.08,50.113289,-52.838447,39856.0,215197.7596117433,79
274247782,274247782,eastbound,A339,KJFK,EGLL,27:26:21.61,31:50:03.28,49.39858,-53.44357,40158.0,198917.03521209207,76
274241253,274241253,eastbound,B77L,KORD,EHAM,27:27:01.76,31:58:07.19,50.741685,-54.700286,42552.0,234791.92307418076,82
274213608,274213608,eastbound,B77W,KLAX,EGLL,27:27:04.39,31:36:08.62,53.470475,-55.765046,39285.0,262756.94874193077,57
274247482,274247482,eastbound,B788,KPHL,LFPG,27:28:00.70,32:01:57.13,48.028394,-52.69263,42392.0,166988.85217681536,81
274213731,274213731,eastbound,B772,KSFO,LFPG,27:28:20.49,32:01:17.47,53.763071,-56.241398,38536.0,213057.13169413983,61
274226766,274226766,eastbound,B788,CYYZ,EKCH,27:29:16.76,32:25:00.14,53.293872,-56.999472,42202.0,168842.27512331083,90
274215780,274215780,eastbound,B764,KATL,LFMN,27:29:35.47,33:55:00.56,41.166491,-68.150403,33042.0,180692.4303919674,92
274214309,274214309,eastbound,A359,KDEN,EDDM,27:30:04.93,32:19:52.41,52.967262,-55.579658,39685.0,230270.03997704692,64
274214943,274214943,eastbound,B78X,MPTO,EHAM,27:30:21.81,34:15:37.49,27.155638,-60.804464,40464.0,215711.11018390337,91
274213743,274213743,eastbound,B748,KSFO,EDDF,27:32:45.40,32:23:11.51,54.200991,-57.704688,37371.0,365581.7347048826,62
274214196,274214196,eastbound,A339,KSLC,EHAM,27:32:49.24,32:18:15.09,53.558945,-56.203473,39524.0,203196.79420079273,66
274240287,274240287,eastbound,B772,KIAD,LFPG,27:33:48.90,32:06:40.06,46.620839,-52.565843,39403.0,217257.95884576347,82
274235082,274235082,eastbound,A332,CYYZ,LIPZ,27:35:44.18,32:24:27.28,49.431223,-53.228068,39526.0,198844.35224767114,78
274241981,274241981,eastbound,B763,KEWR,BIKF,27:35:45.21,30:15:13.38,52.658694,-55.611525,41645.0,144086.7603293508,48
274223685,274223685,eastbound,B763,KBOS,EGPH,27:36:39.57,31:37:17.10,49.845339,-53.898186,40106.0,150126.85053900594,69
274213939,274213939,eastbound,B772,KSFO,EHAM,27:38:20.68,32:13:09.43,54.120965,-57.592924,38224.0,211924.09278432274,62
274243582,274243582,eastbound,A359,CYUL,EDDM,27:38:37.03,32:34:10.53,49.892639,-53.85767,39777.0,225307.4204655462,87
274215550,274215550,eastbound,A333,KJFK,EGLL,27:39:27.27,32:05:01.69,48.639853,-52.610522,38943.0,190050.72126943318,74
274214448,274214448,eastbound,B752,KDEN,BIKF,27:39:40.49,30:18:04.45,55.976713,-60.661638,37871.0,83123.42825498548,47
274245104,274245104,westbound,B744,EDDK,KPHL,27:39:41.39,32:49:24.45,56.902507,-8.25894,38579.0,296324.1753334448,93
274236920,274236920,eastbound,A333,CYYZ,LFPG,27:39:48.56,32:29:17.20,49.963395,-53.915292,38981.0,189326.0353661773,83
274214314,274214314,eastbound,B772,SPJC,EHAM,27:39:52.19,34:09:51.75,25.849277,-55.694363,38642.0,226360.37178533082,73
274217578,274217578,eastbound,A339,KJFK,LIRF,27:43:05.02,32:36:30.31,46.431962,-52.377338,39404.0,207342.01405769616,77
274213968,274213968,eastbound,B77W,KSFO,LFPG,27:44:01.54,32:22:00.20,53.993534,-57.607049,37765.0,266434.4312456903,62
274224652,274224652,eastbound,B752,KEWR,EBBR,27:44:14.56,32:29:10.48,49.218499,-53.102169,38209.0,91957.78885439363,82
274214973,274214973,eastbound,A333,KATL,EHAM,27:44:21.43,32:31:07.14,49.907368,-52.665057,39685.0,184418.71532624992,75
274237361,274237361,eastbound,B78X,KEWR,EGLL,27:44:41.51,31:54:21.05,49.119438,-53.101968,39528.0,219249.61316408953,73
274237579,274237579,eastbound,A333,KCLE,EIDW,27:44:44.81,31:45:02.03,49.98028,-53.701879,39155.0,188067.83813474103,68
274214907,274214907,eastbound,B763,KMEM,LFPG,27:45:38.97,32:24:54.99,50.039593,-52.929103,39940.0,155071.01441921617,73
274213634,274213634,eastbound,B744,KLAX,EBBR,27:45:53.91,32:18:10.95,53.832769,-56.658354,37664.0,294639.254552372,62
274216581,274216581,eastbound,A359,KDTW,LFPG,27:46:00.30,32:21:34.07,49.840712,-53.675437,40109.0,222937.62245860582,83
274235408,274235408,eastbound,B772,KBOS,EGLL,27:46:13.74,31:55:39.17,49.126188,-53.345252,39594.0,215387.4909620554,76
274238108,274238108,eastbound,B789,KPHL,LFMN,27:46:15.82,32:25:17.27,47.788848,-52.657724,40874.0,191780.3085265369,81
274229882,274229882,eastbound,B77W,KJFK,EGLL,27:47:50.47,31:56:30.32,49.219478,-53.290921,39991.0,264435.8913715632,75
274243726,274243726,eastbound,B772,CYUL,LFPG,27:49:38.91,32:16:56.15,49.91985,-53.295092,39427.0,217410.23134835498,82
274248302,274248302,eastbound,A359,KATL,EIDW,27:51:52.54,31:41:23.86,49.42111,-53.539703,40517.0,219855.4918025254,66
274214814,274214814,eastbound,B789,KDEN,EGLL,27:53:57.39,32:07:47.28,53.449208,-56.279722,40773.0,181113.54388703415,68
274242244,274242244,eastbound,B772,KMSP,LFPG,27:55:10.07,32:30:59.56,53.341204,-56.767441,38772.0,216587.23301322348,82
274226241,274226241,eastbound,B764,KEWR,LFPG,27:55:16.91,32:35:08.47,49.034948,-53.076864,35872.0,170741.2662386722,80
274240446,274240446,eastbound,B772,MMUN,EGKK,27:55:51.12,33:50:01.54,39.690739,-67.80647,38800.0,225852.4908523417,85
274235664,274235664,eastbound,B752,KMSP,BIKF,27:56:46.80,30:32:07.68,57.708599,-62.058666,40665.0,84120.33716069488,47
274243920,274243920,eastbound,B772,KEWR,LIRF,27:56:47.52,32:32:41.04,47.509158,-52.92634,38853.0,225556.08710166853,77
274214803,274214803,eastbound,B789,KSEA,EGLL,27:57:00.44,32:19:39.70,62.973563,-64.84052,41240.0,182747.54619657452,68
274240522,274240522,eastbound,B77W,CYUL,LIRF,27:57:18.36,32:33:37.88,49.382841,-53.290046,39514.0,275406.11274067394,82
274227023,274227023,eastbound,B772,MYNN,EGLL,27:57:46.94,33:47:11.48,37.703126,-64.659683,38884.0,226200.11411699807,95
274236083,274236083,eastbound,B788,KBWI,EGLL,27:57:59.78,32:09:52.43,48.900693,-52.863617,42536.0,164676.76249005034,76
274223326,274223326,westbound,GLEX,EINN,KLAX,27:58:00.00,32:09:45.94,54.050833,-11.703611,44051.0,39110.8,58
274244030,274244030,eastbound,A333,KJFK,EGPH,27:58:10.87,31:58:43.36,49.907269,-53.504121,38926.0,190059.67109192334,67
274241477,274241477,eastbound,A333,CYYC,EDDF,27:58:42.75,33:16:19.04,58.922718,-62.556761,39852.0,183803.84667242155,74
274242656,274242656,eastbound,B763,KJFK,EIDW,27:59:48.76,31:49:58.35,48.916667,-52.636137,40880.0,149371.899847068,67
274234243,274234243,eastbound,B78X,KJFK,EHAM,28:00:45.49,32:30:41.69,49.428927,-53.410777,39650.0,219376.56022796323,81
274223476,274223476,eastbound,A333,CYYZ,LIRF,28:00:50.84,33:00:22.48,49.218463,-53.315646,39008.0,189137.19963323433,76
274224506,274224506,eastbound,B77W,KJFK,LFPG,28:01:01.04,32:35:20.63,46.525356,-52.812343,39453.0,267512.60240558925,83
274223290,274223290,eastbound,A333,CYUL,LFPG,28:02:50.37,32:49:18.12,49.930674,-53.316116,38721.0,191330.5165075978,82
274222335,274222335,eastbound,B772,MKJP,EGKK,28:04:08.78,34:21:19.88,28.317334,-61.070358,38611.0,229366.7150762177,97
274214768,274214768,eastbound,B772,KIAH,EDDF,28:06:15.48,32:54:20.74,49.736493,-53.029048,39155.0,217183.42040039273,67
274244825,274244825,eastbound,A333,KJFK,EIDW,28:06:31.80,32:05:05.04,48.716644,-53.051356,38936.0,190105.33025905362,66
274244155,274244155,eastbound,A333,CYYZ,EGLL,28:08:18.46,32:35:19.73,49.772772,-53.787844,38991.0,189287.16933733152,76
274214883,274214883,eastbound,B789,KDEN,LFPG,28:09:00.89,32:40:53.54,52.906451,-55.237885,40942.0,182560.1013021605,69
274245869,274245869,eastbound,A359,CYYZ,EDDM,28:10:30.76,33:06:35.17,49.747947,-53.852871,39745.0,226467.540437081,85
274214243,274214243,eastbound,B77W,KLAX,LFPG,28:11:17.66,32:42:33.76,53.411923,-55.795075,38542.0,267091.6548203372,61
274243632,274243632,westbound,B763,EGNX,KPHL,28:12:36.16,33:44:20.28,54.499133,-8.347452,39908.0,158319.74128174575,94
274232254,274232254,eastbound,A339,KJFK,LIRF,28:12:40.85,33:08:59.96,46.341685,-52.467654,39402.0,207365.24708723836,78
274245928,274245928,eastbound,LJ35,CYYR,BIKF,28:14:00.00,30:52:50.10,55.033333,-57.0,40866.0,7525.4,43
274214195,274214195,eastbound,A359,KLAX,LIRF,28:14:19.66,33:04:09.36,52.432737,-55.480789,39669.0,233642.49068664742,52
274216201,274216201,eastbound,A35K,CYYZ,EGLL,28:15:55.61,32:33:36.38,49.788799,-53.805806,39263.0,250695.56544965736,77
274236121,274236121,eastbound,B763,KBOS,LPPT,28:16:47.99,33:09:21.41,43.536084,-59.037055,40174.0,153301.5434037222,84
274237347,274237347,eastbound,A332,CYUL,LFPG,28:16:50.01,32:53:09.71,49.629459,-53.386506,40081.0,192459.95034445293,82
274243128,274243128,eastbound,B763,KEWR,EGLL,28:17:46.17,32:38:52.28,48.939092,-52.581168,40559.0,151839.76925007327,75
274233861,274233861,eastbound,B77W,KORD,LSZH,28:17:57.76,32:57:32.72,49.884906,-52.607686,39192.0,269445.99644241156,76
274244330,274244330,eastbound,B752,KEWR,BIKF,28:18:44.32,30:59:44.42,53.209965,-57.130529,40348.0,84912.03728439506,48
274243119,274243119,westbound,B763,EDDP,KJFK,28:20:03.69,33:58:04.32,57.723711,-7.760233,40052.0,158093.48305319593,91
274236752,274236752,eastbound,A343,KJFK,EDDF,28:21:36.95,33:24:30.30,49.100202,-53.205901,38181.0,208943.586967183,86
274221124,274221124,eastbound,B77W,CYYZ,LIRF,28:21:38.48,32:55:27.41,49.312402,-52.814409,39457.0,275874.4742854556,76
274219722,274219722,eastbound,A333,KTPA,EGLL,28:21:48.31,34:37:44.87,39.96049,-68.063604,39034.0,189806.22295028385,96
274214647,274214647,eastbound,A35K,KAUS,EGLL,28:22:08.15,32:34:20.16,49.741587,-52.596366,39219.0,257275.1537403855,62
274246327,274246327,eastbound,B772,KORD,EGLL,28:22:13.40,32:33:34.51,50.107493,-53.814634,39525.0,212858.57079451473,77
274220886,274220886,eastbound,A343,KBOS,EDDF,28:23:34.80,33:25:15.30,48.876907,-53.204052,38185.0,207880.1402854669,85
274213937,274213937,eastbound,B748,KLAX,EDDF,28:23:47.77,33:04:02.25,53.622537,-56.294859,37992.0,364334.47203343577,59
274244020,274244020,eastbound,B763,KJFK,EKCH,28:23:48.27,33:32:26.69,49.63787,-53.577655,39757.0,155910.83305402275,87
274235567,274235567,eastbound,B789,KPHL,EKCH,28:25:16.49,33:18:21.63,49.986232,-53.350512,41000.0,190324.37543459723,87
274214853,274214853,eastbound,B789,KDEN,EDDF,28:25:48.27,33:19:29.68,53.394631,-56.059521,40478.0,184421.60829293402,71
274245163,274245163,eastbound,A35K,KMCO,EGCC,28:26:17.31,34:18:20.99,39.600497,-68.121567,38604.0,260332.92208200903,98
274218056,274218056,eastbound,A388,KBOS,EDDM,28:26:22.20,33:10:59.65,48.418368,-52.669979,39411.0,453108.92079908727,86
274232497,274232497,eastbound,A359,KBOS,LFPG,28:26:25.31,33:03:28.89,47.739989,-52.634503,40163.0,220979.40060485783,82
274242193,274242193,eastbound,B789,KJFK,LOWW,28:28:49.89,33:20:19.46,47.763613,-52.817571,40527.0,195018.57551484444,81
274235726,274235726,eastbound,A333,KJFK,LFPG,28:28:52.46,33:18:10.99,47.980497,-52.75357,38933.0,190143.4625678834,82
274214758,274214758,eastbound,A332,KSLC,EGLL,28:29:59.72,32:49:22.19,53.521276,-56.257135,39535.0,194925.43361351205,64
274229728,274229728,eastbound,A339,MUHA,EDDF,28:30:34.73,35:16:49.54,38.065826,-64.811619,39034.0,213115.83564518753,90
274249054,274249054,eastbound,B752,KEWR,EIDW,28:31:02.49,32:20:54.68,48.966313,-52.504563,39115.0,88591.98515634272,65
274229759,274229759,eastbound,A359,KMIA,LFPG,28:31:49.68,34:39:58.78,38.076738,-64.413197,39416.0,231712.19551196753,95
274214330,274214330,eastbound,B788,KDFW,EHAM,28:32:37.67,33:07:43.52,49.907493,-53.419813,42220.0,161587.81507742195,69
274230125,274230125,eastbound,B789,CYYZ,EDDF,28:36:20.95,33:23:03.29,49.649913,-53.61058,40985.0,190116.59155607343,85
274213738,274213738,eastbound,A343,KLAS,LSZH,28:36:34.62,33:43:28.06,53.067932,-56.064807,37286.0,218175.19491261066,59
274228149,274228149,eastbound,B772,KDFW,EIDW,28:37:18.56,32:14:37.09,50.125951,-53.537413,39739.0,208941.77019031066,59
274230294,274230294,eastbound,A339,CYYZ,EDDF,28:37:35.20,33:40:51.65,49.837404,-53.379479,39770.0,203031.28393779186,86
274214490,274214490,eastbound,B77W,KLAX,EGLL,28:37:39.44,32:49:08.66,53.662793,-56.217709,38529.0,264188.5196943149,59
274238211,274238211,eastbound,A333,KBOS,LSZH,28:37:58.11,33:46:21.43,47.057287,-52.815837,38731.0,191587.4533882187,85
274242843,274242843,eastbound,A333,KBOS,EHAM,28:37:58.52,33:26:30.10,49.229383,-53.312113,38736.0,191406.98938314064,83
274221110,274221110,eastbound,A339,KBWI,EDDF,28:38:16.00,33:43:40.42,48.901191,-53.188373,39774.0,203606.68247284723,86
274248744,274248744,eastbound,A339,KBOS,EGLL,28:38:21.26,33:01:28.47,48.989857,-53.166338,40151.0,198342.98707961588,76
274220013,274220013,eastbound,B772,CYYZ,EGPH,28:38:24.54,32:25:22.16,50.149918,-53.480776,39774.0,211446.28918644818,68
274229837,274229837,eastbound,B789,CYYC,LIRF,28:39:26.19,33:36:02.26,56.173431,-60.163963,40660.0,190044.48025636328,64
274246069,274246069,eastbound,B77W,MUHA,LFPG,28:39:51.30,34:42:24.22,38.144707,-64.848121,39404.0,279139.73716945195,90
274235621,274235621,eastbound,B788,KPHL,LIPZ,28:41:20.75,33:23:45.50,47.711118,-52.738192,41942.0,171624.88745777126,79
274214834,274214834,eastbound,B78X,KAUS,EHAM,28:43:11.83,33:10:19.44,49.956218,-53.186654,40715.0,209197.10198547982,66
274243730,274243730,eastbound,A339,KATL,LIRF,28:43:19.08,33:34:29.34,48.452557,-52.634188,39363.0,209414.9784350335,64
274218832,274218832,eastbound,A388,KJFK,LIMC,28:44:25.10,33:18:58.28,47.234655,-52.658732,39337.0,455340.21069372963,82
274214773,274214773,eastbound,A343,CYVR,LSZH,28:44:38.29,33:56:38.70,53.807661,-56.596308,36617.0,213116.71933405893,61
274221340,274221340,eastbound,B763,KJFK,EGPH,28:44:42.47,32:45:10.25,49.477775,-53.482392,40466.0,150117.06660333616,70
274225669,274225669,eastbound,A333,CYUL,EDDF,28:45:26.50,33:54:33.31,49.648743,-53.658117,38706.0,191452.49172821094,86
274246956,274246956,eastbound,B788,CYUL,EGLL,28:46:04.63,32:57:55.51,50.40998,-53.911377,42575.0,166554.13792882155,74
274245280,274245280,eastbound,B77W,KJFK,LIRF,28:46:15.17,33:23:38.89,46.412655,-52.721309,38894.0,276754.99978524685,79
274225563,274225563,eastbound,A339,KSEA,EDDF,28:49:13.95,34:02:37.27,60.676457,-64.439175,39824.0,206782.93564451736,69
274214157,274214157,eastbound,A339,KSFO,LIRF,28:49:49.71,33:53:00.43,52.396473,-55.366111,39817.0,202926.71978949686,52
274233559,274233559,eastbound,B789,CYYZ,EGCC,28:50:09.59,32:49:31.36,50.049757,-54.024397,41397.0,185419.4345203059,73
274248849,274248849,eastbound,B78X,CYYZ,EHAM,28:50:11.21,33:20:30.85,49.874363,-53.852211,39907.0,218424.51245555351,82
274221538,274221538,eastbound,B789,KCVG,EGLL,28:50:55.14,32:59:30.55,49.687509,-53.102812,41268.0,184503.41623447122,76
274246180,274246180,eastbound,B763,KIAD,LIRF,28:51:01.90,33:34:30.95,47.985011,-52.397694,39800.0,159452.2186232844,71
274220626,274220626,eastbound,B789,KPHL,EGLL,28:51:30.09,33:02:38.61,48.869911,-53.115534,41246.0,186817.35613788402,76
274216872,274216872,eastbound,B788,CYYZ,EPWA,28:53:32.42,33:50:55.08,52.899229,-55.692641,41882.0,171933.9785302506,83
274246918,274246918,eastbound,B789,CYYC,EGPH,28:58:08.36,32:52:01.59,62.908442,-65.335722,41455.0,182795.33092046267,70
274216862,274216862,eastbound,B772,KDFW,LEBL,28:59:05.02,33:22:07.17,48.821118,-52.339395,39107.0,218292.5571180731,61
274237614,274237614,eastbound,A359,KEWR,LFPO,28:59:17.13,33:38:09.39,48.182923,-52.990256,40075.0,221995.57458183423,82
274214955,274214955,eastbound,A343,KDEN,LSZH,28:59:18.17,34:02:10.12,53.006837,-55.280823,37153.0,215584.6364950365,66
274214364,274214364,eastbound,A388,KSFO,EGLL,28:59:28.13,33:08:08.84,53.617431,-56.17882,39278.0,471668.555362159,58
274224088,274224088,eastbound,B763,KJFK,EGKK,29:00:47.68,33:23:23.46,48.453958,-52.473093,40355.0,151761.2428362513,76
274227537,274227537,eastbound,B789,KMIA,EGLL,29:01:11.15,34:54:11.20,37.850979,-65.249391,40640.0,195846.5707458029,95
274246937,274246937,eastbound,B772,KDFW,LIRF,29:01:26.10,33:30:25.26,48.980911,-52.538283,38841.0,222283.89779026335,56
274217462,274217462,eastbound,A333,CYUL,EGKK,29:02:56.44,33:29:53.60,49.706367,-53.305487,38729.0,191312.017668844,74
274218376,274218376,eastbound,A339,MDPC,EDDF,29:04:41.11,36:18:51.11,26.636972,-59.957226,38707.0,214078.29460213476,106
274225863,274225863,eastbound,B772,KIAD,EGLL,29:05:31.64,33:16:59.17,48.548746,-52.685363,39545.0,214418.14620254035,74
274220113,274220113,eastbound,B752,KIAD,EIDW,29:08:08.19,32:59:28.68,48.743007,-52.736322,39224.0,88530.44772460638,66
274247066,274247066,eastbound,B772,KJFK,BIKF,29:08:54.50,31:43:49.87,52.819752,-56.526164,40336.0,204453.89493022842,48
274214721,274214721,eastbound,A359,KLAX,EKCH,29:09:27.66,34:07:58.61,54.700983,-58.725229,39330.0,229466.94926992687,65
274245455,274245455,eastbound,B77W,CYVR,EHAM,29:09:35.87,33:50:18.02,62.792692,-65.285376,40229.0,266686.8003457869,70
274217916,274217916,eastbound,A333,KJFK,EFHK,29:10:21.02,34:42:30.50,50.182732,-53.753687,38916.0,190152.82647879052,92
274214544,274214544,eastbound,B789,MMMX,LFPG,29:12:03.41,33:42:19.30,49.008396,-53.150221,40929.0,180565.3741391758,59
274216677,274216677,eastbound,A333,KEWR,LSZH,29:12:47.86,34:16:47.82,48.318115,-52.623015,38933.0,190031.29671938813,84
274234195,274234195,eastbound,B788,KPIT,EGLL,29:13:03.95,33:24:45.38,49.470356,-53.023455,42493.0,164107.5695223955,76
274238822,274238822,eastbound,B772,KIAD,EDDF,29:14:48.05,34:00:23.71,48.588775,-52.929563,39213.0,219477.77403632103,84
274241320,274241320,eastbound,A388,KDFW,EGLL,29:19:13.85,33:26:23.84,53.249245,-55.627313,39402.0,463383.446040387,66
274214812,274214812,eastbound,B772,KSFO,LIRF,29:19:24.92,34:02:09.29,52.654999,-55.378366,38146.0,219673.1044429563,52
274225364,274225364,eastbound,A332,CYUL,LFML,29:21:12.04,34:09:07.37,48.761334,-52.730529,39754.0,195425.13954612156,83
274235422,274235422,eastbound,B772,KBOS,BIKF,29:21:44.81,31:54:04.02,52.925296,-55.895493,40380.0,204429.9688726184,47
274238720,274238720,eastbound,A339,CYVR,EDDF,29:23:40.20,34:42:21.95,60.697036,-64.360585,39892.0,206000.57711918128,71
274231130,274231130,eastbound,A333,KMSP,EHAM,29:25:41.89,34:18:00.59,53.433128,-57.075848,38837.0,186273.07065253405,82
274214557,274214557,eastbound,A35K,KLAX,EGLL,29:26:36.57,33:44:04.38,53.49122,-55.953327,38649.0,259783.5686592573,58
274227149,274227149,eastbound,A333,CYYZ,EGKK,29:26:41.48,33:52:53.53,49.526706,-53.045496,39023.0,189078.40779000722,74
274231653,274231653,eastbound,B763,KEWR,EGLL,29:28:28.44,33:46:05.28,48.939782,-52.588714,40228.0,151799.6153404377,75
274246226,274246226,eastbound,A333,KDTW,EHAM,29:28:45.01,34:15:43.47,52.768092,-55.639755,39163.0,187926.96192016907,81
274237244,274237244,eastbound,B788,CYUL,EHAM,29:28:46.19,34:02:53.57,50.787304,-54.497736,42409.0,168409.27295627992,82
274244678,274244678,eastbound,B789,CYYC,LFPG,29:31:40.02,34:15:27.07,58.065607,-61.245475,41161.0,184618.85613135423,74
274218628,274218628,eastbound,B772,CYYZ,BIKF,29:33:08.14,32:05:49.01,55.891917,-60.586296,40333.0,204168.91407330692,48
274239773,274239773,eastbound,B752,KIAD,EGPH,29:33:11.62,33:34:03.41,49.118605,-53.340818,39272.0,89077.42112476916,68
274231859,274231859,eastbound,A339,KJFK,LFPG,29:33:21.38,34:23:36.14,47.819032,-53.033867,39783.0,200894.62690036342,82
274246044,274246044,eastbound,B77W,KJFK,EGLL,29:33:27.80,33:41:16.69,48.627662,-52.720081,39816.0,264103.69320158125,75
274225999,274225999,eastbound,B789,CYUL,EGLL,29:33:29.14,33:43:34.88,50.078136,-53.748751,41355.0,187741.1770272965,75
274230717,274230717,eastbound,B752,KEWR,EINN,29:33:29.15,33:12:07.46,48.535263,-52.358937,39267.0,87985.65844423829,64
274245875,274245875,eastbound,A332,KATL,EGLL,29:33:37.60,33:49:10.06,49.083068,-53.110544,40159.0,193963.9691194936,73
274228160,274228160,eastbound,A35K,KIAD,EGLL,29:34:05.04,33:51:25.88,48.606876,-52.984303,39288.0,251400.98745955285,76
274246494,274246494,eastbound,B789,CYYC,EIDW,29:34:31.04,33:32:48.25,60.609271,-65.05673,41402.0,183298.55851307607,72
274229640,274229640,eastbound,A388,KIAD,EGLL,29:35:20.94,33:41:34.19,48.798216,-53.061636,39851.0,446350.8418970438,76
274232870,274232870,westbound,B788,LIRF,KORD,29:36:52.21,34:04:22.56,52.813573,-13.528307,41705.0,174408.09144734748,67
274234506,274234506,eastbound,B77W,CYUL,LFPG,29:36:54.35,34:05:19.47,49.237332,-53.162484,39261.0,265866.4405219377,81
274238370,274238370,eastbound,A35K,KJFK,EGLL,29:38:36.81,33:55:02.90,48.516096,-52.756341,39290.0,250314.73949579286,76
274232095,274232095,eastbound,B77W,KJFK,LFPG,29:39:13.05,34:10:40.96,47.634412,-52.831317,39533.0,267195.3737902134,82
274222699,274222699,eastbound,A339,KJFK,EGLL,29:40:19.62,34:03:45.89,48.532739,-52.927882,40041.0,198970.008177425,76
274243672,274243672,eastbound,B772,KIAD,BIKF,29:40:47.05,32:11:59.62,54.371488,-58.039231,40325.0,203766.47984969427,46
274246969,274246969,eastbound,B77L,KATL,EDDF,29:41:39.49,34:24:26.08,49.204132,-52.90997,42370.0,237289.15188920463,74
274214817,274214817,eastbound,B789,KLAX,EGKK,29:42:04.93,33:58:39.09,53.051726,-55.864819,40482.0,176956.82857737233,58
274243103,274243103,eastbound,B744,KIND,ELLX,29:42:22.40,34:27:03.00,49.072685,-53.235283,38788.0,290222.70819314633,80
274214944,274214944,eastbound,B78X,KLAX,EHAM,29:43:26.16,34:13:11.27,53.512734,-56.241498,39478.0,205248.28725241902,61
274229957,274229957,eastbound,A333,CYUL,LFBD,29:43:40.52,34:26:45.80,48.945477,-52.901527,38738.0,191247.03781107665,81
274222382,274222382,eastbound,B788,KJFK,EPWA,29:45:20.07,34:43:53.72,49.108154,-52.888677,41848.0,172896.1804594265,84
274247675,274247675,eastbound,B789,CYYC,EGLL,29:51:04.84,34:16:47.64,57.637041,-61.535987,41320.0,182685.63082909214,72
274218439,274218439,eastbound,A339,KSEA,EHAM,29:51:20.45,34:40:03.55,62.361705,-64.230075,40036.0,204571.96913637433,69
274244980,274244980,eastbound,B772,KBNA,EGLL,29:53:36.20,34:01:23.17,48.917316,-52.861362,39522.0,213545.68804354072,73
274218252,274218252,eastbound,B772,KSAN,EGLL,29:57:27.39,34:10:20.01,53.549316,-56.476007,38574.0,211381.90065247976,59
274232479,274232479,eastbound,B772,CYYZ,BIKF,29:58:05.53,32:27:23.00,55.63445,-59.325869,40348.0,203881.80712543134,46
274226502,274226502,eastbound,B789,KJFK,ENGM,30:01:22.15,34:36:36.70,50.867887,-54.282173,41139.0,189352.4375157669,84
274240396,274240396,eastbound,A333,KSFO,EKCH,30:02:16.28,34:59:32.38,63.513923,-64.684761,40616.0,178246.62250423728,66
274246857,274246857,eastbound,B789,KSFO,EGLL,30:03:07.62,34:17:40.45,53.199615,-56.286309,40358.0,176207.86397496733,58
274234460,274234460,eastbound,B77W,KATL,EHAM,30:07:28.35,34:33:05.26,49.047088,-52.165752,39881.0,266279.08364439034,75
274220704,274220704,eastbound,A333,CYUL,LFLL,30:08:51.58,35:06:03.46,49.043833,-52.757189,38742.0,191223.62676488888,83
274221715,274221715,eastbound,A332,CYUL,LFBO,30:09:31.48,34:52:40.55,48.540449,-52.817234,39904.0,193615.83899685234,81
274231975,274231975,eastbound,B789,KLAX,EGLL,30:09:40.37,34:22:04.56,53.50776,-55.906281,40694.0,175245.5483335448,57
274217247,274217247,eastbound,B763,KJFK,BIKF,30:09:44.98,32:50:36.12,53.245964,-57.152528,41623.0,144237.8025791463,48
274247830,274247830,eastbound,A333,KJFK,EGLL,30:09:55.51,34:36:18.65,48.451348,-52.798454,38911.0,190202.2801404413,76
274239219,274239219,eastbound,B77W,KEWR,LGAV,30:11:47.62,34:40:53.74,47.937684,-52.474678,38900.0,285167.72233035904,64
274229000,274229000,eastbound,A388,KIAD,EDDM,30:13:00.11,34:57:29.57,48.298169,-52.715827,39366.0,459743.48777010327,81
274218254,274218254,eastbound,B77W,CYYZ,EGLL,30:13:52.91,34:22:14.42,49.430753,-53.355208,40255.0,263139.7837561459,76
274246456,274246456,eastbound,A332,KSEA,EIDW,30:14:21.87,34:15:37.62,61.354559,-64.771164,40454.0,193992.04392988706,64
274225722,274225722,eastbound,B772,CYHZ,EGKK,30:16:31.21,34:28:36.96,47.92524,-52.603906,39582.0,216303.25594860408,76
274238683,274238683,eastbound,A333,CYYZ,EGCC,30:17:14.86,34:30:02.31,49.488471,-53.391469,39006.0,189273.8043188392,71
274214842,274214842,eastbound,B789,KLAX,EPWA,30:18:26.13,35:18:48.25,54.04664,-57.878871,40676.0,182702.1117563349,58
274242748,274242748,westbound,A359,LIRF,KIAD,30:18:31.98,35:08:23.04,52.678214,-13.716703,39712.0,229531.13633639738,78
274230131,274230131,eastbound,A333,KATL,LFPG,30:20:01.16,35:11:18.94,48.186683,-53.178068,39571.0,184959.07278294256,76
274226920,274226920,eastbound,A332,KDEN,EIDW,30:20:43.72,34:07:55.93,53.519876,-56.482056,39555.0,192399.59906972808,64
274248518,274248518,eastbound,B772,KIAH,EGLL,30:21:49.30,34:31:05.50,49.282513,-52.907438,39473.0,212405.8048634613,64
274220053,274220053,eastbound,A339,KSEA,LFPG,30:26:54.17,35:24:34.63,57.441759,-60.835872,39996.0,204620.8695931721,68
274216282,274216282,eastbound,A35K,KDEN,EGLL,30:27:13.87,34:44:53.14,53.440059,-55.936014,38656.0,256096.8278131816,68
274241697,274241697,eastbound,B763,KJFK,LIRF,30:27:36.65,35:15:47.40,47.564936,-52.635449,39434.0,159291.96198107424,77
274248365,274248365,eastbound,A333,CYUL,LEBL,30:27:54.98,35:14:01.55,48.292041,-52.47943,38770.0,191056.52571858972,80
274229307,274229307,eastbound,B744,KIAH,ELLX,30:27:55.56,35:07:57.83,48.80277,-52.280384,38800.0,293738.6427553307,66
274237350,274237350,westbound,A359,LIRF,CYYZ,30:28:08.32,35:11:54.91,54.057968,-10.228914,39691.0,229129.46296486416,78
274247495,274247495,eastbound,B77L,MMMX,LEBL,30:28:22.31,34:54:20.36,47.682974,-52.793886,42137.0,238020.84908405933,53
274248978,274248978,eastbound,B772,KATL,EGLL,30:32:02.78,34:38:31.07,48.701988,-52.445748,39522.0,213483.62516416603,72
274240672,274240672,eastbound,B772,KPHX,EGLL,30:32:03.57,34:42:32.41,53.165241,-55.869587,38817.0,211325.81989620565,60
274220322,274220322,eastbound,A333,CYYZ,EHAM,30:34:49.54,35:23:17.50,49.462591,-53.478467,39011.0,189238.7761757163,82
274230889,274230889,eastbound,A339,KLAX,LFPG,30:35:03.30,35:22:06.21,53.16956,-55.475228,39344.0,203173.5225430847,60
274216995,274216995,eastbound,A333,KJFK,LFPG,30:37:08.24,35:28:04.17,47.790155,-52.966164,38909.0,190304.80251044946,82
274214910,274214910,eastbound,A339,KSFO,EDDF,30:42:21.65,35:48:36.38,53.206349,-55.955095,39456.0,203091.91092551302,60
274234731,274234731,westbound,A332,LIMC,KCVG,30:42:32.11,35:55:48.76,54.169475,-8.842504,39103.0,203865.09548451577,81
274231003,274231003,eastbound,B789,KJFK,LIRF,30:43:14.62,35:23:02.43,47.457649,-52.453395,40447.0,194944.90709568927,78
274240993,274240993,eastbound,B772,KCLT,EIDW,30:45:10.02,34:28:38.70,48.235651,-52.545703,39730.0,210666.73457499314,67
274232384,274232384,eastbound,A333,KJFK,LEBL,30:45:15.33,35:33:45.24,47.221057,-52.684677,38923.0,190239.66080075363,80
274247446,274247446,eastbound,B772,CYYZ,EIDW,30:47:39.64,34:27:08.06,52.169698,-55.325698,39777.0,211547.22395399312,67
274243712,274243712,eastbound,B789,KJFK,LFPG,30:49:13.47,35:20:55.23,48.017472,-52.865225,41095.0,189057.4394947138,81
274248201,274248201,eastbound,B77W,KJFK,EGLL,30:50:46.99,35:00:55.73,48.18086,-52.916038,39902.0,263686.85860490694,76
274248265,274248265,eastbound,A333,CYYZ,EIDW,30:51:33.91,34:44:10.17,52.19959,-55.260967,39002.0,189490.58694337594,67
274226850,274226850,eastbound,A332,CYYZ,LGAV,30:52:06.25,35:31:26.56,48.522657,-52.509334,38893.0,205681.86856815044,63
274223199,274223199,eastbound,B763,KATL,EGPH,30:53:56.99,34:52:25.48,49.610659,-53.140969,40888.0,151397.1537671691,70
274218881,274218881,eastbound,A359,MMMX,LFPG,30:57:02.73,35:28:21.62,48.581996,-52.271675,40058.0,230004.20324657188,58
274237201,274237201,westbound,B763,ETAR,KJFK,30:57:18.81,36:26:58.95,55.603321,-8.450392,40069.0,157830.83172444603,93
274247565,274247565,eastbound,A333,KORD,EIDW,30:59:10.09,34:55:17.07,53.071267,-56.415828,39190.0,186785.30472805182,68
274224647,274224647,eastbound,B789,KDEN,EDDM,30:59:50.35,35:46:57.00,53.154304,-56.066959,40643.0,186085.87331475792,66
274234493,274234493,eastbound,B77W,KDFW,EGLL,31:04:22.76,35:11:36.91,53.136023,-55.205427,38937.0,264353.97987077414,66
274216347,274216347,eastbound,B78X,KPDX,EGLL,31:05:57.80,35:29:26.33,57.276361,-61.476524,41063.0,208918.14768704725,65
274237854,274237854,eastbound,A359,KATL,LFPG,31:06:09.31,35:38:36.16,48.249733,-52.24158,40093.0,224748.04078003686,75
274239834,274239834,eastbound,B77W,CYVR,EGLL,31:07:08.44,35:31:06.17,63.161237,-65.310487,40293.0,266105.48788793135,69
274227203,274227203,eastbound,B763,KEWR,LFMN,31:08:22.88,35:58:21.46,47.7109,-52.829381,39692.0,156796.53510194356,82
274239863,274239863,eastbound,B78X,KSEA,EGLL,31:08:45.04,35:30:37.16,57.253468,-60.662774,41083.0,209966.0019087194,66
274244204,274244204,eastbound,B77W,KLAX,EGLL,31:08:45.24,35:23:48.71,53.438698,-56.978948,38715.0,263447.4930055071,59
274222506,274222506,eastbound,B763,KJFK,EINN,31:10:11.79,34:48:11.42,48.525163,-52.66218,40791.0,148858.52236573774,63
274246040,274246040,eastbound,A333,KMSP,EHAM,31:13:31.19,36:02:17.29,53.354347,-56.37367,39230.0,186052.23962244988,81
274247553,274247553,eastbound,A333,KLAX,EGLF,31:13:35.86,35:41:38.03,53.309033,-55.876249,40629.0,176011.38873465097,59
274248000,274248000,eastbound,A388,KLAX,EDDM,31:16:23.70,36:01:50.64,53.217356,-55.715944,39142.0,486062.54600282724,57
274239688,274239688,eastbound,B77W,KLAX,LFPG,31:17:08.65,35:48:38.50,53.282644,-55.85636,38641.0,267139.4956906771,61
274224619,274224619,eastbound,B789,KDEN,EGLL,31:18:30.34,35:31:57.39,53.37466,-56.306581,41182.0,180925.77788518203,68
274229591,274229591,westbound,B77L,EBLG,KMEM,31:19:15.10,36:23:20.33,55.308356,-8.490765,41410.0,255337.96084015002,80
274242539,274242539,eastbound,B77W,KLAX,EGLL,31:20:11.32,35:30:30.02,53.501112,-55.995167,38734.0,262748.5842980423,58
274215910,274215910,eastbound,A333,KSFO,EIDW,31:20:28.83,35:16:22.78,53.511552,-56.3048,40783.0,175131.3027519301,54
274236116,274236116,eastbound,FA7X,KBFI,LFMN,31:21:27.89,36:37:16.68,57.103007,-60.472776,45191.0,13751.510926856941,65
274216611,274216611,eastbound,A332,CYYZ,LPPR,31:21:45.66,35:27:34.27,48.001223,-52.971752,40132.0,190991.35078180174,73
274220462,274220462,eastbound,A359,KJFK,LFPG,31:22:34.39,36:00:09.64,47.68818,-52.776264,40109.0,221909.86433297629,82
274225462,274225462,eastbound,B788,MMMX,LIRF,31:29:31.02,36:11:55.83,47.622509,-53.006071,41713.0,163071.05827277788,51
274239008,274239008,eastbound,B789,KJFK,EGKK,31:31:22.23,35:44:45.07,48.378374,-52.75311,41301.0,187366.60883961405,77
274215831,274215831,eastbound,A332,KORD,LYBE,31:33:34.69,36:23:58.58,48.615082,-52.620129,39254.0,202677.4074199322,66
274230627,274230627,eastbound,B772,TLPL,EGKK,31:35:02.59,37:25:43.64,26.234551,-52.807158,38839.0,226824.81479929475,100
274233406,274233406,westbound,A332,DAAG,CYUL,31:42:08.15,37:04:46.69,43.025316,-11.289608,39672.0,198040.41164077204,94
274218368,274218368,eastbound,B789,KORD,EGLL,31:43:14.86,35:54:59.10,52.746336,-55.701559,41233.0,184724.16838688412,78
274237920,274237920,westbound,B763,EGLL,KEWR,31:44:47.31,37:12:00.10,54.010038,-9.667279,40093.0,157057.3212699251,92
274226866,274226866,westbound,A359,EHAM,KDTW,31:45:45.55,36:25:14.95,57.756282,-8.049144,39452.0,228881.38924831306,82
274227263,274227263,westbound,B77L,EBLG,KIND,31:45:45.84,36:24:58.54,56.187941,-8.03857,41759.0,250013.23812464232,79
274231390,274231390,westbound,B772,LFPG,KJFK,31:46:33.84,36:50:03.09,53.615468,-10.970946,39121.0,224056.3461952109,89
274242630,274242630,westbound,A333,EGPF,CYYZ,31:50:35.81,36:39:43.36,57.479498,-8.02195,37980.0,197105.73842722859,82
274231083,274231083,eastbound,B764,KATL,EGLL,31:51:09.23,36:13:59.33,48.311093,-52.502841,36022.0,171002.7646433133,71
274231387,274231387,eastbound,B789,CYYC,EGLL,31:55:39.97,36:21:10.85,60.71353,-64.391951,41274.0,184354.61847829213,74
274240796,274240796,westbound,B788,LEMD,MMMY,31:55:59.71,37:21:05.01,43.018545,-11.594178,40413.0,192854.454277854,76
274224444,274224444,eastbound,A333,KORD,EKCH,31:56:38.76,37:07:33.94,54.838101,-58.699631,38873.0,187140.86981860703,85
274220471,274220471,eastbound,B788,SKBO,EGLL,31:56:53.23,38:06:55.55,26.393857,-56.576796,41622.0,171913.45203123635,85
274230569,274230569,westbound,B789,EGLL,KORD,31:57:37.10,36:27:10.86,56.173482,-8.05721,40449.0,201567.1760664956,79
274238290,274238290,westbound,A333,LFPG,KJFK,31:58:41.82,37:36:57.25,54.294802,-7.94478,38434.0,194159.79051945152,91
274219426,274219426,eastbound,A359,KORD,EDDM,32:00:16.88,36:57:14.24,52.927609,-55.74566,39637.0,228093.61454730603,79
274245831,274245831,eastbound,A343,KLAX,EDDF,32:01:12.47,37:05:42.77,53.412978,-57.027991,37919.0,218021.12424263408,60
274225097,274225097,eastbound,B752,KORD,EGPH,32:02:21.96,36:02:48.08,53.952258,-57.630107,37854.0,89128.80116440686,73
274239890,274239890,westbound,A333,LPPT,CYUL,32:02:23.59,37:23:28.25,40.795016,-13.597733,38097.0,196416.9627015676,91
274248666,274248666,westbound,B77W,EDDF,KJFK,32:04:13.88,37:17:12.19,56.269651,-7.733964,39696.0,274617.86873205437,93
274231155,274231155,eastbound,B789,KLAX,EGLL,32:04:33.15,36:17:31.31,53.387551,-56.117697,41161.0,176649.0417057175,58
274232856,274232856,westbound,B772,EGLL,KJFK,32:05:08.96,37:24:01.40,53.847574,-9.811514,39061.0,225291.28811513056,89
274232688,274232688,eastbound,B763,KIAD,LFPG,32:05:40.43,36:49:30.72,47.704843,-52.712228,40060.0,153982.95940437296,82
274234920,274234920,eastbound,B772,KSFO,EGLL,32:06:36.63,36:18:20.70,53.489143,-56.203749,38983.0,209852.14909573604,59
274222863,274222863,eastbound,B748,MMMX,EDDF,32:06:54.28,36:53:17.79,48.064074,-52.946818,38476.0,364917.6878985356,59
274230579,274230579,westbound,A333,EHAM,KATL,32:07:22.03,37:41:19.96,55.999671,-8.132573,38413.0,194242.86492734682,91
1500534198,1500534198,eastbound,B744,KDOV,ETAR,32:07:43.94,36:54:05.13,47.903711,-52.746637,38706.0,290804.0764550886,85
274237928,274237928,westbound,B789,LGAV,KJFK,32:08:10.52,37:08:24.55,52.237638,-13.175049,40953.0,188770.30182915772,74
274223169,274223169,westbound,A333,LPPR,CYUL,32:08:11.92,37:30:14.88,42.303714,-12.362714,38023.0,196872.88477959327,91
274227367,274227367,westbound,B772,EHAM,KEWR,32:08:15.73,37:23:52.48,55.523725,-7.88312,38929.0,226917.77702851171,94
274216072,274216072,westbound,A333,EGLL,KJFK,32:10:07.04,37:39:53.95,53.899817,-9.668984,38265.0,195312.03003222315,89
274232925,274232925,westbound,B763,LEBL,KJFK,32:11:47.74,37:44:29.87,44.096473,-11.602277,40039.0,158408.20892108436,94
274235980,274235980,westbound,B789,EGLL,MBPV,32:11:49.52,37:35:20.56,52.365665,-12.98583,40243.0,203704.76181974215,93
274247007,274247007,eastbound,B752,KORD,BIKF,32:11:57.06,34:48:00.57,56.146223,-60.066718,38453.0,84192.51700653728,49
274220789,274220789,eastbound,B788,KORD,EIDW,32:19:50.89,36:05:37.31,52.049154,-55.517539,42675.0,160801.33379836223,68
274228581,274228581,westbound,A333,LFPG,KDTW,32:21:55.21,37:14:33.86,55.574059,-8.352421,38494.0,193721.93952238178,82
274234479,274234479,westbound,B789,EGPH,CYYZ,32:22:29.27,36:57:33.81,57.964021,-8.369952,40792.0,198715.16510956944,81
274226514,274226514,eastbound,B77W,KSFO,LSZH,32:23:52.19,37:10:11.58,52.966829,-55.624137,38345.0,269019.64721956244,57
274229067,274229067,eastbound,B789,MMMX,EHAM,32:24:07.57,36:56:06.36,48.588896,-52.924117,41062.0,179852.18166608346,59
274244798,274244798,westbound,B77W,LFPG,KLAX,32:25:06.77,36:39:17.43,55.900643,-8.241978,37721.0,303405.5362100558,54
274224023,274224023,westbound,B763,EGLL,KORD,32:26:14.64,37:09:49.92,56.126095,-8.162571,39617.0,161183.33386174034,79
274231719,274231719,eastbound,B77W,KLAX,LSZH,32:26:25.71,37:11:05.96,52.912709,-55.275336,38309.0,270884.0654694441,57
274241846,274241846,eastbound,B788,KORD,LEBL,32:26:39.46,37:07:49.56,50.403752,-54.11303,42078.0,166853.21628972635,76
274245779,274245779,westbound,A333,GMMN,CYUL,32:27:04.34,38:11:52.72,36.042634,-13.699908,38247.0,195515.90784893127,96
274222760,274222760,eastbound,B77W,KDFW,EGLL,32:27:18.03,36:39:15.77,53.315633,-56.188259,39070.0,264039.59951377043,67
274227290,274227290,eastbound,B788,KORD,LIMC,32:28:14.48,37:08:20.63,52.019238,-54.300036,42032.0,166794.5055978684,74
274233287,274233287,eastbound,B772,KORD,EGLL,32:28:31.14,36:41:24.70,53.107799,-56.26098,39379.0,214328.72447639026,79
274216137,274216137,eastbound,A339,KSAT,EDDF,32:28:32.96,37:35:50.36,48.104126,-52.521416,39772.0,207055.72048133748,65
274243541,274243541,westbound,B77W,LFPG,CYUL,32:29:58.60,37:32:14.63,54.854218,-8.118498,39962.0,270946.99143760017,85
274217076,274217076,eastbound,A35K,CYVR,EGLL,32:30:16.24,36:57:37.62,61.461505,-64.334011,39312.0,256977.19913260377,68
274222077,274222077,eastbound,B77W,KSFO,EGLL,32:31:38.07,36:43:02.08,53.58151,-56.215177,38789.0,262549.27522830793,59
274239716,274239716,westbound,A339,EGLL,KJFK,32:35:04.12,38:01:48.40,53.843114,-9.966882,39605.0,204013.62857347092,89
274223676,274223676,westbound,B78X,EDDF,KORD,32:36:37.30,37:02:23.84,57.60364,-7.674678,39872.0,221622.3201222113,76
274234827,274234827,westbound,B764,EIDW,KEWR,32:37:00.00,37:58:30.60,54.293333,-9.360556,35178.0,173591.8,91
274228325,274228325,westbound,B752,EINN,KORD,32:37:00.00,37:16:23.09,54.399167,-11.573889,35155.0,98659.4,77
274236256,274236256,eastbound,B77W,KSFO,EGLL,32:37:53.14,36:51:15.99,53.271204,-56.71419,39005.0,261640.01517922414,58
274230950,274230950,eastbound,B788,KORD,EPWA,32:38:40.50,37:32:42.96,53.515255,-56.67186,41770.0,169957.50090434746,76
274221371,274221371,eastbound,A35K,KPHX,EGLL,32:39:04.29,36:58:50.99,53.3527,-56.316163,39006.0,259400.0543409914,61
274218751,274218751,westbound,A333,LFPG,KATL,32:41:08.87,38:14:08.70,54.325823,-7.777022,38425.0,194241.10227253722,90
274229093,274229093,westbound,A333,LIMC,KJFK,32:41:27.57,38:02:20.84,54.13052,-8.981094,38860.0,191402.3416208374,91
274242164,274242164,westbound,B772,EIDW,CYHZ,32:42:00.00,37:08:41.92,54.0925,-9.747222,39588.0,218559.6,78
274246325,274246325,eastbound,B788,KORD,LFPG,32:44:48.31,37:20:09.72,51.651989,-55.082836,42278.0,164874.005105847,82
274227698,274227698,westbound,A332,LYBE,KJFK,32:45:55.64,38:15:30.28,55.667846,-7.953919,39566.0,200481.89205864197,87
274243740,274243740,westbound,A332,LFPG,CYUL,32:52:19.35,38:01:29.19,54.902096,-8.101649,39842.0,195008.6263393812,85
274232442,274232442,eastbound,A332,KLAX,LEBL,32:52:40.25,37:36:26.50,51.648545,-54.63659,40567.0,192434.92845516404,55
274229187,274229187,westbound,B752,EGPH,KEWR,32:54:21.52,38:11:39.16,57.336666,-8.301107,38944.0,96052.77924251507,90
274228882,274228882,westbound,B772,EGLL,KCLT,32:54:46.82,38:12:12.07,53.839752,-9.61181,38580.0,232040.49160655015,94
274219226,274219226,westbound,B77W,EGLL,KDFW,32:56:35.19,38:01:54.67,54.068868,-10.369801,38398.0,293512.7962091236,76
274225325,274225325,eastbound,A388,KLAX,EGLL,32:57:30.52,37:06:09.83,53.128943,-56.152929,39673.0,474024.45068396186,58
274243324,274243324,westbound,B772,EDDF,KCLT,33:00:13.35,38:16:36.33,55.978796,-7.980231,38534.0,231821.59236733796,88
274220989,274220989,westbound,B764,LFPG,KJFK,33:00:37.18,38:11:48.90,53.347752,-12.706925,33417.0,173620.62227736245,87
274218072,274218072,eastbound,A359,KLAX,LFPO,33:05:42.43,37:43:28.95,52.869306,-55.552936,40096.0,228478.35962657313,59
274219065,274219065,westbound,B772,EDDM,KCLT,33:06:52.90,38:18:30.38,56.846246,-8.837535,38588.0,230487.6135982729,83
274247231,274247231,westbound,B763,EIDW,KJFK,33:07:00.00,38:23:01.04,54.378611,-11.240278,39976.0,156505.3,89
274241204,274241204,westbound,B772,LEMD,KJFK,33:07:56.08,38:30:34.20,42.669109,-11.246628,38930.0,227008.37497032518,96
274242870,274242870,westbound,B772,LFPG,KEWR,33:07:56.14,38:10:43.02,53.569305,-11.860134,39138.0,223798.33720120045,89
274245186,274245186,eastbound,B789,KLAS,EGLL,33:08:20.40,37:17:52.84,53.078233,-55.30854,41164.0,177205.91341113442,59
274218540,274218540,westbound,B772,EGLL,KRDU,33:08:39.85,38:28:50.88,53.863961,-9.615145,38686.0,230569.2943716355,95
274224585,274224585,westbound,A332,EGLL,KMSP,33:09:09.26,37:33:01.21,56.560818,-8.435584,39112.0,201952.81518194848,76
274227572,274227572,eastbound,B763,KORD,EIDW,33:09:58.10,37:03:07.08,53.12689,-56.696799,39796.0,150574.32295266347,70
274245282,274245282,eastbound,B772,BIKF,LEAL,33:11:00.00,36:02:55.58,62.367499,-19.9875,40117.0,211239.5,52
274228747,274228747,westbound,B763,ESSA,KJFK,33:11:10.00,39:11:15.76,62.827456,2.990083,39708.0,160482.14927939113,102
274221437,274221437,eastbound,B788,KSAN,EGLL,33:12:55.89,37:24:38.99,53.008002,-55.278297,42380.0,154169.31800910036,57
274224512,274224512,westbound,A339,LPPT,KSFO,33:13:54.84,38:41:10.25,41.176078,-13.425663,37657.0,224345.02757925808,64
274230931,274230931,westbound,B788,EHAM,KDFW,33:14:50.14,37:38:43.45,58.116788,-8.408789,40978.0,185677.89563373025,63
274222237,274222237,westbound,A333,EHAM,KIAH,33:15:11.62,38:44:50.03,56.037016,-8.408031,38424.0,194185.24514941455,75
274225346,274225346,westbound,B77W,EGLL,KIAH,33:18:43.57,38:33:23.72,54.085456,-10.015058,38389.0,293721.5027375602,78
274232136,274232136,westbound,B772,EGLL,KJFK,33:20:40.35,38:35:57.82,53.833355,-9.49304,39031.0,225738.80722685813,93
274225450,274225450,westbound,A333,LSZH,KORD,33:21:14.06,38:04:06.72,55.849471,-8.295989,38775.0,191840.58206163932,76
274225577,274225577,eastbound,A359,KSFO,LFPG,33:21:58.38,37:59:40.73,52.988197,-55.779531,40060.0,228154.31899380396,60
274239924,274239924,westbound,A333,EBBR,CYUL,33:22:03.57,38:33:51.28,55.517396,-8.187509,38464.0,193957.4223720318,85
274245375,274245375,westbound,B788,EGLL,CYUL,33:22:11.42,38:23:01.57,55.453012,-8.103653,42226.0,173996.93694801172,85
274235622,274235622,westbound,A333,EDDF,MMUN,33:23:31.54,39:14:43.65,55.58715,-8.194705,38635.0,192752.3677823495,75
274222889,274222889,westbound,B78X,EBBR,KORD,33:24:08.41,37:54:07.14,56.225886,-8.185484,39723.0,222935.47396106948,79
274237458,274237458,eastbound,A333,KLAX,EIDW,33:24:11.66,37:19:03.52,53.281893,-55.932487,40581.0,176127.27979932146,55
274245974,274245974,westbound,B744,EHAM,KMIA,33:24:45.93,38:41:07.91,56.161063,-9.083897,37693.0,312117.26462681417,85
274246455,274246455,westbound,B789,EIDW,CYYZ,33:25:00.00,38:12:30.91,55.178611,-8.106667,40760.0,199548.9,84
274242993,274242993,westbound,A333,LFPG,CYQB,33:26:04.03,38:35:28.12,55.065653,-7.889135,38470.0,193949.39743687946,88
274247750,274247750,westbound,B789,EKCH,CYUL,33:26:24.80,38:37:50.78,60.553115,-2.650434,40865.0,195747.6682789576,89
274234908,274234908,westbound,A333,EGLL,KBOS,33:28:59.91,38:49:10.02,53.876661,-9.66323,38266.0,195314.59539652552,91
274238682,274238682,westbound,B763,EGLL,KEWR,33:30:37.23,38:50:29.84,53.823794,-9.810013,40032.0,157492.25996015826,90
274220137,274220137,eastbound,B763,KORD,EGLL,33:32:25.95,37:56:07.79,53.092069,-56.034865,39534.0,152771.46284203735,79
274236489,274236489,westbound,B772,LIMC,KEWR,33:32:50.50,38:46:32.53,54.046285,-8.865176,39046.0,224520.27375758774,92
274230522,274230522,westbound,A332,EGLL,KBOS,33:34:02.72,38:52:34.46,55.20326,-8.353889,39835.0,194442.82188114643,91
274218995,274218995,westbound,B772,EGLL,KBOS,33:34:07.07,38:44:28.37,53.828527,-9.722678,39226.0,222967.19934095143,92
274241217,274241217,westbound,B763,LSZH,KORD,33:34:17.92,38:26:22.18,54.568981,-8.190417,39570.0,162611.05470209563,78
274215507,274215507,westbound,B789,LFPG,KPHX,33:37:06.19,37:57:47.12,55.66231,-8.16732,39347.0,213439.34227518825,57
274238442,274238442,westbound,B77W,EGLL,CYYZ,33:37:20.76,38:20:34.86,55.834819,-8.111433,39661.0,275207.411633576,83
274241567,274241567,westbound,B789,EDDF,CYUL,33:38:15.23,38:37:31.59,56.801249,-7.712423,40970.0,193795.29079869404,85
274246087,274246087,westbound,B763,EGPH,KBOS,33:40:00.00,39:07:20.31,55.801667,-7.706667,40210.0,155511.3,90
274231797,274231797,westbound,B764,EDDB,KEWR,33:40:40.04,39:04:52.63,60.170266,-7.747941,34420.0,175497.61552383765,86
274240931,274240931,eastbound,B748,KMIA,EDFH,33:41:14.79,40:06:15.70,37.927014,-66.951845,36682.0,388022.8215306327,98
274224795,274224795,westbound,A333,EHAM,KATL,33:42:15.25,39:12:00.56,55.940255,-8.191843,38419.0,194237.83107935154,90
274227618,274227618,westbound,A359,LFPG,KIAH,33:43:40.05,38:57:29.42,54.55693,-8.876423,38409.0,240806.97733156715,72
274245313,274245313,westbound,B764,EDDM,KEWR,33:43:56.72,39:15:23.50,57.201299,-7.679157,34037.0,175685.75504498451,94
274221055,274221055,eastbound,A359,KSFO,LFPO,33:45:02.25,38:23:13.90,52.827564,-55.635132,40072.0,228206.6417847802,60
274233502,274233502,eastbound,A339,KPHX,EDDF,33:45:20.97,38:55:37.79,53.044327,-56.425439,39812.0,205183.67276273062,64
274235008,274235008,westbound,B772,LFPG,KCLT,33:45:48.41,39:08:33.31,54.153628,-8.269321,38564.0,231985.26619816825,94
274228864,274228864,westbound,A333,LSZH,KJFK,33:46:06.19,39:23:02.65,54.158844,-7.991086,38749.0,192122.67726789,91
274218819,274218819,eastbound,B789,KORD,LIPZ,33:46:07.24,38:23:39.09,51.507559,-53.820811,40692.0,190825.1655725824,72
274238657,274238657,eastbound,A359,MMMX,LFPG,33:46:59.20,38:20:29.59,47.904924,-52.129498,40083.0,230120.93210837175,58
274246397,274246397,westbound,B77W,EGLL,KJFK,33:47:01.91,39:04:22.07,53.799675,-10.076492,39760.0,273736.6510507248,89
274239580,274239580,westbound,A333,LSZH,CYYZ,33:47:44.69,38:47:59.60,54.772915,-8.455702,38779.0,191901.16524376647,86
274242817,274242817,eastbound,A339,KLAX,EDDF,33:48:09.77,38:53:32.04,53.042968,-55.716766,39996.0,203252.3797643674,60
274223620,274223620,westbound,B788,LEBL,KPHL,33:48:20.25,39:13:57.27,44.591811,-11.241028,41900.0,176356.37787539078,96
274229003,274229003,westbound,A333,EBBR,KJFK,33:49:18.73,39:24:26.99,54.750558,-8.065052,38436.0,194172.7526320473,91
274235695,274235695,westbound,B763,LSZH,KEWR,33:49:30.51,39:19:54.18,55.811264,-8.123352,40041.0,158123.16301139683,93
274229719,274229719,westbound,B772,LFPG,CYUL,33:50:02.24,38:48:57.26,54.930284,-8.050998,39228.0,222508.96177983718,88
274244319,274244319,eastbound,B744,KIAH,EGPK,33:50:20.68,37:29:21.98,53.444062,-55.829184,38903.0,283461.62700038607,61
274223254,274223254,westbound,A333,EDDF,KATL,33:51:20.65,39:19:23.18,56.101959,-8.741113,38671.0,192545.38014641064,85
274224531,274224531,westbound,A333,EHAM,KMSP,33:51:52.79,38:14:03.50,58.935536,-8.252805,38517.0,193505.85592524012,73
274245457,274245457,westbound,B788,EGNT,KMLB,33:52:00.54,39:18:12.12,55.815512,-7.685129,41236.0,185268.8643870835,92
274241877,274241877,westbound,A333,EDDF,CYYZ,33:52:23.39,38:41:49.55,57.55254,-8.006771,38689.0,192340.32383218608,82
274238846,274238846,eastbound,B789,MMMX,EGLL,33:53:42.67,38:04:29.39,48.271481,-52.668731,41212.0,178093.6832201009,56
274244501,274244501,eastbound,A332,KORD,EGPK,33:54:02.08,37:43:29.55,53.35984,-56.801647,40259.0,190522.70839296555,69
274244989,274244989,westbound,A333,ESSA,KEWR,33:54:09.70,39:47:18.80,62.893238,2.784603,38384.0,194459.14245896527,101
274220698,274220698,westbound,B77W,LFPG,KJFK,33:56:10.47,39:02:34.51,53.505371,-12.568079,39875.0,272457.5786556411,85
274237052,274237052,westbound,B772,BIKF,KJFK,33:56:57.00,38:03:02.11,63.916667,-27.160278,39580.0,218655.2,73
274215349,274215349,westbound,A333,EBBR,KIAD,33:59:21.37,39:28:17.50,54.771687,-8.074547,38435.0,194165.8085989514,94
274224848,274224848,westbound,B788,EBBR,MDPC,33:59:41.41,40:00:13.94,51.108162,-6.428178,41211.0,184374.96216336414,100
274217117,274217117,westbound,A332,EGKK,CYYZ,34:00:03.68,38:49:42.07,55.661958,-7.891672,39539.0,197535.59666587826,84
274220657,274220657,westbound,A339,EGLL,KJFK,34:00:05.31,39:27:07.29,53.826198,-9.842418,39604.0,204011.99669016217,89
274247704,274247704,westbound,B789,EGLL,KORD,34:00:29.83,38:30:54.32,56.221597,-7.991953,40449.0,201582.56722597874,79
274224788,274224788,westbound,GLEX,EHAM,KPDK,34:01:22.31,39:08:32.10,56.644056,-7.675012,45592.0,35150.65536443659,86
274229834,274229834,westbound,B788,LEBL,KORD,34:01:44.42,39:13:35.29,48.34962,-6.337561,41424.0,181420.7040952835,86
274219539,274219539,westbound,A333,EIDW,KJFK,34:02:00.00,39:31:16.69,54.020556,-9.564722,37944.0,197329.4,89
274219183,274219183,westbound,B763,EDDB,KJFK,34:02:28.56,39:27:37.84,58.932948,-7.616333,40048.0,158203.84360239195,93
274217009,274217009,westbound,B763,LSZH,KATL,34:03:58.03,39:37:04.34,54.06672,-9.232015,39383.0,164473.97033862243,83
274232618,274232618,westbound,B748,EDDF,KIAH,34:05:45.59,39:17:27.61,56.327445,-8.270115,35879.0,399390.79644197406,73
274244553,274244553,westbound,A333,EHAM,KDTW,34:06:59.45,38:55:10.97,57.768534,-7.900654,38460.0,193911.23083821515,81
274234563,274234563,westbound,A333,LFPG,KMSP,34:07:05.70,38:43:50.08,55.747418,-8.213988,38503.0,193717.85663587792,76
274221205,274221205,westbound,A332,EDDF,KDTW,34:07:13.11,38:55:08.25,57.416319,-7.710328,39309.0,201049.76865643522,81
274235689,274235689,eastbound,B744,MMGL,ELLX,34:08:45.88,38:48:58.80,52.299935,-55.150375,38940.0,297517.78200702893,59
274228072,274228072,westbound,GLEX,EGSS,MYNN,34:09:03.90,39:25:47.71,52.302698,-13.26657,45663.0,35003.22369231314,88
274234496,274234496,westbound,B789,LFPG,KDFW,34:09:58.61,39:19:59.36,54.550921,-8.379909,39765.0,208781.47761357605,74
274227365,274227365,westbound,B763,LIRN,KEWR,34:10:19.55,39:55:51.00,50.102864,-6.390656,39992.0,160098.81805644062,90
274238138,274238138,westbound,A332,LIRF,KORD,34:12:47.52,38:53:18.68,54.167807,-9.689758,39186.0,204527.65426543867,70
274229877,274229877,eastbound,B772,BIKF,GCTS,34:12:51.00,38:10:54.82,61.827778,-20.188611,39660.0,217526.1,71
274227172,274227172,westbound,A359,EGCC,KIAH,34:14:03.76,39:33:04.34,54.509791,-8.309272,38325.0,240048.02813879141,81
274234543,274234543,westbound,B788,EHAM,KORD,34:14:41.66,38:36:26.17,58.461287,-7.860001,41653.0,178634.78227432547,77
274238729,274238729,westbound,B763,EDDS,KATL,34:14:47.88,39:44:13.73,55.687591,-8.828917,39337.0,164580.13893601048,83
274223814,274223814,westbound,A333,EHAM,KBOS,34:16:10.44,39:39:10.07,56.078013,-7.761925,38393.0,194378.4367061143,93
274236677,274236677,westbound,A359,EDDM,KORD,34:16:14.35,38:39:33.50,58.401552,-8.345029,39304.0,232118.51003266056,72
274245610,274245610,westbound,B744,EDDF,KJFK,34:16:14.69,39:34:06.02,56.256477,-7.992335,38619.0,295958.23074794596,90
274218585,274218585,westbound,B77W,EGLL,KJFK,34:17:40.24,39:34:26.94,53.752088,-11.053849,39732.0,274166.34776097076,89
274227468,274227468,westbound,A359,EIDW,KATL,34:18:00.00,39:34:40.24,54.066389,-9.615556,38989.0,232256.1,94
274229808,274229808,westbound,B789,EGKK,KMIA,34:18:31.35,39:35:43.82,52.08086,-12.768053,40132.0,204969.44296762493,87
274224248,274224248,westbound,A333,EDDF,KRDU,34:19:29.72,39:52:55.14,55.752652,-7.584627,38625.0,192850.56686514747,92
274222682,274222682,westbound,B772,LFPG,KATL,34:19:51.02,39:37:21.13,54.372159,-8.307451,38387.0,234458.71697337984,89
274237958,274237958,westbound,B78X,EBBR,KEWR,34:20:41.26,39:37:47.39,54.656168,-8.253287,39661.0,223347.88054409213,94
274246904,274246904,eastbound,B789,KLAX,LFPG,34:20:46.49,38:51:37.98,52.284592,-54.779783,41069.0,177859.66571816028,59
274240452,274240452,westbound,A339,LFPO,CYUL,34:20:51.16,39:24:39.47,53.67428,-10.906472,39858.0,202128.0559033609,84
274244201,274244201,westbound,B772,BIKF,KBOS,34:21:32.00,38:24:07.94,63.584722,-27.044722,39743.0,216408.0,70
274218485,274218485,westbound,B772,BIKF,CYUL,34:22:11.00,38:07:43.08,63.584722,-27.044722,39823.0,215293.0,67
274229934,274229934,eastbound,B772,KORD,BIKF,34:22:20.33,36:53:55.02,56.256575,-60.765578,40279.0,203312.9939352128,47
274237693,274237693,eastbound,B77L,MMMY,EDDF,34:22:30.49,39:11:35.27,51.040242,-54.273643,42240.0,238360.49827379614,63
274234078,274234078,westbound,A339,LFPG,KSLC,34:23:18.15,38:45:26.82,55.988721,-8.896303,38313.0,218634.7183597842,60
274236484,274236484,westbound,A333,LEMD,KORD,34:23:59.45,39:53:56.46,42.784935,-11.614965,38293.0,195238.8185808414,92
274247579,274247579,westbound,A333,ENGM,KEWR,34:24:03.07,40:13:05.72,61.552759,2.775466,38117.0,196205.4135939044,100
274227271,274227271,westbound,B772,EGLL,MYNN,34:24:43.06,39:43:38.82,53.033455,-12.786169,38372.0,234865.514328288,91
274223700,274223700,westbound,B77W,EGLL,KDFW,34:25:01.05,39:34:22.97,54.046906,-10.151326,38442.0,292939.3873861614,76
274221402,274221402,westbound,A388,EGLL,KMIA,34:26:17.85,39:43:41.66,53.893187,-10.047113,38419.0,470247.0212479951,89
274224084,274224084,westbound,A333,EIDW,KJFK,34:28:00.00,39:46:08.47,54.040278,-9.483889,37948.0,197329.4,91
274220326,274220326,eastbound,B772,KLAX,EGLL,34:28:06.57,38:39:22.29,53.343831,-55.98357,39039.0,209962.9944941539,58
274219674,274219674,westbound,B789,EGKK,MMUN,34:28:25.13,39:40:19.58,52.216631,-13.934358,39742.0,209301.27068102226,77
274236196,274236196,westbound,B788,EDDF,KDFW,34:29:58.52,38:47:35.75,58.082663,-8.597551,40970.0,184471.10455943845,59
274238768,274238768,westbound,B764,EDDM,KATL,34:30:13.00,40:00:47.44,57.413461,-8.990702,33698.0,180321.7338796109,81
274240503,274240503,westbound,A346,EDDF,KIAD,34:30:22.07,39:51:01.53,56.050068,-7.743535,39166.0,287055.418733372,94
274247063,274247063,westbound,B763,LIRF,KJFK,34:32:33.70,39:45:25.02,52.172342,-13.313517,40315.0,157575.78484771578,85
274229345,274229345,eastbound,A359,KLAX,LFPG,34:32:52.24,39:11:16.27,52.504663,-55.640232,40016.0,229257.83136874298,60
274246273,274246273,westbound,B789,EGCC,MDPC,34:33:23.18,40:02:20.08,53.108199,-13.357997,40230.0,204184.44583513585,98
274228578,274228578,westbound,B772,EGLL,KIAH,34:33:32.11,39:44:32.50,54.02368,-10.075188,37852.0,242260.55381082237,77
274224254,274224254,westbound,B772,EHAM,KIAH,34:33:48.48,39:50:47.62,56.535437,-8.140609,37825.0,242223.6075119949,73
274239381,274239381,westbound,A333,EIDW,KBOS,34:34:00.00,39:53:47.85,54.043889,-9.482222,37947.0,197329.4,91
274234238,274234238,westbound,B763,LSGG,KIAD,34:35:21.90,40:02:08.90,53.882743,-9.836304,39933.0,159550.24265609734,92
274238302,274238302,westbound,A35K,EGCC,KMCO,34:36:36.82,40:05:43.68,54.270918,-7.775474,37881.0,266383.66132047575,94
274238546,274238546,westbound,A333,LFPG,KBOS,34:36:38.29,39:47:33.49,53.579449,-11.71631,38587.0,193318.95902566728,88
274229060,274229060,westbound,A333,EHAM,KJFK,34:36:54.05,39:57:01.80,56.19947,-8.411071,38433.0,194140.54633174938,92
274225092,274225092,westbound,B763,LIRN,KJFK,34:37:08.81,39:43:30.77,53.20282,-13.097418,40251.0,158198.04216697635,83
274233443,274233443,westbound,A333,EGKK,KJFK,34:39:25.67,40:01:23.23,53.685473,-11.183293,38373.0,194655.79615477158,87
274233034,274233034,westbound,B788,LFBO,CYUL,34:39:52.92,40:02:36.94,49.490314,-6.468118,42070.0,175116.60734518123,95
274240011,274240011,westbound,B788,LEMD,KPHL,34:41:07.48,40:07:22.24,43.102588,-11.765069,41889.0,177610.52730433847,97
274235851,274235851,westbound,B77W,LIRF,KJFK,34:42:04.65,40:25:59.34,49.016488,-6.149912,39620.0,276937.5906645902,96
274225973,274225973,westbound,GLEX,LSGG,MYNN,34:42:22.05,40:26:10.65,47.329577,-7.103311,45276.0,35892.081987281636,89
274246058,274246058,westbound,A333,EGLL,KMCO,34:44:54.62,40:14:33.44,53.932398,-10.122119,38278.0,195197.3147384949,88
274226326,274226326,westbound,B772,LFPG,KDFW,34:44:55.09,39:58:17.31,54.469725,-8.63507,37915.0,241135.59724865376,74
274224115,274224115,eastbound,B789,MMMX,EGLL,34:46:07.19,38:54:42.49,48.096403,-52.004623,41186.0,178650.25777489456,55
274235778,274235778,westbound,B772,EGKK,KMCO,34:46:14.59,39:55:53.07,53.774726,-11.945306,38364.0,234915.2820904047,86
274234733,274234733,westbound,A339,LIRF,KJFK,34:46:24.34,39:46:49.23,52.694965,-13.202687,39754.0,205557.41668267778,84
274244496,274244496,westbound,B78X,LIRF,KORD,34:46:52.84,39:19:47.12,54.094466,-10.088288,40342.0,218237.48177316715,70
274243768,274243768,westbound,A333,LOWW,CYYZ,34:47:15.92,39:37:42.50,58.513804,-7.320423,39036.0,189830.15602612888,79
274242075,274242075,westbound,B789,EGBB,MKJS,34:47:42.37,40:20:18.89,54.385808,-9.700998,39799.0,209525.1879005864,87
274218136,274218136,eastbound,B748,KSDF,EDDK,34:48:41.52,39:25:36.41,52.207383,-54.717722,37721.0,371030.9593828236,80
274225726,274225726,westbound,A333,EGCC,KMCO,34:50:34.67,40:27:20.37,54.305134,-7.837976,38052.0,196660.98717311773,97
274239099,274239099,westbound,B764,LFMN,KATL,34:50:53.86,40:01:39.48,53.10172,-13.868943,34012.0,179815.88687665696,77
274241691,274241691,westbound,A333,EHAM,KBOS,34:50:58.50,40:12:51.89,56.229991,-8.343283,38431.0,194139.52477855745,92
274224488,274224488,westbound,B744,EDDF,KORD,34:52:06.94,39:11:53.03,57.891809,-8.250783,38254.0,302883.9391862358,75
274227990,274227990,westbound,A332,EDDF,KATL,34:53:25.16,40:17:26.19,55.971566,-8.582752,38841.0,205931.724094339,85
274220854,274220854,westbound,B77W,LIRF,CYYZ,34:53:40.72,39:34:28.38,54.306367,-9.562125,39694.0,275246.5320331903,77
274230071,274230071,westbound,B78X,EHAM,CYYZ,34:54:21.32,39:31:56.34,57.584401,-8.056374,39695.0,223113.3365799978,82
274236308,274236308,westbound,A339,EDDF,KBOS,34:55:19.32,40:15:14.77,56.218254,-7.670634,39721.0,203691.23856129905,91
274246583,274246583,westbound,B77W,EBBR,KIAD,34:55:34.56,40:12:01.57,54.68161,-8.345879,39483.0,277915.27587057126,94
274226533,274226533,westbound,B764,LFPG,KATL,34:56:39.02,40:46:24.79,51.015262,-5.821736,30592.0,183309.87782956692,95
274244001,274244001,westbound,B78X,LFPG,KORD,34:57:07.07,39:28:57.12,55.666901,-8.142256,39709.0,222936.862821157,79
274225631,274225631,eastbound,B763,KEWR,LFPG,34:57:28.35,39:42:01.14,47.356135,-52.702107,40357.0,153818.722359468,82
274220186,274220186,westbound,B78X,EDDF,KEWR,34:58:18.21,40:18:08.98,56.556045,-8.260289,39851.0,221711.8944825644,87
274217677,274217677,westbound,B763,LIPZ,KATL,34:58:26.38,40:29:42.94,55.671442,-8.549487,39349.0,164947.1842250861,79
274217701,274217701,westbound,GLEX,EINN,KPTK,34:59:00.00,39:41:31.11,53.973333,-11.534444,46445.0,33899.1,82
274234152,274234152,westbound,B772,EGPH,CYYZ,34:59:58.70,39:38:04.66,57.30742,-8.224343,38975.0,226889.03474842408,82
274217042,274217042,westbound,B772,EIDW,KCLT,35:00:25.50,40:13:26.43,54.000496,-10.296185,38598.0,232211.69221024818,93
274221014,274221014,westbound,B788,EHAM,KIAD,35:02:58.13,40:16:19.85,55.972754,-7.748122,41805.0,177619.05981342058,93
274229097,274229097,westbound,A359,LEBL,KATL,35:03:12.48,40:26:58.89,43.879003,-11.178302,38925.0,235645.70278707007,89
274218510,274218510,westbound,B772,LEMD,KCLT,35:04:18.74,40:28:17.50,43.018312,-11.468288,38485.0,233546.08431986274,98
274221078,274221078,westbound,B772,LIRF,KDFW,35:05:08.60,40:01:24.38,52.424255,-13.77376,38121.0,237989.1719034172,63
274219236,274219236,eastbound,A359,MMMX,EDDM,35:05:30.99,40:00:02.66,47.850761,-52.104248,39793.0,233871.07742321954,55
274247049,274247049,eastbound,B789,KSFO,EGLL,35:06:01.08,39:18:09.37,52.678409,-55.033845,41300.0,174896.9574119456,56
274239189,274239189,westbound,A333,LFLL,CYUL,35:06:01.80,40:16:12.44,54.22592,-8.438527,38728.0,192344.9209650219,89
274244004,274244004,westbound,B789,EGLL,KDEN,35:06:16.44,39:14:00.67,56.989698,-9.022668,39907.0,207496.86658389537,66
274234817,274234817,westbound,A339,EHAM,KJFK,35:07:02.07,40:29:02.35,56.01769,-7.692254,39539.0,205022.16357326682,93
274236403,274236403,westbound,A333,EIDW,KBOS,35:09:00.00,40:24:32.64,54.063333,-9.600833,37948.0,197329.4,89
274235736,274235736,westbound,B772,EGLL,KEWR,35:09:04.24,40:21:04.80,53.816894,-9.736147,39051.0,225471.31610598174,92
274233712,274233712,westbound,B772,LIMC,KJFK,35:09:33.98,40:32:37.89,53.99985,-9.551575,39063.0,224377.98238621198,90
274231433,274231433,westbound,B789,LOWW,KORD,35:11:14.58,39:32:06.32,58.735467,-9.000575,40447.0,197494.9232268051,69
274224927,274224927,westbound,B764,EGLL,KJFK,35:13:42.47,40:24:24.58,51.281698,-13.460528,34186.0,173079.49627670588,87
274248871,274248871,westbound,A333,LPPT,CYUL,35:14:35.57,40:37:15.47,40.819178,-13.479959,38098.0,196404.34853204197,91
274233616,274233616,westbound,B752,BIKF,KEWR,35:15:44.00,39:21:42.31,63.916667,-27.160278,37299.0,92058.5,70
274230389,274230389,westbound,B788,EGCC,KMLB,35:15:56.24,40:45:42.19,54.21525,-8.004524,41241.0,185229.48130106778,93
274224903,274224903,westbound,B772,EGLL,KORD,35:16:34.20,39:45:16.99,56.208774,-7.896486,38639.0,231058.65437106485,78
274226318,274226318,westbound,A339,EDDF,KJFK,35:16:35.87,40:38:18.60,56.168668,-7.682256,39545.0,205572.93282234977,93
274225243,274225243,westbound,A333,EGCC,KATL,35:17:15.66,40:50:03.20,54.479747,-8.457439,38089.0,196428.98800263944,95
274246277,274246277,westbound,B763,LIRN,KJFK,35:17:18.07,40:25:59.86,52.176874,-12.976929,40310.0,157942.94806667388,82
274235692,274235692,westbound,B764,LIPZ,KEWR,35:17:40.13,40:50:26.17,55.316429,-7.842205,36775.0,176350.19329555664,92
274227254,274227254,westbound,A333,LGAV,KBOS,35:17:54.74,40:37:03.34,54.705731,-8.687644,39823.0,184761.39764186874,79
274236120,274236120,westbound,GLEX,EKCH,KBWI,35:18:23.31,40:23:56.86,60.051841,-8.090623,46316.0,33191.66163289954,90
274220092,274220092,westbound,A332,EDDF,KJFK,35:18:24.62,40:39:24.99,56.162885,-7.649383,39580.0,198149.7981878583,93
274237595,274237595,eastbound,MD11,KMEM,LFPG,35:18:27.97,39:48:56.01,51.939083,-54.246254,35392.0,248726.2921154925,73
274221592,274221592,westbound,B772,LOWW,KEWR,35:18:58.62,40:20:06.63,58.055839,-8.192927,39008.0,224004.15545693232,88
274241120,274241120,westbound,B748,EDDF,KMIA,35:19:00.63,40:25:05.80,52.048348,-13.389789,36464.0,391488.2073751192,80
274236754,274236754,westbound,A339,LFPG,KBOS,35:20:07.68,40:28:42.31,53.726229,-11.717177,39887.0,201980.57644701685,88
274221213,274221213,westbound,A339,LIRF,KJFK,35:20:40.74,40:21:06.26,52.625951,-13.214441,39760.0,205571.1239678722,84
274246940,274246940,westbound,B763,LOWW,KIAD,35:21:25.12,40:36:16.90,58.698333,-8.330578,39888.0,160215.32053902317,81
274219417,274219417,westbound,A332,LFPG,CYUL,35:22:22.52,40:31:57.21,55.055461,-8.018294,39843.0,195005.4964362564,85
274238116,274238116,westbound,B77L,EHAM,CYYZ,35:22:31.51,40:02:07.24,57.817334,-7.615029,42172.0,243992.91583725993,82
274228963,274228963,westbound,A333,LIRF,KDTW,35:23:13.76,40:09:19.76,53.085524,-13.655209,39371.0,188244.47169583302,74
274223001,274223001,westbound,A332,LEMD,KJFK,35:24:03.64,40:59:32.91,43.147752,-11.620614,39549.0,197690.14781456388,93
274240719,274240719,westbound,B789,EGLL,KMIA,35:25:50.88,40:41:51.22,53.775468,-12.612193,40127.0,205034.30416478054,90
274244048,274244048,westbound,A333,EGPH,KJFK,35:26:39.27,40:48:22.31,56.555122,-7.755283,37983.0,197099.88349776296,92
274243988,274243988,westbound,A332,LIRF,CYYZ,35:27:23.69,40:18:37.11,54.283896,-8.760196,39546.0,200495.06106160395,78
274230235,274230235,westbound,B763,LSGG,KEWR,35:27:34.19,40:51:09.88,54.054613,-8.958138,40121.0,157837.5338283401,91
274233308,274233308,westbound,B752,EINN,KEWR,35:28:00.00,40:43:17.77,54.543056,-11.443333,38997.0,95350.6,83
274223529,274223529,westbound,B763,EGPH,KATL,35:28:39.44,41:07:31.58,56.057187,-7.755927,39224.0,163695.12632831265,96
274218187,274218187,westbound,B772,EGLL,KPHX,35:28:55.34,40:43:54.35,55.258817,-8.777089,37472.0,247477.4970609972,67
274239192,274239192,westbound,B764,EGLL,KATL,35:28:55.52,41:00:56.93,53.772169,-10.491195,31727.0,181348.15566003232,94
274248973,274248973,westbound,B78X,LGAV,KEWR,35:29:36.83,40:14:17.67,53.924249,-13.094262,40984.0,213121.75283795086,71
274232291,274232291,westbound,B788,LEMD,CYYZ,35:29:51.15,40:45:15.24,43.665769,-11.248119,41792.0,178701.98794117253,94
274224854,274224854,westbound,B763,LOWW,CYUL,35:30:18.51,40:39:12.93,58.135269,-7.849488,40288.0,156604.08169955478,85
274245471,274245471,westbound,B752,BIKF,KBGR,35:30:47.00,39:27:51.93,63.584722,-27.044722,40172.0,89443.4,69
274245028,274245028,westbound,B77W,EGLL,KJFK,35:31:23.80,40:37:42.45,53.920649,-10.070146,39777.0,273689.9046852533,90
274229541,274229541,westbound,B788,EKCH,CYYZ,35:32:25.66,40:22:03.82,60.616869,-1.568488,41808.0,177157.45389797896,86
274239859,274239859,westbound,A333,ESSA,CYYZ,35:33:32.77,40:53:23.30,62.932313,7.265071,38249.0,195370.90073887908,90
274233142,274233142,westbound,B763,LSZH,KIAD,35:33:50.14,41:06:53.05,54.269041,-8.416846,39872.0,160046.40744032923,93
274246332,274246332,westbound,A333,LFPG,CYYZ,35:34:22.45,40:34:44.13,53.953817,-8.873322,38482.0,193968.95092752195,84
274245224,274245224,westbound,B763,BIKF,KJFK,35:35:03.00,39:54:10.83,62.897222,-26.360556,40709.0,151285.8,74
274246929,274246929,westbound,A343,EDDF,KDTW,35:37:16.59,40:24:08.82,58.425425,-7.796958,37611.0,214564.2564048869,78
274239183,274239183,westbound,B764,LFPG,KCVG,35:37:16.70,41:12:24.74,54.194687,-8.409934,31083.0,179708.43536780003,92
274246079,274246079,westbound,B788,LIRF,KORD,35:37:55.93,40:10:48.90,53.98477,-10.028983,41623.0,175631.2085894301,70
274220504,274220504,westbound,A332,LEMD,KSFO,35:38:46.96,41:05:31.10,43.260957,-11.977609,38196.0,211616.4539304641,62
274243337,274243337,westbound,A333,EKCH,KEWR,35:42:14.55,41:24:36.15,60.64087,-2.864605,38489.0,193649.13891921338,98
274245256,274245256,westbound,A333,EDDF,KTPA,35:42:50.21,41:21:39.61,55.778634,-8.276976,38652.0,192697.26913156896,81
274238951,274238951,westbound,A332,LIRF,KBOS,35:43:17.79,40:44:51.60,52.734826,-12.881579,39997.0,196447.7792145445,87
274241613,274241613,westbound,A333,LIRF,KBOS,35:45:09.76,40:50:51.66,52.205831,-13.11909,39333.0,188574.16861240825,88
274241954,274241954,westbound,B788,LSZH,KPHL,35:45:09.82,41:03:58.49,55.120312,-8.127131,41896.0,175113.10810217573,95
274223021,274223021,westbound,B77W,EGLL,KDFW,35:45:23.20,40:53:38.56,53.933032,-10.181107,38486.0,292374.282874585,75
274222007,274222007,westbound,A359,LIRF,KATL,35:47:37.98,40:45:01.08,52.046581,-13.484275,39219.0,235544.54108357482,73
274239421,274239421,westbound,A333,EDDM,CYYZ,35:47:50.06,40:36:09.21,58.044202,-8.20486,38906.0,190830.57560066684,81
274227380,274227380,westbound,A333,EGLL,KJFK,35:48:47.57,41:16:10.68,53.822276,-9.850044,38265.0,195323.74361564493,89
274248778,274248778,westbound,B789,EGCC,CYYZ,35:49:24.72,40:27:57.71,56.932673,-8.373777,40804.0,197944.75033734017,82
274244236,274244236,westbound,B772,LFPG,KIAD,35:49:42.67,41:09:37.65,54.222531,-7.913295,38840.0,228121.2703497249,94
274220635,274220635,westbound,B78X,EHAM,KORD,35:49:53.68,40:10:51.51,58.249083,-8.342193,39707.0,222887.1822040207,76
274216238,274216238,westbound,A359,LFPG,MMMX,35:50:41.05,40:51:28.28,53.571899,-13.092387,37870.0,247696.04727104708,63
274230355,274230355,westbound,B772,LFPG,KJFK,35:51:56.15,40:54:45.68,53.503392,-12.579925,39175.0,223239.44719074646,86
274231116,274231116,westbound,B752,EIDW,KIAD,35:52:00.00,41:18:25.50,54.503611,-9.990278,38752.0,97411.7,92
274234630,274234630,westbound,B77W,LEBL,CYUL,35:52:49.14,41:19:22.93,44.528349,-8.749265,39717.0,274994.2513188801,95
274245697,274245697,westbound,B763,EGLL,KEWR,35:54:39.76,41:20:21.78,53.815348,-9.780575,40099.0,157065.12636992862,92
274239800,274239800,westbound,B772,LIRF,KEWR,35:54:43.12,40:48:54.97,51.942081,-12.884616,39188.0,222486.529696876,83
274218442,274218442,westbound,A35K,EGLL,KAUS,35:54:44.83,41:10:10.56,55.332018,-8.445291,37459.0,273178.30031791714,77
274218500,274218500,westbound,B789,EPWA,KORD,35:54:53.26,40:38:50.82,60.591703,0.813415,40231.0,201588.4785993994,75
274233509,274233509,westbound,A333,LEMD,KBOS,35:55:09.17,41:22:15.26,43.12296,-11.64959,38318.0,195102.29260328866,95
274241104,274241104,eastbound,B77L,KIND,EGSS,35:55:20.66,40:06:58.56,51.54838,-54.610516,42307.0,231994.50513835612,78
274246687,274246687,westbound,A333,LIMC,CYUL,35:55:59.10,41:06:53.50,55.316435,-8.398185,38885.0,191202.68501854787,84
274246706,274246706,westbound,A333,EIDW,KORD,35:56:00.00,40:42:34.29,54.233333,-9.498611,37944.0,197329.4,79
274221830,274221830,eastbound,B788,MMMX,EHAM,35:56:54.43,40:29:15.48,50.983306,-53.726494,42210.0,157613.41957964614,59
274232253,274232253,westbound,A333,LSGG,CYUL,35:57:38.72,41:08:31.77,55.065131,-8.463016,38754.0,192142.71061820854,84
274237692,274237692,westbound,A333,EGKK,KBOS,35:58:26.94,41:24:28.39,54.885547,-7.862837,38264.0,195286.368628946,93
274243982,274243982,westbound,B764,EDDM,KJFK,35:59:14.82,41:24:35.58,57.971971,-8.144655,34122.0,175283.84361566987,92
274230897,274230897,westbound,B752,EGPH,KIAD,36:00:42.92,41:33:41.97,56.663664,-7.677162,38710.0,97672.54918579753,94
274242167,274242167,westbound,B788,EHAM,TNCB,36:00:58.59,41:24:36.48,52.321661,-13.846806,41160.0,183321.59844304647,81
274229902,274229902,westbound,GLEX,LIRN,KBDR,36:02:53.33,41:03:53.16,52.532048,-13.172868,46751.0,31410.789474784746,83
274242227,274242227,westbound,B764,LIMC,KJFK,36:03:10.04,42:04:52.29,48.824747,-6.084489,35766.0,177552.5693194887,99
274220600,274220600,westbound,A333,EKCH,KIAD,36:03:12.39,42:01:14.96,60.634172,-2.135428,38469.0,193797.3189679536,60
274221576,274221576,westbound,A332,EBBR,KCVG,36:04:45.49,40:52:45.97,55.989634,-8.212809,39107.0,202579.89812775483,80
274228817,274228817,westbound,B772,EGLL,KCLT,36:07:08.26,41:22:22.74,53.902044,-10.404453,38612.0,231606.8715567763,93
274224887,274224887,westbound,A333,EHAM,KMSP,36:07:48.77,40:29:55.00,58.50318,-7.831405,38485.0,193753.26732541982,73
274220894,274220894,westbound,B772,LIRF,KIAD,36:07:49.64,40:59:12.62,52.07451,-13.965661,39051.0,224438.59506699815,79
274221985,274221985,westbound,A333,EGLL,CYYZ,36:08:07.13,40:59:32.76,56.055688,-8.282314,38295.0,195074.85055142565,82
274225565,274225565,westbound,A359,LEMD,KLAX,36:08:34.82,41:29:56.15,44.034816,-11.8672,37558.0,250341.4734300299,64
274240685,274240685,westbound,A332,EGLL,KDTW,36:09:15.77,40:56:20.75,54.448405,-8.130162,39280.0,199964.21864242255,81
274239724,274239724,eastbound,A359,KSFO,EDDM,36:09:30.55,41:06:29.91,52.727942,-56.243542,39803.0,231422.4956937697,57
274224980,274224980,westbound,A333,EIDW,KIAD,36:10:00.00,41:32:57.01,54.078056,-9.674167,37939.0,197329.4,92
274243429,274243429,westbound,A333,LSGG,KJFK,36:10:26.31,41:38:08.72,54.016775,-9.683565,38769.0,192131.9311901012,88
274235452,274235452,eastbound,B77L,KMEM,LFPG,36:11:20.68,40:38:01.86,50.277613,-53.428622,42360.0,236309.08867884282,74
274241766,274241766,westbound,B77W,EDDF,KIAD,36:11:42.01,41:28:11.01,55.966488,-7.925026,39479.0,277829.93070899515,94
274237745,274237745,westbound,A388,EDDM,KJFK,36:12:41.25,41:20:34.15,56.961049,-7.84256,39328.0,457205.19601187954,93
274247570,274247570,westbound,B772,EGLL,KSAN,36:14:35.30,40:19:05.37,57.083342,-8.436398,37333.0,249260.48856794715,54
274228436,274228436,westbound,A359,LFPG,KEWR,36:15:19.04,41:13:00.29,53.539317,-12.68671,39877.0,224890.21305868975,88
274242648,274242648,westbound,A332,LIRF,KIAD,36:15:56.61,41:14:09.51,52.226256,-14.025636,39645.0,200545.012231294,79
274226090,274226090,westbound,B789,LFPG,CYYZ,36:17:50.36,40:59:48.93,55.506713,-8.495326,40772.0,196978.03761567807,82
274240352,274240352,westbound,B772,LFPG,MROC,36:18:08.85,42:04:29.19,49.504812,-6.768566,37201.0,251641.30149537075,79
274215801,274215801,eastbound,A35K,KLAS,EGLL,36:19:59.32,40:35:02.61,52.90449,-55.136698,39097.0,258404.3563850563,59
274241435,274241435,eastbound,B77L,KMEM,EDDK,36:20:23.03,41:03:28.69,50.74627,-53.908239,42254.0,237891.84247536925,76
274222590,274222590,westbound,B764,LSGG,KJFK,36:20:47.02,41:46:34.94,54.027804,-9.515093,36861.0,175036.43890305483,90
274245742,274245742,westbound,B763,EDDM,KIAH,36:22:57.18,41:46:59.60,57.352248,-8.17262,39112.0,166706.87823416005,68
274236320,274236320,eastbound,B744,KORD,ELLX,36:24:34.17,41:07:25.36,52.760414,-55.986306,38598.0,290662.6069913184,84
274219540,274219540,westbound,B788,LGAV,KIAD,36:25:18.17,41:55:01.41,50.783437,-6.530656,41689.0,173104.33881967363,78
274231152,274231152,westbound,B772,EGKK,KTPA,36:25:50.46,41:40:04.41,53.286349,-13.131685,38342.0,235259.02553495803,86
274242715,274242715,westbound,A333,EKCH,KJFK,36:26:08.79,41:58:03.14,60.757557,-7.707997,38654.0,192535.99286697072,91
274245594,274245594,westbound,A359,LFPG,CYOW,36:26:30.43,41:32:14.03,55.128001,-7.97121,39870.0,224339.94833182034,86
274235616,274235616,westbound,B772,EGLL,KIAD,36:26:30.44,41:35:52.80,53.940842,-10.466726,38894.0,227648.30638158933,91
274235838,274235838,westbound,B78X,EDDM,KORD,36:26:44.08,40:50:24.59,58.001475,-8.878909,40095.0,219899.24508493437,72
274243627,274243627,westbound,A333,EKCH,KATL,36:26:58.05,41:41:57.93,60.759621,-1.181319,38439.0,193988.74864261126,80
274245665,274245665,westbound,A333,EHAM,KATL,36:27:38.97,42:04:22.97,55.605253,-7.589044,38388.0,194455.44789873174,92
274231280,274231280,westbound,B772,EGLL,CYHZ,36:28:11.58,40:54:51.10,53.784069,-9.810384,39591.0,217913.53014275662,78
274234369,274234369,westbound,B789,EGLL,KPHL,36:28:37.67,41:38:26.80,53.796971,-10.706259,40779.0,197714.67869353952,92
274215746,274215746,westbound,B763,EGKK,KJFK,36:29:10.43,41:58:22.37,55.032651,-7.989189,40094.0,157077.47685718985,93
274236312,274236312,westbound,B772,LEBL,KJFK,36:29:45.23,41:56:37.42,44.501765,-11.352394,38997.0,226216.51240318993,93
274242486,274242486,westbound,B772,LIRF,KCLT,36:31:39.10,42:13:01.89,44.856703,-7.335386,38455.0,233790.25109829786,86
274238597,274238597,westbound,B78X,EHAM,KJFK,36:31:55.58,41:54:51.28,55.932775,-7.705811,39624.0,223524.33664697513,90
274236954,274236954,westbound,B789,LIRF,KPHL,36:32:23.54,41:31:27.17,51.947666,-12.867601,40868.0,193010.60891283062,83
274240574,274240574,westbound,B752,BIKF,KORD,36:32:52.00,39:44:27.17,63.916667,-27.160278,34157.0,94344.9,53
274221264,274221264,westbound,B763,EIDW,KBOS,36:34:00.00,41:56:36.71,54.048889,-9.527778,40291.0,154828.9,90
274221566,274221566,westbound,A332,LGAV,CYUL,36:35:53.19,41:35:16.68,57.537946,-8.841208,39885.0,199054.88196317368,74
274242608,274242608,westbound,A333,LSZH,KIAD,36:36:03.51,42:05:05.87,54.155005,-8.23855,38768.0,192091.80012986384,93
274220726,274220726,westbound,A333,LSZH,KBOS,36:36:32.35,42:00:50.41,54.196715,-8.552701,38759.0,192136.2462946857,92
274218311,274218311,westbound,B78X,EDDF,KORD,36:36:56.95,40:56:26.16,59.233712,-7.94193,39977.0,220703.61800528935,73
274226946,274226946,eastbound,B737,LFVP,LFPG,36:37:31.66,41:28:41.34,47.463915,-52.62301,38836.0,64789.39516406465,82
274231637,274231637,westbound,B764,LDDU,KEWR,36:37:41.25,42:33:07.16,49.403587,-6.259969,33667.0,178954.64265190458,92
274244150,274244150,westbound,B764,LFPG,KEWR,36:37:57.08,41:48:08.84,53.625754,-13.438512,36604.0,173708.02416047762,87
274234223,274234223,westbound,GLEX,LEIB,KBGR,36:38:12.35,41:37:59.50,44.542416,-11.473957,46986.0,31886.394817902772,70
274247101,274247101,westbound,B788,EHAM,KPHL,36:38:35.44,41:57:39.82,55.733699,-7.954126,41913.0,176520.9527883662,95
274243472,274243472,westbound,A333,EGPF,KIAD,36:39:00.00,42:00:35.19,56.745,-8.509167,37943.0,197329.4,92
274235267,274235267,eastbound,B763,KJFK,EGNX,36:39:30.15,40:52:51.46,48.29903,-52.587923,40769.0,151470.36316172127,73
274225245,274225245,westbound,B77W,LEBL,CYYZ,36:39:48.83,41:51:51.02,44.704424,-11.336504,39542.0,277785.4643359487,93
274224688,274224688,westbound,B77W,EHAM,MPTO,36:40:23.01,42:04:53.31,51.724984,-13.369644,38106.0,298529.15744685906,71
274241454,274241454,eastbound,B763,KSDF,EIDW,36:40:39.02,40:31:40.35,51.246644,-54.308584,40923.0,150502.45616231766,66
274230984,274230984,westbound,A333,EGKK,CYYZ,36:41:08.40,41:43:13.54,53.823687,-8.661354,38271.0,195308.909343446,84
274232188,274232188,westbound,B763,LKPR,KJFK,36:41:37.10,42:05:53.81,57.610113,-8.293492,40004.0,158350.47524606093,92
274227549,274227549,westbound,A35K,EGLL,KATL,36:41:40.76,41:57:35.57,53.762281,-9.976203,38085.0,264689.0935480973,90
274233091,274233091,westbound,A332,LIRF,CYUL,36:43:04.75,41:52:09.79,55.421593,-7.926841,39871.0,197072.9689274358,84
274235159,274235159,westbound,A333,LFBD,CYUL,36:44:16.28,42:16:39.82,49.958588,-6.797596,38315.0,195095.90500166456,92
274226148,274226148,westbound,A333,EHAM,KIAD,36:46:35.14,42:14:24.52,56.073748,-7.736658,38404.0,194338.98781146458,94
274228711,274228711,westbound,A333,EIDW,KEWR,36:48:00.00,42:02:34.76,54.075,-9.659444,37944.0,197329.4,90
274217749,274217749,westbound,A333,LSZH,CYUL,36:48:15.50,42:00:28.87,55.330615,-7.873905,38783.0,191919.48013739637,85
274248148,274248148,westbound,B772,EGLL,KIAD,36:48:28.60,42:05:43.91,55.139656,-8.203063,38862.0,228038.60344540258,94
274224011,274224011,westbound,B764,EDDM,KIAD,36:48:36.59,42:23:52.91,57.133674,-7.693513,34187.0,177759.6133499015,91
274241675,274241675,westbound,A333,EINN,KBOS,36:49:00.00,41:54:36.12,53.864722,-11.753611,37948.0,197329.4,86
274237533,274237533,westbound,A333,EIDW,CYYZ,36:50:00.00,41:42:40.90,54.396944,-9.275,37948.0,197329.4,83
274225374,274225374,westbound,B789,LFPG,MPTO,36:50:46.56,42:40:34.03,49.061708,-6.628996,39241.0,215871.68810952993,81
274246300,274246300,westbound,B763,EINN,KJFK,36:51:00.00,42:00:09.39,54.273333,-12.690278,40137.0,155635.0,87
274243409,274243409,westbound,A35K,EGCC,KMCO,36:51:38.18,42:32:31.28,54.170732,-7.97377,37882.0,266382.19059905224,97
274244979,274244979,westbound,B763,EGPH,KJFK,36:51:43.20,42:18:07.02,56.24293,-8.212452,40044.0,156958.86667862776,92
274222267,274222267,westbound,A359,LFPG,CYYZ,36:51:51.71,41:37:14.23,55.564468,-8.423138,39678.0,226605.97424865645,83
274221442,274221442,westbound,B788,EHAM,CYUL,36:51:55.85,42:00:00.73,55.829933,-7.714788,42173.0,173876.32613797794,69
274226555,274226555,westbound,B772,EIDW,CYYZ,36:52:00.00,41:37:22.09,55.146111,-8.021389,38967.0,227142.6,83
274219211,274219211,westbound,A359,LFPG,KBOS,36:52:33.60,41:50:45.61,53.746492,-11.837995,40049.0,222845.17323968484,86
274241969,274241969,eastbound,B77L,KIND,LFPG,36:53:34.86,41:24:01.53,50.471695,-54.32866,42450.0,234889.21626363246,80
274244527,274244527,westbound,B77W,EGLL,KMIA,36:53:44.53,42:07:06.55,53.77697,-13.136423,38860.0,287014.30148806464,90
274236214,274236214,eastbound,B789,KLAX,EGLL,36:54:11.94,41:06:39.93,52.127427,-55.000366,41217.0,175953.51507756388,56
274239493,274239493,westbound,A333,LFPG,KJFK,36:54:14.11,42:08:44.76,53.493356,-12.64295,38629.0,193084.47505672788,85
274247686,274247686,westbound,A333,LIMC,KEWR,36:54:50.18,42:19:29.25,54.000012,-8.745492,38840.0,191662.31848769498,92
274235547,274235547,westbound,B752,EIDW,KEWR,36:55:00.00,42:18:37.45,54.552778,-10.1375,38932.0,96001.0,87
274221631,274221631,westbound,B763,EGLL,KORD,36:55:43.25,41:37:18.30,56.426672,-7.892756,39578.0,161397.91348428695,78
274243273,274243273,eastbound,B77L,KMEM,EGSS,36:56:03.04,41:09:44.30,50.654528,-54.536505,42465.0,234356.79208380403,73
274225468,274225468,westbound,A333,LFPG,KDTW,36:57:08.17,41:49:16.34,55.763705,-8.247798,38509.0,193696.46866424277,81
274238255,274238255,westbound,A333,EDDF,KPHL,36:57:46.24,42:26:14.84,56.136047,-7.830201,38642.0,192762.45068320847,95
274236114,274236114,eastbound,B772,KBOS,EGLL,37:00:47.22,41:09:06.32,48.716,-52.90107,39625.0,215173.70056111497,75
274221028,274221028,westbound,A359,EDDM,KCLT,37:01:27.65,42:17:59.50,56.432658,-8.236818,39207.0,233160.2054073066,84
274231666,274231666,westbound,A333,EHAM,KJFK,37:02:18.46,42:35:43.43,55.772253,-7.960966,38398.0,194360.53495327808,91
274234662,274234662,westbound,A35K,EGLL,KJFK,37:03:29.89,42:19:19.84,53.942353,-10.475048,38798.0,255185.88001002726,88
274232468,274232468,westbound,B77W,LFPG,KJFK,37:04:09.98,42:09:32.87,53.070053,-12.811578,39881.0,272458.92154687754,85
274243317,274243317,westbound,B789,LFMN,KPHL,37:04:23.22,42:01:55.99,52.521759,-12.085732,40843.0,194635.39376980643,90
274244898,274244898,westbound,B763,EGLL,KEWR,37:04:48.45,42:29:41.73,53.824006,-10.112525,40101.0,157056.34669754977,92
274234519,274234519,westbound,B788,LIRN,KPHL,37:05:00.27,42:01:16.43,51.983359,-13.533936,42068.0,170143.02996396532,80
274246014,274246014,westbound,A333,LIPZ,CYUL,37:05:30.93,42:15:00.77,56.322638,-7.852078,39006.0,190250.48099839254,85
274240850,274240850,westbound,B763,LEBL,KJFK,37:06:25.04,42:45:51.44,44.541378,-11.577947,40045.0,158354.5773038983,92
274247091,274247091,westbound,B772,EIDW,KDFW,37:09:00.00,42:17:17.70,54.466667,-10.116667,37895.0,241967.2,82
274244772,274244772,westbound,A332,DAAG,CYUL,37:09:38.44,42:30:57.60,43.222812,-11.352221,39707.0,198021.28862343653,94
274228269,274228269,westbound,B77W,LFPG,CYUL,37:11:04.32,42:13:14.70,55.124647,-8.144325,39964.0,270934.9683155485,85
274243554,274243554,westbound,A339,EDDF,MMUN,37:11:19.61,42:58:16.19,54.554508,-8.353789,38191.0,220565.39949193687,75
274239940,274239940,westbound,A346,EDDF,KIAD,37:11:50.27,42:32:42.26,56.048791,-7.848629,39178.0,287025.6502737457,94
274233846,274233846,westbound,A359,LFPG,KRDU,37:11:54.90,42:14:43.65,53.303522,-13.455416,39512.0,229162.87407723936,90
274238830,274238830,westbound,A333,EGCC,CYYZ,37:12:11.07,42:00:52.67,57.00315,-8.405895,38188.0,195759.72819791446,82
274216792,274216792,westbound,B772,EGLL,KORD,37:12:29.29,41:40:50.50,56.140358,-8.183266,38641.0,231069.32004098166,78
274220278,274220278,westbound,B788,LFPG,KPHL,37:12:46.83,42:12:20.22,53.283004,-13.031939,42079.0,173937.58696799976,89
274242566,274242566,westbound,A332,EINN,KBNA,37:14:00.00,42:23:42.18,53.840556,-11.688889,38970.0,202237.0,88
274233853,274233853,westbound,B788,LGAV,KORD,37:15:10.52,41:49:59.82,55.099331,-8.768828,41573.0,172925.8629787321,62
274215508,274215508,westbound,B763,EKCH,KJFK,37:15:24.99,42:49:22.93,60.732856,-5.129138,39982.0,158430.91658029018,95
274236559,274236559,westbound,B77W,EGLL,KJFK,37:15:37.23,42:28:58.31,53.92163,-10.877703,39808.0,273278.22880406945,88
274236887,274236887,westbound,A333,LGAV,KJFK,37:15:49.72,42:19:12.49,53.400975,-13.149857,40006.0,183718.59647350435,73
274232200,274232200,westbound,GLEX,LIMC,KHOU,37:16:45.81,42:06:14.21,53.914644,-9.847822,44777.0,36533.890317285564,64
274247302,274247302,westbound,B764,LFMN,KJFK,37:17:20.23,43:04:59.21,48.173308,-6.37824,31779.0,177348.8790248099,99
274227211,274227211,westbound,A333,EIDW,KMCO,37:18:00.00,42:47:41.69,54.040278,-9.483889,37940.0,197329.4,95
274215528,274215528,westbound,B77W,LSZH,KORD,37:18:42.37,41:58:11.78,54.656939,-7.937103,39228.0,281948.49390158884,78
274238416,274238416,westbound,B772,EGLL,CYYZ,37:21:36.51,42:08:08.69,54.34955,-8.390693,38943.0,227030.10653921714,83
274219061,274219061,westbound,A333,LFPG,CYUL,37:21:42.38,42:32:16.17,55.542039,-8.435891,38509.0,193712.63998012643,84
274242184,274242184,westbound,B772,LEBL,KDFW,37:23:28.72,42:43:32.10,44.339763,-11.830087,37842.0,242560.48313804145,75
274235895,274235895,westbound,B772,LIRF,KEWR,37:24:16.08,42:57:41.94,50.188556,-6.366373,38922.0,226789.66213503893,94
274237954,274237954,westbound,B748,EDDF,KEWR,37:24:30.34,42:33:50.17,55.694188,-7.846036,37325.0,375827.07950730424,94
274219385,274219385,westbound,A333,EIDW,KBDL,37:25:00.00,42:42:05.70,54.075,-9.659444,37945.0,197329.4,88
274243887,274243887,westbound,A333,EHAM,KDTW,37:25:08.97,42:08:41.87,58.520654,-8.048022,38498.0,193656.77494398603,79
274246547,274246547,westbound,A339,EGLL,KBOS,37:25:38.82,42:38:32.49,53.937863,-10.698862,39821.0,201882.84257637116,90
274219701,274219701,westbound,A332,EIDW,CYYZ,37:26:35.67,42:18:14.29,55.595463,-7.94941,39558.0,196366.4090171536,83
274241061,274241061,westbound,B77W,LFPG,KIAD,37:27:19.43,42:25:02.67,53.468982,-13.081891,39680.0,275348.3562570102,88
274237781,274237781,westbound,A343,EDDF,MROC,37:28:13.76,43:28:36.15,55.356708,-8.72332,35575.0,235546.8730777019,73
274237104,274237104,westbound,B772,LGAV,KJFK,37:29:02.00,42:31:57.22,52.124675,-13.856987,39244.0,220518.56801592154,74
274249091,274249091,westbound,B752,EBBR,KEWR,37:29:17.27,43:02:17.33,54.848968,-8.037152,38990.0,96107.58708906687,94
274219283,274219283,westbound,A333,EGCC,KJFK,37:29:19.61,43:01:20.55,55.005855,-8.288971,38089.0,196425.5963488823,91
274224095,274224095,westbound,B772,EGLL,KIAH,37:30:32.09,42:48:03.38,55.211305,-8.499001,37856.0,242130.36787566476,78
274237993,274237993,eastbound,B748,KORD,ELLX,37:31:09.95,42:11:22.87,53.270398,-56.354251,37609.0,371137.93890723423,84
274229583,274229583,westbound,B772,EGKK,CYHZ,37:31:26.21,41:45:42.02,53.727259,-12.477707,39688.0,216316.67683121777,74
274224495,274224495,westbound,B748,EDDF,MMMX,37:32:36.43,42:48:24.15,56.051756,-8.286412,35882.0,399548.9726032533,65
274232210,274232210,westbound,B789,EHAM,MMMX,37:36:36.75,42:52:02.50,56.938498,-7.735562,39097.0,216400.96838167426,66
274225753,274225753,westbound,A359,LGAV,KATL,37:36:55.78,43:09:20.98,49.94721,-6.650875,38937.0,240378.31033009102,72
274225210,274225210,westbound,B772,LFPG,KATL,37:37:46.94,42:34:30.34,53.368114,-13.298494,38543.0,232270.29730313766,84
274225436,274225436,westbound,B788,EHAM,TNCC,37:38:47.95,42:58:30.90,52.260459,-13.844906,41137.0,183573.73263914694,80
274234033,274234033,westbound,B77W,LSZH,KMIA,37:38:59.40,42:51:47.16,53.819437,-13.293784,38980.0,286062.7016154498,77
274245160,274245160,westbound,B788,LIPZ,KPHL,37:40:02.04,42:59:54.28,54.791473,-7.930894,41897.0,173848.83051120155,91
274239085,274239085,westbound,A332,LIPZ,CYYZ,37:40:40.43,42:26:26.11,56.691835,-7.983144,39532.0,199853.38928097108,83
274215850,274215850,westbound,B77W,LFPG,KMIA,37:41:07.48,42:51:33.42,52.211892,-13.849148,38989.0,285637.9115910795,82
274222369,274222369,westbound,B763,LIPZ,KJFK,37:41:15.42,43:08:08.88,55.67386,-8.2455,40111.0,158299.119565811,92
274236596,274236596,westbound,B789,EKCH,KPHL,37:41:59.97,42:58:52.67,59.876242,-7.496569,40703.0,196919.07715935545,95
274236044,274236044,westbound,A388,EGLL,KDFW,37:42:08.05,42:54:52.33,55.166399,-8.689145,38109.0,477540.6399196543,78
274221854,274221854,westbound,A332,LEBL,KLAX,37:43:31.90,43:13:52.62,44.466698,-11.482524,38480.0,209933.64005117127,62
274217074,274217074,westbound,A333,EHAM,KBOS,37:44:17.83,43:04:25.68,56.503032,-8.222498,38435.0,194113.17730377667,90
274246209,274246209,westbound,A333,EGKK,CYUL,37:45:10.37,42:36:49.91,56.049938,-8.381635,38325.0,194883.29746554827,83
274228181,274228181,westbound,A35K,EGLL,KPHL,37:46:19.44,42:57:51.44,53.872421,-10.474074,38714.0,256351.0619519881,92
274236340,274236340,westbound,A339,LIRF,KATL,37:46:59.34,43:33:22.03,46.069036,-7.143323,38737.0,216004.7939514817,83
274218107,274218107,westbound,A359,EKCH,KBOS,37:50:19.48,43:02:09.46,60.612235,-7.930958,39895.0,224527.6314978536,93
274242822,274242822,westbound,A333,LSZH,KJFK,37:50:51.54,43:24:55.27,54.220371,-8.171456,38771.0,192105.63250390824,90
274215190,274215190,westbound,A333,LFLL,CYUL,37:52:11.24,43:03:25.65,54.976736,-8.473851,38763.0,192163.26397102993,84
274232150,274232150,westbound,B789,EDDF,CYUL,37:52:27.46,42:51:51.42,56.907541,-7.847744,40975.0,193768.67060136594,85
274232882,274232882,westbound,A333,EGLL,KJFK,37:53:26.01,43:16:40.22,53.94012,-10.540625,38306.0,195088.26184778553,88
274241027,274241027,westbound,B77W,LGAV,CYUL,37:54:43.31,42:37:43.25,60.489703,-8.30388,40046.0,269037.6940388794,68
274224087,274224087,westbound,A332,EGLL,KATL,37:57:01.37,43:17:44.10,53.878237,-10.468193,38895.0,204229.25964300896,93
274224947,274224947,westbound,B77W,EHAM,TNCC,37:58:27.56,43:37:31.54,49.712798,-6.992613,38462.0,292987.61089683784,85
274220753,274220753,eastbound,B77L,KCVG,EGNX,37:58:53.10,41:59:16.41,51.57937,-54.584883,42561.0,231784.94925596382,74
274225716,274225716,westbound,A332,LSZH,KJFK,37:59:29.11,43:21:05.77,54.247838,-8.418375,39629.0,198311.3581636674,92
274226489,274226489,westbound,A333,EINN,KJFK,38:01:00.00,43:08:49.41,53.883889,-11.805278,37945.0,197329.4,88
274248069,274248069,westbound,B788,EPWA,CYYZ,38:01:07.53,43:03:38.78,60.484858,1.869824,41683.0,176714.34807186137,85
274219437,274219437,westbound,A332,LFML,CYUL,38:01:18.38,42:55:55.17,52.856585,-13.080698,40027.0,195028.6878377419,82
274221010,274221010,westbound,A346,EDDF,KBOS,38:04:36.03,43:19:21.63,56.017943,-7.897989,39594.0,280550.30041823065,91
274246538,274246538,westbound,B789,EGLL,CYUL,38:05:26.36,43:07:07.66,55.520961,-8.037391,41011.0,195302.74249701013,85
274222510,274222510,westbound,A333,EHAM,CYYZ,38:06:12.10,42:55:24.93,57.38917,-8.092941,38461.0,193953.415358776,82
274215580,274215580,westbound,B789,LGAV,KPHL,38:13:55.08,43:41:24.23,50.666584,-6.908582,40640.0,194112.38685790575,79
274248219,274248219,westbound,B788,EIDW,KPHL,38:16:30.43,43:26:35.41,53.936653,-10.42921,42011.0,177675.74834070186,92
274237119,274237119,westbound,A333,EGCC,KJFK,38:16:46.31,43:41:18.13,54.362034,-8.10367,38051.0,196650.31682476576,93
274220962,274220962,westbound,B77W,LIRF,CYUL,38:17:15.28,43:16:54.90,55.983117,-8.182588,39998.0,270411.32847003744,84
274241231,274241231,westbound,B789,LFPG,MMMX,38:17:19.89,43:20:04.88,53.241419,-13.50679,39263.0,214223.79786666817,64
274233421,274233421,eastbound,B764,KJFK,LFPG,38:18:04.73,42:55:26.41,49.572432,-52.922992,34850.0,170420.47635369553,79
274224814,274224814,eastbound,B748,KSDF,EDDK,38:23:46.27,43:01:21.07,52.786318,-55.361147,37616.0,371949.5365438867,82
274239154,274239154,westbound,A333,LFPG,KJFK,38:24:00.40,43:31:32.85,53.567794,-11.921266,38598.0,193282.88899164673,88
274243391,274243391,westbound,A339,LFPG,KJFK,38:25:45.32,43:28:40.73,53.580356,-12.767982,39745.0,203648.7800599307,87
274239173,274239173,westbound,B77W,LFPG,MMUN,38:27:03.61,43:35:22.05,52.385942,-13.91663,38439.0,293695.36810358433,76
274240827,274240827,westbound,B772,LIRF,KDFW,38:27:53.43,44:12:06.20,45.774072,-6.463771,37723.0,244396.71130111758,73
274245400,274245400,westbound,A339,LIRF,KJFK,38:29:11.49,44:18:22.31,50.411291,-6.242726,39463.0,207964.9951008839,96
274219510,274219510,westbound,B789,EGKK,KMCO,38:30:17.80,43:42:57.61,52.938845,-13.122064,40227.0,203762.5397553791,87
274242682,274242682,eastbound,B77L,KCVG,EDDP,38:30:48.91,43:19:24.37,51.700007,-54.333848,42108.0,238784.97532264507,79
274248673,274248673,westbound,A332,LEMD,KJFK,38:35:14.84,44:07:36.85,43.215345,-11.295166,39511.0,197940.2133546105,97
274233963,274233963,eastbound,A333,BIKF,GCTS,38:36:48.00,42:51:01.60,61.947499,-20.270278,38365.0,193402.6,72
274233466,274233466,westbound,A388,EGLL,KBOS,38:37:53.40,43:51:31.51,54.948398,-7.719134,39516.0,443762.3744939996,93
274220170,274220170,westbound,A339,EDDF,KMSP,38:38:01.20,43:03:54.10,57.937382,-7.783111,39101.0,210531.16711807845,71
274222958,274222958,eastbound,B772,MYNN,EGLL,38:39:56.56,44:20:09.74,37.844839,-63.3783,38947.0,225400.26479815785,93
274246098,274246098,westbound,B77W,LGAV,CYYZ,38:42:30.82,43:25:05.76,55.936826,-8.168783,39642.0,275853.0623847962,68
274236834,274236834,westbound,B772,EGKK,KMCO,38:43:08.26,43:54:53.87,53.210603,-13.181072,38405.0,234410.65694971263,87
274215257,274215257,westbound,A332,EDDF,KRSW,38:45:15.10,44:24:30.61,55.878928,-8.841031,38614.0,208389.59575038246,82
274248575,274248575,eastbound,B763,KEWR,EGLL,38:45:47.28,43:03:58.36,49.486462,-53.018759,40788.0,151854.69971792743,74
274248269,274248269,westbound,B789,EGKK,KJFK,38:46:12.33,43:52:45.92,53.724723,-12.363396,40935.0,195658.0461563667,86
274239888,274239888,westbound,B788,EPWA,KJFK,38:47:29.52,43:57:42.38,60.708117,-7.514051,41961.0,172185.56518797786,90
274242419,274242419,westbound,B788,EIDW,KPHL,38:48:27.97,44:00:04.30,53.927945,-10.393222,42011.0,177680.87031475332,93
274247902,274247902,westbound,A333,LEBL,CYUL,38:48:39.47,44:09:44.16,44.633605,-11.291263,38620.0,193303.94165815134,91
274245362,274245362,eastbound,A35K,KJFK,EGLL,38:53:32.86,43:10:27.07,49.439,-53.49834,39330.0,250300.35038605818,75
274226360,274226360,westbound,B789,EGLL,KDEN,38:56:08.89,43:03:46.63,56.942521,-9.01078,39909.0,207512.43955690088,66
274234516,274234516,westbound,A332,LFBO,CYUL,38:56:24.58,44:31:04.90,49.693403,-6.367718,39673.0,196757.1577670571,93
274217285,274217285,eastbound,B763,KPHL,LFPG,39:01:40.46,44:29:37.14,47.323953,-52.597436,40577.0,153671.35467642784,92
274219071,274219071,eastbound,B763,KCVG,EBBR,39:02:08.40,43:48:42.52,51.44649,-55.045738,39699.0,154593.1021395022,82
274228332,274228332,eastbound,A333,KJFK,EGLL,39:03:54.68,43:29:28.28,49.507542,-53.459945,38959.0,190186.6364287835,74
274248044,274248044,westbound,A332,EHAM,CYUL,39:04:31.26,44:12:35.84,56.725701,-7.845639,39817.0,195096.6862216297,77
274221013,274221013,westbound,A333,LFPG,KATL,39:05:45.79,44:19:25.12,53.294459,-12.846114,38624.0,193114.99794130918,86
274238242,274238242,westbound,B77L,EDDF,KORD,39:07:56.12,43:33:48.03,57.609608,-7.615974,41815.0,249089.47641806642,76
274223465,274223465,westbound,A333,BIKF,KIAD,39:09:03.00,43:21:19.10,63.584722,-27.044722,38025.0,196481.3,72
274239925,274239925,westbound,A332,EIDW,KSEA,39:09:14.40,43:22:38.02,56.124467,-8.478629,38283.0,209395.74018271756,69
274236063,274236063,eastbound,B763,KJFK,EDDP,39:09:26.10,44:15:09.90,49.651792,-53.754431,40271.0,156361.7281782037,86
274247855,274247855,westbound,A339,EDDF,KMIA,39:10:58.27,44:47:25.63,54.277564,-10.130775,38738.0,214872.08527427207,83
274234224,274234224,westbound,A333,LEMD,KDFW,39:11:07.52,44:41:06.57,43.347543,-11.89929,38304.0,195169.6185421558,79
274233579,274233579,westbound,A333,LIRF,CYYZ,39:11:28.91,44:01:37.93,54.072028,-10.973201,39279.0,188832.31680093828,78
274236343,274236343,westbound,B763,LIRN,KEWR,39:12:33.01,44:58:29.14,49.805224,-6.642817,40008.0,160121.45519276735,90
274243364,274243364,westbound,B77W,EGLL,KJFK,39:12:45.18,44:25:49.55,53.888535,-10.933105,39802.0,273261.62027277943,88
274216088,274216088,westbound,B77L,EHAM,KORD,39:15:08.54,43:42:08.85,57.399607,-8.465511,41843.0,248924.97633032966,78
274234753,274234753,westbound,A333,EHAM,KMSP,39:17:46.65,43:36:52.60,59.161598,-7.836578,38521.0,193506.47271329755,72
274234659,274234659,eastbound,B772,CYHZ,EGLL,39:18:06.34,43:28:24.72,48.138772,-52.922537,39649.0,216260.93539399237,76
274243592,274243592,westbound,A333,EGLL,KTPA,39:18:49.21,44:43:05.80,53.767391,-13.059881,38412.0,194428.6978173605,86
274236493,274236493,westbound,A333,BIKF,KBWI,39:18:50.00,43:35:10.73,63.916667,-27.160278,38067.0,196102.2,73
274227959,274227959,westbound,B789,EGLL,MMMX,39:22:37.64,44:40:41.19,55.187808,-8.882414,39130.0,216797.67574060004,69
274228964,274228964,westbound,B77W,LIRF,CYYZ,39:22:48.13,44:08:14.47,54.562258,-8.356828,39675.0,275614.92921836284,78
274233162,274233162,westbound,A333,LEMD,KIAD,39:22:49.39,44:55:05.24,43.255477,-11.493054,38271.0,195319.57920341846,96
274236671,274236671,eastbound,B772,KJFK,EGLL,39:24:11.72,43:35:58.43,47.138681,-52.581386,39565.0,215823.58846256233,75
274222171,274222171,westbound,B772,LFPG,KMSP,39:29:04.56,43:54:06.12,55.736386,-7.913609,38577.0,231752.75444507026,76
274233129,274233129,eastbound,B763,KPHL,EGNX,39:30:26.51,43:45:32.30,47.593385,-52.499627,40822.0,151495.65696751943,74
274233208,274233208,westbound,A35K,EGLL,KMCO,39:32:58.41,44:52:44.99,53.718114,-11.965768,38046.0,265695.84288996086,89
274231451,274231451,westbound,B78X,EGLL,KPDX,39:33:01.79,43:35:50.75,56.845254,-8.464656,39585.0,223965.71592357778,62
274242256,274242256,eastbound,A333,BIKF,LEAL,39:34:00.00,42:34:10.89,62.266944,-19.797778,38905.0,188164.9,51
274244372,274244372,westbound,A333,EIDW,KIAD,39:35:00.00,44:57:28.53,54.048889,-9.527778,37948.0,197329.4,92
274223832,274223832,westbound,B763,EGLL,KORD,39:37:14.18,44:18:47.56,56.332154,-8.154828,39615.0,161183.9478008468,78
274235904,274235904,westbound,B77W,EGLL,KJFK,39:38:44.97,44:51:47.52,53.889379,-10.932659,39807.0,273261.6728215639,88
274234201,274234201,westbound,B772,EGLL,KCLT,39:40:35.63,44:54:10.49,53.876154,-10.515564,38615.0,231547.93663851556,93
274237774,274237774,westbound,A333,BIKF,CYHM,39:40:45.00,43:06:14.68,63.916667,-27.160278,38219.0,194771.9,58
274235068,274235068,westbound,B763,EGLL,KEWR,39:42:34.22,45:06:08.99,53.759138,-8.716461,40004.0,157677.36795605626,90
274244044,274244044,westbound,A359,LFPG,MMMX,39:43:54.79,44:48:53.74,53.380064,-13.275134,37881.0,247615.79035659696,64
274239794,274239794,westbound,A339,EDDF,CYHZ,39:45:39.85,44:25:42.68,55.909852,-7.808885,40108.0,199587.0772172797,80
274229948,274229948,westbound,B789,EGLL,KPHL,39:49:48.69,44:59:11.81,53.796239,-10.63098,40795.0,197688.1876428022,92
274227903,274227903,westbound,B763,LIRF,KJFK,39:52:12.21,45:42:21.98,50.421509,-6.344701,39984.0,159876.14174287856,95
274228914,274228914,westbound,A359,LFPG,KMIA,39:52:21.28,45:06:16.96,52.048867,-13.261276,38962.0,235329.32857802906,83
274222389,274222389,westbound,B772,EGKK,KJFK,39:54:16.14,45:01:21.72,53.747218,-12.296324,39164.0,223706.5275435102,86
274236115,274236115,westbound,B77W,LFPG,KJFK,39:58:54.45,45:03:34.87,53.335668,-12.903441,39915.0,271981.50358412456,85
274230292,274230292,westbound,B764,EGLL,KATL,39:59:14.68,45:32:54.67,53.920272,-10.486028,32652.0,181828.5323184792,94
274243439,274243439,westbound,A332,EIDW,KORD,40:01:32.59,44:39:31.86,55.691448,-8.028383,39149.0,200543.05841582836,79
274216571,274216571,westbound,A333,DAAG,CYUL,40:01:54.71,45:27:59.46,43.27668,-11.445343,38826.0,191964.88957104736,93
274221231,274221231,westbound,B763,LFMN,KEWR,40:02:35.92,45:13:35.47,53.357974,-13.088051,40320.0,157039.9227771723,87
274221761,274221761,westbound,A333,EIDW,KPHL,40:03:00.00,45:26:03.01,54.078056,-9.674167,37946.0,197329.4,93
274225660,274225660,westbound,A333,BIKF,KBOS,40:03:57.00,44:16:16.21,63.916667,-27.160278,38451.0,192471.1,73
274230917,274230917,westbound,B78X,EHAM,KBOS,40:04:52.12,45:20:53.40,55.767438,-7.788932,39649.0,223528.13770668328,93
274237288,274237288,westbound,B772,EGLL,KORD,40:05:24.48,44:34:24.11,56.174132,-8.115037,38641.0,231079.6944675736,78
274233165,274233165,westbound,A339,LIRF,KJFK,40:06:09.20,45:16:57.15,52.482223,-13.025602,39768.0,205722.58911925388,85
274248050,274248050,westbound,B763,LIRF,KIAD,40:06:45.34,45:51:34.61,50.327989,-6.604998,39779.0,161795.08027538605,89
274218374,274218374,westbound,B78X,EHAM,KJFK,40:07:00.23,45:30:07.03,55.943496,-7.723616,39650.0,223519.47208717154,90
274224022,274224022,westbound,B77W,EGLL,CYYZ,40:09:01.04,44:50:25.09,56.098155,-8.321287,39692.0,274738.4698316049,82
274236474,274236474,westbound,B763,EIDW,KORD,40:10:00.00,44:51:09.94,55.8225,-8.738333,39572.0,160908.7,78
274228733,274228733,westbound,B772,EGLL,KATL,40:11:00.36,45:33:15.10,54.931345,-7.752955,38364.0,235118.9375699858,95
274237638,274237638,westbound,B788,EIDW,KORD,40:12:00.00,44:45:26.88,55.176111,-8.196111,41631.0,181668.6,79
274224661,274224661,westbound,A359,LEMD,KJFK,40:12:55.50,45:41:21.18,43.305126,-11.461475,39632.0,226432.70757998546,93
274219596,274219596,westbound,A333,EIDW,KBOS,40:13:00.00,45:29:17.24,54.040278,-9.483889,37937.0,197329.4,89
274240916,274240916,westbound,B788,LEBL,KORD,40:14:08.32,45:24:57.23,47.803165,-6.953658,41418.0,181496.3151438035,86
274246869,274246869,westbound,B772,EGLL,KBNA,40:15:28.26,45:27:43.98,53.908345,-9.954285,38423.0,234287.71160745752,92
274246487,274246487,eastbound,A333,BIKF,LPPR,40:16:42.00,43:10:07.53,62.253611,-19.772778,39280.0,184774.6,51
274236069,274236069,westbound,A333,BIKF,KSWF,40:17:04.00,44:14:43.05,63.584722,-27.044722,38307.0,193936.5,68
274234158,274234158,westbound,B788,LFPG,KORD,40:20:36.11,44:53:29.55,55.451918,-8.198195,41617.0,179202.7503597633,77
274244244,274244244,westbound,B772,EGLL,TXKF,40:23:51.78,45:39:56.79,53.307994,-13.247165,39192.0,223366.12181198617,87
274229180,274229180,westbound,A359,LFPG,KDTW,40:27:06.55,45:08:08.36,55.724236,-8.343744,39477.0,228921.9525669995,81
274227487,274227487,westbound,A332,LEBL,KSFO,40:27:12.81,46:17:13.51,44.646767,-6.688729,38270.0,211217.94620939385,64
274222230,274222230,westbound,A359,EDDM,CYYZ,40:27:44.76,45:04:56.26,58.251131,-7.628762,39672.0,227972.91614123015,81
274238122,274238122,westbound,A339,EGLL,KBOS,40:28:01.99,45:46:21.13,53.935006,-8.987918,39766.0,202295.14461157302,90
274246019,274246019,eastbound,B789,KORD,EGLL,40:28:16.67,44:41:32.11,52.229797,-55.36012,41049.0,184933.6814356915,78
274235325,274235325,westbound,A346,EDDM,KEWR,40:32:50.06,45:52:05.08,57.831092,-7.608426,39438.0,284860.0451979196,88
274235672,274235672,westbound,B772,EDDF,KIAD,40:34:43.13,45:52:53.21,55.893572,-7.891726,38823.0,227977.83201605466,94
274244746,274244746,westbound,A333,EGLL,KJFK,40:35:06.06,46:02:45.41,53.794682,-9.76931,38271.0,195301.31721706994,90
274241765,274241765,westbound,B77W,EGLL,KJFK,40:35:19.65,45:49:10.91,53.866895,-10.770305,39779.0,273698.774910502,88
274239423,274239423,westbound,B77W,LFPG,CYUL,40:38:15.60,45:41:07.35,55.244064,-8.08293,39968.0,270911.11527030054,85
274225662,274225662,westbound,A359,EDDM,KORD,40:40:25.56,45:04:43.72,58.484746,-8.184486,39316.0,232109.4686164279,72
274226389,274226389,westbound,B77W,EHAM,KATL,40:40:57.30,46:03:38.09,55.779154,-7.674671,38928.0,285965.77041537897,92
274240479,274240479,westbound,A359,LFPG,KIAD,40:42:24.69,45:44:52.12,53.477074,-12.929192,39676.0,227214.3311476337,90
274230988,274230988,westbound,A339,EDDF,CYYZ,40:43:52.69,45:25:55.99,58.625511,-7.981053,39540.0,205856.6225730994,80
274233971,274233971,westbound,B772,EGLL,KIAD,40:45:58.77,45:53:34.47,53.926341,-10.832917,38840.0,228489.41889627042,91
274244666,274244666,westbound,B77W,EGLL,KDFW,40:51:56.23,45:57:28.50,54.07659,-11.342288,38532.0,291785.94765253074,75
274218912,274218912,westbound,B788,LIMC,KORD,40:53:16.03,45:33:17.41,53.990829,-8.896968,41586.0,177978.33049861738,77
274228513,274228513,westbound,B752,BIKF,KMSP,40:54:42.00,43:52:14.37,63.916667,-27.160278,34271.0,94345.5,50
274237620,274237620,westbound,A359,LFPG,KATL,40:56:21.30,46:02:32.70,52.874831,-13.025689,39148.0,233163.5775292286,87
274221456,274221456,westbound,B753,BIKF,KORD,40:56:42.00,44:12:27.84,63.916667,-27.160278,34104.0,112381.3,53
274234052,274234052,westbound,B772,BIKF,KIAD,41:01:51.00,45:14:51.98,63.916667,-27.160278,39370.0,221221.3,75
274221282,274221282,westbound,A332,EHAM,CYYZ,41:01:54.79,45:43:54.38,57.374001,-8.326305,39550.0,197996.56406274144,80
274241419,274241419,westbound,B789,EDDF,CYYZ,41:02:30.21,45:35:24.47,58.676598,-8.202348,40797.0,195246.51920672553,80
274226991,274226991,westbound,B77W,EGLL,KJFK,41:05:03.09,46:19:13.21,53.916648,-11.419694,39841.0,272840.1861601688,89
274239692,274239692,westbound,B772,BIKF,KRDU,41:05:31.00,45:18:47.55,63.584722,-27.044722,39077.0,223934.1,75
274225234,274225234,westbound,B788,EGLL,KPIT,41:05:38.76,46:09:42.08,53.95742,-7.974528,41784.0,178984.7512552742,89
274232512,274232512,westbound,B772,BIKF,KPIT,41:07:24.00,44:25:39.47,63.916667,-27.160278,38790.0,221160.3,58
274241733,274241733,westbound,B772,LIRF,KIAD,41:08:05.21,46:48:08.92,45.476934,-6.402115,38663.0,230848.68376851623,92
274235655,274235655,westbound,B772,BIKF,KDTW,41:10:57.00,44:26:26.77,63.916667,-27.160278,38720.0,221133.8,57
274222719,274222719,westbound,B772,GCTS,BIKF,41:12:32.88,44:52:33.56,35.026785,-15.623925,39934.0,212731.06030461722,67
274229932,274229932,westbound,B789,EPWA,KORD,41:13:24.31,45:58:54.14,60.624892,1.242835,40207.0,201721.42924770573,76
274221828,274221828,westbound,B772,BIKF,KJFK,41:14:41.00,45:18:25.97,63.584722,-27.044722,39514.0,218655.2,72
274229055,274229055,westbound,A343,EDDF,KORD,41:18:44.32,45:50:03.04,58.956542,-7.989541,37434.0,216659.72299851794,73
274233769,274233769,westbound,B788,EGLL,KBWI,41:20:14.04,46:40:04.56,54.808918,-7.9269,41874.0,177780.06637041958,94
274245958,274245958,westbound,A35K,EGLL,CYYZ,41:21:07.67,46:12:24.45,54.314748,-8.509695,38650.0,256868.44087351667,84
274243434,274243434,westbound,A35K,EGLL,KLAS,41:21:13.28,45:23:08.75,57.286324,-9.076052,37258.0,276415.2293154493,55
274215279,274215279,westbound,A388,EDDM,KBOS,41:21:32.03,46:32:28.34,56.669105,-8.094234,39520.0,452906.128935626,93
274231004,274231004,westbound,B772,BIKF,KBWI,41:21:55.00,45:34:17.08,63.584722,-27.044722,39411.0,220766.3,75
274226304,274226304,westbound,A333,LGAV,KJFK,41:23:01.98,46:27:16.76,53.412463,-13.278618,40028.0,183664.23760619108,73
274216626,274216626,westbound,A333,LSZH,KEWR,41:24:21.36,46:51:51.16,54.638984,-8.479021,38809.0,191931.14778688742,88
274217163,274217163,westbound,B763,BIKF,KEWR,41:27:50.00,45:31:12.89,63.916667,-27.160278,38312.0,151367.8,69
274237224,274237224,eastbound,B748,KORD,ELLX,41:27:51.03,46:08:49.92,52.79427,-56.308239,37575.0,371302.13925948925,84
274228125,274228125,westbound,B789,LOWW,KJFK,41:28:13.13,46:37:29.25,58.09283,-8.162562,40799.0,193802.88583447773,90
274234197,274234197,westbound,B753,BIKF,CYYZ,41:30:06.00,44:58:08.52,64.138611,-27.1975,34030.0,109842.9,57
274231693,274231693,westbound,B772,EGLL,KBOS,41:32:24.73,46:42:06.92,53.838438,-9.87198,39235.0,222929.09216206675,91
274234820,274234820,westbound,A333,EDDF,CYUL,41:32:46.31,46:40:31.61,58.23214,-8.174738,38741.0,192081.3826862876,83
274238909,274238909,westbound,B763,BIKF,KBOS,41:33:23.00,45:47:47.66,63.916667,-27.160278,40888.0,149673.2,71
274230435,274230435,westbound,B789,EGLL,KMIA,41:33:36.79,46:46:47.64,53.24913,-12.722982,40132.0,205063.7839546131,89
274222317,274222317,westbound,A35K,EGLL,KIAD,41:35:33.46,46:48:35.46,53.956975,-9.808282,38568.0,258136.15245646608,92
274247055,274247055,westbound,B78X,EGLL,KEWR,41:35:36.65,46:55:02.04,53.85692,-8.108515,39476.0,224888.67987032936,88
274245919,274245919,westbound,A388,LIMC,KJFK,41:35:54.26,46:40:26.49,53.740785,-11.636493,39469.0,455964.9751687908,90
274216435,274216435,eastbound,B744,KPHL,EDDK,41:37:45.24,46:20:18.94,49.687104,-53.759285,39043.0,288708.5594866085,85
274229825,274229825,westbound,A343,EDDF,KJFK,41:39:38.08,47:15:41.99,57.553065,-8.268227,37984.0,210921.4275035077,89
274217100,274217100,westbound,A333,LSZH,KBOS,41:42:33.97,47:09:07.37,54.083445,-8.285793,38772.0,192188.60594422332,93
274235729,274235729,westbound,A388,EGLL,KIAD,41:43:32.66,46:48:23.74,53.846414,-10.638051,39178.0,452817.5908009157,91
274245715,274245715,westbound,B77W,LFPG,KJFK,41:45:54.23,47:10:55.46,54.125137,-8.324869,39752.0,274151.9559109665,91
274222018,274222018,westbound,A359,EDDM,CYUL,41:50:05.21,46:48:18.90,57.963939,-7.744543,39957.0,224751.18659747075,84
274245551,274245551,westbound,A339,EGLL,KJFK,41:54:29.12,47:11:18.52,53.912198,-9.961866,39618.0,203980.29351265298,91
274237238,274237238,westbound,A339,EDDF,MUVR,41:55:58.67,47:42:32.22,54.871446,-8.865698,38480.0,217288.37183981793,81
274242381,274242381,eastbound,B77L,KLAX,EDDP,41:57:57.06,46:50:17.94,52.840643,-56.489245,41179.0,237450.46623238493,60
274242672,274242672,westbound,A388,EDDM,KIAD,42:04:25.30,47:11:41.02,57.759716,-7.769269,39127.0,462316.62719408696,89
274237248,274237248,westbound,B763,LFPG,KIAD,42:08:38.09,47:23:37.86,53.362102,-13.060914,40052.0,158354.81800735003,88
274242096,274242096,westbound,B77W,EGLL,KJFK,42:08:40.68,47:25:08.09,53.879826,-10.715957,39812.0,273270.93665804126,89
274244884,274244884,westbound,A359,LFPG,KBOS,42:10:25.28,47:08:10.12,53.158128,-12.851522,40082.0,222663.49538091576,88
274246972,274246972,westbound,B788,EGLL,CYUL,42:13:04.18,47:17:55.47,53.935201,-8.232278,42184.0,174884.12331012575,86
274216691,274216691,westbound,A332,LEBL,KBOS,42:14:44.18,47:42:18.72,44.40917,-11.172871,39758.0,196598.97452713622,95
274245812,274245812,eastbound,B772,KBOS,BIKF,42:15:01.28,44:47:56.70,52.968737,-56.218215,40348.0,204708.3391890364,48
274219583,274219583,westbound,A333,LEBL,KJFK,42:15:02.79,47:50:05.89,44.193018,-11.318291,38604.0,193346.50489218827,93
274228602,274228602,westbound,B77W,LFPG,CYYZ,42:15:35.88,46:56:49.24,55.84787,-8.512658,39689.0,274975.75756729825,82
274221409,274221409,westbound,B789,EGLL,CYYZ,42:22:49.84,47:03:33.50,56.091893,-8.418285,40782.0,197773.85600546363,82
274216323,274216323,westbound,A359,LFPO,KEWR,42:26:44.65,47:23:55.92,53.174838,-13.065737,39892.0,224830.3639961216,88
274225972,274225972,westbound,B77W,LGAV,KEWR,42:27:02.64,47:20:11.05,52.295681,-13.910325,39887.0,273713.89864158665,73
274246165,274246165,westbound,B789,ENGM,KJFK,42:29:19.76,48:11:56.44,61.675057,2.686029,40543.0,201201.12003131618,102
274228845,274228845,westbound,A35K,EGLL,KJFK,42:35:56.20,47:58:53.49,53.938669,-9.11443,38744.0,255608.79799939576,90
274216856,274216856,westbound,B788,EPWA,KEWR,42:44:32.50,48:01:57.32,60.714684,-2.006007,41814.0,174656.35296204154,89
274223234,274223234,westbound,B789,LIRF,KJFK,42:58:05.43,48:36:02.99,50.427634,-6.311824,40705.0,196338.4346322411,95
274229737,274229737,westbound,B772,EGLL,KJFK,42:58:26.20,48:18:04.59,53.848651,-9.787275,39069.0,225254.4423056054,89
274222447,274222447,westbound,B789,LIPZ,KORD,43:02:12.04,47:33:58.83,55.846075,-8.91284,40450.0,198365.76939254755,72
274222728,274222728,eastbound,B789,KJFK,LGAV,43:03:28.64,47:33:31.40,48.880125,-52.395095,40169.0,200654.60477772693,64
274228044,274228044,westbound,A332,LGAV,CYYZ,43:04:36.90,47:43:35.28,57.784635,-8.227848,39735.0,200892.76461822266,68
274229381,274229381,westbound,B77W,LFPG,CYUL,43:05:44.26,48:11:42.99,54.898859,-8.397101,39901.0,271870.96581432957,82
274245182,274245182,eastbound,B772,KJFK,BIKF,43:06:31.99,45:39:46.85,53.393653,-56.919448,40315.0,204173.50335170247,47
274248318,274248318,eastbound,A332,CYUL,DAAG,43:07:57.62,47:42:28.07,48.958192,-53.03478,39628.0,197286.39248533052,80
274224209,274224209,westbound,B789,LFPG,KJFK,43:22:13.72,48:24:29.45,52.770251,-13.120122,40956.0,194702.23747178272,89
274233779,274233779,eastbound,B77L,KCVG,EDDP,43:23:03.47,48:14:13.40,51.597686,-54.540337,41800.0,239773.87961870173,82
274223412,274223412,westbound,B748,EDDK,KSDF,43:23:36.01,47:44:04.44,59.041429,-8.409027,36808.0,384447.91110889096,71
274215891,274215891,westbound,B772,EGLL,KJFK,43:46:29.69,49:05:40.85,53.932377,-10.566569,39095.0,224861.23873975308,90
274229049,274229049,eastbound,A332,KCVG,LIMC,43:47:02.72,48:36:13.91,50.753558,-53.440566,39639.0,198708.904390007,74
274215985,274215985,westbound,B744,EDDN,KPSM,43:48:12.78,48:55:23.74,57.535845,-7.883353,38964.0,290697.9322179656,92
274232646,274232646,westbound,A359,LFPG,KJFK,43:50:29.77,48:58:01.08,53.077687,-13.025834,39903.0,224721.89621359456,86
274228512,274228512,westbound,B772,BIKF,KORD,43:50:37.00,46:52:12.32,63.916667,-27.160278,35267.0,223017.8,53
274221420,274221420,westbound,B77L,EDDF,KMEM,43:53:05.60,48:16:15.40,57.895692,-8.393283,41466.0,254362.86973350457,65
274230602,274230602,westbound,B77L,LFPG,KMEM,43:53:59.22,49:03:53.73,53.995308,-10.989048,41517.0,254009.34013988948,80
274222465,274222465,westbound,B772,BIKF,CYYZ,43:54:43.00,47:15:34.47,63.916667,-27.160278,35917.0,218715.8,59
274228583,274228583,westbound,B772,BIKF,KJFK,44:00:32.00,48:04:43.59,63.916667,-27.160278,39581.0,218655.2,72
274241008,274241008,westbound,B77L,LIMC,KMEM,44:00:46.73,49:00:35.77,53.07093,-13.236118,41568.0,253191.08813286523,72
274224878,274224878,westbound,B772,EGLL,KBOS,44:06:52.77,49:21:49.25,53.964044,-8.735655,39207.0,223382.74074875007,90
274218026,274218026,westbound,B772,BIKF,KIAD,44:10:09.00,47:57:11.98,63.916667,-27.160278,36188.0,221221.3,67
274235157,274235157,westbound,B77L,EDDK,KMEM,44:12:47.10,48:35:30.56,58.025792,-9.048023,41499.0,253912.68437824934,66
274235774,274235774,westbound,B772,BIKF,KBOS,44:12:58.00,48:16:00.95,63.916667,-27.160278,39740.0,216408.0,69
274227907,274227907,westbound,B744,EDDF,CYYZ,44:14:01.99,48:46:08.85,57.89752,-8.336403,38682.0,295540.94026971253,81
274219692,274219692,westbound,B763,EGLL,KEWR,44:17:15.17,49:46:49.13,53.795754,-9.27645,40071.0,157271.9460391419,92
274223090,274223090,westbound,B77L,EDDP,KCVG,44:24:25.66,48:57:24.96,59.942664,-8.649739,41524.0,247794.1545709676,74
274222105,274222105,westbound,B77L,EGSS,KMEM,44:32:20.46,49:51:32.50,55.042363,-9.13329,41439.0,255208.05330446156,86
274240991,274240991,eastbound,A332,KJFK,LYBE,44:32:46.51,49:24:19.77,50.363207,-53.382354,39207.0,202100.98046178036,76
274245411,274245411,westbound,A35K,EGLL,KJFK,44:34:58.99,50:00:45.61,54.004339,-8.826924,38747.0,255607.26016274194,90
274243493,274243493,westbound,B789,LIMC,CYYZ,44:41:30.29,49:25:43.67,53.885831,-9.643817,40763.0,195800.5651144472,84
274242714,274242714,westbound,B789,EPWA,CYYZ,44:57:48.71,50:01:47.19,60.408195,2.363478,40468.0,198878.52093231253,86
274243923,274243923,westbound,B748,EDDK,KSDF,45:05:56.86,49:26:34.60,58.727688,-8.651512,36811.0,384536.2750661724,71
274238772,274238772,westbound,A333,LPPR,BIKF,45:11:00.00,47:59:29.19,43.943889,-9.054167,39280.0,184774.6,48
274228961,274228961,westbound,B789,EGKK,KJFK,45:18:47.85,50:27:51.13,53.156254,-13.28055,40960.0,195330.80315831123,87
274240627,274240627,westbound,B77L,EGNX,KCVG,45:20:53.73,50:05:48.24,55.868231,-8.404793,41811.0,249745.07308845408,83
274233154,274233154,westbound,B788,EHAM,MMMX,45:27:39.99,49:40:26.24,58.268767,-7.897971,40281.0,193039.51836948944,51
274215818,274215818,westbound,A332,LFPG,KORD,45:30:24.58,50:10:00.13,55.763228,-8.14709,39156.0,202219.7514023505,77
274242124,274242124,westbound,A333,GCTS,BIKF,45:36:37.88,49:33:26.06,34.057159,-16.657026,38658.0,191440.13226769664,68
274224599,274224599,westbound,B77L,EGSS,KIND,45:43:11.28,50:22:30.50,55.799196,-7.903986,41780.0,250089.161767283,81
274244339,274244339,eastbound,A339,KBOS,EDDF,45:58:57.21,51:05:09.72,49.578688,-53.709785,39801.0,202445.9869985354,84
274236714,274236714,eastbound,A346,KIAD,EDDF,46:10:18.43,51:04:36.40,50.029726,-53.988073,39608.0,282876.1359966061,87
274223612,274223612,westbound,B789,EGLL,MMMX,46:14:35.35,51:43:01.36,55.004878,-8.304661,39093.0,217444.97400534508,70
274244849,274244849,eastbound,A333,KJFK,LGAV,46:14:53.20,51:07:42.10,49.247393,-52.276841,38986.0,189719.85606799403,65
274220796,274220796,eastbound,B744,KCOS,EPRZ,46:18:20.96,51:05:53.23,53.34037,-55.765641,37051.0,301793.3279680885,62
274248328,274248328,eastbound,B744,KJFK,EDDF,46:23:27.33,51:10:48.99,49.895912,-53.787392,38929.0,289793.09207920136,87
274242745,274242745,westbound,B77L,LFPG,MMSM,46:29:37.60,51:46:41.28,53.931483,-11.880018,40478.0,269440.862241117,66
274244425,274244425,eastbound,B78X,KEWR,LGAV,46:31:30.80,51:05:50.97,49.601504,-52.934861,40007.0,219081.82334578104,66
274242335,274242335,westbound,B788,LIRF,MMMX,47:05:41.15,52:57:45.00,45.592429,-6.290971,40066.0,194293.38264748914,66
274234801,274234801,westbound,A333,LEAL,BIKF,47:08:16.78,48:43:40.88,53.646993,-9.424708,39974.0,181131.61558072147,26
274237319,274237319,westbound,B772,LEAL,BIKF,47:28:11.90,49:36:37.90,49.019102,-7.349083,40662.0,201943.99526480486,38
274237593,274237593,westbound,A332,EINN,KMIA,47:57:00.00,53:26:28.86,54.285,-11.398889,38709.0,204865.4,97
