identifier,base_fid,direction,actype,origin,destination,spawn_time,del_time,spawn_lat,spawn_lon,spawn_alt_ft,spawn_mass_kg,n_waypoints
293957001,293957001,eastbound,B77L,KORD,LIMC,19:13:30.17,23:54:08.22,47.115914,-51.89559,39001.0,237602.22652763748,75
293956082,293956082,eastbound,B77L,KLAX,EDDP,19:27:16.85,24:21:17.95,59.66031,-63.195658,42149.0,240654.01348483362,60
293965466,293965466,westbound,B788,EHAM,MMMX,22:08:17.04,26:35:46.48,58.002724,-8.028744,40279.0,193213.31980269044,56
293961981,293961981,eastbound,B748,KSDF,EDDK,22:08:50.34,26:48:15.66,48.095955,-52.399777,37326.0,370477.761835213,82
293965760,293965760,westbound,B772,LPPT,BIKF,22:28:14.40,25:06:28.21,43.757263,-11.822276,40449.0,205974.84033382035,48
293964621,293964621,westbound,FA7X,LIRQ,KTEB,22:49:00.06,27:53:00.56,52.701995,-12.971592,45629.0,18499.989171772642,87
293965197,293965197,eastbound,B78X,TNCC,EHAM,22:53:34.07,29:29:57.81,28.872183,-60.390561,40226.0,218607.13599114656,97
293965182,293965182,eastbound,A339,KATL,LFPG,23:00:33.89,29:32:41.08,41.089164,-68.133295,38654.0,209315.5328338389,103
293966632,293966632,westbound,A333,LEZG,KJFK,23:12:45.01,29:10:28.39,45.205844,-7.064042,38210.0,195591.20869417486,101
293966232,293966232,westbound,B77L,EBLG,KORD,23:13:14.41,27:45:41.23,56.125441,-8.246501,41803.0,249442.03778022705,79
293966427,293966427,westbound,B748,LEZG,MMSM,23:20:09.40,28:31:12.22,40.015021,-13.47211,35759.0,400696.4924725316,64
293966274,293966274,westbound,B789,LFPG,MMMX,23:23:05.35,27:56:53.05,55.549051,-8.533165,39125.0,215667.90863031032,57
293966545,293966545,westbound,B788,EGLL,MMMX,23:27:10.87,28:01:10.98,56.035066,-8.489243,40279.0,193971.88249548705,59
293960347,293960347,eastbound,B748,KLAX,LEZG,23:28:59.53,27:52:28.81,47.311148,-53.012474,38413.0,361186.2508950425,52
293960888,293960888,eastbound,GLEX,KVNY,LATI,23:30:38.67,28:28:39.41,52.946546,-56.187968,46415.0,29596.908105294086,51
293966189,293966189,eastbound,B789,MDPC,EGKK,23:42:55.56,29:58:36.52,29.532377,-60.819562,40458.0,198920.42379695654,105
293966461,293966461,westbound,B744,ELLX,KORD,23:45:38.41,28:16:45.05,56.24846,-8.177174,38173.0,303749.0857911164,79
293966124,293966124,eastbound,A333,KMIA,EHAM,23:48:00.38,30:46:04.28,37.855209,-68.800894,38751.0,190890.91048444354,103
293965967,293965967,eastbound,A339,KATL,LIRF,23:56:03.39,30:37:04.08,40.922398,-68.182035,38239.0,215848.04990993318,88
293966656,293966656,westbound,B789,LEMD,MMMX,23:58:58.61,29:21:33.27,40.037063,-13.448077,39125.0,216309.67149717276,67
293966254,293966254,eastbound,B789,CYUL,LFPG,24:01:37.81,28:32:29.98,48.507231,-51.80866,38826.0,188273.13463842092,82
293966028,293966028,eastbound,A339,KJFK,LIRF,24:07:50.70,29:01:35.52,47.159688,-52.389305,38625.0,207246.40577015266,79
293965534,293965534,eastbound,A346,KDTW,EDDF,24:10:21.25,28:55:13.38,48.872204,-51.945066,38448.0,282686.29770196654,82
293966052,293966052,eastbound,A333,CYUL,LSZH,24:10:28.90,29:10:45.83,48.45057,-51.998548,38407.0,190932.97987553568,85
293966399,293966399,eastbound,A333,KMIA,BIKF,24:12:21.48,29:21:02.43,37.369539,-69.348607,38508.0,191117.59461000934,87
293966664,293966664,westbound,A359,LEMD,MMMX,24:14:18.51,29:37:28.11,40.303908,-13.424621,37704.0,248238.00380893907,67
293965275,293965275,eastbound,B78X,KATL,EHAM,24:19:21.05,28:50:34.01,48.027181,-52.528295,38387.0,214106.64455319574,80
293965721,293965721,eastbound,A333,KDTW,EHAM,24:26:08.25,29:09:36.98,48.762707,-51.80651,38557.0,186976.31269648264,81
293962652,293962652,eastbound,B748,KLAX,ELLX,24:26:32.96,29:04:58.04,50.248907,-54.167393,38226.0,364552.99534003524,60
293966359,293966359,eastbound,A339,KMIA,EGLL,24:26:41.46,30:53:37.05,38.027197,-68.169984,38736.0,209202.3227425491,100
293965715,293965715,eastbound,B748,KORD,ELLX,24:31:53.02,29:08:53.54,48.403346,-52.50855,37709.0,369179.99602739245,81
293966013,293966013,eastbound,A333,CYYZ,EDDF,24:32:29.07,29:37:17.15,48.788549,-51.890155,38531.0,188739.14371277243,86
293966347,293966347,eastbound,B748,KMIA,EDDF,24:32:44.56,30:53:45.08,39.543655,-67.931244,36510.0,387729.23006226623,96
293966234,293966234,eastbound,A333,KJFK,EIDW,24:36:00.71,28:25:10.26,48.640083,-51.824492,38521.0,189818.0680643386,67
293966915,293966915,westbound,B744,EBLG,KMIA,24:36:55.79,29:56:51.56,51.869036,-13.532476,37892.0,310101.3638633012,82
293966559,293966559,eastbound,A388,KMIA,EGLL,24:37:10.07,30:46:25.77,37.891071,-69.41642,38423.0,465641.71003270743,100
293966376,293966376,eastbound,A333,KBOS,EIDW,24:41:36.81,28:31:45.56,48.68243,-52.145072,38441.0,191222.56390129347,66
293966009,293966009,eastbound,B772,KCLT,EDDM,24:45:06.03,29:35:08.62,47.823816,-52.60097,38306.0,221592.36213762706,80
293965775,293965775,eastbound,A346,KBOS,EDDF,24:48:36.97,29:41:01.97,48.355135,-52.340672,38104.0,279073.1340935461,89
293966614,293966614,eastbound,A35K,KMCO,EGLL,24:48:59.54,31:16:08.84,37.945775,-69.69505,37912.0,262808.5188043566,105
293966121,293966121,eastbound,B763,KMIA,EBBR,24:50:49.35,31:36:10.18,37.955586,-68.297428,38533.0,163261.33464896717,103
293966140,293966140,eastbound,A333,KJFK,LIRF,24:52:35.80,29:46:50.28,47.707893,-52.269006,38493.0,189959.5982652826,78
293965833,293965833,eastbound,A333,KJFK,LSZH,24:56:30.71,29:59:35.28,47.787012,-52.200136,38497.0,190028.13011852154,88
293966190,293966190,eastbound,B788,MMUN,EGCC,25:00:07.22,31:02:57.41,37.870885,-68.316558,41056.0,172089.028077128,89
293966241,293966241,eastbound,B789,MMUN,EGBB,25:01:53.58,31:14:52.27,37.983068,-69.392927,39257.0,194951.4306096055,90
293966378,293966378,eastbound,A333,CYYZ,EKCH,25:04:53.90,30:16:51.91,49.422134,-52.548961,38610.0,188908.4129788307,87
293966554,293966554,eastbound,B77W,KJFK,LFPG,25:06:50.49,29:35:19.81,48.157603,-52.057202,38050.0,267040.32159399753,84
293966808,293966808,eastbound,B772,CYOW,LFPG,25:07:01.36,29:36:19.30,48.673591,-52.543602,38392.0,216652.69758167854,81
293966174,293966174,eastbound,B789,MMUN,EPWA,25:07:16.74,32:16:42.01,37.757226,-69.627172,38881.0,203939.12827108544,86
293966137,293966137,eastbound,A333,KORD,EIDW,25:09:18.79,28:59:07.87,48.832082,-52.001079,38627.0,185517.40271364566,65
293967003,293967003,eastbound,B77L,TJBQ,EHAM,25:11:21.33,31:43:30.57,29.748156,-60.535906,41702.0,250055.8404143315,106
293966792,293966792,eastbound,B772,KDCA,LGSA,25:11:46.13,29:39:07.64,46.919965,-52.921034,37913.0,234931.41736013602,60
293966078,293966078,eastbound,B78X,KORD,LIRF,25:13:20.77,29:53:03.10,47.756094,-52.932289,38639.0,215027.05916949545,68
293965857,293965857,eastbound,A333,KMSP,EHAM,25:13:53.09,29:56:35.59,50.948277,-53.435321,39233.0,185102.06509990836,75
293966525,293966525,eastbound,A359,KJFK,EDDM,25:14:05.18,30:06:40.70,47.825235,-52.352961,38549.0,226106.79717949405,88
293966452,293966452,eastbound,A332,KBOS,LIRF,25:17:01.25,29:59:09.14,47.633743,-51.771532,38295.0,199114.27168009485,81
293966494,293966494,eastbound,B763,KIAD,LSZH,25:20:09.73,30:20:09.84,47.840861,-52.245699,38093.0,156556.24940052026,88
293965834,293965834,eastbound,B77L,KCVG,EGNX,25:21:56.17,29:23:29.62,48.382712,-52.186679,38965.0,230368.02640156317,74
293966224,293966224,eastbound,B763,KEWR,EDDM,25:22:53.55,30:22:16.55,48.389835,-51.869542,37985.0,156541.4144829756,88
293966394,293966394,eastbound,A339,CYYZ,EDDF,25:24:18.55,30:22:32.04,48.694508,-51.922175,38657.0,202511.60479437187,84
293966907,293966907,eastbound,B763,KMIA,EBBR,25:25:26.74,32:11:36.59,37.842347,-68.358838,38518.0,162975.71882506507,102
293965771,293965771,eastbound,B78X,KORD,EDDF,25:26:19.86,30:10:55.95,48.403218,-52.388615,38639.0,214833.90027176403,78
293966067,293966067,eastbound,B77L,KATL,EDDP,25:26:31.38,30:19:50.81,48.120012,-52.1567,38697.0,238218.123463708,78
293966864,293966864,eastbound,B772,KMCO,EGKK,25:26:51.88,31:23:52.71,39.964546,-67.889974,38054.0,226434.09112200115,99
293966575,293966575,eastbound,A333,KBOS,EKCH,25:27:44.09,30:43:32.81,49.050821,-52.609631,38560.0,191268.21940193727,91
293966482,293966482,eastbound,A339,KJFK,LGAV,25:29:41.17,30:22:02.33,47.714891,-52.177404,38180.0,213603.4725897212,65
293966751,293966751,eastbound,A333,CYUL,EDDF,25:30:02.98,30:33:43.19,49.145753,-52.499153,38498.0,191058.82938294808,86
293966746,293966746,eastbound,B772,KEWR,LOWW,25:31:40.98,30:19:22.71,48.354781,-52.162923,38196.0,224443.1157886981,84
293966685,293966685,eastbound,A333,KEWR,EIDW,25:33:02.42,29:24:03.97,48.592738,-52.291214,38593.0,189876.97758460173,66
293966196,293966196,eastbound,B789,KATL,EDDF,25:33:25.51,30:28:11.07,47.746892,-52.361823,38787.0,187148.57707744482,79
293966489,293966489,eastbound,A333,CYYZ,EIDW,25:33:58.42,29:24:32.91,49.158813,-52.593818,38581.0,189221.09903671066,64
293966807,293966807,eastbound,A333,KPHL,EIDW,25:34:01.34,29:36:19.43,48.748908,-52.211172,38582.0,189336.9712909048,72
293976812,293976812,westbound,B763,EBLG,CYHM,25:35:00.51,30:30:24.78,55.887418,-8.196361,39937.0,158787.12733708785,84
293977331,293977331,westbound,B748,BIKF,MMSM,25:36:00.00,28:32:27.90,63.916667,-27.160278,35661.0,399351.7,49
293966291,293966291,eastbound,A333,KIAD,EIDW,25:36:17.16,29:26:03.47,48.521877,-51.84094,38581.0,188301.82272920434,68
293966300,293966300,eastbound,A359,KIAH,LFPG,25:40:16.47,32:05:27.72,40.831432,-68.022445,38577.0,233129.69022975906,88
293966860,293966860,eastbound,B77W,CYYZ,EGLL,25:41:39.46,29:48:55.86,49.143109,-52.218627,38267.0,262769.165699696,75
293966722,293966722,eastbound,A333,CYYZ,EHAM,25:41:57.90,30:25:08.48,49.050285,-52.038256,38546.0,189023.0373855216,81
293966581,293966581,eastbound,B764,KEWR,EHAM,25:42:06.02,30:23:33.43,48.819355,-52.538778,35134.0,170453.86746499187,83
293966422,293966422,eastbound,B77W,KIAD,EDDF,25:42:10.04,30:32:52.25,48.363936,-52.257849,38078.0,269229.3035621396,89
293966776,293966776,eastbound,B763,KIAD,LOWW,25:42:19.99,30:47:59.28,48.191955,-52.40531,37987.0,159135.44032470722,82
293966673,293966673,eastbound,B78X,KJFK,EHAM,25:43:22.48,30:11:56.06,48.506899,-52.362038,38099.0,219105.78647929552,82
293966823,293966823,eastbound,B772,KEWR,LFPG,25:44:08.59,30:11:41.23,48.152745,-51.812934,38169.0,216740.7442588663,83
293966683,293966683,eastbound,B788,KJFK,LFPG,25:44:29.93,30:23:49.49,48.301558,-52.448328,39050.0,166518.16245606221,84
293966960,293966960,eastbound,B763,KBOS,LOWW,25:46:56.43,30:47:06.25,48.597575,-51.81955,38020.0,158069.19275251182,88
293966835,293966835,eastbound,B789,KJFK,EGKK,25:47:11.11,30:10:31.67,47.838839,-53.131557,38537.0,187323.9090762402,81
293966483,293966483,eastbound,B789,KORD,EHAM,25:49:20.10,30:19:29.60,48.831519,-51.926848,39875.0,184181.28436972477,77
293966983,293966983,eastbound,B744,KMIA,EHBK,25:51:20.88,32:23:11.65,37.712671,-68.82178,37610.0,306914.6121852374,103
293966832,293966832,eastbound,B772,CYYZ,EGLL,25:51:45.14,29:56:52.46,48.862544,-51.82371,38463.0,213910.8170097915,74
293966916,293966916,eastbound,A332,CYUL,LFPG,25:52:32.06,30:32:39.33,48.563035,-52.306281,38238.0,192138.49155697858,82
293966979,293966979,eastbound,B788,KPHL,LSZH,25:55:23.71,30:47:22.10,47.836637,-52.410576,38837.0,169100.79645967204,88
293966991,293966991,eastbound,B764,KEWR,EDDB,25:55:48.30,31:00:08.05,49.101372,-52.076554,34802.0,173619.3549248041,89
293966839,293966839,eastbound,A332,KIAD,EHAM,25:56:12.85,30:36:25.76,48.379461,-52.354785,38491.0,193984.26445616625,84
293967120,293967120,eastbound,B772,KRDU,LFPG,25:56:57.04,32:09:58.76,40.890861,-68.448475,37718.0,229464.88032263343,112
293966901,293966901,eastbound,B772,KJFK,EGLL,25:57:50.57,30:06:20.92,48.184074,-51.931029,38242.0,214385.36986073136,78
293965869,293965869,eastbound,B772,KIAH,EHAM,25:58:01.68,30:32:19.96,47.905914,-52.50443,38349.0,216111.3222378628,71
293966893,293966893,eastbound,B789,CYYZ,EDDF,26:01:47.18,30:54:36.24,48.803767,-52.33906,38929.0,189057.9086530475,86
293976834,293976834,eastbound,A333,CYQB,LFPG,26:02:50.93,30:47:56.11,49.063162,-52.232137,38468.0,191959.715575329,82
293966780,293966780,eastbound,B748,KIAD,EDDF,26:03:09.95,30:40:42.36,48.312454,-52.332935,37431.0,371299.31040914264,88
293967126,293967126,eastbound,B772,TNCC,EHAM,26:03:10.01,32:46:49.18,27.721824,-60.432643,38433.0,232039.29929588034,99
293963674,293963674,eastbound,B789,KLAX,LFPG,26:03:14.52,30:43:16.54,55.413269,-58.946442,41048.0,180585.6205776509,61
293976835,293976835,eastbound,B772,CYUL,LFPG,26:03:26.27,30:33:13.98,48.567276,-52.452618,38099.0,216774.32708787321,82
293966945,293966945,eastbound,A333,KJFK,EBBR,26:03:33.76,30:52:39.69,48.150602,-51.99893,38486.0,189905.54146719872,86
293966458,293966458,eastbound,B748,KORD,EDDF,26:04:55.71,30:44:36.48,48.674858,-51.881299,37672.0,369992.9302386566,79
293966579,293966579,eastbound,B763,KEWR,LSGG,26:05:11.13,31:01:34.16,48.303334,-51.902573,38054.0,155055.88412544664,87
293965203,293965203,eastbound,B788,KDFW,EDDF,26:05:17.81,30:58:30.94,47.854391,-52.07245,39461.0,160259.06336840207,67
293966089,293966089,eastbound,A333,KSTL,EDDF,26:05:23.83,31:13:44.28,48.377137,-52.084733,38651.0,184193.37905805674,77
293966900,293966900,eastbound,B77W,CYUL,LFPG,26:05:50.99,30:33:27.54,49.251326,-52.46197,38227.0,265194.22822455177,81
293965805,293965805,eastbound,B78X,KPDX,EHAM,26:06:19.38,30:41:43.56,62.900077,-64.549484,41093.0,210519.5563136128,71
293967036,293967036,eastbound,A332,KTPA,EDDF,26:06:31.82,32:54:12.44,40.334743,-67.600936,38060.0,205074.93925896782,97
293965941,293965941,eastbound,A359,CYVR,LFPG,26:08:05.23,30:58:15.81,61.04868,-64.245144,39936.0,227741.59263476598,73
293966531,293966531,eastbound,A339,KDTW,LFPG,26:08:53.24,30:53:30.77,48.387402,-51.87903,38903.0,200965.1735256663,82
293966978,293966978,eastbound,A359,KBOS,LFPG,26:08:55.94,30:44:43.95,48.52202,-51.773538,38558.0,220676.60509891002,84
293966299,293966299,eastbound,A333,KATL,EHAM,26:09:41.41,30:56:00.74,48.222554,-52.07186,38669.0,184492.52775760737,78
293967040,293967040,eastbound,B763,KEWR,LSZH,26:09:42.26,31:04:39.97,48.191339,-52.196693,38019.0,155738.46397067167,87
293967072,293967072,eastbound,A359,KMIA,EDDM,26:10:27.55,33:06:55.99,37.98463,-68.132025,38546.0,237320.8937969086,96
293967068,293967068,eastbound,B77W,CYUL,EBBR,26:11:13.75,30:40:33.59,49.26686,-52.525728,38226.0,265326.4672635747,82
293966522,293966522,eastbound,A35K,KATL,EGLL,26:12:39.10,30:32:56.64,47.927487,-52.31413,38283.0,254078.1395557112,76
293966382,293966382,eastbound,B763,KORD,LSZH,26:13:37.16,31:10:51.65,48.206734,-52.618111,38556.0,156160.57405224556,76
293977111,293977111,westbound,B763,EDDK,KEWR,26:13:45.53,31:11:23.70,58.339929,-8.466703,40068.0,157873.85967886203,84
293966633,293966633,eastbound,B772,KATL,LFPG,26:14:24.06,30:45:39.39,47.645912,-52.377955,38350.0,215806.36798459853,79
293967046,293967046,eastbound,A339,KATL,EGLL,26:15:13.84,32:28:22.16,40.900081,-67.743536,38622.0,207394.10129640295,101
293966451,293966451,eastbound,B772,KIAD,LFPG,26:16:29.53,30:46:18.51,47.966702,-52.262198,38323.0,216679.18414090388,84
293966392,293966392,eastbound,B77L,KMEM,EBLG,26:16:39.84,30:53:39.82,48.15426,-52.181157,38735.0,234553.13903696812,76
293967016,293967016,eastbound,B788,KPHL,LIRF,26:16:42.28,31:03:02.15,47.558254,-52.602955,38874.0,172455.18549807073,78
293966876,293966876,eastbound,B763,KIAD,EHAM,26:17:08.75,30:55:49.76,48.512319,-51.933409,38270.0,153853.61569895284,83
293966782,293966782,eastbound,B763,KEWR,EGLL,26:18:10.53,30:37:14.24,48.701501,-51.856274,38307.0,151310.41878208864,78
293977221,293977221,eastbound,B772,TXKF,EGLL,26:18:23.01,32:02:42.21,35.510486,-61.119383,38935.0,226900.7609598227,103
293976832,293976832,eastbound,A333,KMIA,EIDW,26:18:32.63,32:22:35.58,37.950151,-69.29291,38401.0,190555.5763437437,98
293966608,293966608,eastbound,B78X,CYYC,EHAM,26:19:19.09,31:00:12.26,61.156707,-65.003382,40728.0,213931.37639239026,78
293966316,293966316,eastbound,A359,KEWR,LFPG,26:19:46.33,30:56:17.45,48.090446,-51.872564,38531.0,221580.9356810952,84
293965875,293965875,eastbound,B77W,KJFK,LFPG,26:20:23.39,30:48:08.42,48.305356,-51.81651,38059.0,266122.16192492715,84
293967100,293967100,eastbound,B788,KPHL,LFPG,26:20:30.25,30:56:47.42,47.981913,-51.877767,38861.0,166145.66820829074,84
293967001,293967001,eastbound,A333,KJFK,EINN,26:22:26.53,30:02:31.42,48.603371,-52.126217,38582.0,189913.04634165377,66
293966074,293966074,eastbound,B763,KORD,EGLL,26:22:40.47,30:44:46.18,48.696869,-52.517337,38820.0,151813.00270796337,75
293965299,293965299,eastbound,B772,KSFO,EGLL,26:22:53.41,30:44:16.30,59.003284,-62.171833,39384.0,213579.5648845243,62
293967052,293967052,eastbound,A359,CYYZ,LFPG,26:25:59.28,31:04:35.50,48.494536,-52.541998,38826.0,221876.51339778403,82
293966993,293966993,eastbound,A333,KEWR,ENGM,26:27:55.52,31:24:46.73,49.271384,-52.377351,38627.0,189817.8387391381,86
293967037,293967037,eastbound,B789,KBOS,EBBR,26:28:17.98,31:04:36.46,48.282002,-52.007527,38575.0,188959.83934441133,85
293966387,293966387,eastbound,B772,KDEN,BIKF,26:28:47.57,28:57:01.33,59.798017,-64.458969,40340.0,202039.72396237997,46
293966932,293966932,eastbound,A35K,KIAD,EGLL,26:28:54.97,30:45:33.39,48.244518,-51.805639,38347.0,251109.35711167494,78
293966937,293966937,eastbound,B772,KCLT,EDDF,26:29:53.08,31:20:51.03,48.035091,-52.402619,38337.0,219013.03416932872,84
293966762,293966762,eastbound,A333,KDTW,LFPG,26:30:09.85,31:15:45.79,48.576714,-51.979694,38564.0,187030.48462394162,82
1500285349,1500285349,eastbound,B763,KJFK,EBBR,26:30:57.43,31:12:53.86,48.678778,-52.115257,38155.0,155509.8550420036,84
293966947,293966947,eastbound,B77W,KCLT,EGLL,26:30:59.55,30:39:24.40,48.370912,-51.880576,38311.0,263564.61982373876,79
293976869,293976869,eastbound,B788,CYUL,LFBO,26:31:57.52,31:14:10.61,48.359019,-52.556695,38813.0,168371.42994669988,82
293966630,293966630,eastbound,A333,KMSP,LFPG,26:32:58.73,31:21:59.01,49.013936,-52.854113,38815.0,184799.79887922882,76
293967050,293967050,eastbound,GLEX,KIAD,EHAM,26:34:30.29,31:13:29.52,48.474399,-52.771277,46890.0,30483.342307256626,82
293966724,293966724,eastbound,A332,KATL,EDDF,26:36:08.01,31:36:26.55,48.164348,-52.142974,38426.0,197935.2464332057,79
293976927,293976927,eastbound,A333,KMCO,EHAM,26:38:24.61,33:33:56.49,37.898269,-68.949694,38335.0,191343.15579718768,104
293966042,293966042,eastbound,B77W,KDFW,EGLL,26:38:56.43,30:51:47.69,48.139339,-52.715295,38255.0,263067.13271874544,67
293967027,293967027,eastbound,B764,KEWR,LIPZ,26:40:57.87,31:35:47.09,48.613615,-52.462791,35175.0,176023.78205699936,85
293967009,293967009,eastbound,B772,KEWR,EGLL,26:41:30.09,30:51:07.93,48.422003,-52.352229,38308.0,214704.26578521208,78
293976814,293976814,eastbound,A333,KEWR,ESSA,26:42:41.61,32:07:28.39,49.275153,-52.35917,38600.0,189826.30162803613,93
293967127,293967127,eastbound,B772,KBOS,EGLL,26:45:30.00,30:53:02.61,48.57866,-51.980262,38283.0,214788.4812992844,76
293966870,293966870,eastbound,B78X,KORD,EGLL,26:47:58.79,30:54:13.86,48.721586,-52.295319,38743.0,214802.1273128507,74
293967008,293967008,eastbound,B788,KIAD,EDDM,26:48:26.78,31:38:26.41,47.963703,-52.179067,38974.0,169359.80258109415,82
293966310,293966310,eastbound,A339,KSEA,LFPG,26:49:18.40,31:51:43.36,60.615308,-64.581791,39738.0,205995.62958271295,73
293976944,293976944,eastbound,B772,KTPA,EGKK,26:49:31.55,32:46:46.94,39.74634,-67.793867,37975.0,226375.4210719258,97
293965602,293965602,eastbound,A333,KSLC,LFPG,26:50:08.80,31:37:41.80,51.941564,-54.48014,40030.0,179095.08390628875,64
293966799,293966799,eastbound,B764,KATL,LIMC,26:50:51.18,31:46:44.96,48.376172,-52.005987,35601.0,174594.6327429503,76
293966838,293966838,eastbound,B748,KEWR,EDDF,26:51:07.25,31:29:54.65,48.564821,-52.161681,37500.0,369988.491507172,88
293967101,293967101,eastbound,B77W,KIAD,LFPG,26:51:32.54,31:18:57.29,48.430102,-51.898355,38215.0,265511.90159642464,84
293977176,293977176,eastbound,B772,KCLT,EGLL,26:52:42.63,32:48:10.00,40.91051,-68.172721,37547.0,227047.06433700174,106
293976871,293976871,eastbound,A35K,KPHL,EGLL,26:52:46.17,31:11:52.02,48.301106,-52.433945,38299.0,250635.50635071035,78
293976914,293976914,eastbound,A333,KBOS,EINN,26:53:25.76,30:33:16.76,48.784339,-52.250349,38555.0,191232.10595033,64
293966794,293966794,eastbound,B764,KATL,EDDM,26:54:02.23,31:54:02.54,48.202803,-52.64584,35676.0,173162.1845339489,72
293966613,293966613,eastbound,B763,KSDF,EIDW,26:54:07.30,30:39:12.94,48.684633,-51.993732,38723.0,149827.32188754718,66
293977056,293977056,eastbound,A339,KATL,EGLL,26:55:29.66,33:10:20.96,40.749532,-67.941696,38630.0,207378.1073489621,101
293966717,293966717,eastbound,B772,KMCO,BIKF,26:55:48.52,29:36:34.38,50.824414,-54.564655,38351.0,202545.46910773386,52
293977061,293977061,eastbound,A333,KMIA,EKCH,26:58:41.34,34:20:31.97,37.94619,-68.24555,38475.0,190602.1405668829,103
293976988,293976988,eastbound,B772,CYYZ,BIKF,27:00:06.52,29:33:43.11,53.631472,-57.37412,40360.0,203634.08592066303,46
293966854,293966854,eastbound,A332,KJFK,EDDF,27:01:31.76,32:00:15.24,48.709242,-52.195962,38484.0,195157.6035298012,87
293966176,293966176,eastbound,B78X,KSFO,EHAM,27:02:14.34,31:40:11.29,59.606438,-62.987951,41100.0,207881.04884498587,65
293967124,293967124,eastbound,B78X,KEWR,EBBR,27:02:43.13,31:31:06.95,48.669367,-51.904957,38145.0,218697.32841660155,84
293976837,293976837,eastbound,A339,MMUN,EDDF,27:03:15.92,34:13:36.39,37.571032,-68.894875,38307.0,215318.58904838335,90
293976985,293976985,eastbound,A339,KMIA,LIRF,27:03:40.72,33:35:04.71,37.949744,-65.63179,38514.0,216185.8060558213,82
293966802,293966802,eastbound,A339,KJFK,EGLL,27:04:06.74,31:26:44.37,48.330794,-52.098412,38522.0,198685.47919537761,77
293977077,293977077,eastbound,A333,KATL,EKCH,27:04:43.14,34:08:52.29,41.009899,-68.137806,38286.0,191018.79577420148,104
293966472,293966472,eastbound,B772,KIAH,EGLL,27:06:16.01,31:15:52.57,48.441012,-51.922075,38422.0,212244.97019429418,66
293976920,293976920,eastbound,B763,KJFK,BIKF,27:08:55.28,29:52:01.67,51.542503,-54.846792,38422.0,143929.74671512947,49
293977087,293977087,eastbound,B77W,KMIA,LFPG,27:09:35.33,33:34:31.52,38.075831,-67.693909,38501.0,280647.84422097635,101
293977016,293977016,eastbound,A332,CYUL,LFML,27:10:01.28,31:56:05.06,48.565591,-51.85893,38096.0,195033.0967747335,83
293976949,293976949,eastbound,A333,KEWR,EKCH,27:10:33.11,32:25:08.78,48.837956,-52.53504,38608.0,189897.75911699928,92
293966928,293966928,eastbound,A359,KORD,LFPG,27:11:06.65,31:46:26.80,48.527788,-51.909324,39025.0,222808.0167271855,78
293976925,293976925,eastbound,A333,KEWR,LFPO,27:11:46.65,32:04:01.91,48.042861,-52.483272,38377.0,190009.5616059975,86
293966063,293966063,eastbound,B78X,KLAX,EHAM,27:11:57.09,31:50:02.88,56.359992,-60.464059,41100.0,206711.56848303557,62
293966185,293966185,eastbound,B763,KIAH,EHAM,27:12:10.27,31:54:47.27,48.496487,-52.233086,38308.0,155734.75172740317,69
293977026,293977026,eastbound,A333,KMCO,EDDF,27:12:34.19,34:10:58.36,39.674849,-67.848211,38117.0,190363.2139303781,99
293976911,293976911,eastbound,B772,KMSP,BIKF,27:12:49.59,29:42:25.15,58.323039,-62.909391,40384.0,203092.73671045786,44
293966327,293966327,eastbound,A359,KDFW,LFPG,27:13:10.65,31:54:28.91,47.870171,-52.579615,38641.0,226222.15027049743,68
293966127,293966127,eastbound,B772,KSFO,LFPG,27:13:30.47,31:59:00.73,56.959136,-61.116874,39235.0,215747.84510005492,64
293977675,293977675,eastbound,G280,CYYR,EDDS,27:13:48.00,32:25:37.61,54.018056,-57.072499,43631.0,16582.0,86
293967132,293967132,eastbound,A332,CYEG,EHAM,27:14:07.76,32:00:25.08,62.187168,-65.358553,40005.0,195849.82466315912,80
293977005,293977005,eastbound,A333,CYUL,LFRS,27:15:10.76,31:43:08.35,49.042412,-52.154507,38390.0,190969.88485705116,76
293976961,293976961,eastbound,B789,CYYZ,EIDW,27:16:15.08,31:00:19.72,49.218817,-52.223077,39257.0,182598.83791732325,66
293965872,293965872,eastbound,B772,KSFO,EDDM,27:18:14.59,32:20:12.03,59.151417,-63.37383,38946.0,220364.38088913195,62
293976867,293976867,eastbound,A332,MMUN,EDDF,27:18:41.20,34:19:53.42,37.967629,-68.603932,38535.0,203708.08495773934,89
293976984,293976984,eastbound,B772,KBWI,BIKF,27:18:43.61,29:57:45.94,51.132038,-54.492369,38173.0,203465.78643928625,48
293976960,293976960,eastbound,A333,KJFK,LSGG,27:20:14.43,32:22:19.89,47.958307,-52.444077,38414.0,190102.0711466236,88
293977054,293977054,eastbound,A333,KTPA,EHAM,27:20:16.71,34:02:25.16,39.580205,-68.021775,38180.0,189900.43200244295,99
293976854,293976854,eastbound,A339,KBOS,EHAM,27:20:27.13,32:03:05.01,48.919859,-52.06721,38565.0,199837.11830437244,83
293967084,293967084,eastbound,A359,KCLT,EDDM,27:23:14.27,32:16:30.25,47.831589,-52.054572,38480.0,228196.78352517352,77
293966095,293966095,eastbound,A343,CYVR,EDDF,27:23:35.86,32:34:20.27,62.014946,-64.970267,38059.0,214799.043613786,72
293967092,293967092,eastbound,B78X,KJFK,EGLL,27:25:48.35,31:31:07.82,48.404918,-51.763102,38101.0,218883.5514839975,76
293967000,293967000,eastbound,B77W,KJFK,LFPG,27:25:54.11,31:51:32.51,48.358185,-51.870731,38175.0,266137.4336164133,84
293976974,293976974,eastbound,B772,KEWR,BIKF,27:26:25.85,30:06:48.41,51.101035,-54.809648,37500.0,204116.28814913656,48
293976806,293976806,eastbound,B788,KORD,EDDM,27:26:34.77,32:19:44.92,48.905053,-52.51172,41095.0,166775.94838502433,76
293976878,293976878,eastbound,B772,KBOS,EGLL,27:26:53.40,31:36:00.97,48.978668,-52.095272,38353.0,214349.0314446624,77
293966939,293966939,eastbound,B772,KIAD,EGLL,27:27:42.76,31:37:05.38,48.643993,-51.923076,38422.0,214015.84636341204,78
293976951,293976951,eastbound,B772,KORD,BIKF,27:28:31.66,30:02:27.84,54.0128,-57.965081,40390.0,202395.69049595937,44
293977105,293977105,eastbound,A359,KTPA,LSZH,27:28:43.26,34:10:41.64,39.558354,-67.803911,38213.0,235147.29532136404,94
293977123,293977123,eastbound,A333,CYUL,LFPG,27:29:20.10,32:14:03.04,48.92475,-52.376579,38450.0,191059.81782988456,82
293966688,293966688,eastbound,B77W,KIAD,EBBR,27:29:23.81,31:58:07.57,48.496899,-51.910844,38214.0,266338.25508880895,85
293977159,293977159,eastbound,A333,CYUL,LPPT,27:29:33.42,31:49:49.88,48.532468,-52.075348,38211.0,190928.77637634418,73
293977010,293977010,eastbound,B77W,CYYZ,EDDM,27:30:24.61,32:10:19.90,48.810278,-52.074978,38107.0,271180.62692170154,82
293976813,293976813,eastbound,FA7X,KOPF,EGLF,27:32:03.43,33:45:28.04,38.148353,-65.833195,44415.0,19467.899302574566,98
293966621,293966621,eastbound,B788,KDFW,EIDW,27:32:15.88,31:21:34.33,48.358384,-52.344652,39662.0,154609.1379138987,60
293967110,293967110,eastbound,A339,KMSP,EHAM,27:32:57.55,32:19:41.82,49.307973,-53.136373,39187.0,200920.1016937531,76
293977074,293977074,eastbound,FA7X,KROC,EGGW,27:34:21.91,32:01:09.40,49.770024,-53.9648,46197.0,17444.731445103545,75
293976855,293976855,eastbound,A339,KBOS,EGLL,27:35:04.58,31:59:57.79,48.847843,-52.363794,38597.0,197978.54373737465,78
293977157,293977157,eastbound,A35K,KMCO,EGCC,27:35:55.03,33:38:38.94,39.239656,-68.030909,37817.0,260233.7912737757,99
293976987,293976987,eastbound,B772,KIAD,BIKF,27:36:24.29,30:15:57.31,51.200492,-54.839592,38242.0,203406.02741935334,51
293977202,293977202,eastbound,A332,TNCB,EHAM,27:36:31.47,34:25:17.16,29.153593,-60.473731,39014.0,205249.75984370147,97
293977082,293977082,eastbound,A339,KBOS,EGLL,27:37:14.08,31:59:36.90,48.497738,-52.124989,38559.0,197910.87533662116,78
293966705,293966705,eastbound,B772,KDFW,LFPG,27:39:59.87,32:09:59.29,48.329552,-52.198289,38419.0,212888.03481358057,67
293967116,293967116,eastbound,B78X,SKCG,EHAM,27:40:02.13,33:42:39.33,35.857497,-60.726381,40720.0,213754.9371701947,83
293977305,293977305,eastbound,A359,CYUL,EDDM,27:41:26.71,32:35:26.61,49.214905,-52.615684,38692.0,224853.78527582064,86
293976948,293976948,eastbound,GLEX,KDAL,LFPB,27:42:19.24,34:01:54.03,41.019008,-67.995243,45802.0,32453.742575338594,88
293977073,293977073,eastbound,A332,CYYZ,LFTW,27:42:37.03,32:25:52.90,48.32033,-52.605654,38407.0,195917.2368002715,78
293976952,293976952,eastbound,A333,KMSP,EIDW,27:43:08.71,31:35:55.40,49.275581,-52.859719,38783.0,185333.4287314288,61
293977255,293977255,eastbound,A359,KATL,LFPG,27:45:24.30,34:10:14.01,40.720888,-67.937657,38609.0,231029.50789488916,102
293966401,293966401,eastbound,A343,KDFW,EDDF,27:46:07.79,32:50:29.79,48.430618,-52.428031,37956.0,214327.98362876318,69
293966548,293966548,eastbound,A343,KIAH,EDDF,27:46:35.35,32:45:54.95,48.267645,-52.446744,37877.0,215238.41891909076,67
293966711,293966711,eastbound,B772,KIAH,EDDM,27:46:46.95,32:35:08.87,48.065346,-52.747799,38318.0,220006.8240828932,66
293977138,293977138,eastbound,A333,KBOS,LFPG,27:47:43.12,32:35:09.96,48.450025,-52.465663,38483.0,191334.7721679533,85
293966822,293966822,eastbound,A339,KSEA,EHAM,27:48:49.93,32:43:22.60,60.949144,-64.861948,39862.0,204684.67268011914,72
293977049,293977049,eastbound,B789,KPHL,EGLL,27:49:05.65,32:04:06.17,48.748922,-51.926734,38562.0,185870.4069700157,78
293977020,293977020,eastbound,B772,MMUN,EGKK,27:49:18.47,34:01:57.51,37.67682,-69.084854,38112.0,227793.36958219667,90
293967141,293967141,eastbound,A333,KIAH,EDDF,27:49:47.39,34:47:31.24,40.400225,-68.208939,38820.0,186311.45164331852,87
293977330,293977330,eastbound,B789,KMCO,EGKK,27:50:30.22,34:19:08.65,38.112821,-69.553381,38466.0,197741.75931093327,103
293977041,293977041,eastbound,B763,KBOS,BIKF,27:51:45.65,30:36:07.68,51.425069,-54.945889,37935.0,143665.74527472383,51
293976962,293976962,eastbound,B789,KORD,EGLL,27:52:41.37,32:09:02.15,48.901137,-52.534838,39624.0,182874.16702003148,75
293977122,293977122,eastbound,A339,KATL,EHAM,27:53:08.95,34:25:44.90,40.802585,-67.722334,38519.0,209434.90799908046,102
293977234,293977234,eastbound,B77W,CYUL,EGLL,27:53:23.36,32:01:08.57,49.673751,-52.594744,38002.0,262857.80923645094,75
293976845,293976845,eastbound,B772,KJFK,EGLL,27:54:15.61,32:03:18.00,48.534419,-52.255012,38298.0,214389.13081726336,77
293966966,293966966,eastbound,B77L,KMEM,EBLG,27:55:38.22,32:33:34.15,48.290484,-52.502019,38855.0,234891.5248180874,76
293976861,293976861,eastbound,A332,KATL,EIDW,27:56:09.29,31:45:53.24,48.427411,-52.333568,38568.0,190975.7813042685,68
293966014,293966014,eastbound,A339,KJFK,EHAM,27:58:09.65,32:43:00.06,48.775895,-52.423279,38533.0,200449.23033767167,83
293966760,293966760,eastbound,A333,KSLC,EHAM,27:59:42.88,32:53:04.69,55.899479,-59.099121,40262.0,180515.33337411316,67
293967086,293967086,eastbound,B763,KORD,EGLL,27:59:47.14,32:19:07.09,49.210749,-52.190395,38845.0,151932.882593716,73
293966949,293966949,eastbound,B772,KDFW,LIRF,28:01:18.26,32:39:48.37,47.988462,-52.961156,38177.0,221912.86933368552,58
293966628,293966628,eastbound,B748,KSFO,EDDF,28:01:25.80,32:58:21.18,59.315917,-63.957073,38138.0,369209.2880036855,65
293966873,293966873,eastbound,A359,KSEA,EDDM,28:01:27.78,33:01:24.53,60.023372,-63.789993,39699.0,230842.9749441544,67
293977072,293977072,eastbound,B772,KIND,EINN,28:01:44.85,31:46:27.33,48.994366,-52.344723,38842.0,208132.0181705133,67
293977270,293977270,eastbound,A359,KBOS,EDDM,28:03:34.72,32:55:06.42,48.866028,-51.842863,38585.0,224981.9683449837,87
293966971,293966971,eastbound,GLEX,KAFW,EGBB,28:03:34.83,32:11:39.76,49.660047,-53.316104,47130.0,28428.571322564494,63
293966747,293966747,eastbound,B789,KDEN,EDDF,28:03:41.99,32:58:55.73,49.40264,-53.156519,40109.0,182357.21210435717,67
293977204,293977204,eastbound,B788,CYYZ,EGLL,28:04:08.98,32:21:01.28,49.200931,-52.79394,40428.0,164320.44974987322,75
293976902,293976902,eastbound,B744,KORD,EBLG,28:04:54.72,32:38:36.36,48.821849,-52.729988,38219.0,287536.4583839884,80
293966998,293966998,eastbound,A359,CYVR,EDDM,28:06:07.58,33:09:13.31,61.106312,-65.344673,39676.0,230695.4021059629,69
293966588,293966588,eastbound,A333,KJFK,EKCH,28:06:15.62,33:18:02.38,49.002288,-52.161599,38569.0,189851.5865401471,88
293976873,293976873,eastbound,A333,KBOS,EGLL,28:06:48.75,32:31:10.84,48.859406,-52.013578,38548.0,191145.35822728457,78
293967111,293967111,eastbound,B78X,KORD,EBBR,28:07:16.78,32:36:11.76,49.06246,-52.253914,38759.0,214723.9077624462,78
293966752,293966752,eastbound,A359,KDFW,EFHK,28:07:45.65,33:28:43.38,49.16401,-52.639058,38611.0,229685.29475563538,68
293977068,293977068,eastbound,B763,KEWR,EGLL,28:09:42.13,32:27:45.36,48.897296,-51.878451,38329.0,151543.81081652638,77
293976967,293976967,eastbound,B772,KRDU,BIKF,28:10:49.06,30:52:10.30,50.766565,-54.50249,37720.0,203134.91079717234,49
293976894,293976894,eastbound,B789,CYUL,LIRF,28:11:50.49,32:49:08.26,48.939461,-51.999005,38398.0,194735.6414511993,80
293977102,293977102,eastbound,B752,KEWR,EGPH,28:12:17.74,32:07:21.17,49.234772,-52.254767,37577.0,89570.4064536952,71
293967081,293967081,eastbound,B763,KMEM,LFPG,28:13:40.69,32:55:48.95,48.261799,-52.321446,38270.0,154844.23685177055,75
293966343,293966343,eastbound,B744,KDFW,ELLX,28:16:45.67,32:54:08.17,48.453721,-51.999091,38204.0,292426.43322482234,70
293977597,293977597,westbound,B744,EBLG,KRFD,28:17:05.73,32:41:32.46,56.715649,-8.292536,38164.0,303353.03149415454,80
293966573,293966573,eastbound,B78X,KEWR,LIMC,28:18:58.36,32:59:23.78,48.702735,-51.897152,38087.0,218622.20433133902,86
293977283,293977283,eastbound,A333,KCLE,EIDW,28:19:45.59,32:11:21.93,49.116641,-52.259079,38517.0,187594.92639312177,66
293967080,293967080,eastbound,B78X,MPTO,EHAM,28:22:10.11,34:28:01.85,37.557255,-63.482917,40151.0,212493.64499182196,81
293977198,293977198,eastbound,B77L,CYYZ,LSZH,28:22:32.50,33:02:16.67,48.954541,-52.230111,38818.0,237792.97284398664,84
293977185,293977185,eastbound,B77L,KATL,EDDF,28:22:38.35,34:56:54.21,40.869801,-68.013093,38616.0,250098.6492141665,102
293976856,293976856,eastbound,A333,CYYC,EDDF,28:24:17.70,33:42:06.21,60.437745,-63.857742,39621.0,185000.35703726308,79
293977172,293977172,eastbound,B772,TLPL,EGKK,28:24:17.86,34:28:20.79,25.953779,-54.990733,38795.0,227974.99277799466,102
293977268,293977268,eastbound,B788,CYUL,EGLL,28:26:24.82,32:42:19.73,49.210247,-52.523793,39166.0,165680.23444636507,76
293977229,293977229,eastbound,A333,KIAD,LSZH,28:27:00.09,33:27:32.68,48.302364,-52.271235,38505.0,188310.05601687668,85
293976922,293976922,eastbound,B77L,KMEM,EBLG,28:27:36.09,33:06:39.53,48.374604,-52.72793,38853.0,234244.99668097586,75
293977001,293977001,eastbound,B78X,KORD,LFPG,28:28:29.00,32:57:31.13,48.991095,-52.539027,38771.0,214773.71941441446,78
293976910,293976910,eastbound,B77L,KMEM,LFPG,28:28:54.39,32:57:29.88,48.344338,-52.251486,38801.0,233895.8826477685,74
293977300,293977300,eastbound,B788,KBWI,EGLL,28:30:38.46,32:49:08.99,48.490574,-52.463001,38957.0,164301.15040443477,78
293977456,293977456,eastbound,A339,KMIA,EGLL,28:32:19.71,34:53:58.52,37.807123,-66.860513,38794.0,208920.98516309005,99
293977410,293977410,eastbound,A332,CYYZ,EHAM,28:33:53.70,33:14:11.74,49.063583,-52.710001,38832.0,193035.83266906458,81
293977389,293977389,eastbound,A333,KJFK,EIDW,28:34:18.62,32:23:33.90,49.011758,-51.973904,38409.0,189914.17435167803,67
293977070,293977070,eastbound,B748,KORD,ELLX,28:34:31.54,33:09:10.85,49.148496,-52.355225,37742.0,368963.1913494604,80
293976912,293976912,eastbound,B789,KBNA,EGLL,28:35:42.16,32:50:12.96,48.481277,-52.136855,38926.0,182536.9907095428,74
293977220,293977220,eastbound,A333,CYUL,LEMD,28:36:08.98,33:18:15.21,49.041386,-52.406377,38198.0,190975.27841336615,79
293967018,293967018,eastbound,B789,KDFW,EGLL,28:37:30.32,32:56:02.01,48.515647,-52.40284,38920.0,179412.13566233733,65
293976830,293976830,eastbound,A332,KMSP,EGLL,28:38:25.65,32:57:07.77,49.491403,-52.460002,39310.0,191810.76170467713,72
293966369,293966369,eastbound,B789,KAUS,EDDF,28:38:37.92,33:33:02.39,48.41942,-52.074741,39030.0,182246.2807150878,66
293976976,293976976,eastbound,B763,KORD,EIDW,28:39:41.43,32:27:45.05,49.472096,-52.923152,39182.0,149427.65996383,64
293977011,293977011,eastbound,B764,KJFK,LIMC,28:39:46.66,33:34:41.58,49.003995,-52.359055,35736.0,174000.1601303753,87
293977316,293977316,eastbound,A359,KEWR,EDDM,28:41:57.05,33:37:06.88,48.870035,-52.373344,38461.0,225972.83348500638,88
293977097,293977097,eastbound,B77W,KJFK,EGLL,28:43:55.58,32:48:47.01,48.783202,-51.902626,38131.0,262550.7765615396,77
293977333,293977333,eastbound,A333,CYYZ,LFPG,28:47:19.59,33:34:14.95,49.00958,-52.479534,38493.0,188902.1969673194,82
293977022,293977022,eastbound,A333,KORD,LSZH,28:47:29.27,33:45:38.32,48.979661,-52.032414,38589.0,185557.17565562596,75
293977273,293977273,eastbound,A333,KJFK,EGCC,28:47:55.09,32:56:14.14,49.084855,-51.96757,38379.0,189694.7464923738,73
293977269,293977269,eastbound,B772,KRDU,EGLL,28:48:39.23,32:59:02.10,48.438443,-52.207732,38363.0,213802.35290484573,78
293977341,293977341,eastbound,A333,KIAD,EIDW,28:48:52.45,32:40:37.90,48.697895,-52.394581,38551.0,188377.72950258895,66
293977197,293977197,eastbound,A339,KBOS,LFPG,28:49:05.53,33:33:50.32,48.881549,-52.277753,38401.0,199855.50571774447,84
293977200,293977200,eastbound,A333,CYYZ,EHAM,28:52:04.06,33:38:03.33,49.289473,-52.640586,38326.0,188903.15800782057,82
293977417,293977417,eastbound,A339,CYYZ,EGLL,28:55:44.50,33:16:01.33,49.274312,-52.216727,38918.0,198575.29339779005,72
293967033,293967033,eastbound,B77W,KSFO,LFPG,28:57:08.53,33:41:33.08,57.742887,-61.42518,39875.0,270131.8073938688,65
293977808,293977808,westbound,B744,EDDK,KSDF,28:58:02.85,33:27:43.41,57.939689,-8.026084,38138.0,304573.16671615,76
293977042,293977042,eastbound,A333,KBNA,EIDW,28:59:22.49,32:49:35.27,48.716964,-51.986343,38643.0,184437.328178638,66
293977679,293977679,eastbound,B772,KATL,EGLL,28:59:29.67,34:51:42.57,40.722676,-68.187578,38177.0,226494.18115224104,101
293977166,293977166,eastbound,B77W,KJFK,EDDF,28:59:50.37,33:48:14.96,48.642784,-52.462927,38096.0,268671.46235479147,89
293977260,293977260,eastbound,A333,KDTW,EHAM,29:02:26.59,33:46:45.17,49.052396,-52.176074,38504.0,187070.51586921167,80
293977874,293977874,eastbound,B744,KGSP,EBLG,29:04:34.24,35:14:28.03,41.126775,-67.797826,37241.0,302412.47834293207,106
293977678,293977678,westbound,B788,LIRF,KATL,29:06:57.08,34:20:56.78,49.268399,-7.022054,41190.0,181148.46480483955,77
293977163,293977163,eastbound,A333,CYUL,LSGG,29:07:42.00,34:05:39.10,49.101823,-52.244459,38300.0,191065.04129615924,85
293977691,293977691,eastbound,A388,KMIA,EGLL,29:09:29.65,35:07:07.58,37.878234,-66.927122,38614.0,465355.5596297234,99
293977587,293977587,eastbound,B788,CYOW,EGLL,29:09:43.16,33:27:29.00,49.603621,-53.001843,40120.0,165371.80073820255,76
293977603,293977603,eastbound,A333,KJFK,EIDW,29:10:41.53,33:02:16.83,48.749505,-52.197938,38459.0,189891.94372531344,67
293976863,293976863,eastbound,B763,KORD,EHAM,29:11:10.95,33:49:20.99,49.452605,-52.406415,38862.0,153401.23783528002,77
293977416,293977416,eastbound,A359,KJFK,LIRF,29:12:26.70,33:54:45.65,48.031671,-52.294251,38374.0,228666.30707945573,78
293977192,293977192,eastbound,B788,CYYC,EGLL,29:13:57.53,33:43:31.59,59.554788,-64.096607,42376.0,162460.7373671664,75
293977075,293977075,eastbound,A332,KJFK,EGLL,29:14:04.33,33:34:26.84,49.050735,-52.16183,38293.0,190835.25463116998,77
293977694,293977694,eastbound,A339,KTPA,EGLL,29:17:03.73,35:51:54.06,37.862955,-69.646173,38711.0,209313.94606853108,101
293976916,293976916,eastbound,B78X,KORD,EDDF,29:17:04.90,34:00:04.73,49.19182,-52.718631,38791.0,214862.86461984302,77
293977408,293977408,eastbound,GLEX,KHPN,LIML,29:17:30.86,34:14:01.76,47.08742,-53.092613,45989.0,31985.71004376606,86
293977393,293977393,eastbound,A333,CYUL,LEBL,29:17:54.08,34:01:37.97,49.060379,-52.149892,38143.0,190982.55366560994,80
293977647,293977647,eastbound,B77W,KMIA,EGLL,29:18:00.57,35:17:08.14,37.960833,-66.602875,38574.0,277800.0065311308,98
293976917,293976917,eastbound,B772,KDEN,EGLL,29:19:00.53,33:28:48.30,49.184718,-53.003774,38701.0,210369.50366397412,63
293976963,293976963,eastbound,B789,KDEN,EGLL,29:19:15.95,33:31:17.60,50.147995,-52.966426,40537.0,179026.26177085345,63
293977019,293977019,eastbound,A332,KSEA,EGLL,29:21:15.20,33:53:29.72,60.691275,-64.400922,40032.0,196749.79924397217,70
293966953,293966953,eastbound,B77W,KLAX,LFPG,29:22:12.08,33:55:56.12,49.729637,-53.99147,38746.0,265768.61025222915,58
293977638,293977638,eastbound,A333,KJFK,LFPG,29:22:22.78,34:10:17.24,48.51715,-52.469674,38461.0,189970.03917861482,85
293977487,293977487,eastbound,B789,CYYZ,EDDF,29:24:45.93,34:20:37.47,49.217191,-52.739101,38938.0,189173.0973545051,87
293977514,293977514,eastbound,A359,KIAD,LFPG,29:25:21.86,34:03:19.23,48.457989,-52.303801,38592.0,222493.84706803702,84
293977673,293977673,eastbound,A359,KBOS,LSZH,29:25:22.97,34:12:45.25,48.618482,-51.792913,38421.0,223810.00118150332,86
293977355,293977355,eastbound,A333,KJFK,LSZH,29:25:38.38,34:23:48.34,48.485669,-51.939077,38446.0,189894.14442633325,87
293977430,293977430,eastbound,A333,KBOS,EIDW,29:26:06.87,33:19:54.23,49.24236,-52.83528,38303.0,191304.51196899943,69
293977321,293977321,eastbound,B772,KBOS,EHAM,29:26:15.21,33:54:59.96,49.085249,-52.248282,38076.0,216929.53623871887,83
293977164,293977164,eastbound,B772,KJFK,LIMC,29:26:23.28,34:05:05.63,47.895533,-52.324417,38202.0,220745.07947493036,85
293977548,293977548,eastbound,B789,KIAD,EGLL,29:28:25.70,33:44:14.37,48.606456,-52.399285,38609.0,185506.7439154457,77
293977869,293977869,eastbound,B78X,KATL,EHAM,29:31:39.52,35:40:35.90,40.966614,-67.820575,37769.0,220029.7304584875,101
293977399,293977399,eastbound,A339,KDTW,EGLL,29:32:08.16,33:58:12.71,49.24458,-52.752612,39047.0,199193.6762007563,76
293977703,293977703,westbound,B788,LIRF,KORD,29:32:08.20,34:34:38.49,50.127093,-7.158011,41389.0,178871.1376312175,78
293966995,293966995,eastbound,B77W,KLAX,EGLL,29:32:08.38,33:39:37.26,49.856027,-53.175259,38901.0,262181.1895266467,54
293977422,293977422,eastbound,B788,KPHL,EIDW,29:32:24.17,33:18:55.77,48.973979,-52.146868,38957.0,162046.26749532323,68
293967123,293967123,eastbound,B77L,KDFW,EDDF,29:32:29.40,34:22:59.41,48.595968,-52.624404,38885.0,235243.56773563687,68
293966920,293966920,eastbound,B748,KLAX,EDDF,29:34:05.47,34:19:21.98,50.037202,-53.719626,37948.0,364307.9255804928,59
293977506,293977506,eastbound,B772,KBOS,EGLL,29:34:34.52,33:41:30.33,49.163212,-52.003326,38031.0,214401.96939290172,76
293977537,293977537,eastbound,A343,SMJP,EHAM,29:36:15.77,35:37:05.52,22.386423,-40.486421,37738.0,216095.86851290514,89
293977046,293977046,eastbound,B77W,KDFW,EGLL,29:36:46.46,33:45:14.87,48.637669,-52.263046,38251.0,262935.92503622494,65
293977766,293977766,eastbound,B764,KATL,EGLL,29:37:27.48,35:46:21.29,40.648577,-67.947302,33945.0,177237.36253680004,101
293977262,293977262,eastbound,A333,KORD,EIDW,29:37:32.16,33:29:45.25,49.306762,-52.43704,38615.0,185674.91718798724,65
293977479,293977479,eastbound,B77W,CYUL,LFPG,29:38:18.36,34:07:28.93,49.621302,-52.913115,38100.0,265356.71573564416,82
293977870,293977870,westbound,B788,LIRF,KEWR,29:38:20.09,34:58:23.30,50.225547,-6.55317,41809.0,174333.11973441273,91
293977486,293977486,eastbound,B789,KJFK,EGLL,29:38:46.89,33:54:19.75,48.675951,-52.400624,38453.0,186360.08905108098,77
293966919,293966919,eastbound,A339,KLAX,LIRF,29:43:22.02,34:41:11.34,49.443108,-53.7072,39140.0,202561.94232327415,49
293978335,293978335,westbound,B77L,EBLG,KORD,29:46:26.32,34:15:47.32,56.153289,-8.282771,41795.0,249417.93589527614,81
293977801,293977801,eastbound,A333,KBOS,EHAM,29:48:15.43,34:34:45.20,49.106771,-52.67016,38334.0,191352.1069334107,84
293977539,293977539,eastbound,B763,KEWR,LFPG,29:48:48.98,34:27:33.25,49.262345,-52.113476,38050.0,152844.14704247986,83
293976940,293976940,eastbound,B789,KSFO,EGLL,29:49:11.86,34:11:15.30,58.299138,-61.750782,41085.0,180926.3148236899,62
293977534,293977534,eastbound,B772,KEWR,EGLL,29:50:17.93,33:58:50.62,49.031515,-52.314406,38098.0,214378.46712696043,77
293977391,293977391,eastbound,B788,KPHL,EHAM,29:50:22.44,34:26:07.40,49.081416,-52.161732,38942.0,166044.18089263776,83
293977584,293977584,eastbound,B763,KEWR,EDDF,29:51:30.42,34:52:12.29,49.222853,-52.47761,37959.0,155542.0162903197,88
293977431,293977431,eastbound,B772,KDTW,LFPG,29:52:02.41,34:22:19.82,49.079081,-52.713197,38480.0,215601.48732013692,82
293977282,293977282,eastbound,B763,KEWR,EGLL,29:52:38.17,34:11:26.86,49.416027,-52.226027,38102.0,151206.43226848348,77
293977055,293977055,eastbound,B772,KIAH,EDDF,29:52:55.02,34:42:32.34,48.300082,-52.276253,38307.0,217095.90028628134,69
293977446,293977446,eastbound,B789,MMUN,LIRF,29:53:50.93,35:57:43.77,37.839748,-64.017746,39887.0,199466.5571366547,73
293977059,293977059,eastbound,A35K,KAUS,EGLL,29:54:49.69,36:00:17.85,40.875237,-67.93648,38212.0,263245.47251782165,83
293977658,293977658,eastbound,A339,KBOS,EIDW,29:55:57.58,33:46:44.69,49.439993,-52.326116,38317.0,195115.39576982008,68
293977496,293977496,eastbound,B789,KORD,EGLL,29:57:52.61,34:11:49.14,49.52216,-52.587417,39705.0,183066.52169785777,74
293977831,293977831,eastbound,B788,TNCC,EHAM,29:58:55.17,36:37:33.85,29.981228,-60.643771,41503.0,176053.7465976987,96
293977481,293977481,eastbound,B77W,KJFK,LFPG,29:59:17.29,34:25:45.78,48.598148,-52.160246,38076.0,265312.53507394716,83
293977366,293977366,eastbound,B763,KCVG,EGNX,29:59:55.78,34:09:59.33,49.160687,-52.43733,38449.0,151889.61137912743,73
293977977,293977977,westbound,A35K,LIRF,KIAD,30:00:25.17,35:16:57.50,49.443728,-7.002919,38341.0,263824.67720284977,86
293977095,293977095,eastbound,B772,KIAH,EGLL,30:00:37.58,34:11:05.64,48.601254,-52.095946,38361.0,212035.47391525595,65
293976879,293976879,eastbound,B789,KSFO,EDDF,30:00:48.09,34:57:36.85,58.189256,-62.26389,40859.0,183788.95791467695,63
293977012,293977012,eastbound,A343,KDEN,EDDF,30:02:18.77,35:10:07.85,49.694291,-53.623065,37822.0,213371.3932788614,67
293977594,293977594,eastbound,B763,KEWR,EGLL,30:04:25.74,34:25:56.71,49.298125,-52.71857,38101.0,151462.9806272912,78
293977737,293977737,eastbound,A339,KJFK,LIRF,30:04:47.09,34:58:35.07,48.735212,-52.516951,38146.0,206928.21493291343,78
293977859,293977859,eastbound,B77W,KMIA,LFPG,30:05:11.05,36:19:35.01,37.703066,-66.482723,38461.0,280307.78267013363,100
293977861,293977861,eastbound,A333,CYUL,LPPT,30:06:24.60,34:26:51.81,49.060769,-52.050143,38244.0,190959.92458202306,74
293977337,293977337,eastbound,A359,MMMX,LFPG,30:06:58.19,36:51:08.54,37.970191,-69.321685,38645.0,237437.8153979564,81
293978099,293978099,eastbound,B772,KJFK,EGLL,30:10:16.61,34:20:08.70,49.396186,-52.300389,38085.0,214260.11723925464,77
293977488,293977488,eastbound,B789,CYYC,LFPG,30:10:24.81,34:54:32.78,58.598139,-61.603317,41061.0,185284.81537238767,76
293977384,293977384,eastbound,B772,KEWR,LEBL,30:10:44.34,36:28:30.62,40.687812,-68.442506,35419.0,232869.06679879077,110
293978618,293978618,westbound,A333,EBLG,CYYZ,30:11:09.00,35:08:39.77,56.253164,-8.055061,38500.0,193524.32545927778,85
293977844,293977844,eastbound,B788,CYYZ,EPWA,30:13:17.43,35:15:31.31,50.183516,-53.433918,40748.0,171303.3960669133,82
293977107,293977107,eastbound,B772,SEGU,EHAM,30:16:57.06,36:22:28.72,37.615774,-63.192178,38728.0,223166.57329720168,70
293977528,293977528,eastbound,A359,CYUL,LFPO,30:19:09.24,34:54:02.89,49.658345,-52.378441,38562.0,220454.66851694396,82
293977701,293977701,eastbound,B752,KEWR,EIDW,30:20:10.46,34:06:29.78,49.55986,-52.469888,37466.0,88596.1861632046,68
293977518,293977518,eastbound,B744,KIAH,EGPK,30:20:15.93,35:42:38.15,40.969149,-68.159818,37752.0,295291.7578927301,83
293977499,293977499,eastbound,A333,CYYZ,EGKK,30:21:02.98,34:46:50.38,49.513447,-52.8135,38375.0,188915.28769138132,74
293977656,293977656,eastbound,B788,CYYZ,EGLL,30:21:58.18,34:37:03.31,49.603804,-52.692279,39936.0,163995.1670236506,75
293977713,293977713,eastbound,A333,KIAD,EGLL,30:22:00.47,34:43:24.90,48.766916,-51.88737,38515.0,188186.26587182126,77
293977926,293977926,eastbound,A359,KIAD,EDDM,30:22:19.33,35:13:02.10,48.364895,-52.26354,38552.0,226927.31816712153,81
1500025349,1500025349,eastbound,B763,KORD,EGLL,30:30:28.15,34:49:53.90,49.784672,-52.618989,38950.0,152269.2286509786,73
293977797,293977797,eastbound,B789,MMUN,EGLL,30:31:01.56,36:19:18.24,37.682992,-63.701302,40139.0,193309.89467916283,86
293977578,293977578,eastbound,A35K,KJFK,EGLL,30:33:59.16,34:52:16.13,48.779562,-52.419649,38242.0,249998.19281196373,78
293976965,293976965,eastbound,B789,KLAX,EGLL,30:34:21.48,34:46:16.20,50.562665,-53.57814,40506.0,175202.64047034676,54
293977437,293977437,eastbound,B78X,KJFK,EHAM,30:34:51.42,35:01:18.62,49.507289,-52.491142,37895.0,218974.11265463883,81
293977911,293977911,eastbound,B788,KIAH,EGLL,30:36:05.64,36:53:07.77,38.091038,-69.701608,41669.0,172264.36812754025,90
293977531,293977531,eastbound,B789,KIAH,EGLL,30:36:24.03,36:36:53.19,40.77126,-67.695938,39158.0,192116.27743097473,85
293977381,293977381,eastbound,B764,KJFK,LIPZ,30:38:52.43,35:31:17.45,49.189106,-52.272287,36180.0,175501.243992722,83
293977271,293977271,eastbound,B772,KJFK,EGLL,30:40:38.94,34:49:56.56,49.027796,-52.540074,38153.0,214561.81194570963,76
293958761,293958761,eastbound,B772,KJFK,EGLL,30:42:24.02,34:52:48.59,49.526246,-52.465058,38021.0,214184.17014401892,77
293977873,293977873,eastbound,A333,KATL,LFPG,30:42:37.42,37:21:05.78,40.313284,-67.940383,38696.0,191073.40492722517,102
293977301,293977301,eastbound,B78X,KPDX,EGLL,30:43:09.99,35:05:57.16,58.213567,-61.379402,41100.0,209973.5553265997,67
293978320,293978320,eastbound,B762,KPSM,EBOS,30:43:11.90,35:20:10.85,49.458226,-53.041636,38106.0,133074.98386672515,82
293979337,293979337,westbound,B748,EDDK,KSDF,30:44:01.56,35:10:54.34,57.975338,-8.110786,36717.0,385196.47069144505,76
293978011,293978011,westbound,A359,LIRF,CYYZ,30:44:21.40,35:08:37.06,53.259034,-14.007441,39730.0,228415.75301021844,75
293977205,293977205,eastbound,B772,KSFO,EGLL,30:45:43.65,35:11:36.48,58.093396,-62.306234,39389.0,213730.63590988098,62
293977592,293977592,eastbound,A333,KEWR,LSZH,30:45:44.19,35:44:15.63,48.821894,-52.212449,38429.0,189824.4602915444,86
293977827,293977827,eastbound,B772,KJFK,EPWA,30:47:16.10,35:47:21.52,49.75822,-53.115582,37813.0,224550.4699587199,87
293977133,293977133,eastbound,B77W,SPJC,EHAM,30:50:02.46,37:21:31.48,30.372026,-60.88735,39179.0,282219.91980535066,71
293977502,293977502,eastbound,B78X,KJFK,EGLL,30:51:28.49,34:55:34.90,49.118415,-51.956553,38013.0,218803.59587671788,76
293977997,293977997,eastbound,B772,CYUL,LFPG,30:54:16.03,35:24:42.88,49.577382,-53.098466,38078.0,216992.8937329371,82
293977810,293977810,eastbound,A359,KORD,EKCH,30:54:31.84,35:58:45.20,49.966498,-53.643579,39048.0,224726.97389682062,82
293977892,293977892,eastbound,A333,CYYZ,LPPT,30:54:55.11,35:19:05.13,47.016663,-52.880414,38942.0,189383.48745012944,74
293977924,293977924,eastbound,B772,KCLT,EGLL,30:55:33.36,35:05:50.06,48.632512,-52.161231,38371.0,214115.36626704677,78
293977722,293977722,eastbound,B752,KIAD,EIDW,30:56:12.91,34:41:56.04,49.316443,-52.368763,37678.0,88188.42798362036,67
293978312,293978312,eastbound,B744,KATL,ELLX,30:58:59.62,37:15:56.08,40.799166,-67.569045,37759.0,303748.67644792213,102
293977768,293977768,eastbound,B744,KIAH,EBLG,31:00:41.34,37:12:50.64,40.874054,-68.034459,37529.0,304908.95066051796,88
293977876,293977876,eastbound,B78X,KORD,EGLL,31:01:47.55,35:06:55.20,49.752429,-52.593353,38597.0,214930.50392496306,71
293977320,293977320,eastbound,B788,KCVG,EGLL,31:02:11.07,35:18:20.82,49.387911,-52.680559,39930.0,162105.95288943092,75
293978015,293978015,eastbound,B763,KJFK,EGPH,31:02:18.69,34:56:38.04,49.885005,-52.712044,37917.0,150001.85996480667,69
293977853,293977853,eastbound,B763,KEWR,EGLL,31:04:31.83,35:24:07.68,49.706665,-52.623193,38012.0,151252.31850473967,77
293977690,293977690,eastbound,B764,KIAD,EGLL,31:07:03.53,35:28:42.78,49.763829,-52.971173,35965.0,169364.4701421569,78
293978031,293978031,eastbound,A333,KJFK,EFHK,31:10:06.61,36:43:44.23,50.460453,-53.286954,37991.0,189722.9752909045,92
293977616,293977616,eastbound,B789,MMMX,EGLL,31:13:06.16,37:30:47.02,37.965077,-69.004294,39625.0,192191.52392451538,79
293978480,293978480,eastbound,B789,KBOS,EGLL,31:14:08.76,35:29:18.30,49.176384,-52.714107,38451.0,187306.80309096107,77
293977923,293977923,eastbound,A359,KORD,EDDM,31:14:13.03,36:10:02.64,49.651551,-53.276346,38814.0,227467.99889968327,75
293977773,293977773,eastbound,B764,KJFK,EIDW,31:15:12.45,35:01:28.75,50.017816,-52.962756,35766.0,165949.3051486142,68
293977470,293977470,eastbound,B789,MROC,EHAM,31:17:36.43,37:25:42.06,37.732754,-62.736825,40213.0,191569.9688454449,79
293977545,293977545,eastbound,A339,KJFK,LFPG,31:18:42.26,36:03:27.32,49.405789,-52.6456,38351.0,200332.0625048503,83
293977223,293977223,eastbound,B77W,KLAX,EGLL,31:20:50.44,35:30:32.44,50.903891,-53.971481,38923.0,263100.06642793474,55
293978121,293978121,eastbound,B77W,KJFK,EGLL,31:22:45.84,35:28:45.24,49.031404,-52.302845,38120.0,262831.5377237038,77
293977375,293977375,eastbound,A359,MROC,LFPG,31:23:16.86,37:36:05.96,37.45407,-63.349815,39217.0,235105.3017851092,79
293977385,293977385,eastbound,A333,KJFK,EGLL,31:24:24.45,35:48:14.70,48.780839,-52.533027,38507.0,189967.29115786662,77
293978398,293978398,eastbound,A388,KJFK,LIMC,31:24:29.36,36:02:15.48,48.665641,-51.923511,38181.0,454820.7879997024,85
293978316,293978316,eastbound,B77W,KEWR,LGAV,31:24:49.86,36:00:22.60,48.595184,-52.564536,37738.0,284933.42298861075,66
293977620,293977620,eastbound,B748,MMMX,EDDF,31:25:09.84,38:01:00.66,37.87809,-68.230218,36989.0,378616.87790760794,80
293977775,293977775,eastbound,B764,KJFK,LSZH,31:26:29.02,36:25:10.56,49.632518,-53.170915,36144.0,173673.57255963943,86
293977233,293977233,eastbound,A388,KSFO,EGLL,31:27:05.08,35:37:06.35,51.77117,-55.11161,39374.0,471693.13511591713,55
293978558,293978558,eastbound,B744,KJFK,EBLG,31:30:07.07,35:59:19.77,49.222174,-52.067684,38142.0,286355.64169102104,85
293977720,293977720,eastbound,B752,KIAD,EGPH,31:30:25.46,35:28:07.45,49.661006,-53.186711,37428.0,88883.43022703817,71
293977494,293977494,eastbound,B789,KDFW,EGLL,31:30:39.11,35:47:30.13,48.87463,-52.283697,38882.0,179085.38914074164,64
293977564,293977564,eastbound,B77W,KSEA,EGLL,31:31:38.21,35:58:11.44,60.849905,-64.50638,40124.0,265810.875004143,70
293979761,293979761,eastbound,FA7X,KPVD,LSZA,31:33:14.22,36:42:32.50,47.654238,-53.009362,44623.0,19992.329597902044,87
293981542,293981542,westbound,F900,LFBD,CYQB,31:35:26.79,37:20:00.19,49.800859,-7.029897,38184.0,16381.926321771161,87
293978065,293978065,eastbound,B789,CYYC,EGLL,31:37:08.48,36:06:33.60,59.566563,-64.357325,41163.0,184671.7856599748,76
293977824,293977824,eastbound,B789,MMMX,EHAM,31:39:51.05,38:19:30.53,37.848666,-69.279191,39586.0,194916.21251886242,82
293977929,293977929,eastbound,B788,KORD,EPKK,31:41:23.54,36:40:12.04,50.326766,-53.676178,41005.0,169266.4257669112,72
293977919,293977919,eastbound,B772,MMMX,EHAM,31:44:23.06,38:11:57.35,37.939182,-68.612614,38424.0,228647.4047903019,81
293978017,293978017,eastbound,B77W,CYYZ,EGLL,31:44:23.35,35:53:26.76,50.268542,-53.300108,38178.0,262547.40330316103,75
293977952,293977952,eastbound,A359,KEWR,LFPO,31:45:34.63,36:21:47.08,49.004212,-52.238328,38482.0,221572.69112747823,83
293977822,293977822,eastbound,B789,KEWR,EPWA,31:46:04.19,36:50:11.73,49.943752,-53.581626,38133.0,194018.60185947307,85
293977609,293977609,eastbound,B77L,KMEM,LFPG,31:49:14.46,36:19:44.21,48.3426,-52.535503,38649.0,233091.3764506339,73
293978477,293978477,eastbound,B77L,KJFK,EDDF,31:51:19.81,36:38:39.02,49.100916,-52.53752,38394.0,237059.31128235633,87
293977783,293977783,eastbound,B763,KEWR,EGLL,31:54:20.16,36:15:08.42,49.765455,-52.936731,38011.0,151314.5339526904,77
293977240,293977240,eastbound,A388,KLAX,EDDM,31:55:13.85,36:42:16.37,50.837532,-54.157806,38815.0,485474.5789430334,54
293977769,293977769,eastbound,B77W,KEWR,EDDF,31:56:06.44,36:44:18.58,49.444142,-52.902647,37966.0,268906.34136379085,88
293977718,293977718,eastbound,B789,KDEN,EDDM,31:57:24.99,36:44:48.54,50.896744,-53.808979,39902.0,184805.897482786,62
1500015349,1500015349,eastbound,A333,KJFK,EHAM,31:57:40.07,36:41:51.84,50.069889,-52.999291,38133.0,191976.20082231946,80
293978197,293978197,eastbound,A332,KJFK,LYBE,31:57:46.23,36:52:32.22,48.939288,-52.433703,38266.0,202103.32302397973,76
293977345,293977345,eastbound,B77W,KLAX,EGLL,32:03:51.67,36:11:42.86,50.75821,-53.804498,38850.0,262683.28523221565,54
293978041,293978041,eastbound,A359,SKBO,LFPG,32:04:27.56,38:35:56.27,30.4199,-60.767038,39265.0,235290.8571913122,84
293977436,293977436,eastbound,A333,KSFO,EIDW,32:07:45.39,36:14:32.85,57.299932,-61.021431,40692.0,177072.26364120014,56
293977354,293977354,eastbound,B772,KSAN,EGLL,32:12:40.62,36:24:34.38,50.279682,-54.174013,38787.0,209886.17552178315,54
293981806,293981806,westbound,B77L,EBLG,KORD,32:13:30.01,36:43:01.87,56.332824,-8.355245,41781.0,249133.4537001311,79
293977424,293977424,eastbound,B77W,KLAX,LFPG,32:16:10.47,36:46:02.03,51.063481,-54.263121,38553.0,266054.8925087608,57
293977247,293977247,eastbound,A359,KSAN,EDDM,32:17:43.25,37:15:47.32,50.431369,-53.868536,39067.0,232456.88728313052,54
293980043,293980043,eastbound,B772,KBWI,EDDN,32:19:05.06,37:04:04.71,49.133434,-52.567902,38231.0,220646.96335154708,85
293977852,293977852,eastbound,B744,KIAH,LIMC,32:20:07.20,38:37:20.79,40.182157,-68.005973,37764.0,310550.14357749536,81
293978148,293978148,eastbound,B788,SKBO,EGLL,32:21:55.19,38:30:55.77,31.141535,-60.539851,41679.0,170109.6330258831,82
293978195,293978195,eastbound,B77W,KJFK,LFPG,32:24:35.21,36:51:35.78,49.000312,-52.680389,38104.0,265712.7920057089,83
293979599,293979599,eastbound,B77L,KMIA,EBLG,32:25:00.47,38:36:37.87,37.770472,-64.072305,41150.0,247999.3760410439,98
293977628,293977628,eastbound,B789,KLAX,EGLL,32:30:16.79,36:48:13.59,54.266876,-57.753151,41170.0,179292.72277868152,58
293978122,293978122,eastbound,A359,MPTO,LFPG,32:39:32.53,38:46:27.62,37.575706,-62.272383,39351.0,233607.5426517522,79
293978140,293978140,eastbound,B789,MMMX,LFPG,32:41:36.63,39:03:37.21,37.8302,-67.277247,40264.0,193572.8592985117,80
293977560,293977560,eastbound,B772,KSFO,EDDF,32:42:01.06,37:35:56.01,51.833015,-55.503554,38702.0,214102.7929033689,59
293977388,293977388,eastbound,A332,KLAX,LEMD,32:44:47.41,37:28:08.50,47.605031,-53.160354,40153.0,191224.07079017124,54
293978225,293978225,eastbound,A343,KORD,EDDF,32:46:48.28,37:48:10.26,50.168463,-53.272106,37606.0,210502.63943949653,78
293983185,293983185,westbound,B763,EGLL,KEWR,32:50:27.11,38:07:21.19,54.61955,-9.023771,40041.0,157073.15171173855,88
293983460,293983460,westbound,A333,EGLL,KJFK,32:53:32.53,38:18:58.07,54.392449,-9.179986,38241.0,195292.19849318799,91
293978201,293978201,eastbound,B788,MMMX,EGLL,32:58:12.92,39:01:11.96,38.107452,-66.939546,41580.0,169059.24528438263,78
293982601,293982601,westbound,B77W,EDDF,KJFK,33:01:11.45,38:01:56.06,57.187304,-8.296661,39643.0,275006.8280870628,89
293982528,293982528,westbound,B77W,LFPG,KJFK,33:03:09.63,38:08:35.60,53.790781,-11.385584,39797.0,272795.49847468646,89
293977683,293977683,eastbound,B77W,KLAX,LSZH,33:07:57.99,37:53:31.01,51.404399,-55.090203,38261.0,270620.97118933115,55
293985176,293985176,westbound,B789,EIDW,CYYZ,33:09:00.00,37:54:46.59,54.496111,-9.887778,40759.0,199548.9,84
293977706,293977706,eastbound,B772,KLAX,EGLL,33:12:08.81,37:27:13.03,51.427006,-55.306432,38889.0,209631.83945678416,55
293983920,293983920,westbound,B772,EGLL,KJFK,33:12:25.83,38:34:59.10,54.070623,-8.688184,39014.0,225768.64211541312,93
293979573,293979573,eastbound,B789,KJFK,EGLL,33:13:49.72,37:31:27.55,49.536964,-52.953487,38512.0,186469.31583783432,77
293978045,293978045,eastbound,A332,KSEA,EIDW,33:19:51.49,37:21:43.67,59.761908,-63.782069,40139.0,195197.0853709852,67
293983224,293983224,westbound,A332,LFPG,CYUL,33:21:12.48,38:24:29.88,53.863722,-10.326654,39859.0,194641.37524652382,87
293983122,293983122,westbound,A339,LFPG,KATL,33:22:50.50,38:08:56.44,53.874205,-10.362522,38904.0,211850.42339668772,76
293977731,293977731,eastbound,B77W,KSFO,LSZH,33:23:04.73,38:07:16.12,52.201748,-55.177594,38626.0,269307.9738709526,55
293979563,293979563,eastbound,B744,KORD,EDDF,33:24:01.06,38:09:28.78,50.342391,-53.616011,37883.0,290560.79077955283,79
293983482,293983482,westbound,A333,EHAM,KJFK,33:25:47.67,38:49:30.09,57.531406,-8.259949,38451.0,193903.3249386258,91
293983668,293983668,westbound,A333,LFPG,CYQB,33:30:19.60,38:32:12.94,53.943401,-10.691231,38481.0,193574.44885570856,87
293983390,293983390,westbound,A333,EDDK,KJFK,33:34:03.70,38:56:43.64,56.345472,-9.088282,38591.0,192849.4887247072,91
293984203,293984203,westbound,FA7X,LFPB,KFOK,33:35:57.15,38:49:57.00,53.249099,-12.78593,45831.0,20667.71675868432,89
293985152,293985152,westbound,A333,LFRS,CYUL,33:38:26.00,39:10:19.54,49.936853,-7.379248,38106.0,196055.7279493326,93
293978303,293978303,eastbound,A35K,KDFW,EGLL,33:38:53.40,37:59:43.17,48.956446,-53.042103,38310.0,256226.43167263607,64
293984084,293984084,westbound,B77L,EBLG,KMEM,33:39:33.18,38:08:38.93,56.264858,-8.464246,41384.0,254856.34043608946,71
293982820,293982820,eastbound,B772,KEWR,EIDW,33:40:30.40,37:21:06.00,50.074287,-53.335148,37725.0,212499.69608849793,67
293983997,293983997,westbound,B772,LFPG,KEWR,33:41:18.01,38:42:07.48,55.27309,-9.24178,39057.0,224392.27084389733,89
293977896,293977896,eastbound,A35K,KPHX,EGLL,33:42:26.70,38:05:38.65,50.920824,-54.860143,38476.0,259029.96400342922,57
293984205,293984205,westbound,B77L,EBLG,KMEM,33:44:27.58,38:16:37.93,56.253593,-8.451545,41385.0,254868.1383444902,72
293985803,293985803,westbound,B752,EGPH,KEWR,33:45:00.00,38:55:54.43,56.786389,-8.744444,38912.0,96504.0,86
293984838,293984838,westbound,A339,EGLL,KJFK,33:49:12.85,39:17:10.70,54.488082,-9.259855,39588.0,204009.75730071924,92
293985068,293985068,westbound,B772,EGLL,CYHZ,33:50:04.29,38:32:04.68,53.957799,-8.773218,39549.0,218312.18398056555,81
293982769,293982769,westbound,B77W,LOWW,CYYZ,33:52:07.72,38:30:32.89,56.271324,-8.984549,39596.0,275428.6009288437,81
293984499,293984499,westbound,B77W,EGLL,KDFW,33:52:31.44,38:04:58.97,57.00255,-8.676791,38508.0,291572.2521537676,63
293984896,293984896,westbound,B788,LFBO,CYUL,33:55:53.43,39:21:11.00,49.466167,-6.881664,42048.0,174990.80641153536,94
293984040,293984040,westbound,B77W,LFPG,CYUL,33:58:23.62,38:58:48.44,55.259989,-9.111362,39977.0,270213.35963389697,85
293986527,293986527,westbound,A332,EIDW,KATL,33:58:53.79,38:46:24.40,55.443703,-8.801066,38873.0,203320.54190515217,82
293986770,293986770,westbound,A332,EINN,KNGU,34:02:00.00,39:12:46.82,54.312222,-10.975833,39450.0,197356.9,87
293985275,293985275,westbound,B772,EGLL,MYNN,34:08:08.18,39:51:10.28,51.203286,-11.73542,38328.0,235587.60670590014,88
293979663,293979663,eastbound,B77L,KORD,EDDF,34:11:58.82,38:54:48.66,50.047787,-53.206048,40200.0,236152.9921511132,77
293984201,293984201,westbound,B763,LSGG,KEWR,34:12:09.85,39:28:01.36,53.931063,-9.864107,39860.0,157773.60523398337,90
293985395,293985395,westbound,B77L,LEBL,MMMX,34:12:40.52,39:27:34.22,47.602325,-6.951345,39859.0,273305.9832712233,65
293986344,293986344,westbound,A339,EGLL,TBPB,34:14:47.32,40:05:54.55,50.213148,-6.2542,38738.0,212785.0340357409,100
293985784,293985784,westbound,A333,LPPT,CYUL,34:16:41.41,39:33:04.73,41.73166,-14.038212,36896.0,196011.62015251856,91
293983916,293983916,westbound,B763,EDDM,KEWR,34:18:51.38,39:33:41.85,56.916769,-8.217446,40046.0,158073.0866224445,89
293983771,293983771,westbound,B764,EHAM,KEWR,34:19:00.91,39:30:21.42,57.48401,-8.305131,33207.0,174671.76131282997,87
293984719,293984719,westbound,B772,EHAM,KIAH,34:20:18.26,38:32:04.56,59.104957,-9.026394,37900.0,240727.28144883935,62
293982725,293982725,westbound,B78X,EDDF,KORD,34:21:47.60,38:50:04.39,56.966955,-8.026746,39849.0,221658.3018026055,79
293986089,293986089,westbound,B789,EGKK,MMUN,34:23:29.57,39:07:32.71,54.470214,-8.39145,39554.0,211842.24435258267,65
293986159,293986159,westbound,A333,EHAM,TNCM,34:23:44.37,40:29:45.32,50.574145,-5.936132,38307.0,194963.38815433005,99
293985865,293985865,westbound,A339,EGLL,KMIA,34:23:45.75,39:27:11.16,54.584432,-8.990829,38653.0,213919.04392954148,76
293978091,293978091,eastbound,A332,KLAX,EIDW,34:24:34.16,38:13:14.37,53.33209,-56.211055,40406.0,192265.4920946806,51
293986222,293986222,westbound,B772,EGLL,KJFK,34:24:39.14,39:47:36.45,54.100143,-8.564551,39015.0,225736.47380909554,93
293985944,293985944,westbound,B789,LEMD,MMMY,34:29:18.84,39:46:54.29,44.476761,-10.008414,39207.0,215874.4932226328,73
293984916,293984916,westbound,B764,EDDB,KEWR,34:30:32.08,39:41:45.10,60.258352,-8.0371,33763.0,175561.5092047667,87
293985475,293985475,westbound,A333,EHAM,KDTW,34:31:02.51,39:17:44.39,57.588747,-7.805768,38431.0,193964.02164828425,82
293984622,293984622,westbound,A333,EDDF,CYUL,34:31:44.54,39:41:33.82,56.738023,-8.281362,38641.0,192498.94556884147,86
293985828,293985828,westbound,A359,LFPG,KIAH,34:33:05.50,39:03:02.69,55.648957,-8.442411,38377.0,240717.1923930466,66
293986141,293986141,westbound,A339,EGLL,KATL,34:34:14.90,39:20:31.74,56.652883,-9.142083,38927.0,211194.0908851028,79
293985744,293985744,westbound,B763,EHAM,KIAH,34:35:06.11,39:00:13.65,58.347773,-8.664264,38723.0,169093.05788996982,62
293986460,293986460,westbound,A333,ENGM,KEWR,34:35:12.85,40:00:20.81,62.655112,1.954517,38160.0,196050.19146013915,92
293986878,293986878,westbound,E35L,EGSS,KBGR,34:35:57.77,40:10:13.02,56.192757,-8.664619,38616.0,17995.379478584546,86
293980706,293980706,eastbound,B77L,KMEM,EGSS,34:38:20.61,38:45:50.37,49.293718,-52.267213,39905.0,231553.1983683775,70
293985246,293985246,westbound,A333,EDDF,CYYZ,34:38:21.73,39:30:15.81,56.910074,-7.847616,38634.0,192529.1066467126,84
293978787,293978787,eastbound,A359,MMMX,LFPG,34:39:00.83,41:03:08.52,37.849782,-66.242011,39191.0,236402.90558597687,78
293986072,293986072,westbound,A333,LFPO,KEWR,34:40:01.83,39:50:16.97,53.927178,-10.548149,38489.0,193519.21482394167,88
293981223,293981223,eastbound,B77L,KCVG,EGNX,34:41:06.78,38:40:50.40,50.087519,-53.145037,40240.0,231577.52877979563,72
293986054,293986054,westbound,B78X,EBBR,KORD,34:42:18.79,39:11:00.41,56.193457,-8.315271,39679.0,222903.42203102435,81
293977935,293977935,eastbound,A332,KLAX,LEBL,34:43:31.80,39:29:05.77,50.70324,-53.696749,39921.0,192041.135475953,52
293986198,293986198,westbound,B772,EGLL,KIAH,34:44:09.66,39:16:20.07,54.757381,-8.718566,37809.0,242437.30121020888,69
293986559,293986559,westbound,A333,ESSA,KEWR,34:44:19.86,40:21:59.06,63.059011,6.717545,38304.0,195220.18702741584,95
293986931,293986931,westbound,B772,LEMD,KJFK,34:45:27.03,40:11:59.02,44.389095,-10.072223,38862.0,227370.83370079345,97
293985091,293985091,westbound,A333,LSZH,KJFK,34:46:06.18,40:11:09.27,54.068129,-9.393935,38728.0,191851.8133288807,94
293986940,293986940,westbound,B772,EGKK,TLPL,34:46:12.51,40:31:22.82,50.21494,-6.082445,38216.0,237333.4212115693,102
293985617,293985617,westbound,B789,LFPG,KDFW,34:46:45.09,39:12:44.10,55.540191,-8.320444,39754.0,208415.67843388196,65
293985769,293985769,westbound,A332,EDDF,MMUN,34:47:03.28,41:00:31.89,50.626133,-6.523727,38373.0,210152.43667924145,77
293985464,293985464,westbound,B788,EDDF,KDFW,34:47:09.79,39:03:34.30,57.338454,-8.763629,40935.0,184822.9337279594,61
293986427,293986427,westbound,GLEX,EGVN,KTEB,34:47:10.08,39:53:40.17,53.686759,-9.943145,46685.0,33016.14670646724,88
293978472,293978472,eastbound,A35K,KLAS,EGLL,34:47:55.94,39:10:47.54,51.831512,-55.410183,38584.0,258492.18922605595,57
293986498,293986498,westbound,A388,EGLL,KMIA,34:48:14.32,39:36:14.98,56.175579,-8.340049,38410.0,470119.5893122889,75
293986650,293986650,westbound,A35K,LFPO,TFFR,34:49:30.55,40:31:08.26,48.16898,-6.129392,38047.0,264873.09271956113,100
293984779,293984779,westbound,A333,LIRF,KJFK,34:49:54.04,40:28:06.35,49.869259,-6.750682,38888.0,190832.82858130097,97
293986778,293986778,westbound,A339,LPPT,KSFO,34:50:12.96,40:10:18.28,41.572891,-13.362169,36484.0,224249.53670948854,67
293985643,293985643,westbound,B77W,LFPG,KLAX,34:50:28.29,39:07:02.60,55.899054,-8.965314,37736.0,302701.98454616807,55
293985642,293985642,westbound,A333,EGLL,KBOS,34:50:34.11,40:17:41.65,54.415783,-9.15774,38239.0,195290.8323452005,89
293982605,293982605,westbound,A332,LROP,KJFK,34:51:23.89,40:08:42.83,54.396498,-8.878273,39502.0,201370.27925457593,83
293985248,293985248,westbound,A339,LIRF,KATL,34:54:18.29,40:19:11.71,49.383784,-6.770825,38668.0,215631.54007278036,81
293986417,293986417,westbound,A333,EBBR,KJFK,34:54:24.57,40:19:37.16,55.911323,-8.536677,38450.0,193809.60941047996,92
293985519,293985519,westbound,A333,EDDF,KIAH,34:54:49.95,39:27:55.15,57.261978,-8.113237,38641.0,192431.064336218,62
293987173,293987173,westbound,B789,EGKK,MKJS,34:54:51.16,40:49:12.61,50.288457,-6.92592,39689.0,211055.78686850436,86
293986737,293986737,westbound,B772,EGLL,KCLT,34:55:20.08,39:52:42.01,54.512177,-9.107358,38562.0,231966.96171304205,86
293984807,293984807,westbound,A333,LSZH,KMIA,34:55:24.43,40:02:33.07,54.166977,-9.025871,38709.0,191995.2322589563,71
293984011,293984011,eastbound,B748,KORD,ELLX,34:57:47.58,39:32:00.32,50.680226,-53.326856,37540.0,369583.056686892,79
293987099,293987099,westbound,B763,LEMD,KIAD,34:58:21.70,40:42:09.71,44.422718,-9.297987,39593.0,160402.21391941645,98
293984869,293984869,westbound,B763,LSZH,KORD,34:59:24.12,39:46:17.28,54.195455,-9.412488,39492.0,162407.81216265922,79
293985988,293985988,westbound,B77W,LFPG,KJFK,35:00:23.78,40:17:23.50,55.183516,-8.928828,39757.0,273406.92064229975,93
293988087,293988087,westbound,B788,EGCC,MMUN,35:01:00.11,39:37:48.77,56.085986,-8.740298,40745.0,189768.97429017175,65
293986871,293986871,westbound,B772,EGLL,KIAH,35:01:26.97,39:23:07.61,56.855643,-8.643696,37878.0,241359.9740334245,66
293986611,293986611,westbound,B77W,EBBR,CYUL,35:03:25.38,40:03:26.45,55.960719,-8.759936,39924.0,270969.6829423893,85
293978687,293978687,eastbound,A388,KLAX,EGLL,35:03:49.51,39:15:05.59,52.291211,-55.62838,39226.0,473952.7027244528,55
293985588,293985588,westbound,B748,EDDF,KMIA,35:06:57.71,39:44:49.93,57.577963,-8.759387,36255.0,392840.2132745547,68
293987103,293987103,westbound,B789,EGLL,KPHL,35:07:37.57,40:06:03.62,56.208848,-8.938122,40795.0,197332.0894034463,88
293985715,293985715,westbound,A333,LFPG,KSLC,35:08:38.72,39:40:14.97,53.630037,-9.439574,38434.0,193911.34213006517,62
293986371,293986371,westbound,A332,EDDF,KDTW,35:09:14.77,39:52:51.29,57.092286,-8.111272,39279.0,201047.26007611523,82
293985989,293985989,westbound,A333,LFPG,KDTW,35:09:22.18,40:00:11.80,55.633139,-8.601553,38466.0,193640.55353322977,83
293986730,293986730,westbound,B77W,EHAM,TNCC,35:09:33.88,40:50:09.01,50.370379,-6.95645,38300.0,293210.9789726565,83
293986090,293986090,westbound,B789,EDDF,KATL,35:09:48.86,39:49:20.83,57.292347,-8.781224,40198.0,202214.55017713347,75
293986002,293986002,westbound,A333,LFPG,KMSP,35:09:55.20,39:45:32.48,55.497192,-8.309508,38455.0,193732.03083188063,80
293986875,293986875,westbound,B788,LEMD,MMMX,35:09:55.45,40:33:07.17,41.997863,-13.340459,40273.0,193896.04311442556,65
293985727,293985727,westbound,A339,LIRF,KMIA,35:10:05.22,41:21:45.18,45.07894,-6.411968,38469.0,217789.0265299845,81
293987231,293987231,westbound,A339,EGLL,KBOS,35:11:08.10,40:38:34.49,54.179839,-8.601548,39738.0,202357.35078698423,89
293986671,293986671,westbound,A333,LFPG,CYUL,35:11:18.11,40:16:13.93,54.101475,-10.277325,38482.0,193569.69013331484,87
293987404,293987404,westbound,B764,LEMD,KEWR,35:12:16.25,40:52:21.81,44.3953,-10.541896,32849.0,175469.85455350287,97
293985697,293985697,westbound,B763,LSZH,KEWR,35:13:20.02,40:32:37.92,54.065716,-9.024492,40032.0,158113.0238739631,91
293985526,293985526,westbound,B788,LSZH,KPHL,35:13:43.35,40:27:26.53,54.185689,-9.431482,41923.0,174167.8183590366,93
293978285,293978285,eastbound,B77W,KSFO,EGLL,35:13:53.19,39:25:23.27,53.245983,-56.013158,39251.0,263276.89354646177,56
293985859,293985859,westbound,A333,EDDF,KRDU,35:15:11.88,40:14:34.35,57.18102,-8.333708,38656.0,192350.01932198013,84
293987541,293987541,westbound,A339,EHAM,KBOS,35:17:18.35,40:41:52.93,56.685394,-7.87282,39731.0,202922.24494988142,89
293986621,293986621,westbound,A332,EDDF,KATL,35:18:31.69,39:57:21.38,57.481175,-9.108041,38863.0,205483.3993603394,72
293985575,293985575,westbound,A339,LIRF,KJFK,35:19:40.76,40:56:10.34,50.046954,-6.682434,39373.0,207915.92630217262,97
293984593,293984593,westbound,B78X,LIRF,KORD,35:20:14.88,39:46:38.81,53.649673,-11.872685,39706.0,218000.521306081,72
293986111,293986111,eastbound,B748,KBHM,EBLG,35:21:06.33,41:47:20.44,38.36363,-69.46189,36657.0,385782.8656903837,103
293981877,293981877,eastbound,B77L,MMSM,EDDF,35:22:10.72,41:44:31.46,37.899927,-64.96863,41104.0,249737.40628686943,76
293987520,293987520,westbound,B78X,EHAM,MPTO,35:22:18.62,41:06:36.49,50.476602,-6.735703,38964.0,223851.8644531236,78
293987020,293987020,westbound,B763,EHAM,KIAD,35:22:23.73,40:33:56.42,57.072228,-8.163825,39794.0,159417.29658438507,87
293986568,293986568,westbound,B789,LFPG,CYUL,35:22:24.44,40:18:01.80,53.868019,-10.196179,41011.0,193865.05055298613,87
293985644,293985644,westbound,B772,EDDM,KCLT,35:22:52.97,40:05:58.71,56.925018,-8.918668,38547.0,230595.81878949792,76
293987422,293987422,westbound,B789,EGLL,KDFW,35:24:45.44,39:37:58.79,57.05128,-8.445345,39810.0,208450.79569605424,63
293989073,293989073,westbound,A333,EIDW,KJFK,35:25:00.00,40:54:44.60,54.348889,-9.275833,37947.0,197329.4,91
293987080,293987080,westbound,A339,EHAM,KMSP,35:26:55.58,39:42:08.78,59.532304,-7.944301,39155.0,209313.91786745598,74
293987909,293987909,westbound,B789,EGLL,KJFK,35:27:17.49,40:42:35.31,54.159834,-8.784812,40802.0,197734.7109719257,92
293987725,293987725,westbound,A332,EGLL,KJFK,35:30:23.81,40:55:53.61,54.49683,-9.258294,39626.0,196393.96922227656,92
293978780,293978780,eastbound,A359,KLAX,LFPG,35:33:13.51,40:13:34.12,51.892482,-55.059103,39517.0,229087.8978896461,57
293986748,293986748,westbound,A343,EDDF,KDTW,35:33:39.56,40:24:06.89,57.290877,-8.000357,37533.0,214858.40704374504,82
293987642,293987642,westbound,B763,EGLL,KORD,35:34:11.87,40:07:00.43,57.654065,-8.390058,39576.0,161241.24925226675,77
293986270,293986270,westbound,A343,EDDF,KDFW,35:35:55.54,40:04:30.25,57.58168,-8.783231,36397.0,226653.66973876642,61
293987025,293987025,westbound,B772,EDDF,KCLT,35:36:11.95,40:18:52.71,57.693488,-9.048978,38584.0,230530.01941629616,78
293983150,293983150,eastbound,B748,KSDF,EDDK,35:36:17.49,40:14:27.70,50.007775,-53.682186,37641.0,371482.02311260055,80
293987656,293987656,westbound,A339,EHAM,KJFK,35:38:54.31,40:50:22.87,56.96486,-7.852651,39554.0,204782.7078037196,89
293988419,293988419,westbound,B77W,EHAM,SPJC,35:41:09.33,41:10:11.16,50.081712,-6.025636,36699.0,318060.1482194802,59
293988384,293988384,westbound,B772,EGKK,MMUN,35:42:36.20,40:25:14.96,56.251648,-8.38922,37751.0,243118.64739755404,66
293979497,293979497,eastbound,A388,KSFO,EDDM,35:42:43.99,40:30:30.26,53.32137,-55.880808,38913.0,483688.81658752216,55
293989474,293989474,westbound,B788,EIDW,KPHL,35:42:48.39,40:43:06.97,55.455287,-8.912069,42012.0,177638.32081271498,88
293986956,293986956,westbound,A346,EDDF,KJFK,35:43:46.89,41:02:49.56,56.676052,-8.784401,39418.0,283105.8672164703,93
293989498,293989498,westbound,A339,EIDW,KBOS,35:44:00.00,41:07:57.93,54.376667,-9.471111,39685.0,201354.5,87
293988084,293988084,westbound,B772,EGLL,KEWR,35:47:38.26,40:54:56.34,54.462147,-9.242595,39031.0,225391.93842291,89
293987120,293987120,westbound,B772,LFPG,KDFW,35:48:38.40,40:09:36.52,55.913196,-9.11735,37933.0,240129.44465200615,64
293988182,293988182,westbound,A35K,EGLL,KATL,35:49:18.42,40:39:07.84,54.682719,-8.954486,38054.0,264717.24055345444,84
293987234,293987234,westbound,B748,EDDF,KORD,35:54:00.73,40:06:21.58,57.592563,-8.670289,36813.0,383648.8512656069,73
293988022,293988022,westbound,B772,LFPG,KIAD,35:54:11.09,40:51:29.86,55.596659,-8.965738,38869.0,226896.91111420584,87
293988966,293988966,westbound,B77W,EGLL,CYYZ,35:54:50.18,40:37:16.55,56.147461,-8.072511,39669.0,274859.5241035215,84
293986322,293986322,westbound,B763,LOWW,CYUL,35:56:44.32,41:06:51.86,57.051283,-8.006524,40191.0,157009.33839158865,90
293987510,293987510,westbound,A333,LFPG,KJFK,35:57:57.87,41:28:00.19,55.249797,-8.625693,38453.0,193774.5411837203,93
293987532,293987532,westbound,B763,LSGG,KIAD,35:58:25.37,41:11:36.60,53.93304,-9.361583,39730.0,159655.91494441434,89
293987864,293987864,westbound,A339,EDDF,MMUN,36:00:08.50,42:12:20.05,49.370321,-6.60516,38032.0,221526.75548634597,77
293988616,293988616,westbound,B789,EGLL,KORD,36:00:59.84,40:27:15.11,56.696888,-8.315498,40451.0,201256.79162462032,79
293987628,293987628,westbound,B788,LFPG,KJFK,36:01:31.22,41:18:09.67,54.923159,-8.517578,42043.0,174633.84666007455,93
293987818,293987818,westbound,B77W,LFPG,KATL,36:02:35.87,40:37:07.44,55.83593,-8.874677,39017.0,283971.5141517691,74
293986990,293986990,westbound,B788,LIRF,KPHL,36:04:23.14,41:24:10.06,50.044779,-7.124321,41760.0,175007.66376765867,91
293988907,293988907,westbound,A333,LEMD,KJFK,36:04:51.45,41:34:53.43,44.304634,-11.821369,38302.0,195008.2295780649,95
293986869,293986869,westbound,B764,EDDM,KATL,36:05:05.97,40:51:37.34,57.553501,-8.818193,33763.0,180802.27828679813,71
293987587,293987587,westbound,A346,EDDF,KBOS,36:05:29.75,41:26:25.25,56.683263,-7.768063,39561.0,280412.62502825644,90
293987104,293987104,westbound,B764,LIMC,KATL,36:05:49.04,40:58:57.18,53.717085,-13.797285,34832.0,180112.62225459577,76
293986724,293986724,westbound,B789,LOWW,KORD,36:07:53.81,40:28:01.44,57.494444,-8.688381,40401.0,198038.24464989136,71
293989051,293989051,westbound,B77W,EGLL,KMIA,36:08:33.99,41:02:50.98,56.389273,-9.098153,38775.0,287006.7447215273,78
293989846,293989846,westbound,A333,EIDW,KORD,36:08:46.67,40:42:44.86,56.484073,-9.267174,38046.0,196593.12251583787,78
293988567,293988567,westbound,B78X,EBBR,KEWR,36:08:55.11,41:10:38.44,55.774222,-8.607255,39670.0,222989.56044832093,89
293986834,293986834,westbound,B764,LIRF,KIAD,36:09:09.06,41:49:28.09,49.727822,-7.044312,35235.0,179897.23032284147,91
293989245,293989245,westbound,B77W,EGLL,KJFK,36:09:59.34,41:25:02.26,56.071326,-9.038184,39774.0,273197.0504145162,92
293988526,293988526,westbound,A333,EHAM,CYYZ,36:10:39.60,40:57:38.29,57.68586,-7.825141,38434.0,193923.02641484363,82
293986185,293986185,westbound,B763,LOWW,KIAD,36:11:17.36,41:16:51.86,57.370111,-9.130041,39795.0,160553.66840640135,82
293988523,293988523,westbound,B77W,EBBR,KIAD,36:12:08.51,41:11:55.31,55.977866,-8.723201,39490.0,277164.5621380313,88
293988578,293988578,westbound,B763,EBBR,KBGR,36:14:21.97,41:18:30.80,54.452726,-9.046138,40447.0,154169.61383057575,81
293989183,293989183,westbound,B772,EGKK,KMCO,36:15:48.03,41:13:18.95,54.084892,-9.370687,38162.0,236006.21526534948,79
293990577,293990577,westbound,B752,EIDW,KIAD,36:16:00.00,41:30:09.19,54.920278,-9.700833,36699.0,97411.7,86
293986369,293986369,westbound,B772,LOWW,KEWR,36:16:08.86,41:20:31.07,56.820457,-7.971609,38942.0,224621.43299320294,90
293988504,293988504,westbound,A333,EHAM,KATL,36:16:12.07,40:52:04.27,58.959026,-8.556575,38516.0,193392.39678566993,72
293987820,293987820,westbound,A339,LFPG,KBOS,36:18:17.54,41:45:51.77,55.043149,-8.588543,39774.0,202490.2904117754,93
293987860,293987860,westbound,B77W,EDDF,KIAD,36:18:30.25,41:15:36.64,57.095918,-8.031258,39445.0,277561.3285547774,88
293988496,293988496,westbound,B78X,LFPG,KORD,36:18:44.51,40:47:42.69,55.71966,-8.489754,39671.0,222872.14670003532,81
293990469,293990469,westbound,A333,EIDW,KBOS,36:20:00.00,41:46:13.56,54.317222,-9.35,37947.0,197329.4,87
293987123,293987123,westbound,B764,LIPZ,KEWR,36:21:20.57,41:37:08.60,53.871661,-10.597073,35474.0,176028.15796073736,92
293989449,293989449,westbound,B788,LEBL,KPHL,36:21:54.05,42:03:21.73,45.887077,-6.805878,41723.0,178540.66813076765,101
293988873,293988873,westbound,A359,LFPG,MMMX,36:24:19.60,40:53:40.48,55.572636,-8.269947,37680.0,248500.97246265592,56
293987957,293987957,westbound,A339,EDDF,KJFK,36:24:23.83,41:48:02.94,56.71995,-7.786403,39535.0,205413.54545493517,93
293989798,293989798,westbound,A333,LEMD,KORD,36:24:25.66,41:57:39.51,44.385849,-8.031138,38091.0,195796.60384681806,95
293989371,293989371,westbound,A333,EGCC,KMCO,36:25:49.51,41:25:18.13,56.245477,-8.973184,38125.0,196024.60033668883,81
293989764,293989764,westbound,B772,EGLL,KBOS,36:26:33.46,41:43:49.30,54.507575,-9.210316,39206.0,222903.0244402896,88
293986316,293986316,eastbound,B744,KORD,ELLX,36:27:01.63,41:03:44.39,51.127724,-53.593529,38287.0,289274.4574835411,79
293988121,293988121,westbound,A333,LSGG,KJFK,36:27:22.33,41:49:44.19,54.026864,-10.302377,38687.0,192003.74193572951,92
293988794,293988794,westbound,A339,EDDL,TBPB,36:27:25.62,42:14:54.48,49.345847,-6.409965,38762.0,213523.75830944453,95
293989383,293989383,westbound,B788,EHAM,TNCC,36:30:06.41,42:12:27.62,50.548711,-6.924429,40908.0,187196.36215697962,84
293989696,293989696,westbound,A339,EGLL,KMSP,36:32:20.50,40:58:29.30,56.850798,-8.079542,39097.0,209315.6167771923,77
293988263,293988263,westbound,B744,EDDN,KPSM,36:32:42.28,41:42:54.00,57.553012,-8.199299,38902.0,290746.64804097806,93
293987593,293987593,westbound,B788,EDDM,KORD,36:33:30.46,40:59:50.85,57.254254,-8.453527,41597.0,176867.26155806938,75
293990373,293990373,westbound,B763,EGLL,KEWR,36:34:15.53,41:52:38.05,54.361579,-9.067045,39845.0,157259.51496212243,88
293983580,293983580,eastbound,B77L,KORD,LFPG,36:35:21.01,41:02:59.44,50.438992,-53.730124,41162.0,234209.8148286409,78
293980906,293980906,eastbound,B789,KLAX,EGLL,36:35:21.03,40:47:12.81,52.362788,-54.77498,40732.0,176147.74449000446,54
293990481,293990481,westbound,GLEX,EGGW,KOPF,36:35:58.16,41:53:23.62,54.965442,-8.538745,45328.0,35980.76439403402,88
293988243,293988243,westbound,A332,EDDF,KTPA,36:38:42.28,41:24:08.64,57.582762,-8.563126,38633.0,207751.18592732926,68
293990014,293990014,westbound,A333,LEMD,KBOS,36:41:21.04,42:11:49.96,44.506914,-10.874291,38263.0,195230.71260536226,94
293988657,293988657,westbound,A332,LFML,CYUL,36:42:54.42,41:31:35.12,53.809296,-13.000802,39954.0,194861.09127066744,85
293990067,293990067,westbound,B772,EGLL,KLAX,36:44:16.01,40:48:36.77,57.216418,-8.40062,37321.0,248940.5201752985,54
293981859,293981859,eastbound,B77L,KLAX,EDDF,36:45:36.98,41:38:15.57,52.472763,-56.10942,41572.0,237036.06585801172,60
293990023,293990023,westbound,A35K,LFPO,TFFF,36:45:52.46,42:28:35.37,48.073616,-6.147614,37997.0,265607.61377339164,97
293989933,293989933,westbound,B788,EHAM,TNCA,36:46:03.60,42:27:58.50,50.550087,-6.931963,40888.0,187444.4313062028,84
293991167,293991167,westbound,A333,EIDW,KIAD,36:46:03.97,41:53:02.03,56.01976,-8.764664,38019.0,196822.04484108908,86
293989727,293989727,westbound,B772,LFPG,MMUN,36:49:00.43,41:35:38.30,55.496425,-8.240044,37718.0,242863.78719078214,65
293991356,293991356,westbound,B763,EIDW,KORD,36:49:05.35,41:29:07.87,55.485731,-8.805606,36610.0,160651.84244477993,78
293989124,293989124,westbound,A339,LFPG,KJFK,36:50:19.01,42:18:15.14,55.09898,-8.68324,39601.0,204373.6570657809,93
293989422,293989422,westbound,B772,EHAM,KAUS,36:50:36.47,40:55:22.83,59.739595,-8.351534,37834.0,241484.51467425685,60
293988379,293988379,westbound,B77W,EDDM,CYYZ,36:51:13.20,41:30:04.40,57.366756,-7.933651,39591.0,275038.4834068784,84
293990942,293990942,westbound,B77W,LEMD,KDFW,36:52:39.88,42:07:03.95,44.539668,-10.254484,34167.0,295833.40732365684,79
293988439,293988439,westbound,B789,LIMC,KJFK,36:52:55.70,41:56:51.85,53.773356,-10.657188,40827.0,194207.04394368033,92
293990522,293990522,westbound,A35K,EGCC,KMCO,36:53:42.26,41:40:43.50,55.493102,-9.233762,37919.0,265730.21441546996,79
293985674,293985674,eastbound,B77L,KMIA,EHAM,36:53:55.95,42:45:23.74,38.059538,-61.184528,41265.0,245501.03877692274,94
293990466,293990466,westbound,B772,LEMD,KCLT,36:54:06.78,42:16:50.03,44.440731,-9.852867,38445.0,233716.80467441038,94
293989701,293989701,westbound,A333,EHAM,KTPA,36:54:15.31,41:38:39.51,58.169188,-8.859467,38484.0,193572.57388223725,69
293988857,293988857,westbound,B78X,EHAM,KATL,36:58:36.75,41:28:28.95,59.167422,-8.925468,39721.0,222431.3213445314,76
293991506,293991506,westbound,B763,EGPH,KJFK,36:59:00.00,42:16:32.21,56.786389,-8.744444,40012.0,157184.6,88
293989899,293989899,westbound,B789,EHAM,KORD,37:00:38.46,41:15:31.87,59.410183,-8.261841,40473.0,199706.73870850287,76
293990617,293990617,westbound,B788,LPPT,CYYZ,37:02:11.55,42:16:31.27,41.932601,-13.094298,41835.0,178903.1279986166,93
293988837,293988837,westbound,A333,LFPG,CYYZ,37:03:01.76,41:55:12.45,55.662393,-8.545036,38468.0,193648.8082838912,84
293990644,293990644,westbound,A35K,EGLL,KAUS,37:04:26.41,41:30:06.20,54.934456,-8.675105,37405.0,273332.551138271,67
293986242,293986242,eastbound,B748,KSDF,EDDK,37:04:38.93,41:42:40.83,49.840885,-53.553547,37694.0,370904.04960195144,79
293991370,293991370,westbound,B764,EIDW,KJFK,37:05:09.73,42:23:57.28,55.48409,-8.798419,34513.0,173189.30162236944,87
293989495,293989495,westbound,A359,LFPG,KEWR,37:05:46.40,42:10:35.10,55.392466,-9.193705,39760.0,225375.19408853148,90
293990789,293990789,westbound,B788,LEMD,KPHL,37:06:21.83,42:32:09.83,44.502998,-9.913922,41838.0,177831.72440428942,96
293989957,293989957,westbound,A333,EHAM,KMCO,37:07:08.97,41:54:15.79,58.078076,-9.042894,38475.0,193640.71576799895,71
293990609,293990609,westbound,B772,EGLL,KIAD,37:07:47.34,42:02:55.53,56.448799,-8.948483,38896.0,227078.4877122389,86
293988866,293988866,westbound,B789,EPWA,KMIA,37:07:54.56,41:58:33.13,60.638321,-3.40275,39877.0,205374.1894091121,64
293990074,293990074,westbound,A332,EHAM,TNCA,37:08:04.23,42:56:41.46,50.461671,-6.892412,38230.0,211104.09767538207,83
293990622,293990622,westbound,B772,EGLL,KIAH,37:11:20.67,41:39:59.69,54.912001,-8.633421,37589.0,242410.63038503335,68
293991892,293991892,westbound,B788,EIDW,KDFW,37:12:08.88,41:31:33.74,55.684203,-8.972517,40978.0,188230.43951661547,69
293992202,293992202,westbound,A333,EIDW,KPHL,37:15:00.00,42:42:01.45,54.351944,-9.293333,37948.0,197329.4,90
293990924,293990924,westbound,A333,EGKK,CYYZ,37:16:21.96,42:09:15.46,56.342955,-8.056077,38298.0,194872.5094340136,84
293989551,293989551,westbound,B763,LSZH,KIAD,37:16:31.86,42:33:34.52,54.330388,-9.01995,39814.0,160000.5857442943,90
293991297,293991297,westbound,B789,LEMD,MMGL,37:18:27.61,42:41:35.29,44.020359,-9.023407,38811.0,220719.94585226514,69
293990873,293990873,westbound,A333,EKCH,KBOS,37:19:12.98,43:08:35.39,60.311779,-0.960278,38452.0,194103.03650406442,94
293990422,293990422,westbound,B77W,LSZH,KMIA,37:19:18.54,43:21:35.11,48.156195,-6.526638,38550.0,291177.8409657142,84
293990100,293990100,westbound,A359,LFPO,MMUN,37:19:46.85,42:16:28.50,52.546424,-13.291535,38393.0,240966.4319783159,72
293990685,293990685,westbound,A35K,EGLL,KIAD,37:19:49.62,42:14:45.26,56.443342,-9.028965,38601.0,257667.93181883421,86
293992093,293992093,westbound,A333,EIDW,CYYZ,37:20:54.18,42:09:00.60,56.045766,-8.699555,38019.0,196832.31169392998,82
293988871,293988871,westbound,A359,EDDM,KMIA,37:22:29.04,42:08:51.36,57.371234,-8.321235,38769.0,237717.59369619092,67
293991470,293991470,westbound,A333,LEMD,CYUL,37:22:53.54,43:03:24.37,44.264074,-8.462602,38171.0,195769.33740199567,95
293990533,293990533,westbound,B788,EHAM,KPHL,37:24:53.92,42:23:15.05,56.837107,-7.724215,41925.0,176106.18601042102,88
293991457,293991457,westbound,B789,EGLL,KORD,37:25:55.06,41:49:13.57,57.151689,-8.623472,40478.0,200767.43629136455,78
293990945,293990945,westbound,A359,LEMD,MMMX,37:26:36.95,42:58:58.75,42.598996,-12.102371,37644.0,248739.80578217335,67
293991087,293991087,westbound,A333,EKCH,KJFK,37:27:04.05,42:45:36.53,60.347273,0.259514,38402.0,194375.3351369064,91
293991115,293991115,westbound,A333,EKCH,KMIA,37:28:00.55,42:45:56.89,60.493251,-0.291147,38421.0,194255.51273739513,74
293990068,293990068,westbound,A333,EHAM,KMSP,37:28:02.54,41:42:21.31,59.616037,-8.123501,38521.0,193314.71624388886,73
293985102,293985102,eastbound,B77L,KMEM,EDDK,37:28:15.13,42:11:37.58,49.059693,-52.950685,40794.0,236493.28183533222,75
293991079,293991079,westbound,B763,LFPG,KEWR,37:29:08.16,42:43:47.57,55.878184,-9.124974,40058.0,157447.24348385417,88
293983671,293983671,eastbound,B744,MMGL,ELLX,37:31:12.01,43:55:48.83,37.839013,-66.37152,38030.0,309730.2354083456,77
293991153,293991153,westbound,B772,EGLL,KDEN,37:32:38.44,41:37:33.55,57.334901,-8.934461,37958.0,238860.67636534947,64
293988402,293988402,westbound,B772,EDDM,KIAH,37:32:38.71,41:51:40.57,57.786011,-8.967966,37847.0,240205.99923566738,60
293988921,293988921,westbound,B788,EDDM,KIAD,37:34:31.04,42:26:32.54,57.497649,-9.120354,41838.0,174158.91632657833,84
293990933,293990933,westbound,A333,EHAM,KIAD,37:35:19.01,42:30:20.81,57.681857,-8.134374,38439.0,193878.5946546811,84
293991797,293991797,westbound,B763,EGLL,KEWR,37:36:22.74,42:54:15.86,54.60313,-9.144178,40074.0,157011.0390924839,88
293990382,293990382,westbound,A339,EHAM,KATL,37:37:09.15,42:06:45.93,59.637093,-9.095197,38963.0,211435.64406171953,71
293991522,293991522,westbound,B788,EGLL,KBNA,37:39:06.33,42:10:56.17,56.742918,-8.993952,41474.0,181256.6870020335,77
293991234,293991234,westbound,B78X,EHAM,KJFK,37:39:17.38,42:53:21.87,56.994428,-8.037975,39662.0,223218.67014079957,92
293990371,293990371,westbound,A333,LSGG,CYUL,37:40:24.48,42:51:08.61,54.422321,-9.213987,38685.0,192139.8458366968,86
293991917,293991917,westbound,A35K,EGLL,KJFK,37:43:02.93,43:02:41.47,54.297716,-8.569332,38723.0,255606.1733456678,92
293989808,293989808,westbound,A339,LIRF,KATL,37:43:17.39,43:09:05.71,49.765606,-6.717898,38675.0,215586.9984601241,79
293989623,293989623,westbound,B764,LIMC,KJFK,37:44:14.78,42:51:27.33,53.886362,-11.258299,35553.0,175004.85706465165,89
293990044,293990044,westbound,A333,LSZH,CYUL,37:44:21.46,42:38:51.03,54.648093,-8.113738,38705.0,192022.52193649585,86
293991894,293991894,westbound,A339,EGLL,KDTW,37:46:19.68,42:33:22.29,56.345407,-8.025103,39311.0,206991.96735949643,82
293990076,293990076,westbound,A333,LIMC,KEWR,37:47:26.57,42:50:40.91,53.825664,-10.993552,38829.0,191065.18171584612,89
293991281,293991281,westbound,B788,LFPG,KPHL,37:47:28.11,42:46:00.25,55.381457,-9.24891,41987.0,174975.9340743495,88
293991936,293991936,westbound,A333,EKCH,KIAD,37:47:36.12,43:01:50.26,60.259804,-0.051007,38405.0,194343.90943943305,89
293992126,293992126,westbound,B788,EGLL,CYYZ,37:48:00.34,42:30:22.73,56.03554,-8.331959,41976.0,176353.91153502328,83
293990686,293990686,westbound,B748,EDDF,KIAD,37:48:58.96,42:35:17.43,57.71459,-8.936009,37087.0,378414.1368928804,86
293991592,293991592,westbound,B789,EGLL,MMMX,37:49:11.84,42:08:50.69,57.343665,-8.540336,39169.0,215682.21745124157,55
293993830,293993830,westbound,A333,EINN,KJFK,37:50:00.00,43:09:19.65,54.319444,-10.985278,37872.0,197329.4,88
293991920,293991920,westbound,B78X,EGLL,KJFK,37:50:04.18,43:12:17.48,54.125964,-8.581226,37662.0,224636.87756374246,93
293990712,293990712,westbound,A343,EDDF,KDEN,37:51:23.00,42:10:30.98,57.714482,-8.806842,36531.0,225333.95679085702,62
293991162,293991162,westbound,B78X,EHAM,CYYZ,37:51:49.13,42:22:05.49,59.054058,-8.128961,39733.0,222620.68882983868,80
293993264,293993264,westbound,B752,EGPH,KIAD,37:52:04.91,43:00:22.53,58.23868,-8.414304,36983.0,97144.83414561163,86
293991549,293991549,westbound,A333,EHAM,KBOS,37:52:15.54,43:14:50.44,57.395801,-8.923465,38454.0,193811.8236555845,90
293990669,293990669,westbound,B77W,LFPG,KMIA,37:52:26.93,42:49:48.61,52.875939,-13.963756,38274.0,285791.41167008714,82
293989413,293989413,westbound,B789,LIRF,CYYZ,37:52:37.09,42:31:14.42,53.811148,-10.853665,40718.0,193998.10515849365,80
293990001,293990001,westbound,B78X,LIMC,KEWR,37:53:52.54,42:46:47.94,53.693433,-10.597898,39914.0,220333.70370039804,89
293991818,293991818,westbound,B772,EGLL,KSAN,37:56:24.01,42:04:47.10,57.100397,-8.597283,37209.0,249279.27000577142,55
293992157,293992157,westbound,B77W,EGLL,KCLT,37:56:44.94,42:55:48.86,54.26513,-8.71614,37545.0,282000.4777978292,87
293993120,293993120,westbound,B752,EIDW,KEWR,37:58:11.56,43:12:19.29,55.450416,-8.884597,35935.0,95735.78365061406,87
293993311,293993311,westbound,A333,EIDW,KMCO,38:00:00.00,43:06:19.37,54.366111,-9.395833,37214.0,197329.4,85
293991932,293991932,westbound,B763,LEBL,KIAD,38:00:26.96,43:52:03.48,46.338239,-7.039027,39312.0,161342.54880987358,100
293993238,293993238,westbound,A333,EIDW,KBDL,38:01:50.00,43:26:19.35,54.609167,-9.785,37266.0,197329.4,85
293990698,293990698,westbound,A333,EDDF,KMCO,38:02:58.55,42:56:09.12,57.607746,-8.181462,38664.0,192297.5001342732,70
293991397,293991397,westbound,A333,LFPG,KBOS,38:04:00.04,43:30:45.02,53.796338,-9.583704,38445.0,193770.7193286563,88
293989913,293989913,westbound,A359,EDDM,KJFK,38:04:08.27,43:07:04.98,57.367723,-8.376833,39718.0,226997.7471481099,91
293991253,293991253,westbound,B772,LFPG,CYOW,38:04:32.59,42:46:24.64,55.644759,-8.489927,39162.0,222952.8118797758,84
293991403,293991403,westbound,A333,LEBL,CYUL,38:06:38.52,43:45:03.14,49.764826,-7.41217,38559.0,193057.50557400825,91
293990704,293990704,westbound,B78X,EDDF,KORD,38:07:11.77,42:27:44.02,57.772159,-8.46497,39886.0,221371.78518625654,77
293990769,293990769,westbound,A333,LSZH,KORD,38:08:04.28,42:56:01.23,54.229738,-9.156367,38731.0,191883.6581407046,80
293990687,293990687,westbound,B772,LIRF,KDFW,38:08:25.39,43:22:01.71,49.560902,-6.059936,37665.0,243670.4903495462,70
293991228,293991228,westbound,B772,LIMC,KJFK,38:09:12.84,43:17:27.86,53.867191,-10.772612,39008.0,223517.9879895009,93
293992451,293992451,westbound,A333,EGLL,KJFK,38:10:57.76,43:26:54.81,54.605796,-9.011389,38215.0,195268.57272189928,89
293991946,293991946,westbound,B772,EGKK,KTPA,38:11:21.12,43:01:18.10,54.288785,-9.13542,37604.0,236855.16501430297,76
293992379,293992379,westbound,A35K,EGLL,KPHL,38:11:41.68,42:58:54.87,56.560874,-9.146247,38717.0,256074.0257065873,84
293991704,293991704,westbound,B772,LFPG,CYUL,38:13:29.90,43:12:07.25,55.492726,-8.901175,39243.0,221806.20994655733,88
293991635,293991635,westbound,B789,LFPG,MUHA,38:14:22.08,43:09:16.16,55.471344,-8.875426,39863.0,206941.11207334176,70
293991649,293991649,westbound,B763,EHAM,KORD,38:17:17.76,42:39:48.60,59.84686,-8.120199,39588.0,160874.16991819916,75
293991921,293991921,westbound,B77W,LFPG,KJFK,38:17:41.92,43:36:08.42,55.068853,-8.591858,39763.0,273408.28608558443,93
293992976,293992976,westbound,B772,EGLL,KBOS,38:20:42.48,43:34:34.86,56.424004,-8.982262,39266.0,221979.6989256886,87
293992679,293992679,westbound,A333,EGLL,KBOS,38:23:12.66,43:50:33.87,54.694621,-9.102258,38216.0,195251.79804538857,87
293992184,293992184,westbound,B77W,LFPG,CYUL,38:23:30.92,43:24:13.08,55.450574,-9.046056,39980.0,270238.07557648234,85
293990309,293990309,westbound,A359,EDDM,KCLT,38:23:33.35,43:05:58.66,57.872472,-8.874655,39233.0,232650.0067602366,75
293991562,293991562,westbound,B789,EDDF,CYYZ,38:23:43.16,43:02:39.08,57.514793,-8.254457,40736.0,196066.7876675329,84
293991770,293991770,westbound,B748,EDDF,KEWR,38:23:50.96,43:15:10.68,57.354702,-8.093119,37295.0,374974.0766799189,88
293989396,293989396,westbound,B764,LIRF,KEWR,38:23:56.39,43:25:20.99,53.837583,-11.890842,35447.0,175441.75785615944,87
293994173,293994173,westbound,A333,EIDW,KJFK,38:26:00.00,43:52:50.40,54.327778,-9.323611,37349.0,197329.4,90
293992391,293992391,westbound,A359,LFPG,KATL,38:26:26.24,43:04:19.30,55.795555,-8.835941,39032.0,233544.95270235837,75
293992807,293992807,westbound,B77W,EGLL,CYUL,38:26:50.48,43:28:47.09,55.992838,-8.411246,39988.0,270258.10604106245,85
293990840,293990840,westbound,A333,LSZH,KJFK,38:28:20.88,43:53:44.26,54.273978,-9.309953,38727.0,191826.77266947753,94
293992384,293992384,westbound,B772,LFPG,KRDU,38:28:48.22,43:21:48.80,55.688338,-8.798991,38662.0,229317.98447808815,86
293992163,293992163,westbound,B77W,LFPG,KIAD,38:30:51.40,43:30:25.56,55.584373,-8.89834,39561.0,276301.22390507004,88
293991449,293991449,westbound,B77L,LSZH,CYYZ,38:32:59.38,43:21:56.31,53.987528,-8.246494,41951.0,244651.7325554507,88
293989477,293989477,eastbound,B77L,KORD,EDDF,38:33:45.39,43:19:54.09,51.720507,-54.192309,40680.0,237642.17564042218,80
293991902,293991902,westbound,B748,EDDF,MMMX,38:34:23.79,42:53:20.71,57.382829,-8.410895,35880.0,398893.8135951496,54
293992579,293992579,westbound,B772,LFPG,CYYZ,38:35:16.58,43:23:06.62,55.688467,-8.768625,38970.0,225645.0951438232,85
293993365,293993365,westbound,A333,EGCC,KJFK,38:35:38.47,43:59:31.17,55.93372,-9.004145,38109.0,196033.3921355568,90
293994208,293994208,westbound,LJ35,BIKF,CYYR,38:36:00.00,41:20:46.78,63.584722,-27.044722,40855.0,7525.4,44
293988383,293988383,westbound,A339,LGAV,KJFK,38:39:22.26,43:33:15.50,52.820696,-13.702157,39686.0,207638.33901622336,75
293993029,293993029,westbound,B763,EGLL,KORD,38:40:46.88,43:13:27.98,57.262212,-8.626863,39658.0,160700.01971882134,77
293993276,293993276,westbound,A333,EKCH,KEWR,38:43:16.86,44:18:59.83,60.431528,-1.373961,38444.0,194056.64476512268,95
293992386,293992386,westbound,B77L,EDDF,MMSM,38:43:55.67,43:04:14.04,57.5977,-8.190827,40341.0,270518.18539683375,53
293995088,293995088,westbound,A333,EINN,KBOS,38:45:00.00,44:05:41.36,54.333333,-11.004444,37935.0,197329.4,85
293990355,293990355,westbound,B764,LIRF,KEWR,38:47:02.03,43:40:28.18,53.801158,-13.151219,35611.0,175448.272530448,85
293993476,293993476,westbound,B772,EGLL,KRDU,38:47:54.35,43:45:35.85,56.442217,-8.925124,38705.0,229489.39729985682,87
293990951,293990951,eastbound,B77L,KMEM,LFPG,38:49:21.16,44:57:15.81,40.585514,-68.025724,41881.0,246308.17235977034,96
293991232,293991232,eastbound,B789,KBOS,EGLL,38:50:17.40,43:05:11.43,49.800014,-53.305669,39710.0,187624.06120652045,75
293992187,293992187,westbound,B772,EDDF,KIAH,38:51:48.50,43:11:11.35,57.717308,-8.710739,37745.0,241025.78250674857,62
293994976,293994976,westbound,A333,EIDW,KIND,38:58:00.00,43:47:02.84,54.312222,-9.3525,36506.0,197329.4,81
293993027,293993027,westbound,A339,LFPG,KJFK,39:01:23.73,44:29:22.50,55.131411,-8.714672,39599.0,204379.9731832961,93
293993910,293993910,westbound,A339,EGLL,KMIA,39:02:20.01,44:05:02.08,54.749929,-8.864008,38609.0,213886.3971118464,76
293991339,293991339,westbound,A333,LSZH,KIAD,39:03:27.25,44:05:36.67,54.218231,-8.982908,38711.0,191936.8578354822,85
293993572,293993572,westbound,A339,EHAM,KDTW,39:11:07.35,43:50:06.16,58.066402,-8.4696,39322.0,207342.43846315597,80
293984874,293984874,eastbound,B77L,KLAX,EDDF,39:14:37.95,44:06:41.96,53.736789,-56.902665,41510.0,237530.28750516777,60
293993255,293993255,westbound,B772,EHAM,MMMX,39:15:52.99,43:21:03.69,59.744746,-8.595446,37256.0,249300.43754056672,51
293994230,293994230,westbound,B77W,EGLL,KJFK,39:22:18.96,44:40:08.65,54.38799,-9.163413,37589.0,274011.62898755004,92
293995007,293995007,westbound,A339,EGLL,KTPA,39:22:40.19,44:19:49.97,54.731715,-8.775612,38621.0,213772.38578185387,76
293994547,293994547,westbound,A333,EHAM,CYUL,39:30:52.23,44:21:18.56,57.747633,-7.818486,38436.0,193917.78524910187,83
293995966,293995966,westbound,B772,EIDW,KEWR,39:30:59.95,44:33:16.50,55.48151,-8.881916,36670.0,225567.78742427015,88
293996301,293996301,westbound,FA7X,EINN,KHPN,39:32:00.00,44:40:04.72,54.445833,-11.156944,45871.0,23431.0,86
293993865,293993865,westbound,B77L,EDDF,CYYZ,39:41:30.20,44:17:14.26,57.543513,-8.156678,42166.0,243401.8116661322,83
293995153,293995153,westbound,B772,EGLL,KCLT,39:42:54.98,44:39:49.89,54.693011,-9.015967,38346.0,231889.06598968685,86
293995393,293995393,westbound,B772,LEBL,KEWR,39:51:31.35,45:19:52.07,46.259695,-7.309664,38807.0,228244.56725450116,99
293992312,293992312,eastbound,B772,KJFK,EGLL,39:54:32.65,44:05:20.19,49.324363,-53.489856,39087.0,215104.87472215496,73
293994772,293994772,westbound,A388,EGLL,KMIA,39:54:50.27,44:45:43.20,56.196133,-8.390613,38348.0,470080.2321127672,76
293994246,293994246,westbound,B77L,EDDF,KATL,39:55:16.53,44:28:33.68,57.826499,-8.658095,41588.0,252061.8894619959,72
293997134,293997134,westbound,F2TH,EGPF,CYHZ,39:58:14.92,44:50:01.06,56.855527,-8.674072,41483.0,16385.01439635471,79
293996270,293996270,westbound,A333,EIDW,KLAX,40:01:32.67,44:18:14.38,56.397225,-8.73916,37213.0,196670.06044709263,56
293995382,293995382,westbound,B77W,LFPG,KMIA,40:02:00.52,45:03:44.92,54.067977,-9.788131,37581.0,287387.06568285945,78
293995838,293995838,westbound,GLEX,EGLF,KMIA,40:02:23.98,45:00:19.95,53.968113,-12.287893,45482.0,35477.35773913862,81
293996521,293996521,westbound,A333,EIDW,KORD,40:05:04.57,44:36:58.54,56.494086,-8.916803,37961.0,196576.52342135395,77
293993281,293993281,eastbound,A333,KJFK,EGLL,40:05:15.50,44:31:10.89,49.415393,-53.322671,38790.0,190143.3522300765,75
293993444,293993444,westbound,B764,LIPZ,KJFK,40:05:40.20,45:21:52.95,54.750547,-8.532113,35494.0,176107.13773980815,91
293992616,293992616,eastbound,A35K,KJFK,EGLL,40:07:14.18,44:28:04.04,48.713256,-52.938921,38902.0,250159.73578951144,76
293994730,293994730,westbound,B764,LSZH,KJFK,40:08:16.23,45:42:18.47,54.36057,-9.077619,35353.0,175406.05111888165,94
293995695,293995695,westbound,B77L,EBLG,KORD,40:08:49.00,44:33:31.58,56.890919,-9.050586,41843.0,248491.81967268942,77
293995891,293995891,westbound,A35K,EGLL,KDFW,40:09:34.34,44:34:28.86,54.988416,-8.517375,37477.0,271288.23269241856,67
293995808,293995808,westbound,B763,EGLL,KEWR,40:09:48.24,45:22:04.69,56.588846,-8.505107,40106.0,156813.26800758138,87
293995257,293995257,westbound,A359,LFPG,MMMX,40:13:33.92,44:37:09.31,55.928202,-8.969746,37651.0,248161.23132195426,55
293993631,293993631,westbound,A339,LIRF,KJFK,40:14:07.92,45:49:18.58,50.352619,-6.993321,39411.0,207754.50070328914,96
293995580,293995580,westbound,A333,LFPG,KATL,40:17:27.39,45:03:29.32,55.936919,-8.824348,38479.0,193564.7300663814,75
293993394,293993394,westbound,A339,LIRF,KJFK,40:17:58.09,45:15:16.36,52.497098,-14.192313,39691.0,205535.82979796556,87
293995825,293995825,westbound,B789,EGLL,KORD,40:20:08.71,44:43:04.62,57.211863,-8.551394,40477.0,200740.2089623033,78
293995826,293995826,westbound,A333,EFHK,KJFK,40:25:33.05,46:43:46.87,65.383213,9.85452,38489.0,194133.90159934154,104
293995243,293995243,westbound,B77W,EDDF,KEWR,40:29:10.12,45:26:26.88,57.481212,-8.004545,39679.0,274564.50629843347,88
293997224,293997224,westbound,A333,EIDW,KCLE,40:39:17.57,45:27:27.07,56.053436,-8.801816,37159.0,196806.56581084858,81
293996515,293996515,westbound,B772,EGLL,KJFK,40:41:11.16,46:01:28.29,54.760269,-9.067377,38975.0,225156.71168490528,92
293994992,293994992,westbound,A388,LIMC,KJFK,40:41:41.40,45:45:46.48,53.961278,-10.606224,39361.0,456170.3682024875,93
293996083,293996083,westbound,A359,LFPG,KDTW,40:43:46.12,45:24:01.30,55.788381,-8.373521,39447.0,228885.44906040083,83
293996149,293996149,westbound,B789,EGLL,KDFW,40:44:50.03,44:55:04.46,57.134098,-8.873743,39810.0,208446.77298046072,63
293997952,293997952,westbound,B772,BIKF,KORD,40:47:00.00,43:45:12.40,63.916667,-27.160278,39265.0,223017.8,54
293996769,293996769,westbound,A332,EGLL,KATL,40:49:31.58,45:49:05.20,54.672432,-8.760005,38747.0,204386.20561634927,85
293996231,293996231,westbound,B788,EGLL,KIAH,40:49:49.69,45:08:24.51,57.033593,-8.681678,40915.0,186959.98761054696,65
293996675,293996675,westbound,B78X,EGLL,KORD,40:53:28.36,45:18:52.20,56.816773,-8.187024,39496.0,224063.99760380594,79
293997640,293997640,westbound,A333,EIDW,KIAD,40:54:00.00,46:09:54.74,54.346667,-9.341667,37593.0,197329.4,88
293997281,293997281,westbound,A333,LEMD,KBOS,40:59:47.94,46:29:22.28,44.187256,-11.915043,38303.0,195005.94240622447,93
293998348,293998348,westbound,B772,BIKF,KRDU,41:03:00.00,44:30:59.52,64.058889,-27.185278,39200.0,223934.1,62
293994800,293994800,westbound,A339,EGLL,CYYZ,41:03:37.80,45:54:29.37,56.369612,-7.922012,39506.0,204850.1632756917,83
293998308,293998308,westbound,A333,EIDW,KBOS,41:05:00.00,46:34:10.79,54.330556,-9.291111,37468.0,197329.4,87
293995678,293995678,westbound,A359,EDDM,CYUL,41:05:42.89,46:03:39.46,57.476138,-8.111924,39915.0,224831.53341615616,86
293996880,293996880,westbound,B764,EGLL,KATL,41:05:58.22,46:12:57.42,56.005314,-8.474948,31540.0,181819.14236444555,88
293996953,293996953,westbound,A359,LFPG,KIAD,41:06:48.56,46:10:25.54,54.049837,-9.447372,39525.0,227897.92554339222,89
293998574,293998574,westbound,B772,BIKF,KDTW,41:08:00.00,44:20:12.67,64.067778,-27.200556,39402.0,221133.8,58
293996907,293996907,westbound,B772,EGLL,KATL,41:09:35.02,45:46:37.40,56.845879,-8.672071,38345.0,233748.5138306424,81
293998483,293998483,westbound,B772,BIKF,KIAD,41:10:00.00,44:33:16.40,64.0675,-27.185833,39396.0,221221.3,61
293997222,293997222,westbound,B763,EGLL,KEWR,41:10:37.92,46:22:39.77,56.834687,-8.537763,40107.0,156823.42990384757,87
293998332,293998332,westbound,B77W,LFPG,KJFK,41:13:37.48,46:28:27.41,55.445879,-9.070208,39757.0,273418.52307519526,92
293995788,293995788,westbound,A359,EDDM,KEWR,41:15:04.01,46:17:59.77,57.616882,-8.072053,39710.0,227216.33306878267,91
293993666,293993666,eastbound,B748,KSDF,EDDK,41:16:23.22,45:53:05.00,49.32434,-52.910712,37752.0,370270.69978186314,77
293997456,293997456,westbound,B772,EHAM,KBOS,41:18:49.54,46:33:49.31,57.160664,-8.414305,39181.0,222940.68860238505,88
293996016,293996016,westbound,A359,EDDM,KBOS,41:19:00.43,46:33:02.47,57.784261,-7.640222,39903.0,225005.37995583526,90
293997062,293997062,westbound,B789,EGLL,KLAS,41:20:35.45,45:27:36.05,57.027775,-8.401636,39406.0,213154.7209839781,57
293998423,293998423,westbound,B752,BIKF,KJFK,41:21:00.00,45:21:34.01,64.071389,-27.1875,35169.0,91997.1,68
293997572,293997572,westbound,A35K,EGLL,KMCO,41:22:33.01,46:12:45.38,54.974451,-9.259932,37858.0,266054.07853507425,78
293991475,293991475,eastbound,B763,KCVG,EBBR,41:22:33.45,46:03:14.95,50.617541,-53.395707,39192.0,154374.79397430978,78
293998162,293998162,westbound,B789,EGKK,KMCO,41:22:47.06,46:31:46.70,54.173907,-8.505138,40057.0,205991.3998067512,84
293995967,293995967,eastbound,B772,KJFK,EGLL,41:23:23.41,45:34:17.52,49.621315,-53.392865,39081.0,216052.15612948433,74
293998644,293998644,westbound,B772,BIKF,KBWI,41:25:00.00,45:07:53.18,64.068056,-27.190278,39429.0,220766.3,66
293997198,293997198,westbound,B788,EGLL,KPIT,41:26:57.93,46:15:02.12,56.37563,-8.929438,41863.0,177317.0504343274,85
293998758,293998758,westbound,B763,BIKF,KBOS,41:28:00.00,45:45:58.44,64.070833,-27.181667,40873.0,149673.2,72
293997444,293997444,westbound,B788,EGLL,CYUL,41:28:27.64,46:22:03.86,54.224633,-9.490027,42216.0,174087.20411993397,87
293999170,293999170,westbound,A333,EIDW,KJFK,41:29:00.00,47:01:12.42,54.320556,-9.391111,37672.0,197329.4,91
293998005,293998005,westbound,A333,EGCC,KJFK,41:32:04.23,46:56:59.41,55.492489,-9.218882,38071.0,196007.59384346107,90
293997892,293997892,westbound,A333,EKCH,KATL,41:33:41.05,46:37:10.72,60.39296,1.507928,38341.0,194626.61114606058,75
293998659,293998659,westbound,B772,BIKF,CYYZ,41:36:00.00,44:52:35.11,64.063889,-27.194722,39575.0,218715.8,59
293997710,293997710,westbound,B78X,EHAM,KATL,41:36:19.95,46:04:56.28,58.348599,-9.177032,39736.0,222602.80699121722,74
293997313,293997313,westbound,A35K,EGLL,KLAS,41:36:51.78,45:40:28.91,57.493278,-8.923775,37152.0,276377.6231979006,56
293997895,293997895,westbound,B772,EGLL,KEWR,41:39:19.76,46:46:25.54,56.192269,-8.497915,39049.0,224923.456372692,89
293997666,293997666,westbound,B764,EGLL,KIAD,41:40:15.46,46:49:53.81,57.093985,-8.911371,33098.0,175705.15616113873,85
293997844,293997844,westbound,B789,EGLL,KIAD,41:41:02.97,46:41:29.23,54.372045,-9.152433,40639.0,199405.73324784174,89
293996994,293996994,westbound,A359,EDDM,KIAD,41:48:14.59,46:32:37.65,57.647072,-8.299345,39516.0,229457.6990909674,81
293998343,293998343,westbound,B77W,LFPG,CYYZ,41:48:22.86,46:31:02.46,56.476058,-8.870228,39637.0,275256.39699898096,83
293997571,293997571,westbound,B763,EDDF,KEWR,41:49:38.79,47:02:56.88,57.683667,-7.786927,40066.0,157806.00635853157,88
293997829,293997829,westbound,B78X,EGLL,KJFK,41:51:09.82,47:06:54.32,54.642467,-9.215012,37670.0,224364.12034209742,92
293998317,293998317,westbound,A35K,EGLL,KJFK,41:53:13.64,47:14:35.62,54.843687,-9.150623,38715.0,255338.09354143927,92
293992584,293992584,eastbound,B748,MMSM,LEZG,41:56:44.32,47:25:27.84,37.70394,-61.323437,37233.0,374093.3818431197,68
293998211,293998211,westbound,A359,LFPG,KMCO,41:56:51.93,46:48:43.17,56.050784,-8.967808,38940.0,234689.2236676637,77
293999506,293999506,westbound,B772,BIKF,KMCO,42:00:00.00,45:19:55.78,64.065,-27.185833,38734.0,230376.4,60
293997908,293997908,westbound,B77W,EGLL,KDFW,42:00:04.92,46:09:36.17,57.459464,-8.78586,37472.0,291456.96370918467,63
293997545,293997545,westbound,A343,EDDF,KJFK,42:00:59.01,47:31:19.40,57.731058,-8.10321,37922.0,211022.2975964988,92
293997567,293997567,westbound,A333,LSZH,KEWR,42:01:09.63,47:17:44.65,54.637351,-8.816634,38730.0,191927.6203452405,92
293999075,293999075,westbound,A333,LPPT,CYUL,42:01:40.28,47:26:49.99,41.113412,-13.490424,38107.0,196336.89119667953,93
293997038,293997038,westbound,B788,EPWA,KJFK,42:06:57.94,47:29:56.64,60.556218,-4.063321,41882.0,173751.75772129098,93
293997430,293997430,westbound,B789,EDDF,CYYZ,42:07:11.80,46:43:02.58,57.889742,-7.817937,40735.0,196162.39347925247,83
293998640,293998640,westbound,A339,EGLL,KIAD,42:12:44.15,47:22:04.63,54.802214,-8.975593,39380.0,206254.88317990542,87
293997505,293997505,eastbound,B772,CYHZ,EGLL,42:13:54.88,46:24:29.99,49.623325,-53.242692,39192.0,215778.67351998546,76
293999218,293999218,westbound,B789,EGLL,KLAX,42:16:32.36,46:37:49.91,54.83844,-8.336754,39127.0,216338.0046606525,58
293998537,293998537,westbound,B77W,EGLL,KLAX,42:19:28.68,46:28:03.41,57.269607,-8.240454,36732.0,301727.6345728312,55
293998862,293998862,westbound,B772,EGLL,KBOS,42:23:45.24,47:35:53.67,56.351057,-9.151296,39269.0,221986.03451745916,87
293999159,293999159,westbound,B78X,EGLL,CYYZ,42:25:32.51,47:11:16.66,54.857044,-8.713463,37311.0,224397.59022764585,84
293999593,293999593,westbound,A333,LPPT,CYYZ,42:26:30.47,47:55:33.30,40.859947,-13.731693,38107.0,196346.89689061083,94
293996624,293996624,eastbound,B77L,KORD,EBLG,42:27:45.63,47:02:05.02,50.593097,-53.803109,42129.0,235000.10150380092,79
1500175349,1500175349,eastbound,B772,KBWI,LBSF,42:30:17.87,47:15:06.13,48.220073,-52.019315,38352.0,230438.24386069953,70
293998399,293998399,westbound,A359,LSZH,KBOS,42:35:13.84,47:48:03.11,54.415758,-8.959535,39899.0,224728.11280282802,91
293996431,293996431,eastbound,B763,KEWR,EGLL,42:36:52.29,47:01:04.94,48.701634,-53.088995,39709.0,151936.46514673484,76
293994600,293994600,eastbound,B77L,KCVG,EDDP,42:39:25.18,47:25:11.28,49.615906,-52.931027,41752.0,238431.5971134092,77
293995833,293995833,westbound,B77W,LGAV,KEWR,42:41:56.80,47:33:41.23,54.152055,-10.164253,39737.0,274119.16468291957,75
293999672,293999672,westbound,A332,LEBL,KJFK,42:43:57.11,48:30:42.88,46.258977,-7.085579,39225.0,199445.65206991616,101
293999459,293999459,westbound,B77W,EHAM,KJFK,42:45:16.30,48:00:18.12,56.983247,-8.094127,39718.0,274206.3250955016,93
293999841,293999841,westbound,B77W,LFPG,KJFK,42:49:01.15,48:01:08.79,55.526039,-9.056053,39732.0,274007.50906119315,92
294000179,294000179,westbound,B77W,EGLL,CYYZ,42:50:17.46,47:33:00.73,56.458898,-8.12448,39672.0,274829.28616015887,83
294001192,294001192,westbound,A333,LPPR,KEWR,42:58:51.39,48:29:15.29,42.487877,-12.388632,38020.0,196826.10073320605,94
293996750,293996750,eastbound,B744,KRFD,EBLG,43:01:22.00,47:31:23.43,52.172381,-54.351184,38644.0,288407.5020918686,77
294000209,294000209,westbound,GLEX,LFMN,KPBI,43:04:02.32,48:39:28.28,49.369756,-6.693885,45194.0,35799.05685906915,85
294000216,294000216,westbound,B772,EGLL,KJFK,43:06:58.39,48:23:46.15,53.988672,-9.052335,39025.0,225182.66725677656,92
294000290,294000290,westbound,B763,EGLL,KEWR,43:09:02.43,48:24:31.95,56.059884,-7.926114,40108.0,156859.81671361587,89
294001958,294001958,westbound,B763,EGNX,KCVG,43:55:34.65,48:36:27.63,57.541893,-7.899006,39620.0,160924.19060566937,79
294001332,294001332,westbound,B772,LFPG,CYUL,43:55:35.22,48:50:33.49,53.990174,-9.883498,39224.0,222177.35885939418,87
294002325,294002325,westbound,GLEX,ENGM,KTEB,44:03:21.25,49:48:27.57,62.671093,2.405113,46258.0,34034.98599352609,100
294001227,294001227,westbound,A359,LFPG,KLAX,44:04:14.85,48:19:25.35,56.004813,-8.45606,37709.0,247646.1514637081,55
294001854,294001854,westbound,B78X,EGLL,KBOS,44:07:28.31,49:19:48.71,55.829852,-8.570758,39542.0,224256.53024029324,90
294001745,294001745,westbound,B772,EGLL,KJFK,44:07:28.81,49:22:25.20,54.650789,-9.199784,39034.0,225239.4065293822,92
294002167,294002167,westbound,B77L,LFPG,KORD,44:31:57.64,48:57:33.88,56.496395,-8.634737,41776.0,249535.9043841766,80
294001629,294001629,westbound,B77L,LIMC,KMEM,44:54:03.33,49:29:42.90,54.08099,-10.222563,41407.0,254659.29782417946,70
294000481,294000481,westbound,B789,LIRF,KJFK,44:57:07.19,49:54:13.77,52.292984,-12.741115,40879.0,192155.0826601263,88
294002393,294002393,westbound,B77L,EDDF,KMEM,45:04:50.56,49:18:47.06,58.497069,-9.01354,41439.0,254141.98995886816,66
294002429,294002429,westbound,B77L,LFPG,KMEM,45:13:59.69,49:43:35.82,55.986046,-8.634757,41447.0,254133.07759496002,72
294003204,294003204,westbound,B77L,EBBR,KCVG,45:14:36.19,49:45:54.99,57.09409,-8.232559,41778.0,249582.48383410636,79
294002698,294002698,westbound,B77L,EDDK,KMEM,45:17:30.27,49:28:58.76,59.107289,-8.997826,41467.0,253696.50474043214,66
294001188,294001188,eastbound,GLEX,KTEB,LCLK,45:44:20.36,50:27:36.56,46.631115,-52.559622,44349.0,36231.74365937209,59
294003917,294003917,westbound,B77L,EGSS,KMEM,45:48:15.41,50:11:44.57,56.839834,-8.701319,41419.0,255091.5005016766,74
294003391,294003391,westbound,B748,EDDK,KSDF,45:48:31.23,50:02:53.83,58.904206,-8.34651,36767.0,384589.6939361213,73
294003829,294003829,westbound,B763,EGSS,KSDF,45:49:29.67,50:29:02.58,57.549381,-8.467306,38597.0,161669.2061902695,79
294004098,294004098,westbound,B789,EGLL,KJFK,45:56:27.25,51:13:04.59,55.447149,-8.021708,40827.0,197346.17987330703,93
294003400,294003400,westbound,B77L,EDDP,KCVG,46:05:43.15,50:21:26.96,60.667195,-7.114403,41732.0,249681.2114613306,71
294004149,294004149,westbound,B789,EHAM,MMMX,46:16:18.94,50:28:27.79,59.394183,-8.781675,39171.0,214896.03383614335,53
294003346,294003346,westbound,B744,LFML,KPAE,46:26:06.48,50:53:21.64,53.623177,-9.808281,37218.0,320492.3021165825,59
294004496,294004496,westbound,B744,ELLX,KJFK,46:37:15.48,51:35:47.57,56.154699,-7.789689,38699.0,294258.05425366986,90
294001543,294001543,eastbound,A332,KJFK,LROP,46:46:48.05,51:52:25.99,45.751383,-52.445839,38721.0,205178.53031597452,72
294005069,294005069,westbound,A333,EGNX,KCVG,46:49:15.16,51:33:20.96,56.816969,-8.130775,38124.0,195561.41058586,80
294005224,294005224,westbound,B788,EGLL,MMMX,47:15:30.10,51:36:22.07,57.321312,-8.22874,40314.0,193042.96676376736,56
294004931,294004931,westbound,B789,LFPG,MMMX,47:24:32.83,51:54:20.07,56.227119,-8.435325,39145.0,215350.65742028915,57
294004179,294004179,westbound,B788,LIRF,MMMX,47:32:18.78,53:12:09.70,43.188446,-11.33181,40242.0,190767.48817040012,61
