identifier,base_fid,direction,actype,origin,destination,spawn_time,del_time,spawn_lat,spawn_lon,spawn_alt_ft,spawn_mass_kg,n_waypoints
273758200,273758200,eastbound,B789,KJFK,LGAV,19:01:28.84,23:43:42.83,49.455002,-53.333891,39961.0,201096.2375477461,65
273757459,273757459,eastbound,B77L,KCVG,EDDP,19:12:12.39,24:01:40.90,50.722081,-53.339633,39714.0,241314.54120067778,78
273758027,273758027,eastbound,A333,KCVG,LIMC,20:06:43.16,25:07:14.14,50.682804,-53.323287,39174.0,186158.0471888996,70
273763149,273763149,westbound,A333,LPPR,BIKF,20:22:32.43,23:06:17.70,44.188226,-9.315017,39316.0,184552.85524473232,47
273759782,273759782,eastbound,A332,KJFK,LYBE,20:37:42.77,25:39:42.34,50.08149,-53.390552,39089.0,202301.27383557695,73
273763814,273763814,eastbound,B744,CYQX,LBSF,20:53:00.00,25:27:22.75,49.622778,-51.519444,38295.0,299741.8,79
273762749,273762749,westbound,B763,EGSS,KSDF,21:00:55.47,26:38:52.17,51.468272,-9.290268,39617.0,161630.15470697967,90
273762499,273762499,eastbound,A333,KATL,LFPG,21:28:39.29,28:07:12.54,41.1785,-68.527936,38926.0,191122.8089010176,98
273763751,273763751,westbound,B772,EGLL,KBOS,21:31:19.77,27:15:37.51,49.829185,-6.179225,39096.0,225123.8756320128,97
273763183,273763183,eastbound,B772,KCLT,LEMD,21:32:25.48,27:48:19.81,40.452294,-68.237653,38784.0,228510.7190990846,104
273760961,273760961,eastbound,B77L,KCVG,EDDP,21:35:47.82,26:22:57.35,50.670117,-53.181651,40435.0,238921.511936932,74
273764060,273764060,westbound,B77L,EGNX,KCVG,21:39:41.80,26:29:27.72,57.277174,-8.132194,41875.0,249018.60870064166,85
273764094,273764094,westbound,A333,GCTS,BIKF,21:47:07.48,25:48:37.55,33.716267,-16.759103,38633.0,191600.03431645088,69
273764193,273764193,westbound,A332,LFPG,KORD,21:52:02.90,27:37:04.27,49.00709,-6.039515,38980.0,203433.36164402383,93
273764077,273764077,westbound,A333,LEAL,BIKF,21:53:25.75,24:31:31.63,45.367507,-7.223787,39392.0,185253.61694711455,47
273762566,273762566,eastbound,B772,TTPP,EGKK,21:54:57.01,27:45:33.31,26.284848,-51.142937,38797.0,225472.93647299477,94
273762669,273762669,eastbound,B744,KMCF,ETAR,21:57:42.76,28:32:20.84,38.117456,-66.434878,38156.0,306153.07841410436,89
273763677,273763677,eastbound,B772,KCLT,EIDW,22:00:40.63,27:28:36.61,40.996855,-67.958101,39132.0,223758.46983819624,91
273763515,273763515,eastbound,B772,KCLT,LFPG,22:03:42.42,28:19:42.29,41.080915,-68.089461,38661.0,229249.07580243505,104
273764648,273764648,westbound,B788,EGLL,MMMX,22:08:24.91,28:00:04.86,49.640287,-6.872107,40168.0,195976.83927598377,75
273763822,273763822,eastbound,A35K,TFFR,LFPO,22:09:19.83,28:22:55.29,26.33279,-51.784708,38406.0,261082.6205884871,104
273764040,273764040,westbound,B77L,EGSS,KIND,22:09:21.84,26:52:10.61,53.302203,-13.406047,41984.0,247688.28516811042,84
273763243,273763243,eastbound,A339,KBOS,EDDF,22:09:58.01,27:18:12.44,49.870363,-53.314735,39338.0,202283.5320491217,84
273762212,273762212,eastbound,A333,KJFK,LGAV,22:11:11.01,27:04:27.08,49.016679,-52.363951,38967.0,189778.75574239672,64
273762056,273762056,eastbound,A343,KIAD,EDDF,22:16:31.34,27:24:57.57,49.977798,-53.709702,38223.0,209833.804962027,82
273763914,273763914,eastbound,B77W,TFFF,LFPO,22:17:56.47,28:16:50.94,26.390039,-50.901517,39069.0,278186.2767079661,103
273764784,273764784,westbound,B772,EGLL,KJFK,22:22:53.90,28:01:06.70,50.00328,-6.644078,38929.0,227511.4524622419,96
273764431,273764431,eastbound,B788,KIAD,LGAV,22:27:04.42,28:42:50.54,41.348929,-68.003078,40681.0,189632.1121954843,85
273762686,273762686,eastbound,B744,KJFK,EDDF,22:33:13.66,27:20:28.94,50.011944,-53.94791,38333.0,289657.6667757883,83
273762950,273762950,eastbound,B78X,KEWR,LGAV,22:34:13.61,27:08:42.23,49.175444,-52.800124,39796.0,219081.90919403065,65
273763316,273763316,eastbound,B763,KJFK,LEBL,22:34:45.98,27:25:17.08,49.329571,-53.133669,39408.0,155331.53079795028,79
273763612,273763612,eastbound,B77W,KJFK,LFPG,22:35:43.40,27:06:06.13,50.013643,-53.469077,38789.0,266651.6981270623,78
273763663,273763663,eastbound,B772,KCLT,EDDF,22:37:12.06,29:12:18.35,40.452529,-68.105538,38497.0,232300.56006164433,103
273763128,273763128,eastbound,A339,KJFK,LIRF,22:40:45.38,27:36:46.03,49.530149,-52.436324,39454.0,206799.50046142732,75
273763013,273763013,eastbound,A333,CYUL,DAAG,22:41:13.43,27:39:35.33,50.365573,-53.718904,38545.0,191181.97912257802,77
273763829,273763829,eastbound,A333,KBOS,EHAM,22:45:33.70,27:32:03.57,50.113208,-53.665126,38594.0,191385.1598120527,79
273763363,273763363,eastbound,B763,KEWR,LIRN,22:47:43.17,27:36:41.02,49.651107,-52.456445,39093.0,159938.1244734682,74
273763807,273763807,eastbound,B77L,KMIA,EBLG,22:50:57.08,29:11:55.18,38.068306,-64.925043,41539.0,247790.11063452318,93
273764173,273764173,eastbound,B772,CYUL,LFPG,22:51:13.49,27:28:46.33,50.502382,-54.091156,39009.0,217221.98027120577,79
273762765,273762765,eastbound,GLEX,KFAR,LGMK,22:51:29.77,27:53:25.59,55.227337,-58.661303,45164.0,34271.048430089955,61
273764284,273764284,eastbound,B78X,TBPB,EGLL,22:52:55.96,28:39:36.58,26.224041,-50.600615,39518.0,219964.37440333306,98
273764251,273764251,eastbound,A332,KBOS,LIRF,22:53:26.57,27:44:42.21,49.53227,-53.16377,39432.0,199167.38271798746,80
273763463,273763463,eastbound,A333,KJFK,LIMC,22:53:53.53,27:59:46.89,49.707612,-53.392817,38946.0,189917.5917391947,81
273761441,273761441,eastbound,B77L,MPTO,EBBR,22:53:54.25,29:06:18.27,37.539127,-62.863289,40416.0,246037.5755057807,78
273762528,273762528,eastbound,A333,KRDU,EDDF,22:56:34.94,28:04:16.03,49.65747,-52.99524,39374.0,186906.2372619405,77
273764257,273764257,eastbound,A359,KATL,LGAV,22:57:48.55,29:18:41.33,41.018024,-68.054667,38159.0,245434.30087033488,76
273763884,273763884,eastbound,B78X,CYYZ,EHAM,22:57:48.82,27:29:44.42,50.840809,-54.777301,38796.0,218613.31458089311,78
273763527,273763527,eastbound,A339,KJFK,EDDF,22:58:50.86,28:04:12.49,49.500927,-53.486542,39330.0,202854.23508346494,82
273763825,273763825,eastbound,A333,KBOS,LEMD,22:59:05.02,27:46:46.21,49.749755,-52.465092,38791.0,190935.1367595843,77
273764857,273764857,westbound,B772,LEAL,BIKF,22:59:10.42,25:30:30.31,45.767835,-7.23287,40531.0,204609.55155828386,46
273763887,273763887,eastbound,A332,KJFK,LEMD,22:59:33.59,27:41:10.39,48.811497,-52.954981,40143.0,192661.57257503836,78
273764114,273764114,eastbound,B77W,KJFK,LIRF,22:59:35.67,27:37:22.02,49.512791,-53.077676,38879.0,275188.4576852668,76
273764434,273764434,eastbound,A359,KBOS,LFPG,23:02:22.00,27:52:09.90,49.53039,-53.734605,39740.0,221038.6547400517,80
273763792,273763792,eastbound,A333,CYUL,LSZH,23:03:10.36,28:10:45.45,50.870514,-54.814401,38455.0,191636.3762389232,82
273763828,273763828,eastbound,B763,KJFK,LIRN,23:05:18.86,27:56:05.98,49.479993,-52.654566,39211.0,159978.57503040292,75
273764146,273764146,eastbound,A359,CYOW,LFPG,23:07:43.69,27:54:28.18,51.128557,-54.320988,39625.0,221353.05553023025,79
273763395,273763395,eastbound,A333,KDTW,LFPG,23:08:48.78,27:58:09.23,51.309045,-54.706278,38899.0,187943.04326156634,78
273764390,273764390,eastbound,A333,CYUL,EBBR,23:09:19.92,27:58:31.41,51.068193,-54.215724,38448.0,191440.07124117386,79
273763805,273763805,eastbound,A332,CYYZ,LIRF,23:12:04.53,28:09:20.25,50.917541,-53.679581,39011.0,200358.03301614895,73
273763464,273763464,eastbound,B772,KCLT,EDDM,23:12:19.63,29:46:02.34,40.660501,-68.448742,38338.0,234529.73713631992,98
273764262,273764262,eastbound,B772,KJFK,LEBL,23:12:58.27,27:47:22.46,49.084877,-53.072889,39301.0,218975.14353286038,78
273764292,273764292,eastbound,A359,KATL,LIRF,23:13:07.10,29:40:24.17,41.462282,-67.711851,38861.0,237835.55451090264,84
273764453,273764453,eastbound,A332,CYUL,LGAV,23:15:18.94,28:06:27.02,51.261239,-53.831557,38412.0,206119.8419451864,65
273764474,273764474,eastbound,A35K,TFFF,LFPO,23:16:28.12,29:23:00.14,26.293787,-50.69565,38522.0,261052.6199953344,101
273763194,273763194,eastbound,B78X,KORD,EDDF,23:16:32.23,28:07:30.80,52.113242,-55.449367,39373.0,215724.75006090215,77
273762080,273762080,eastbound,A333,KORD,LSZH,23:18:11.21,28:24:47.91,51.836791,-55.537973,39119.0,186663.0551651802,74
273764626,273764626,eastbound,A333,KBOS,EIDW,23:18:36.40,27:15:07.10,49.941458,-53.49856,38643.0,191380.74541703344,65
273764195,273764195,eastbound,B789,KJFK,LIMC,23:20:59.15,28:23:17.18,49.573906,-53.397171,39968.0,192080.24520538555,82
273765097,273765097,eastbound,B772,KRDU,EGLL,23:24:21.88,29:20:39.95,40.746755,-68.373695,38880.0,227215.15260649673,102
273764148,273764148,eastbound,A333,CYYZ,EKCH,23:24:47.94,28:37:58.27,51.335362,-54.715883,38728.0,189222.6321025683,84
273763182,273763182,eastbound,B789,KORD,LGAV,23:25:39.45,28:09:45.41,50.672308,-54.075602,39860.0,198404.69438400224,58
273763351,273763351,eastbound,A333,KJFK,LSZH,23:26:18.74,28:32:25.95,49.713807,-53.83928,38775.0,190189.05353478563,81
273764199,273764199,eastbound,A359,KEWR,LFPG,23:26:25.15,28:13:43.13,49.68227,-53.300722,39741.0,221759.39834432577,79
273762259,273762259,eastbound,A333,KATL,EHAM,23:27:30.73,28:11:57.29,49.477844,-52.801451,39768.0,184556.78960677702,69
273764319,273764319,eastbound,A333,KBOS,LSZH,23:29:09.05,28:33:59.87,49.866074,-53.703419,38605.0,191408.30412825587,82
273764981,273764981,eastbound,B77W,TFFR,LFPO,23:29:17.00,29:24:29.78,26.434854,-50.859791,38905.0,277227.28533627285,103
273763548,273763548,eastbound,A333,CYYZ,LSZH,23:30:36.59,28:35:19.83,50.740453,-54.431089,38725.0,189359.1094363195,80
273764273,273764273,eastbound,B764,KEWR,EDDB,23:32:35.36,28:42:12.46,50.264605,-54.262079,35451.0,173938.48985463794,84
273763911,273763911,eastbound,B77W,SMJP,EHAM,23:33:01.06,29:29:56.88,26.2879,-47.024537,39588.0,276315.6563047748,89
273763023,273763023,eastbound,A332,KORD,LIRF,23:33:51.64,28:23:56.65,51.714057,-54.427375,39057.0,201944.4092896952,66
273764254,273764254,eastbound,B77W,CYYZ,LIRF,23:35:01.45,28:14:47.52,50.981765,-53.521885,38747.0,275893.84881749447,73
273763105,273763105,eastbound,B789,KMSP,EDDF,23:36:06.34,28:47:49.34,54.562773,-58.210922,40082.0,188461.78033224397,80
273764565,273764565,eastbound,B772,KJFK,LFPG,23:37:20.12,28:12:13.40,49.482448,-53.054038,39372.0,216740.3684831404,78
273765046,273765046,eastbound,B772,KCLT,LIRF,23:38:25.12,30:02:49.70,40.287614,-68.237299,38153.0,237802.23512321184,92
273764407,273764407,eastbound,A333,KEWR,ESSA,23:39:08.45,29:02:01.11,50.282629,-52.974297,38587.0,189584.43526106692,87
273763348,273763348,eastbound,A333,CYYZ,EDDF,23:41:08.24,28:49:19.03,51.332926,-54.470358,38752.0,189141.83982856545,82
273764505,273764505,eastbound,A388,KMIA,EGLL,23:42:08.50,29:35:16.46,37.916046,-63.763957,38890.0,464186.38273939263,92
273763237,273763237,eastbound,B763,KATL,LIPZ,23:42:34.84,28:34:29.03,49.877692,-52.939132,38622.0,159214.0393248388,62
273764281,273764281,eastbound,B764,KEWR,EDDM,23:42:44.62,28:41:41.90,50.50024,-53.77106,35571.0,174391.13397922835,81
273764352,273764352,eastbound,A333,KIAD,EIDW,23:45:09.88,27:44:14.40,49.410316,-53.638935,39168.0,188597.7133547695,64
273764465,273764465,eastbound,B789,KMIA,EGKK,23:47:09.12,29:50:37.77,37.678937,-64.218434,40642.0,195127.8940118983,93
273764635,273764635,eastbound,A333,CYYZ,EDDM,23:49:17.15,28:58:44.75,51.168252,-54.910042,38720.0,189307.22252954147,80
273764919,273764919,eastbound,A333,KBDL,EIDW,23:50:42.29,27:49:38.58,49.69317,-53.793751,38707.0,191009.57633659153,65
273763947,273763947,eastbound,B763,KORD,LSZH,23:50:58.05,28:52:53.82,51.949117,-55.456709,39036.0,157476.41625002876,75
273764693,273764693,eastbound,B772,KEWR,LIMC,23:51:22.46,28:41:43.49,49.602281,-53.624713,38671.0,221587.4962383978,82
273763636,273763636,eastbound,A332,KIAD,LIRF,23:51:42.89,28:40:26.10,49.212322,-52.96462,39488.0,200470.0273366991,70
273764624,273764624,eastbound,A359,KJFK,LFPG,23:53:36.94,28:40:49.26,49.102106,-53.170654,40191.0,221702.32704543864,79
273764792,273764792,eastbound,B763,KJFK,EDDB,23:54:21.12,29:00:46.46,49.766883,-53.40647,38385.0,156218.5128675357,84
273763757,273763757,eastbound,A359,KORD,EDDM,23:54:50.81,28:58:01.18,52.109299,-54.551851,39344.0,227779.1894893529,73
273764391,273764391,eastbound,B763,KIAD,EDDM,23:55:23.53,28:54:28.50,50.081847,-52.939856,38495.0,157009.31052031176,77
273762501,273762501,eastbound,B789,KDFW,LIRF,23:56:49.62,28:50:41.98,51.986099,-55.454297,40178.0,189500.64007843885,58
273764602,273764602,eastbound,A333,KEWR,EKCH,23:57:39.65,29:10:16.31,49.80939,-53.275204,38858.0,189860.1540547489,85
273763903,273763903,eastbound,B763,KORD,EGLL,23:57:44.39,28:20:10.56,52.044173,-55.416835,39392.0,152665.52805175877,72
273764679,273764679,eastbound,B78X,KJFK,EHAM,23:58:48.54,28:30:53.95,49.591243,-53.777423,38293.0,219110.80908135322,79
273761888,273761888,eastbound,B772,KDFW,LEMD,24:01:32.12,28:35:26.04,50.584287,-54.140902,39090.0,215042.3902597167,65
273764375,273764375,eastbound,A333,KJFK,EKCH,24:02:35.22,29:15:58.66,49.923314,-53.526612,38632.0,189861.26816956134,85
273764567,273764567,eastbound,A333,KMCO,EGLL,24:02:37.02,30:23:18.69,37.306487,-64.463129,39038.0,189963.1779956285,94
273763624,273763624,eastbound,B772,KATL,LFPG,24:03:07.45,28:36:34.74,49.297284,-52.987632,39467.0,215489.84380263035,70
273764480,273764480,eastbound,A333,KJFK,LFPG,24:03:57.33,28:52:28.39,49.613628,-53.098256,38956.0,189905.5085187742,78
273765045,273765045,eastbound,A359,KBOS,EKCH,24:04:48.66,29:13:44.70,50.017731,-53.661888,39254.0,223238.12441725977,87
273764759,273764759,eastbound,A333,KEWR,LPPT,24:05:24.99,28:24:49.81,48.530054,-51.8808,38984.0,189743.3404515432,70
273764228,273764228,eastbound,A333,KIAD,LPPT,24:05:29.13,28:28:20.02,48.278144,-52.010003,39206.0,188279.2470329823,73
273765015,273765015,eastbound,A35K,KMCO,EGCC,24:05:37.09,30:07:21.72,37.375237,-64.552714,38628.0,259901.66429045203,94
273764696,273764696,eastbound,B763,KEWR,LSGG,24:06:00.76,29:05:56.63,49.567121,-53.800404,38617.0,155542.68253702243,81
273764722,273764722,eastbound,B772,KEWR,EGLL,24:07:05.92,28:26:22.86,49.632964,-53.434559,39005.0,214813.04012407872,73
273764947,273764947,eastbound,B788,CYUL,ESSA,24:08:06.49,29:16:26.35,51.766407,-55.556234,42230.0,170916.25434499912,89
273764212,273764212,eastbound,B772,KORD,EIDW,24:09:09.29,27:52:17.31,51.447318,-54.5383,39364.0,210211.1953425725,63
273764868,273764868,eastbound,B763,KJFK,ESSA,24:09:32.41,29:24:56.52,50.489033,-53.113111,38518.0,155878.52685491063,87
273764926,273764926,eastbound,B772,KJFK,LGAV,24:11:01.94,28:42:03.40,49.087194,-52.094328,38355.0,232466.1710295192,64
273764616,273764616,eastbound,A333,KMCO,EGCC,24:11:48.72,30:16:41.84,37.393048,-64.421194,39043.0,189944.80538713452,92
273764571,273764571,eastbound,A332,CYYZ,EIDW,24:11:55.18,28:05:41.61,50.583413,-54.269448,40011.0,188729.9896930148,62
273764614,273764614,eastbound,A359,KJFK,EDDM,24:12:39.52,29:17:44.47,49.704888,-53.607661,39326.0,226039.23897648323,83
273765338,273765338,eastbound,A333,KBOS,EINN,24:13:16.06,27:57:50.26,49.759629,-53.34309,38661.0,191458.33569177755,61
273764200,273764200,eastbound,A332,MMUN,EDDF,24:13:32.19,31:05:54.06,37.520467,-64.081919,39495.0,202213.45828822552,82
273764714,273764714,eastbound,A339,KJFK,LIRF,24:14:22.72,29:11:03.14,49.362197,-52.446022,39455.0,206815.87943353536,75
273764856,273764856,eastbound,A333,CYYZ,LOWW,24:15:48.69,29:20:53.03,50.783371,-54.129989,38695.0,189278.19523136673,74
273764600,273764600,eastbound,B772,KIAD,LFPG,24:17:13.74,28:53:47.74,49.129364,-53.389101,39454.0,216526.31830801268,78
273764011,273764011,eastbound,B78X,KORD,LIRF,24:17:26.09,28:55:38.65,52.008044,-54.601169,39940.0,215577.5503142102,65
273764521,273764521,eastbound,B763,KIAD,LSGG,24:20:23.84,29:17:27.58,49.54501,-53.428716,38525.0,155638.52128982506,79
273764498,273764498,eastbound,B772,KEWR,LIRF,24:21:34.45,28:59:52.39,49.823249,-52.585916,38925.0,224389.02880467896,75
273764447,273764447,eastbound,B78X,KORD,EHAM,24:21:46.34,28:53:24.16,51.437124,-55.247486,39018.0,215737.7907910438,76
273763020,273763020,eastbound,B77L,KMEM,EBLG,24:22:44.79,29:01:21.29,51.198538,-54.512383,41106.0,235593.8137603055,70
273765362,273765362,eastbound,B772,KCLT,EGLL,24:23:13.14,30:21:14.88,40.724065,-68.047726,38886.0,226756.74854070385,102
273764496,273764496,eastbound,B789,KORD,LOWW,24:25:01.08,29:23:26.22,52.274069,-54.892816,40173.0,191756.90378665525,71
273764731,273764731,eastbound,B772,KIAD,LIRF,24:25:55.44,29:02:15.59,49.592092,-52.560391,38929.0,223986.17506530156,70
273764786,273764786,eastbound,B788,KJFK,EPWA,24:27:22.17,29:28:42.74,49.576252,-52.457078,41433.0,172090.00004242454,80
273764455,273764455,eastbound,A333,KEWR,EIDW,24:28:03.85,28:25:57.67,49.570024,-53.491985,38963.0,189954.35359308586,64
273764718,273764718,eastbound,B772,KEWR,LOWW,24:28:27.40,29:19:39.54,49.721061,-53.283618,38444.0,224289.33079189647,79
273765475,273765475,eastbound,A339,CYHZ,EDDF,24:30:25.64,29:37:10.49,49.71314,-53.391757,38563.0,200981.65150920846,85
273763557,273763557,eastbound,B77L,KIND,EBLG,24:30:34.47,29:08:26.68,50.045045,-53.792013,41524.0,235558.6508415347,76
273765139,273765139,eastbound,A333,KJFK,LIRF,24:31:01.00,29:37:20.76,48.984347,-53.368719,38947.0,190023.85183578543,77
273763493,273763493,eastbound,A333,KATL,EDDF,24:31:29.52,29:36:30.74,49.410164,-52.31851,39794.0,184382.54852888026,70
273764901,273764901,eastbound,B772,KIAD,EGLL,24:31:30.18,28:45:36.15,49.216165,-53.273716,39608.0,214395.94606114313,72
273765101,273765101,eastbound,B77W,KJFK,EGLL,24:32:13.87,28:43:38.32,49.114698,-53.403347,39403.0,263429.61179364397,73
273765123,273765123,eastbound,B764,KJFK,EDDM,24:32:27.66,29:35:52.52,50.091359,-54.037106,35451.0,174384.39898793845,82
273765096,273765096,eastbound,B764,KJFK,LFMN,24:33:19.48,29:33:55.66,49.91772,-53.989914,35801.0,174024.70165969848,80
273762980,273762980,eastbound,B789,KORD,LIPZ,24:33:22.83,29:22:56.96,52.404069,-54.744601,40269.0,191189.05548330996,69
273765303,273765303,eastbound,A359,KCLT,EDDM,24:33:34.75,31:23:17.51,41.055597,-68.439145,39011.0,234837.46814813028,99
273765093,273765093,eastbound,B77W,CYUL,LGAV,24:33:51.29,29:12:51.64,51.284494,-53.716937,37695.0,285098.9368614907,67
273765049,273765049,eastbound,A343,KBOS,EDDF,24:34:18.50,29:44:05.86,49.757748,-53.790351,37895.0,207763.22313126022,84
273764570,273764570,eastbound,B748,KMIA,EDDF,24:34:19.32,30:51:22.65,37.788422,-63.56939,36763.0,386588.2768895744,90
273765258,273765258,eastbound,A333,KBOS,LPPT,24:35:42.75,29:00:08.81,48.896824,-52.377338,38766.0,191241.75181461812,72
273765237,273765237,eastbound,A333,KBOS,LGAV,24:35:53.80,29:37:20.24,49.683768,-53.10212,38753.0,191236.88091617625,67
273765872,273765872,eastbound,B772,TXKF,EGLL,24:37:08.91,30:25:42.81,37.629265,-61.288904,39033.0,225256.61635593598,99
273765040,273765040,eastbound,B77W,CYUL,LFPG,24:37:20.65,29:09:16.71,51.028808,-54.517312,38919.0,266726.6196583148,78
273764732,273764732,eastbound,A333,CYYZ,LPPT,24:37:32.66,29:05:27.47,49.932398,-52.64519,39123.0,188819.4085004772,74
273764641,273764641,eastbound,B788,KORD,LGAV,24:38:10.68,29:23:23.14,52.010732,-55.109026,41134.0,176280.37511048737,58
273765268,273765268,eastbound,B77W,KJFK,LFPG,24:38:41.12,29:10:51.37,49.608029,-53.675097,38754.0,266393.95182725973,78
273765357,273765357,eastbound,B763,CYUL,LOWW,24:39:08.68,29:42:03.41,50.959098,-54.847012,38440.0,158555.8497905447,82
273765102,273765102,eastbound,A333,KJFK,EBBR,24:40:28.95,29:30:43.92,49.605867,-53.366754,38851.0,189861.69849794914,79
273764840,273764840,eastbound,A332,KIAD,EHAM,24:40:45.66,29:27:05.72,49.313516,-53.217885,39320.0,193950.72569750648,77
273764690,273764690,eastbound,B763,KIAD,LOWW,24:40:51.06,29:40:10.51,49.968141,-53.34889,38478.0,158929.36886766116,73
273765263,273765263,eastbound,B77W,KJFK,EGLL,24:40:58.45,28:50:55.53,49.724765,-53.544332,38873.0,264051.6202991697,72
273765293,273765293,eastbound,A333,CYUL,LFRS,24:42:22.05,29:18:39.36,50.931613,-54.169403,38421.0,191498.61984304656,74
273764954,273764954,eastbound,B788,KIAD,EHAM,24:43:09.11,29:26:33.44,48.996215,-53.037771,41988.0,166278.86623356686,79
273764813,273764813,eastbound,B77W,KIAD,EBBR,24:43:35.76,29:15:53.38,49.706836,-53.29533,38510.0,266318.9946514455,78
273765250,273765250,eastbound,A333,KJFK,EINN,24:47:44.37,28:33:01.99,49.519221,-53.376342,38870.0,189908.46833205427,61
273764672,273764672,eastbound,A333,KORD,LEMD,24:48:32.49,29:36:04.60,50.60478,-53.221272,39279.0,185970.46892190483,75
273765080,273765080,eastbound,B77W,CYYZ,LGAV,24:48:33.21,29:25:36.01,50.850388,-53.701428,38091.0,284888.79882726254,61
273764955,273764955,eastbound,A339,KJFK,EGLL,24:49:24.78,29:16:41.73,48.8817,-53.043586,40193.0,198730.95458846455,73
273764950,273764950,eastbound,B772,KEWR,EHAM,24:50:20.02,29:26:23.50,49.715207,-53.650818,38767.0,216874.09517959712,77
273765151,273765151,eastbound,B764,KJFK,LEMD,24:51:29.46,29:35:39.39,49.197971,-53.254644,36302.0,169974.19161808852,78
273763142,273763142,eastbound,B77W,KDFW,EGLL,24:52:57.72,28:59:03.41,51.945732,-54.261848,39245.0,263491.00236825313,60
273765452,273765452,eastbound,A332,CYUL,LFPG,24:53:19.06,29:41:13.31,50.962165,-54.454598,39506.0,192617.9702214838,79
273765351,273765351,eastbound,A333,KBOS,EGLL,24:57:18.41,29:26:48.16,49.694628,-53.534,38625.0,191394.22786476868,73
273765329,273765329,eastbound,B788,KPHL,LGAV,24:57:58.83,29:37:49.05,48.428894,-52.301858,41320.0,178097.96530765534,63
273765230,273765230,eastbound,B788,KPHL,EIDW,24:58:26.17,28:46:41.76,48.901346,-52.930575,42360.0,162918.8170552482,64
273765821,273765821,eastbound,F900,KBGR,LICC,24:59:11.01,30:03:46.50,50.176957,-53.717748,38187.0,15683.600645403758,77
273763533,273763533,eastbound,A339,KSEA,EHAM,24:59:15.61,30:09:34.35,60.187834,-64.167176,39352.0,204437.17627995682,69
273765207,273765207,eastbound,B789,KJFK,EGKK,24:59:28.98,29:21:45.79,48.909689,-52.614343,41247.0,186804.28888448616,74
273764143,273764143,eastbound,B77W,CYVR,LFPG,25:00:04.48,29:51:59.27,60.61211,-64.110051,38971.0,269295.9282236017,70
273765476,273765476,eastbound,A339,KBOS,LFPG,25:00:46.96,29:51:04.34,49.648227,-53.681793,39523.0,200016.02057174093,79
273765066,273765066,eastbound,B789,KORD,EPKK,25:03:05.99,30:02:48.60,52.354109,-54.849522,40009.0,191741.883956369,70
273764363,273764363,eastbound,B764,KATL,EGLL,25:03:12.18,29:22:43.70,50.352673,-53.411647,35809.0,170088.0599491298,66
273765216,273765216,eastbound,B77W,KIAD,LFPG,25:04:14.85,29:36:12.17,49.015844,-53.254657,39604.0,266360.1282198077,78
273765283,273765283,eastbound,A35K,KPHL,EGLL,25:04:43.30,29:28:10.22,49.402858,-52.93835,39328.0,250551.79858006918,72
273765131,273765131,eastbound,A332,KDTW,EGLL,25:04:48.63,29:28:54.91,50.410817,-53.784048,39714.0,192057.48830708,71
273764394,273764394,eastbound,B772,CYYC,EHAM,25:05:03.76,30:00:46.13,60.35499,-65.191625,38931.0,217248.61163489055,76
273765074,273765074,eastbound,B764,KIAD,LEMD,25:05:05.02,29:53:00.03,49.35014,-53.675036,36173.0,170551.02724511627,78
273765354,273765354,eastbound,B763,KJFK,LIPZ,25:05:09.84,30:04:37.01,49.629271,-53.233676,38234.0,157800.93779651442,79
273765442,273765442,eastbound,A332,CYUL,LEMG,25:06:54.97,29:50:44.02,49.68598,-53.170269,40008.0,193421.80930554017,78
273764760,273764760,eastbound,B744,KORD,EDDF,25:07:33.00,29:56:09.26,52.072,-55.652029,38036.0,291690.9284368841,77
273765075,273765075,eastbound,B764,KIAD,LEBL,25:07:38.66,29:54:08.43,49.580797,-53.144277,36123.0,172924.92427655257,78
273765562,273765562,eastbound,A333,CYHM,BIKF,25:07:58.27,27:53:27.94,52.79496,-56.40978,39365.0,186860.6539707357,45
273765124,273765124,eastbound,B763,KEWR,LSZH,25:08:50.02,30:08:50.97,49.490634,-53.607815,38414.0,156064.3462034343,81
273764873,273764873,eastbound,A333,KDTW,LIRF,25:10:11.38,30:08:04.15,50.141825,-53.267635,38985.0,187386.5294329957,68
273765167,273765167,eastbound,B764,KCVG,LFPG,25:10:52.63,29:53:39.84,51.027034,-54.243862,35361.0,172320.4694288106,75
273765013,273765013,eastbound,B748,KEWR,EDDF,25:11:02.32,29:53:03.35,49.880228,-53.443628,37598.0,369839.53897695773,82
273765277,273765277,eastbound,B772,KIAD,EGLL,25:11:52.32,29:26:23.70,49.445438,-53.117917,39551.0,213581.6463762311,71
273764537,273764537,eastbound,B77W,KIAD,EDDF,25:12:22.81,29:58:51.71,49.559507,-53.215563,38326.0,269200.8471462091,81
273765020,273765020,eastbound,A339,KMSP,LFPG,25:12:37.28,30:09:36.91,54.562399,-58.245945,39574.0,203089.11016129455,79
273765650,273765650,eastbound,A333,KBOS,EHAM,25:12:40.55,30:00:10.23,49.454062,-53.46764,38481.0,191370.2195785154,77
273765558,273765558,eastbound,A333,CYUL,EBBR,25:12:41.73,30:02:23.58,50.902767,-54.215379,38333.0,191475.04198616985,79
273765450,273765450,eastbound,B77W,KJFK,EGLL,25:12:51.16,29:24:01.23,49.628409,-53.743534,38871.0,264195.8448834696,73
273765260,273765260,eastbound,B788,CYYZ,EBBR,25:12:56.11,29:55:24.90,50.261237,-53.887057,42224.0,166854.84475005599,79
273765661,273765661,eastbound,A333,KBOS,BIKF,25:13:49.94,28:04:17.47,50.556178,-53.847669,37476.0,186712.98286916487,45
273765290,273765290,eastbound,A339,KJFK,EGLL,25:14:03.36,29:42:06.21,49.144698,-53.42265,40151.0,198805.90932864192,73
273765251,273765251,eastbound,B763,KEWR,EGLL,25:15:19.97,29:34:58.39,49.539849,-53.078357,39019.0,151661.06586326973,72
273763567,273763567,eastbound,B78X,KSEA,EGLL,25:15:55.30,29:48:56.15,60.075198,-64.040441,39366.0,210443.7506636536,66
273765193,273765193,eastbound,A333,KDTW,LFPG,25:15:56.40,30:05:44.08,51.296824,-54.851586,38834.0,187862.0238879084,77
273764761,273764761,eastbound,A332,KATL,EDDF,25:16:05.68,30:15:45.03,49.180817,-52.560903,39937.0,197937.42772557636,69
273765623,273765623,eastbound,B789,CYUL,EDDF,25:16:33.16,30:12:06.05,50.781203,-54.111573,40520.0,191560.4154708022,82
273764780,273764780,eastbound,B763,KIAD,LSZH,25:16:49.99,30:14:38.85,49.145731,-52.875909,39507.0,156064.83220463322,78
273765401,273765401,eastbound,A333,KTPA,EDDF,25:16:57.82,32:18:36.59,39.392035,-68.525347,39128.0,189996.34719457332,92
273765515,273765515,eastbound,B772,KJFK,LIMC,25:17:49.62,30:06:15.32,49.551851,-53.772241,38580.0,221479.22965125774,81
273764964,273764964,eastbound,A346,KIAD,EDDF,25:18:16.54,30:12:03.92,49.172923,-53.376739,38957.0,282754.97278024117,82
273765297,273765297,eastbound,B772,KEWR,LFPG,25:19:12.37,29:52:49.89,49.325851,-53.166778,39417.0,217139.63087814936,78
273765264,273765264,eastbound,B788,KPHL,EHAM,25:19:40.56,29:58:34.73,49.0328,-52.639722,41946.0,166704.18116327163,78
273762347,273762347,eastbound,B789,KSFO,EGLL,25:20:41.68,29:56:37.93,55.475372,-59.105148,39776.0,178451.54758374405,59
273760059,273760059,eastbound,B748,MMSM,ELLX,25:20:56.75,29:57:04.82,51.716308,-54.603734,38106.0,363679.6979431649,55
273765483,273765483,eastbound,B772,KTPA,EGKK,25:21:05.43,31:15:42.19,37.934956,-63.378698,38694.0,224375.97607812556,90
273765638,273765638,eastbound,B77W,KJFK,EGLL,25:22:19.04,29:31:38.18,48.906149,-52.869097,40010.0,263719.92354671954,70
273765611,273765611,eastbound,B772,KJFK,LEMD,25:22:22.45,29:55:49.85,48.4075,-52.979702,39448.0,216565.66750048657,78
273765640,273765640,eastbound,A333,KBOS,EGKK,25:22:29.60,29:53:32.46,49.466301,-53.483999,38470.0,191381.01734090867,74
273763733,273763733,eastbound,B772,KSEA,LFPG,25:23:05.16,30:16:57.83,59.952888,-63.527943,39163.0,217331.67204863857,69
273765595,273765595,eastbound,B789,CYYZ,EGPH,25:23:54.20,29:24:34.84,51.343478,-54.801036,39289.0,184015.90345534869,64
273764617,273764617,eastbound,A339,KATL,EHAM,25:24:21.53,30:07:23.02,49.676474,-52.637443,39467.0,202685.4087176085,69
273765146,273765146,eastbound,B789,KORD,LFPG,25:24:52.27,30:07:47.71,52.325007,-55.574323,40702.0,186682.26105555662,78
273765384,273765384,eastbound,A333,KJFK,EGCC,25:24:58.43,29:36:15.90,49.677947,-53.238431,38889.0,189835.80091002738,68
273765546,273765546,eastbound,B77W,CYUL,LFPG,25:25:15.63,29:57:44.29,49.88782,-53.961192,39286.0,265748.9687922883,79
273765464,273765464,eastbound,A333,KBWI,BIKF,25:25:17.84,28:15:29.42,50.338654,-53.421333,37820.0,187216.85503652005,44
273764982,273764982,eastbound,A333,KPHL,EDDF,25:26:51.13,30:31:04.40,49.376215,-53.168745,39016.0,189418.23496525607,81
273765501,273765501,eastbound,B789,CYUL,EDDF,25:27:39.06,30:26:12.14,50.771004,-54.130754,40520.0,191548.07036454885,83
273765624,273765624,eastbound,A332,CYUL,LPPT,25:28:24.23,29:43:10.27,49.02097,-52.44895,40356.0,190202.33107217122,73
273763932,273763932,eastbound,B789,KDFW,LFPG,25:29:23.46,30:08:50.40,52.249971,-54.872642,40661.0,182915.354230431,65
273765651,273765651,eastbound,B788,KPHL,LIPZ,25:29:37.84,30:18:56.20,48.966385,-52.626291,41971.0,171246.22580853754,77
273763408,273763408,eastbound,A333,KIAH,EHAM,25:31:47.27,30:15:42.85,51.766219,-54.527469,39821.0,180194.21910278202,61
273764882,273764882,eastbound,B764,KATL,LFPG,25:32:04.65,30:13:56.49,50.358179,-53.273067,35794.0,172102.70243099917,69
273765735,273765735,eastbound,B77W,CYUL,LIRF,25:32:13.14,30:17:47.04,50.887545,-54.617497,37866.0,275757.53653942543,80
273764977,273764977,eastbound,A333,KIAD,EBBR,25:32:18.02,30:24:27.54,49.066148,-53.284244,39135.0,188454.5173752983,79
273765393,273765393,eastbound,A332,CYUL,EHAM,25:33:59.13,30:17:42.69,50.871085,-54.147039,39429.0,192430.96229113016,76
273765655,273765655,eastbound,A333,CYYZ,EGPF,25:34:23.85,29:33:33.67,50.735625,-54.21847,38612.0,189357.62736350697,64
273764898,273764898,eastbound,B752,KEWR,LEMG,25:35:36.53,30:18:08.69,49.134154,-52.129998,39328.0,91585.27346652359,76
273765550,273765550,eastbound,A333,KJFK,EGCC,25:36:09.43,29:50:04.88,49.262204,-53.370931,38718.0,189819.89803695588,68
273765388,273765388,eastbound,B78X,KEWR,EBBR,25:36:15.76,30:10:44.25,49.518114,-53.237092,38193.0,218992.53258580118,79
273765674,273765674,eastbound,A333,KSWF,BIKF,25:36:18.81,28:24:32.81,50.651802,-53.319017,37950.0,186405.99719067657,46
273765559,273765559,eastbound,A35K,KJFK,EGLL,25:36:40.93,30:02:07.77,49.211604,-53.227725,39132.0,250025.6674626212,73
273765657,273765657,eastbound,A333,CYYZ,EGKK,25:37:39.90,30:09:56.21,51.206874,-55.016809,38654.0,189339.75949925766,73
273765274,273765274,eastbound,A333,KMSP,EHAM,25:40:01.98,30:32:11.24,54.95341,-58.067535,39176.0,186289.36692641888,78
273764012,273764012,eastbound,B772,KDFW,EDDF,25:41:41.88,30:31:36.40,51.819066,-55.101619,38606.0,217656.76757524794,63
273765656,273765656,eastbound,B764,KJFK,LIMC,25:42:40.74,30:44:40.46,49.919989,-54.013374,35461.0,173965.83246854102,81
273763679,273763679,eastbound,B77W,KIAH,EGLL,25:42:52.21,29:51:19.33,51.64402,-54.653188,39238.0,263691.69636872085,59
273766014,273766014,eastbound,B772,KCLT,EGLL,25:43:54.44,31:39:02.93,41.190516,-68.19258,38825.0,226851.48390881764,102
273765459,273765459,eastbound,A333,KEWR,ENGM,25:45:11.44,30:47:35.44,49.243023,-53.448689,38549.0,190005.8064448349,82
273765847,273765847,eastbound,A333,CYUL,LIPZ,25:45:30.46,30:52:31.13,50.770306,-54.608155,38339.0,191605.72518207133,81
273765659,273765659,eastbound,B788,KPHL,LSZH,25:45:33.07,30:37:07.39,48.796623,-52.913468,42099.0,169671.27521916534,81
273765469,273765469,eastbound,A333,KIAD,BIKF,25:46:10.37,28:34:43.83,50.508763,-53.121645,37791.0,187146.81559582584,46
273765381,273765381,eastbound,B77W,CYYZ,EGLL,25:46:38.22,29:57:24.32,50.414898,-54.406032,39740.0,263515.45591297676,70
273765649,273765649,eastbound,A359,CYYZ,LFPG,25:47:04.17,30:28:01.89,50.351295,-53.626166,39864.0,222131.8372663294,78
273765646,273765646,eastbound,B788,KPHL,LIRN,25:47:13.88,30:27:51.20,48.876714,-52.311325,41803.0,173185.4627324252,70
273765711,273765711,eastbound,A332,KBOS,EGLL,25:47:57.24,30:11:00.61,49.309077,-52.932464,40249.0,190530.29972908352,73
273765784,273765784,eastbound,B77W,KMIA,EGLL,25:49:21.75,31:39:08.75,37.329709,-63.32408,38883.0,276112.65471662086,92
273763678,273763678,eastbound,B748,KIAH,EDDF,25:51:08.19,30:28:45.92,51.832357,-54.518014,37270.0,374153.7527859128,61
273763965,273763965,eastbound,A359,KIAH,LFPG,25:51:18.27,30:35:56.93,51.657214,-54.519308,39630.0,227204.24344127637,63
273765703,273765703,eastbound,B772,CYYZ,EGLL,25:52:36.48,30:07:23.16,50.679443,-54.285692,39133.0,214695.27225346645,72
273765720,273765720,eastbound,A333,KJFK,LSGG,25:52:37.42,30:57:40.56,49.131641,-53.001451,38912.0,189924.78592702383,81
273765725,273765725,eastbound,A339,KMIA,LIRF,25:53:16.17,32:34:26.15,37.972386,-62.711794,38493.0,215089.25757577637,81
273765070,273765070,eastbound,A333,KATL,EGCC,25:53:49.94,30:07:10.86,49.141678,-53.279058,39697.0,184616.74304612193,66
273765618,273765618,eastbound,B748,CYYZ,EDDF,25:55:46.11,30:40:29.77,51.258804,-55.079853,37212.0,370646.4593555144,82
273765879,273765879,eastbound,B789,MBPV,EGLL,25:55:55.22,31:49:08.96,37.537678,-61.607818,40062.0,193803.68831003082,94
273765774,273765774,eastbound,B772,KJFK,EGLL,25:56:23.27,30:10:33.57,49.095399,-53.331895,39367.0,214717.35521586865,73
273766463,273766463,westbound,B763,EGNX,KJFK,25:56:37.17,31:24:16.94,57.46727,-8.029174,40181.0,156450.38075632826,89
273765760,273765760,eastbound,B763,KJFK,LFPG,25:57:57.64,30:42:10.49,49.354765,-53.335853,38682.0,153381.74340187508,78
273765616,273765616,eastbound,A343,MDPC,LSZH,25:57:59.03,32:41:32.29,37.665258,-61.560588,37478.0,217629.13208593073,87
273764644,273764644,eastbound,B77L,MPTO,EHAM,25:59:42.06,32:06:26.67,37.449015,-62.004478,40784.0,245616.8570445266,77
273764789,273764789,eastbound,B789,KDEN,EDDF,26:00:55.05,31:12:03.83,55.458171,-58.508645,39829.0,185186.15706161325,70
273764393,273764393,eastbound,A333,KPDX,EHAM,26:01:06.18,31:09:17.73,60.19615,-63.75488,40132.0,180911.11488524787,68
273765133,273765133,eastbound,A359,KATL,LEMD,26:01:11.59,30:33:47.02,48.789533,-51.772694,40295.0,223825.54785203288,70
273766261,273766261,westbound,B763,EDDK,KEWR,26:01:51.14,31:55:07.66,50.417085,-6.414895,40009.0,158515.44002331718,93
273764610,273764610,eastbound,B772,KIAH,EGLL,26:02:27.07,30:16:56.87,51.574059,-54.451546,38981.0,213461.76723451118,61
273765609,273765609,eastbound,B763,KJFK,EBBR,26:03:33.33,30:48:59.99,49.688665,-53.700559,38546.0,154290.47488961002,79
273765704,273765704,eastbound,B789,KPHL,EGLL,26:03:33.77,30:22:38.98,48.957368,-52.615655,40815.0,186389.45139935683,72
273766041,273766041,eastbound,B772,KBOS,EGLL,26:05:06.09,30:16:22.93,49.113656,-52.751324,39339.0,214970.24406209463,73
273765817,273765817,eastbound,B77W,KMIA,LSZH,26:05:38.72,32:30:27.97,37.574753,-63.338405,38526.0,282327.9916449219,88
273765897,273765897,eastbound,A35K,KMCO,EGLL,26:08:02.52,32:18:47.05,37.347726,-63.580288,38593.0,260517.77647815668,93
273765383,273765383,eastbound,B764,KEWR,LIPZ,26:09:14.30,31:08:31.31,50.179319,-53.755895,35197.0,175512.85475102777,78
273764612,273764612,eastbound,B763,KIAH,EDDM,26:09:29.03,31:05:58.50,51.592887,-54.624284,39046.0,156683.0965469474,59
273765846,273765846,eastbound,A333,KMCO,EDDF,26:10:26.76,33:21:51.90,38.749121,-69.359928,38971.0,191069.1199092214,97
273765451,273765451,eastbound,B764,KEWR,LEPA,26:11:50.03,30:59:36.86,49.150206,-53.362274,35990.0,173368.2794723462,79
273765206,273765206,eastbound,A332,KMSP,EGLL,26:11:56.75,30:45:23.64,54.542509,-58.230232,39181.0,193677.0681977874,76
273765202,273765202,eastbound,B772,KORD,EGLL,26:14:10.68,30:30:33.04,52.151223,-55.635553,39111.0,214249.458043321,73
273765747,273765747,eastbound,A333,KJFK,EGKK,26:15:01.27,30:44:39.06,49.381642,-53.101631,38792.0,189761.88750513538,72
273765819,273765819,eastbound,B788,TNCC,EHAM,26:17:38.27,32:49:09.60,26.629616,-54.903176,41527.0,175959.13762428713,96
273765727,273765727,eastbound,A333,KJFK,EHAM,26:17:54.31,31:04:55.51,49.248857,-52.778038,38950.0,189790.32496736242,78
273765591,273765591,eastbound,B78X,KORD,EDDM,26:18:01.01,31:06:33.30,52.390184,-55.458029,38866.0,215706.36990044135,73
273765799,273765799,eastbound,A333,CYUL,LPPR,26:18:22.81,30:41:23.68,49.608329,-53.603468,38463.0,191437.34115384298,71
273766131,273766131,eastbound,A388,KBOS,EGLL,26:18:55.60,30:29:38.03,49.052316,-53.114967,39626.0,439675.6000893977,73
273766087,273766087,eastbound,B763,KBOS,EIDW,26:19:09.07,30:06:37.74,49.187125,-52.727933,39445.0,148861.69819490702,62
273766065,273766065,eastbound,A332,CYUL,LIRF,26:19:20.98,31:20:14.94,50.750835,-54.11537,38952.0,199444.21688403108,80
273765793,273765793,eastbound,A332,KDTW,EDDF,26:19:53.29,31:27:22.40,51.47864,-54.665109,39246.0,196473.12365717796,81
273765575,273765575,eastbound,A332,KJFK,EDDF,26:20:42.50,31:21:11.13,49.057903,-52.630038,39878.0,195251.92051247592,81
273765974,273765974,eastbound,B77W,KJFK,EGLL,26:21:12.40,30:30:52.91,49.215549,-53.112054,38841.0,263884.93684548774,72
273765841,273765841,eastbound,B764,KJFK,EGLL,26:21:19.15,30:44:56.27,49.865306,-53.943071,35564.0,169042.01159306034,72
273763815,273763815,eastbound,B77W,KLAX,LFPG,26:22:20.88,31:01:04.36,55.341499,-58.616108,38629.0,268952.63310838665,60
273766215,273766215,eastbound,B77W,TFFF,LFPG,26:22:29.14,32:14:40.70,26.33816,-49.656793,38603.0,276940.46182253154,100
273765588,273765588,eastbound,B752,KORD,EINN,26:22:40.80,30:12:08.52,52.439378,-55.38257,37551.0,87679.68128975455,58
273763046,273763046,eastbound,B789,KLAX,EGLL,26:23:08.66,30:54:04.68,55.553855,-58.766323,39872.0,178323.60841199546,58
273765953,273765953,eastbound,A333,KMCO,EIDW,26:24:51.66,32:06:40.42,37.407507,-63.357511,39068.0,189704.7033553816,88
273765578,273765578,eastbound,A332,CYEG,EHAM,26:25:58.60,31:29:57.25,62.687499,-65.48898,39751.0,195880.84164191165,78
273765373,273765373,eastbound,B764,KATL,EDDM,26:26:16.72,31:21:38.40,50.413429,-53.144366,35417.0,173677.69881794218,65
273765471,273765471,eastbound,A35K,KATL,EGLL,26:26:21.32,30:53:25.65,49.005037,-53.453903,38953.0,254054.59756962984,69
273766010,273766010,eastbound,B77W,KMIA,LFPG,26:28:26.56,32:33:26.48,37.980109,-62.70803,38634.0,278085.2386758,93
273765687,273765687,eastbound,B789,CYYZ,EPWA,26:28:31.82,31:32:58.82,50.911997,-53.462988,39363.0,193071.07435131673,78
273766053,273766053,eastbound,B78X,KBOS,EHAM,26:29:33.82,31:01:53.62,49.793429,-53.631328,37130.0,220677.06022301456,79
273765444,273765444,eastbound,B764,KATL,LIMC,26:30:28.06,31:27:55.95,50.106883,-53.543472,35555.0,173765.86720988614,65
273763955,273763955,eastbound,B78X,KLAX,EHAM,26:31:02.39,31:12:11.63,55.490896,-59.174726,39296.0,206190.15337443174,61
273765705,273765705,eastbound,A359,KDTW,EHAM,26:31:38.60,31:15:28.43,51.464824,-54.700055,39578.0,222868.9960280385,78
273765182,273765182,eastbound,B772,CYVR,EGKK,26:31:48.90,31:05:50.28,60.569283,-63.642116,39014.0,215831.24449690283,69
273765936,273765936,eastbound,B772,KJFK,EGKK,26:32:09.49,30:44:30.11,49.021306,-52.8068,39273.0,214832.76909758995,71
273765950,273765950,eastbound,A333,KBOS,LFPG,26:32:49.70,31:22:50.53,49.267974,-53.118289,38493.0,191301.9573270603,79
273765678,273765678,eastbound,B788,KORD,EHAM,26:33:33.97,31:10:40.09,52.392467,-55.317351,42216.0,164634.70782153032,78
273763827,273763827,eastbound,B772,KSFO,EDDM,26:33:41.36,31:31:34.30,55.398143,-58.27103,38368.0,217296.76543810376,56
273763587,273763587,eastbound,B789,KLAX,LFPG,26:36:14.54,31:26:23.06,55.532382,-58.293146,39944.0,180212.12306006052,60
273765610,273765610,eastbound,B78X,KORD,LFPG,26:36:42.36,31:12:29.85,52.412636,-55.925058,38939.0,215798.31147211028,77
273765970,273765970,eastbound,B77W,CYYZ,LSZH,26:37:22.20,31:23:23.00,51.350007,-54.649253,38898.0,270220.6113804931,81
273765639,273765639,eastbound,B764,KEWR,EIDW,26:39:07.07,30:35:03.71,49.85624,-53.592403,35844.0,165893.8747904731,63
273765942,273765942,eastbound,A333,CYUL,LIMC,26:39:19.07,31:45:22.35,50.60753,-54.531371,38324.0,191624.75577887596,81
273765783,273765783,eastbound,B78X,KEWR,EDDF,26:39:38.07,31:31:22.47,49.191514,-52.985614,38443.0,218984.67616264714,83
273764650,273764650,eastbound,B772,KDFW,LEMD,26:39:46.80,31:09:27.39,50.551562,-53.614042,39140.0,214881.56324105564,64
273766096,273766096,eastbound,B77W,CYUL,LEBL,26:40:03.10,31:18:57.68,50.579428,-54.300838,39335.0,270342.9895826494,80
273764369,273764369,eastbound,B789,KPHX,LFPG,26:40:49.86,31:33:05.87,55.500161,-58.827414,40131.0,181851.40973912622,63
273765355,273765355,eastbound,B752,KDEN,BIKF,26:41:24.88,29:15:52.33,60.10549,-64.666692,39645.0,84102.10611642577,49
273766055,273766055,eastbound,B789,KMCO,EGKK,26:41:47.40,32:41:56.26,37.38231,-63.796499,40716.0,195086.64341906452,93
273765053,273765053,eastbound,A359,KDEN,EDDM,26:42:22.47,31:50:29.15,55.258317,-57.879356,38879.0,230807.515938857,65
273764112,273764112,eastbound,B77W,KSFO,EDDF,26:42:52.84,31:40:25.50,55.469217,-58.911971,38585.0,268988.65251491783,60
273764485,273764485,eastbound,B772,KSFO,LSZH,26:47:31.18,31:41:31.14,55.356623,-58.542833,38404.0,216987.3034648362,56
273766084,273766084,eastbound,B772,KPIT,BIKF,26:48:34.10,29:24:10.81,52.654057,-56.380911,40397.0,203771.09965451542,46
273766354,273766354,eastbound,B77W,TFFR,LFPG,26:49:51.14,32:46:45.45,26.070055,-50.325938,38780.0,277081.7409459913,102
273765523,273765523,eastbound,A333,KATL,EKCH,26:51:18.05,32:01:46.34,49.444005,-52.482102,39362.0,184261.20192051132,72
273766156,273766156,eastbound,A359,CYUL,EDDM,26:51:28.05,31:54:41.33,50.838677,-54.318812,39313.0,225273.3081745795,82
273765755,273765755,eastbound,A339,KJFK,LIRF,26:53:19.40,31:58:00.82,48.658323,-53.017275,39079.0,207107.81272099508,77
273764858,273764858,eastbound,B772,KDFW,LFPG,26:54:54.96,31:29:07.56,51.806982,-54.559613,38858.0,215027.61423474315,64
273765867,273765867,eastbound,B763,KEWR,LFMN,26:55:27.77,31:53:05.18,48.953679,-52.949071,38774.0,156472.3729021138,80
273766095,273766095,eastbound,B772,KIAD,BIKF,26:56:28.45,29:34:03.55,51.826907,-55.602602,40396.0,203915.24367408679,45
273766058,273766058,eastbound,B772,KJFK,BIKF,26:56:35.86,29:40:32.17,50.201086,-53.480369,37239.0,203270.89104049586,44
273766057,273766057,eastbound,B77W,TNCC,EHAM,26:58:15.83,33:19:25.56,26.295235,-52.979713,39279.0,280670.58793557895,93
273765773,273765773,eastbound,B78X,KORD,EDDF,26:59:03.85,31:51:43.87,52.41777,-55.537512,38791.0,215695.55076516303,77
273766472,273766472,eastbound,A333,KBOS,EIDW,26:59:14.53,30:55:15.71,49.333011,-52.875718,38581.0,191219.12518200683,62
273766121,273766121,eastbound,B772,KDTW,BIKF,26:59:50.75,29:32:02.70,55.998269,-60.674245,40364.0,203773.77700038042,45
273765132,273765132,eastbound,A339,KSLC,EHAM,27:00:02.73,31:53:44.90,55.459778,-58.597245,39069.0,204521.0375905175,66
273766315,273766315,eastbound,B772,CYUL,LFPG,27:00:54.33,31:38:08.95,50.510426,-54.410812,39038.0,217765.25914444277,79
273766111,273766111,eastbound,B763,KJFK,LKPR,27:02:23.59,32:03:58.51,49.013095,-53.026704,38510.0,157123.97046056052,81
273766142,273766142,eastbound,B77W,CYYZ,LEBL,27:02:29.59,31:42:27.04,49.942436,-54.136228,39359.0,269990.284048466,80
273766120,273766120,eastbound,B772,KBWI,BIKF,27:02:38.24,29:44:34.94,50.066559,-53.060206,37930.0,202871.09022712472,45
273765405,273765405,eastbound,A343,CYYC,LSZH,27:02:59.58,32:25:16.22,60.661839,-63.884765,37964.0,214882.66375768837,71
273766352,273766352,eastbound,A333,KBOS,EIDW,27:03:00.82,30:54:51.40,49.427873,-52.980701,38495.0,191169.68387126643,63
273764470,273764470,eastbound,B77W,KLAX,EGLL,27:03:59.50,31:22:57.77,55.402958,-59.042415,38688.0,264865.65234587464,57
273767103,273767103,eastbound,B772,CYYT,EGKK,27:04:10.00,31:10:28.03,49.581111,-51.439444,39793.0,215388.0,73
273766044,273766044,eastbound,A333,KJFK,LGAV,27:04:59.98,32:00:05.94,48.378913,-52.551123,38925.0,189964.69464597097,65
273766219,273766219,eastbound,B764,KJFK,LSGG,27:06:20.66,32:05:11.37,50.134403,-53.648597,35332.0,172956.6425084148,80
273766106,273766106,eastbound,A333,KEWR,LFMN,27:06:58.12,32:11:14.81,49.090604,-52.837136,38764.0,189837.52690436938,80
273765968,273765968,eastbound,A339,KJFK,EHAM,27:07:54.29,31:56:49.85,48.787371,-53.072632,39199.0,200705.05158501238,79
273766257,273766257,eastbound,B77W,KJFK,EDDF,27:08:14.13,31:54:04.48,49.41626,-52.923134,38481.0,269886.58722576866,82
273766645,273766645,eastbound,B744,KBWI,ETAR,27:08:15.84,31:52:14.61,49.785132,-53.731708,36411.0,300619.0284488067,83
273765545,273765545,eastbound,B78X,KORD,EBBR,27:09:11.44,31:45:19.16,52.468123,-55.771607,38810.0,215753.83998470314,77
273765439,273765439,eastbound,B77W,KDFW,EGLL,27:10:20.03,31:17:09.38,51.717017,-54.221312,39304.0,263544.0679666422,60
273765359,273765359,eastbound,B788,KDFW,EHAM,27:10:33.08,31:44:18.21,52.003105,-54.456667,42140.0,160732.6820928216,65
273766467,273766467,westbound,A333,EDDP,KJFK,27:11:12.68,32:59:05.39,50.172681,-6.636673,38820.0,191954.75849610916,93
273766037,273766037,eastbound,A343,KDTW,EDDF,27:13:03.97,32:23:25.14,50.032717,-53.971315,37639.0,210006.38658661707,79
273765840,273765840,eastbound,B752,KORD,EGPH,27:14:26.95,31:13:26.52,52.916257,-55.976948,36801.0,88487.74502899488,62
273766168,273766168,eastbound,A333,KIAD,EIDW,27:14:27.59,31:13:20.57,48.747084,-53.135974,38782.0,188515.0010840239,64
273765645,273765645,eastbound,B788,KPHL,LEBL,27:14:43.47,31:54:34.03,48.08293,-52.400891,42253.0,168282.84015034483,78
273766189,273766189,eastbound,A333,KDTW,EHAM,27:15:15.29,32:01:53.03,51.203801,-54.637847,38867.0,187849.27009237368,77
273766040,273766040,eastbound,A333,CYUL,LSGG,27:15:32.47,32:22:41.64,50.327995,-54.277365,38386.0,191544.69513000752,81
273766384,273766384,eastbound,B763,KBOS,EGPH,27:15:36.79,31:13:33.22,49.247412,-53.319573,38528.0,149440.84778177238,64
273766138,273766138,eastbound,B789,CYYZ,EIDW,27:15:44.37,31:16:19.55,51.347786,-54.525151,39636.0,183428.92521952713,63
273765861,273765861,eastbound,B789,KORD,EGLL,27:16:37.19,31:42:36.82,52.831661,-55.813679,39662.0,185165.06208408822,74
273766165,273766165,eastbound,B77W,CYYZ,LIRF,27:17:41.24,31:51:58.09,50.51438,-53.054024,38864.0,275196.0114330425,71
273766186,273766186,eastbound,A359,KJFK,LEMD,27:17:46.94,31:57:14.34,48.265951,-52.825542,39995.0,221221.02642486556,78
273766090,273766090,eastbound,B772,KRDU,BIKF,27:20:47.97,30:02:23.33,49.85851,-52.791213,38458.0,202631.9356752231,45
273766108,273766108,eastbound,A333,CYUL,LFLL,27:20:56.50,32:24:12.32,50.618717,-53.89274,38406.0,191335.22217366425,80
273766262,273766262,eastbound,B772,TLPL,EGKK,27:21:01.12,33:04:32.75,25.967089,-49.706231,38773.0,225618.69570746142,98
273766076,273766076,eastbound,B752,KORD,BIKF,27:21:06.00,29:55:10.75,58.296508,-62.345673,39621.0,84177.34517128013,47
273765542,273765542,eastbound,A333,CYYC,EDDF,27:21:13.46,32:53:27.46,60.556676,-64.37118,39713.0,184447.09787368288,76
273766192,273766192,eastbound,A333,KIAD,LSZH,27:21:22.70,32:27:49.43,48.921387,-52.845559,38839.0,188375.68957056603,79
273766266,273766266,eastbound,B77W,KJFK,EGLL,27:22:16.25,31:32:50.37,49.004947,-53.204715,38836.0,264008.1203910344,72
273766212,273766212,eastbound,B77W,CYYZ,EHAM,27:22:31.02,31:56:27.63,50.418997,-54.345494,38784.0,266000.5328671371,78
273766304,273766304,eastbound,B753,CYYZ,BIKF,27:22:32.29,30:01:47.56,55.241708,-59.122629,37487.0,102117.90647936496,46
273766500,273766500,eastbound,A333,CYUL,LFMN,27:23:27.13,32:28:25.17,50.346749,-54.106114,38393.0,191489.19478693014,80
273766385,273766385,eastbound,B789,KPHL,LFMN,27:25:09.20,32:13:44.93,48.551014,-52.783982,40133.0,191509.91729449134,80
273765662,273765662,eastbound,A339,CYEG,EDDF,27:25:44.14,32:58:28.30,60.931826,-64.730708,39335.0,205194.8132897725,77
273766558,273766558,eastbound,B772,CYHZ,EGPH,27:25:50.52,31:25:15.01,50.102355,-53.395394,36517.0,212943.74865238994,68
273765570,273765570,eastbound,B78X,SKCG,EHAM,27:26:34.97,33:32:01.28,37.455614,-60.824511,39844.0,212934.91805306138,79
273766284,273766284,eastbound,A359,TNCC,EHAM,27:27:34.30,34:02:37.57,26.427016,-54.476405,39227.0,234032.8036245426,95
273765508,273765508,eastbound,B763,KEWR,EGLL,27:27:39.24,31:52:17.36,48.798934,-52.828211,39333.0,151637.02175560765,71
273766590,273766590,eastbound,A388,KBOS,EDDM,27:28:01.56,32:20:30.98,49.155452,-53.127177,38791.0,453066.98781783535,83
273766211,273766211,eastbound,A333,KIAD,LEMD,27:28:44.23,32:17:50.52,48.652252,-52.455051,39036.0,188391.03265643964,77
273766006,273766006,eastbound,B77W,KORD,LSZH,27:29:18.18,32:17:24.40,52.619592,-55.633205,38586.0,270734.45174458384,74
273766003,273766003,eastbound,B763,KEWR,EGLL,27:31:34.78,31:53:30.58,49.176318,-53.00496,38798.0,151829.4160151823,72
273766109,273766109,eastbound,B788,CYUL,LEMD,27:34:23.87,32:09:02.06,49.98712,-53.387165,42442.0,168170.47767640793,79
273766197,273766197,eastbound,B789,CYYZ,EGLL,27:34:25.19,31:53:52.51,50.255077,-54.024238,40953.0,186539.4591501086,73
273766382,273766382,eastbound,A339,KMIA,EDDF,27:34:41.01,34:26:00.52,37.756445,-62.590845,38761.0,211581.76655495714,92
273764969,273764969,eastbound,B772,KLAS,EGKK,27:35:55.82,32:01:36.96,55.375809,-58.61037,38551.0,212264.2465781434,60
273764874,273764874,eastbound,B772,KIAH,EHAM,27:35:58.14,32:09:29.34,51.659786,-54.026721,38734.0,215432.7189354922,63
273766275,273766275,eastbound,A333,KJFK,EIDW,27:36:01.54,31:33:27.91,48.812631,-52.871942,38630.0,189897.5028611425,63
273766353,273766353,eastbound,A333,KJFK,EIDW,27:36:37.63,31:34:37.09,48.838677,-53.00697,38577.0,190040.48437207434,62
273766423,273766423,eastbound,B78X,KJFK,EHAM,27:37:03.45,32:09:51.40,49.145724,-53.09004,38444.0,218959.3979575192,78
273766348,273766348,eastbound,A333,KBOS,EGLL,27:37:09.00,32:05:37.64,49.070413,-53.302351,38358.0,191341.4957519572,73
273766524,273766524,eastbound,A332,CYUL,LFPG,27:37:47.33,32:25:11.85,50.53065,-54.091205,39654.0,192580.99369107286,79
273766550,273766550,eastbound,B789,KPHL,EKCH,27:38:21.06,32:50:58.99,48.974715,-53.011008,38720.0,191191.06718351634,86
273766355,273766355,eastbound,B772,KMIA,EGLL,27:38:27.19,33:25:04.72,37.773735,-62.628973,38506.0,224298.80257481014,90
273766340,273766340,eastbound,B788,KPHL,LFPG,27:39:01.84,32:17:01.52,48.558237,-52.981329,42394.0,167133.9285164006,79
273767063,273767063,westbound,B763,EGNX,KPHL,27:40:17.70,32:59:48.97,51.935092,-13.551697,40302.0,155974.16824066814,86
273766074,273766074,eastbound,B763,KEWR,BIKF,27:40:22.41,30:29:09.06,50.026863,-53.31802,37788.0,143789.2115295958,46
273766274,273766274,eastbound,A333,KJFK,EGLL,27:41:30.56,32:08:58.49,48.814748,-52.958208,38598.0,189926.7320189214,72
273766256,273766256,eastbound,A333,KRSW,EDDF,27:41:47.68,34:31:16.73,37.989658,-62.425594,39296.0,188099.16815968146,89
273766954,273766954,westbound,B748,EDDK,KPHL,27:41:48.66,33:15:24.88,49.800249,-6.465941,37250.0,377399.5496521907,96
273765768,273765768,eastbound,B789,KDEN,EGLL,27:42:41.42,32:19:15.62,55.618945,-59.544754,39903.0,182467.22480958566,69
273766254,273766254,eastbound,A333,CYYZ,EDDF,27:43:04.82,32:49:39.96,50.160541,-53.744155,38648.0,189320.08442421767,81
273766082,273766082,eastbound,A333,KJFK,LSZH,27:43:16.57,32:49:27.86,48.821305,-52.961856,38597.0,189931.08639695644,81
273766523,273766523,eastbound,A333,CYUL,LPPT,27:43:23.72,32:10:05.85,49.211394,-52.893586,38558.0,191250.47180381036,75
273765961,273765961,eastbound,B772,KATL,LFPG,27:43:55.33,32:15:19.86,49.050942,-52.475966,39132.0,215427.58042726337,70
273766437,273766437,eastbound,A333,CYUL,LFPG,27:44:17.17,32:32:51.80,50.379092,-53.759089,38371.0,191377.7904140694,78
273766371,273766371,eastbound,A333,CYYZ,LFPG,27:46:44.63,32:37:13.31,50.002197,-53.943335,38678.0,189278.42059858036,78
273765926,273765926,eastbound,A339,KATL,LIRF,27:47:23.70,32:45:50.31,48.999625,-52.177827,39255.0,209127.591297106,62
273765728,273765728,eastbound,A359,KATL,LEBL,27:47:25.83,32:28:22.59,48.66348,-52.425137,39745.0,226724.64362935288,67
273766757,273766757,eastbound,A333,KBOS,LIRF,27:47:56.24,32:51:36.95,48.787402,-53.124426,38528.0,191360.14350340166,81
273764750,273764750,eastbound,B748,KSFO,EDDF,27:48:43.72,32:37:55.71,55.181391,-58.207284,37607.0,365800.7624153617,59
273766229,273766229,eastbound,B752,KMSP,BIKF,27:49:27.49,30:22:14.09,60.049869,-64.150744,39600.0,84108.86067545337,48
273764923,273764923,eastbound,B772,KSFO,EHAM,27:49:55.90,32:31:52.41,55.485068,-58.875073,38550.0,212734.67210152082,60
273766184,273766184,eastbound,B763,KJFK,LPPT,27:50:12.82,32:08:28.37,46.897518,-52.832768,40285.0,151640.92070190617,73
273766178,273766178,eastbound,A339,KMSP,EDDF,27:52:03.44,33:01:08.87,54.407143,-57.561014,38959.0,204531.0344006173,77
273766990,273766990,eastbound,B77L,TJBQ,EHAM,27:52:46.42,34:22:27.95,30.335417,-60.725493,41685.0,250005.54840189317,106
273766511,273766511,eastbound,B77W,KJFK,EGLL,27:53:35.20,32:02:18.33,48.984564,-52.679755,38663.0,263028.9415253078,72
273765039,273765039,eastbound,B772,KLAX,LOWW,27:54:11.20,32:50:53.95,55.163028,-58.14832,37797.0,221094.46969809587,55
273766448,273766448,eastbound,B788,KBWI,EGLL,27:55:19.74,32:09:32.00,48.769332,-52.469925,42553.0,164612.29891122415,71
273765850,273765850,eastbound,B744,CYVR,EDDF,27:55:30.77,32:59:43.64,61.341168,-64.385546,38544.0,296837.87491540454,72
273766357,273766357,eastbound,A346,KEWR,EDDM,27:56:41.14,32:48:03.63,49.022319,-53.185412,38664.0,283700.89046790136,82
273765491,273765491,eastbound,A339,KPDX,EDDF,27:57:01.70,33:28:24.24,60.31986,-64.315738,39638.0,207242.874178436,68
273766322,273766322,eastbound,A339,KJFK,EGLL,27:57:49.64,32:24:34.19,48.955049,-52.977743,39600.0,198516.99032203527,72
273765272,273765272,eastbound,B772,SPJC,EHAM,27:59:42.07,34:10:04.07,26.082324,-50.084142,38869.0,223455.83782113987,67
273765689,273765689,eastbound,A332,KSLC,EGLL,28:02:00.99,32:35:13.88,55.491531,-58.60756,39068.0,196165.91473762126,64
273766199,273766199,eastbound,B772,KEWR,LIRF,28:02:38.91,32:46:25.75,49.11316,-52.487006,38567.0,224650.24295350016,75
273765779,273765779,eastbound,B772,KDFW,LIRF,28:02:57.31,32:40:49.18,50.161501,-54.02582,38479.0,222957.2133209267,56
273764966,273764966,eastbound,B77W,KSFO,LFPG,28:03:42.63,32:42:49.19,55.530892,-58.575299,38527.0,266437.4827526901,59
273766204,273766204,eastbound,B763,KEWR,LIRN,28:03:56.57,32:58:30.94,48.510106,-52.938378,38667.0,160705.9167005459,77
273766519,273766519,eastbound,A333,CYUL,LPPT,28:04:30.66,32:29:54.36,49.435015,-52.672874,38582.0,191060.7926054305,74
273766049,273766049,eastbound,B763,KATL,LIPZ,28:04:37.38,32:58:27.03,49.197275,-52.345856,38485.0,159134.70675908338,63
273766364,273766364,eastbound,A332,CYYZ,LDZA,28:04:51.02,33:08:48.42,49.962235,-53.397064,38913.0,200240.29645446053,73
273766724,273766724,eastbound,A35K,KMCO,EGPH,28:05:02.61,33:59:02.50,40.036037,-68.226186,38787.0,259213.18903338228,92
273766499,273766499,eastbound,B789,CYYZ,EGLL,28:05:58.12,32:25:38.45,50.269054,-54.114056,40952.0,186534.68640471276,73
273766537,273766537,eastbound,B763,KJFK,EIDW,28:06:24.69,31:57:36.81,48.781468,-53.214504,38968.0,149184.8201627371,62
273766763,273766763,eastbound,A333,CYUL,EGKK,28:06:47.13,32:34:50.47,49.989359,-53.404966,38321.0,191293.2040314515,71
273766728,273766728,eastbound,B772,MYNN,EGLL,28:07:00.66,33:58:37.45,37.355643,-62.613968,38341.0,225114.82422888515,94
273766265,273766265,eastbound,A333,KJFK,EHAM,28:07:59.44,32:54:21.44,49.102713,-52.83722,38584.0,189774.13149546023,77
273765137,273765137,eastbound,B748,KLAX,EDDF,28:08:34.57,32:57:47.11,55.04325,-58.209542,37539.0,365666.99100465525,59
273766214,273766214,eastbound,B77W,CYYZ,LFPG,28:08:35.97,32:39:40.92,50.243068,-53.940611,39443.0,266756.40342327376,78
273766526,273766526,eastbound,A339,KJFK,LIRF,28:09:33.22,33:10:00.93,48.797888,-52.310551,39064.0,206840.05084651994,76
273765269,273765269,eastbound,B789,KLAX,ENGM,28:10:27.44,32:40:42.15,59.364987,-63.957556,41074.0,179312.30615661532,64
273765164,273765164,eastbound,B77W,KLAX,LFPG,28:11:40.93,32:51:38.43,55.34123,-58.775788,38386.0,268962.6379310689,60
273766240,273766240,eastbound,B772,KMSP,LFPG,28:12:05.37,32:54:27.94,54.488883,-57.482063,38210.0,216839.55820447634,79
273766007,273766007,eastbound,B752,KEWR,EGPH,28:12:44.90,32:11:47.90,49.563976,-53.393626,36909.0,88702.72225609141,65
273765289,273765289,eastbound,A388,KSFO,EGLL,28:15:52.77,32:40:43.06,55.606195,-59.133554,38791.0,472886.7189398802,58
273765845,273765845,eastbound,A343,CYVR,LSZH,28:16:01.55,33:41:10.38,60.759031,-64.699867,37972.0,216612.30717729908,66
273766606,273766606,eastbound,B763,KJFK,LEBL,28:16:17.48,33:02:37.81,48.552893,-52.561129,39020.0,155059.227002872,78
273766414,273766414,eastbound,B78X,KEWR,EGLL,28:21:01.07,32:29:48.96,49.106229,-52.73138,38514.0,218965.48501089885,72
273766833,273766833,eastbound,A333,KBOS,EHAM,28:22:30.13,33:08:04.17,49.148556,-52.78703,38345.0,191198.72830765534,76
273765718,273765718,eastbound,B772,KIAH,EDDF,28:23:01.94,33:17:14.97,51.083515,-54.263875,38640.0,218484.77323512346,64
273766183,273766183,eastbound,B789,CYYC,LIRF,28:23:28.75,33:40:49.68,60.565979,-64.355839,40269.0,192965.8398141814,67
273765880,273765880,eastbound,B772,KDFW,EIDW,28:23:42.54,32:11:18.88,51.584422,-54.116459,38903.0,208830.70744031304,57
273766350,273766350,eastbound,A333,KMSP,EHAM,28:25:28.48,33:16:48.57,54.52279,-57.619957,38806.0,186326.4587702079,78
273766441,273766441,eastbound,A333,KJFK,EGPH,28:25:33.86,32:29:21.68,49.030603,-52.865511,38573.0,189984.14463509302,66
273765443,273765443,eastbound,B77W,KLAX,EGLL,28:25:37.07,32:45:02.16,55.411861,-58.803888,38503.0,265877.8260451769,58
273766136,273766136,eastbound,A332,KJFK,LSZH,28:26:25.74,33:34:40.21,48.693152,-53.021873,38975.0,196302.6494680687,82
273766637,273766637,eastbound,A333,KBOS,LSZH,28:27:42.67,33:34:03.24,48.889095,-53.143139,38294.0,191367.33245748552,82
273766330,273766330,eastbound,A359,KDTW,LFPG,28:28:49.26,33:11:43.03,50.048252,-53.409485,39787.0,222778.73625374245,78
273765612,273765612,eastbound,B772,KLAS,EHAM,28:29:56.56,33:09:35.73,55.359133,-58.051771,38333.0,213219.9544246972,61
273767044,273767044,eastbound,A332,CYUL,LFML,28:30:01.68,33:26:02.25,50.324425,-54.066229,39408.0,195676.23873434533,81
273766760,273766760,eastbound,B772,KMIA,LFPG,28:30:05.74,34:36:13.10,37.612119,-62.43214,38266.0,226364.51927271637,92
273765644,273765644,eastbound,A35K,KAUS,EGLL,28:31:05.56,32:53:37.34,50.896094,-53.981903,38862.0,257572.91439533178,59
273766737,273766737,eastbound,B788,CYUL,EGLL,28:33:43.29,32:51:54.24,49.759976,-53.82728,42508.0,166425.5663973874,74
273766922,273766922,eastbound,B77W,KJFK,LIRF,28:35:46.79,33:16:47.47,48.511609,-52.903716,38326.0,275955.4727646584,78
273766527,273766527,eastbound,B77W,KJFK,LFPG,28:36:17.18,33:05:45.14,49.074068,-52.759416,38758.0,265413.60821879667,77
273765653,273765653,eastbound,B77W,SEGU,EHAM,28:36:19.74,34:38:51.82,37.535442,-60.822786,38774.0,277031.0456947382,67
273767093,273767093,eastbound,A339,KBOS,LPPT,28:36:24.82,32:53:48.98,46.830299,-52.682974,40234.0,197735.40996198214,75
273766963,273766963,eastbound,A333,TBPB,EGLL,28:36:52.36,34:36:52.49,26.112385,-48.890933,38948.0,190406.96687648716,97
273765567,273765567,eastbound,B772,SPJC,LFPG,28:37:03.11,34:25:47.50,26.019557,-48.636723,38988.0,222504.1979782036,65
273766765,273766765,eastbound,B763,KJFK,EGPH,28:37:06.56,32:33:06.69,49.207325,-52.831929,38437.0,149722.76955509718,63
273766627,273766627,eastbound,B789,KJFK,LOWW,28:37:15.03,33:45:13.09,48.950626,-53.19279,39020.0,194014.93873023862,79
273766002,273766002,eastbound,B789,KDEN,EDDF,28:37:29.80,33:46:49.40,55.540155,-58.430189,39809.0,185710.53382310772,71
273766602,273766602,eastbound,A333,KJFK,LFPG,28:38:02.58,33:27:58.57,48.908798,-53.018421,38460.0,189752.1520748016,78
273767163,273767163,eastbound,A333,KBOS,EGLL,28:38:53.79,33:07:20.38,48.943713,-53.23161,38276.0,191353.52854076747,73
273766635,273766635,eastbound,B763,KJFK,EGKK,28:38:56.98,33:01:40.64,48.914721,-52.517125,38515.0,151578.18572769815,73
273767048,273767048,eastbound,A332,CYUL,LFBD,28:41:05.18,33:21:50.35,50.198208,-53.804786,39802.0,192444.39991660538,79
273765757,273765757,eastbound,B789,KSEA,EGLL,28:41:15.85,33:26:06.71,61.197089,-65.129803,40128.0,182806.35356872558,68
273766920,273766920,eastbound,A332,CYYZ,EHAM,28:42:29.27,33:27:50.12,50.291006,-53.738456,39415.0,193379.28336010306,78
273766881,273766881,eastbound,A388,KJFK,LIMC,28:44:12.91,33:30:21.98,48.727075,-53.079124,38758.0,455215.06142867333,81
273766161,273766161,eastbound,B78X,KEWR,LPPT,28:44:15.72,32:51:04.85,46.796817,-52.942503,39745.0,219509.89322340488,74
273766983,273766983,eastbound,A339,KJFK,LPPT,28:44:26.53,33:01:48.52,46.714154,-52.737433,40245.0,198277.49543329928,74
273766740,273766740,eastbound,B763,KJFK,EKCH,28:44:46.39,33:53:30.68,48.998035,-53.25636,38178.0,155138.30840697393,84
273767512,273767512,eastbound,A333,TNCB,EHAM,28:44:50.00,35:36:03.79,26.41009,-54.137807,39191.0,188831.8396590249,95
273765868,273765868,eastbound,B77W,MPTO,EHAM,28:45:48.29,34:50:15.28,37.439687,-61.222263,38605.0,277010.13843799883,75
273766430,273766430,eastbound,B752,KMSP,BIKF,28:46:48.64,31:20:30.71,59.838352,-64.225056,39636.0,84160.9339597731,47
273766770,273766770,eastbound,A332,KJFK,LEMD,28:46:54.86,33:29:15.10,48.020696,-52.895042,39443.0,192737.9040419834,78
273766877,273766877,eastbound,B789,CYUL,EGLL,28:47:49.54,33:04:38.95,49.856892,-53.208392,40978.0,187275.26633384306,72
273765504,273765504,eastbound,B789,KLAX,EGLL,28:47:56.70,33:17:52.24,55.682789,-58.571989,39892.0,178206.26476085422,58
273766220,273766220,eastbound,B772,CYVR,EHAM,28:48:40.58,33:38:57.65,61.369958,-64.236077,38758.0,215997.3750853841,70
273766929,273766929,eastbound,B788,CYYZ,EPWA,28:48:40.92,33:55:16.21,50.47351,-54.201195,41699.0,171938.38944332415,80
273766455,273766455,eastbound,B764,KEWR,LFPG,28:49:12.27,33:33:34.07,49.623829,-53.223737,35424.0,170290.72796260635,77
273767330,273767330,eastbound,B772,KCLT,EGLL,28:49:29.20,34:43:15.30,40.99869,-68.023968,38855.0,226650.05541093447,102
273766839,273766839,eastbound,B764,KIAD,LPPT,28:51:28.12,33:07:45.08,47.700198,-52.331309,37574.0,168520.04093943132,73
273767017,273767017,eastbound,A359,KBOS,LFPG,28:52:11.52,33:32:08.91,48.918824,-52.738777,39632.0,220887.91143269336,79
273766891,273766891,eastbound,A332,CYYZ,LIRF,28:52:23.35,33:44:52.50,50.283805,-53.335095,39017.0,200386.45358110766,72
273766250,273766250,eastbound,B752,KDTW,BIKF,28:53:36.32,31:33:20.74,55.66007,-60.102322,40807.0,84612.30997712164,46
273766258,273766258,eastbound,B764,KATL,LFMN,28:53:57.27,33:50:01.84,49.730009,-53.203281,35547.0,173742.34944131444,65
273766321,273766321,eastbound,B789,CYYC,LEBL,28:54:10.01,34:04:33.17,60.322747,-63.642148,40684.0,190892.2173966981,72
273766732,273766732,eastbound,B78X,KPIT,EGLL,28:54:31.10,33:09:16.36,49.849854,-53.428447,38489.0,217058.14716997428,72
273767241,273767241,eastbound,F900,KTEB,EHAM,28:54:32.66,33:41:45.88,49.073893,-52.923877,38185.0,11843.003805142955,77
273766658,273766658,eastbound,A333,KEWR,LSZH,28:55:11.61,34:00:46.76,48.991057,-52.56872,38495.0,189754.8728650596,81
273766690,273766690,eastbound,B77W,KBOS,EGLL,28:55:23.26,33:06:03.86,49.0468,-53.251599,38815.0,263689.4952022108,73
273766789,273766789,eastbound,B772,KIAD,EDDF,28:55:26.87,33:50:49.87,48.911983,-52.804913,38485.0,219236.7390909201,81
273765576,273765576,eastbound,A359,KSFO,LFPO,28:55:55.11,33:50:14.84,55.658119,-58.581582,39323.0,229328.26863782512,60
273766948,273766948,eastbound,A333,CYUL,EHAM,28:56:20.39,33:41:30.87,50.516857,-53.817475,38394.0,191436.08337881297,77
273765505,273765505,eastbound,B789,MMMX,LFPG,28:57:47.69,33:35:23.30,50.692764,-53.658902,40775.0,179546.1887857937,55
273765242,273765242,eastbound,B772,KSFO,LFPG,28:58:35.56,33:43:02.62,55.699039,-58.872676,38623.0,214146.15985370922,60
273766594,273766594,eastbound,B77W,MMUN,LFPG,29:00:06.60,35:00:43.50,37.839396,-61.990637,38382.0,278018.19109199604,82
273766132,273766132,eastbound,A35K,KDEN,EGLL,29:02:53.14,33:36:40.79,54.695414,-58.182963,37926.0,256720.0575775196,67
273766945,273766945,eastbound,A35K,CYYZ,EGLL,29:04:02.35,33:27:35.96,50.239625,-53.761808,38943.0,250608.9236245133,72
273765952,273765952,eastbound,A339,KSEA,EDDF,29:06:25.65,34:34:32.95,60.838241,-64.054289,39616.0,206767.60245930642,69
273765517,273765517,eastbound,B77W,KSFO,EGLL,29:06:39.84,33:27:48.92,55.719485,-59.327592,38541.0,264457.8506039057,58
273766992,273766992,eastbound,B789,KPHL,EGLL,29:07:13.48,33:30:36.66,48.805093,-52.523182,39660.0,186153.55775678094,72
273766664,273766664,eastbound,B763,KEWR,EGLL,29:07:25.93,33:29:47.65,49.14434,-53.090534,38757.0,152081.31616986453,72
273767073,273767073,eastbound,B789,KMIA,EGLL,29:07:57.07,34:58:40.96,37.827509,-62.368595,40564.0,193634.9945288621,90
273765801,273765801,eastbound,B772,KPHX,EGLL,29:10:42.62,33:32:21.92,54.702012,-57.492661,38124.0,212070.77324420743,59
273766600,273766600,eastbound,B789,CYYC,LFPG,29:11:08.73,34:16:20.15,60.568589,-64.008354,39918.0,187425.51805175605,77
273767122,273767122,eastbound,B77W,KJFK,EGLL,29:15:09.50,33:25:19.24,48.767032,-52.954232,38422.0,263059.92970096803,72
273765415,273765415,eastbound,A339,KLAX,LIRF,29:15:29.81,34:23:59.10,53.449074,-56.204265,39476.0,203521.5362365971,52
273767546,273767546,eastbound,B772,KBOS,BIKF,29:15:55.91,32:02:52.80,49.75774,-53.093972,36621.0,203657.22576223328,45
273766791,273766791,eastbound,B788,KORD,LEBL,29:16:07.14,34:07:44.22,52.60496,-56.244823,42085.0,167906.93279159584,76
273766955,273766955,eastbound,A35K,KIAD,EGLL,29:16:57.95,33:42:47.11,48.676703,-53.003431,38667.0,251334.04386231638,72
273766958,273766958,eastbound,B752,KIAD,EGPH,29:17:34.22,33:17:27.86,49.330674,-53.158638,36709.0,88716.92652571636,64
273766790,273766790,eastbound,B763,KMSP,EIDW,29:17:42.54,33:14:25.50,54.647625,-58.120846,37838.0,150378.6806394067,67
273767047,273767047,eastbound,B77L,KORD,EDDF,29:17:48.30,34:08:21.77,52.958795,-55.879108,40917.0,237988.37172079898,78
273767484,273767484,eastbound,A332,CYUL,DAAG,29:18:42.41,34:04:52.88,49.528409,-53.275746,39336.0,197349.72971323947,78
273766872,273766872,eastbound,A339,KJFK,EPWA,29:18:52.22,34:34:24.26,49.206997,-52.714607,38711.0,206581.94846525995,79
273766296,273766296,eastbound,B789,MPTO,LFPG,29:18:52.72,35:20:47.73,37.950967,-60.876719,39958.0,190370.61957840354,77
273767251,273767251,eastbound,B772,CYYZ,BIKF,29:21:34.42,31:50:51.20,55.672268,-59.348027,40420.0,203682.15708484102,45
273766818,273766818,eastbound,B772,CYYZ,EIDW,29:22:25.74,33:06:00.22,50.752432,-54.53728,39404.0,211438.0495357524,63
273767505,273767505,eastbound,B772,CYUL,BIKF,29:22:54.38,31:55:26.33,54.982976,-59.164803,40456.0,204264.9039384123,46
273767624,273767624,eastbound,A333,CYUL,LEMD,29:23:22.62,34:16:09.76,49.404176,-53.165553,38413.0,191314.50573363656,78
273766139,273766139,eastbound,A388,KDFW,EGLL,29:24:05.46,33:40:41.90,54.004809,-56.216872,38680.0,463040.28299967124,63
273765849,273765849,eastbound,B789,KLAX,EHAM,29:24:32.40,34:15:47.66,55.645571,-59.344091,39894.0,179705.30397087432,61
273766878,273766878,eastbound,A333,KMSP,EHAM,29:27:10.93,34:21:11.56,54.570956,-58.176213,38914.0,186342.55890570712,79
273766586,273766586,eastbound,B788,KORD,LFPG,29:27:56.24,34:07:07.95,52.749842,-56.011067,42322.0,165364.01797132005,79
273767399,273767399,eastbound,B77W,KJFK,LFPG,29:28:05.73,33:57:54.33,48.973008,-52.780573,38386.0,266549.89817483217,78
273767340,273767340,eastbound,B772,KJFK,BIKF,29:28:24.61,32:06:35.07,51.339389,-54.972608,40396.0,204535.66559676107,45
273767179,273767179,eastbound,A333,KJFK,EFHK,29:28:32.27,35:02:05.99,49.384099,-52.385709,38399.0,189547.69218113672,86
273767705,273767705,eastbound,A333,CYUL,LEBL,29:29:11.31,34:25:16.97,49.962029,-53.518547,38497.0,191387.6966947875,79
273767077,273767077,eastbound,B763,KIAD,LFPG,29:29:12.02,34:11:27.91,48.845212,-52.687062,38214.0,153497.52448738288,77
273766923,273766923,eastbound,A333,KTPA,EGLL,29:29:27.70,35:45:26.50,40.224945,-68.046986,39170.0,189718.58230285332,92
273767141,273767141,eastbound,A333,CYYZ,LPPT,29:30:15.44,33:51:05.49,48.834776,-52.505331,38778.0,188835.186537169,75
273767394,273767394,eastbound,B772,KJFK,EGLL,29:31:42.40,33:44:09.20,48.823219,-52.757315,38940.0,214673.81652362878,72
273767072,273767072,eastbound,B752,KEWR,EBBR,29:31:43.56,34:18:12.10,49.126737,-53.301552,36607.0,91676.14319765817,78
273767090,273767090,eastbound,A388,KIAD,EGLL,29:32:53.45,33:44:30.88,48.709006,-52.684136,39082.0,446169.9630862334,72
273765766,273765766,eastbound,B772,KSFO,LIRF,29:32:55.68,34:18:21.61,53.411289,-55.751296,38430.0,221291.15807133354,52
273766562,273766562,eastbound,B789,KORD,LIPZ,29:34:30.89,34:23:49.28,52.779074,-55.109044,40406.0,191298.08678087557,70
273766697,273766697,eastbound,A332,KATL,EGLL,29:34:35.25,33:56:55.33,48.684883,-52.138245,39636.0,193606.98313744183,68
273766817,273766817,eastbound,B772,CYYZ,EGPH,29:35:34.17,33:27:04.66,51.265739,-54.379944,38881.0,211502.65464480457,65
273767130,273767130,eastbound,B789,KEWR,EPWA,29:35:58.04,34:49:07.35,49.324126,-52.459582,38395.0,193530.64808336238,80
273766624,273766624,eastbound,B752,KEWR,EIDW,29:36:14.21,33:34:43.73,48.865357,-53.055827,37262.0,88507.80831542473,63
273766993,273766993,eastbound,B77L,KMIA,EBBR,29:36:24.40,35:39:14.34,38.078761,-62.49269,41585.0,245977.1892802444,91
273767276,273767276,eastbound,B763,KEWR,EGLL,29:36:28.48,34:02:38.57,48.692495,-53.044989,38394.0,151745.9970760798,73
273767612,273767612,eastbound,A332,CYUL,LFLL,29:37:04.32,34:31:39.00,50.048148,-53.81923,39545.0,194768.9911976697,81
273766907,273766907,eastbound,B763,KIAD,LIRF,29:37:39.34,34:27:30.65,48.875862,-52.36007,38219.0,159187.90429101177,70
273766903,273766903,eastbound,B752,KORD,EIDW,29:37:51.65,33:29:45.77,53.032654,-56.003342,37644.0,88292.11181758578,63
273767142,273767142,eastbound,A333,KEWR,LPPR,29:38:01.66,33:53:29.04,47.466044,-52.805733,38832.0,190173.4474684968,72
273767379,273767379,eastbound,B772,KIAD,BIKF,29:42:08.94,32:19:26.29,51.721771,-55.332318,40402.0,203803.00279318722,44
273767004,273767004,eastbound,B788,KORD,LIMC,29:43:32.26,34:31:39.46,52.86646,-55.946954,42016.0,168508.45796113036,73
273767204,273767204,eastbound,A35K,KJFK,EGLL,29:44:22.36,34:07:28.99,49.085087,-52.70987,38813.0,249849.0867577168,72
273766391,273766391,eastbound,A339,KSEA,EHAM,29:45:16.67,34:53:34.04,60.755163,-64.672547,39651.0,204574.53704511852,69
273767589,273767589,eastbound,A333,KJFK,LEBL,29:47:11.04,34:46:45.74,48.587091,-52.660729,38370.0,189940.00990230078,79
273766813,273766813,eastbound,B789,CYYC,EGLL,29:48:15.72,34:28:00.36,61.399153,-65.945057,41170.0,185106.57391000146,75
273765925,273765925,eastbound,B789,KLAX,EGLL,29:48:17.44,34:21:52.58,55.668215,-59.157581,39981.0,178626.06901314945,59
273766902,273766902,eastbound,A388,KIAD,EDDM,29:48:24.66,34:42:40.15,48.926759,-52.714991,38320.0,459507.29130343744,77
273766462,273766462,eastbound,A359,KATL,EIDW,29:50:38.58,33:40:01.12,48.849886,-53.262656,40275.0,219739.8390306168,61
273766921,273766921,eastbound,A359,KORD,EDDM,29:50:48.40,34:55:04.07,52.63695,-55.870252,39345.0,228109.14030396464,74
273766021,273766021,eastbound,B789,KDFW,LEBL,29:51:10.23,34:27:04.36,50.315189,-53.657746,40808.0,185062.59074431445,60
273766959,273766959,eastbound,A333,KORD,EFHK,29:52:33.84,35:11:32.24,57.603398,-61.834705,39292.0,187293.8763514987,83
273766494,273766494,eastbound,B748,KORD,ELLX,29:53:37.25,34:30:39.47,52.838732,-55.751301,37417.0,370807.9052255644,78
273767297,273767297,eastbound,A339,CYYZ,EDDF,29:53:53.12,34:58:24.80,50.20515,-54.103521,39419.0,203135.05166849776,81
273767334,273767334,eastbound,B752,KEWR,EINN,29:54:21.66,33:37:58.54,48.753748,-53.132419,37333.0,87979.46646684676,60
273766742,273766742,eastbound,B789,CYYC,EIDW,29:55:41.22,33:58:16.79,62.007906,-65.766374,41378.0,182917.05469244331,71
273767470,273767470,eastbound,B77W,CYYZ,LFPG,29:56:52.85,34:26:23.36,50.259434,-53.867148,39559.0,266228.5821097714,77
273766174,273766174,eastbound,A346,KSEA,EDDF,29:57:12.00,35:03:57.41,61.107688,-64.446635,38508.0,291684.32066826767,67
273765454,273765454,eastbound,A339,KSFO,LPPT,29:57:40.17,34:18:40.27,49.853568,-53.233582,40004.0,202651.4438947376,57
273765891,273765891,eastbound,A339,KSFO,EDDF,29:59:44.05,35:14:57.09,55.768067,-59.665125,39382.0,204504.21795899238,59
273767551,273767551,eastbound,A339,KJFK,EGLL,29:59:44.80,34:28:18.77,48.659225,-52.324935,39638.0,198693.4140613261,73
273765932,273765932,eastbound,B789,KSFO,EGLL,29:59:54.92,34:32:38.09,55.72613,-59.378928,40199.0,178110.29041486848,59
273766950,273766950,eastbound,B763,KORD,EGLL,30:00:33.22,34:21:46.53,52.682402,-55.681612,38875.0,152685.3947349767,72
273767033,273767033,eastbound,B789,CYYC,EGLL,30:01:19.87,34:41:35.00,61.116454,-65.776661,41128.0,186072.54597587042,76
273766419,273766419,eastbound,A339,KSEA,LFPG,30:03:39.73,35:14:35.04,60.776408,-64.214352,39821.0,205787.91847488753,69
273766426,273766426,eastbound,A333,KATL,EHAM,30:04:27.72,34:45:59.52,49.361818,-52.190116,39232.0,184263.37280683152,68
273765991,273765991,eastbound,B77W,KLAX,EGLL,30:04:50.70,34:20:34.90,54.92362,-57.475122,38241.0,263556.74184557097,56
273765924,273765924,eastbound,A339,KLAX,LFPG,30:05:20.92,35:02:01.39,55.753521,-58.724786,39855.0,204200.22002123695,60
273766855,273766855,eastbound,B752,KIAD,EIDW,30:06:07.24,33:54:59.30,49.157962,-53.028832,36671.0,88189.0520588491,62
273766294,273766294,eastbound,B772,MROC,LFPG,30:07:03.43,36:09:44.03,37.520706,-61.757055,38153.0,224076.83700714243,75
273766974,273766974,eastbound,B77W,KATL,EHAM,30:07:12.84,34:36:09.99,49.298388,-52.302186,37923.0,265979.0031303435,69
273765814,273765814,eastbound,B789,MMMX,LEMD,30:09:03.38,34:42:05.71,49.595976,-53.204332,41024.0,178969.37217293258,55
273766850,273766850,eastbound,B752,KORD,BIKF,30:09:26.93,32:43:17.49,57.958254,-61.798116,40743.0,84162.52248338726,45
273767496,273767496,eastbound,B763,KMIA,EHAM,30:11:56.95,36:27:48.15,38.012651,-61.832345,39027.0,160921.33863581967,90
273765665,273765665,eastbound,A359,KLAX,EKCH,30:12:47.43,35:30:07.29,55.210449,-58.427603,38914.0,229539.0804356064,63
273767626,273767626,eastbound,A333,CYYZ,LPFR,30:13:12.46,34:51:34.66,48.536951,-52.924763,38714.0,189065.18319623702,77
273767924,273767924,eastbound,A333,KJFK,EGLL,30:13:57.70,34:39:59.47,48.856,-52.747516,38321.0,189946.69974207418,72
273766933,273766933,eastbound,B78X,KORD,EGLL,30:14:22.21,34:24:18.62,52.47653,-55.474366,39273.0,215789.5094422393,72
273767784,273767784,eastbound,A333,CYYZ,LPPT,30:16:28.10,34:37:19.31,48.360236,-52.739745,38749.0,189047.18497016394,74
273767376,273767376,eastbound,B772,KORD,BIKF,30:18:32.69,32:45:02.97,58.693468,-62.601155,40315.0,202743.95712448703,46
273767053,273767053,eastbound,B772,KATL,EGLL,30:18:40.17,34:31:49.45,48.537072,-53.030225,38883.0,213628.23921025882,68
273767883,273767883,eastbound,B752,KEWR,EGPH,30:18:42.71,34:26:34.91,49.147942,-53.100779,36973.0,88959.82560556824,68
273766124,273766124,eastbound,B772,KSFO,LEBL,30:18:52.78,35:03:36.26,53.778822,-56.897188,38700.0,217781.89303784553,55
273766020,273766020,eastbound,B772,KSAN,EGLL,30:19:41.39,34:34:46.50,54.854238,-57.412941,39280.0,212060.51949297148,57
273766153,273766153,eastbound,B77L,MMMX,LEBL,30:20:46.49,34:59:46.17,49.931453,-53.829953,42080.0,237478.1158517779,52
273766967,273766967,eastbound,B772,KBNA,EGLL,30:21:46.42,34:39:27.93,49.298432,-53.370283,38862.0,213508.34332475197,69
273767038,273767038,eastbound,B789,KORD,EPWA,30:24:02.12,35:34:37.07,53.202135,-56.045894,39692.0,191522.1594786261,74
273766017,273766017,eastbound,A359,KSAN,EDDM,30:24:13.40,35:36:10.49,54.872905,-58.343145,39270.0,233855.0105935471,57
273767887,273767887,eastbound,A333,CYYZ,EIDW,30:24:58.77,34:23:20.51,49.558703,-53.822034,38775.0,189259.28909738304,63
273766703,273766703,eastbound,A332,KORD,EIDW,30:25:19.20,34:17:18.83,52.617506,-55.383307,40468.0,190046.62557893927,63
273766879,273766879,eastbound,B789,KDEN,EDDM,30:25:57.72,35:31:54.63,55.461565,-58.804738,39866.0,187469.6984457019,67
273767633,273767633,eastbound,B77W,CYYZ,EGLL,30:27:56.36,34:36:06.20,50.310634,-53.883357,39685.0,263359.83259624045,71
273767856,273767856,eastbound,B789,KJFK,EDDB,30:29:13.79,35:39:51.41,48.957702,-52.943471,38221.0,191460.59202017766,84
273767463,273767463,eastbound,A339,MKJS,EDDF,30:31:59.46,37:12:29.03,37.836328,-61.029872,38472.0,211930.04341930067,85
273768147,273768147,eastbound,A359,KEWR,LFPO,30:32:30.43,35:10:35.11,48.365848,-52.190166,40191.0,221648.76163621192,78
273767595,273767595,eastbound,B763,KMIA,EHAM,30:35:09.51,36:51:50.29,37.89179,-61.803163,38852.0,160468.6057353729,89
273766474,273766474,eastbound,B772,KIAH,EGLL,30:37:03.56,34:53:10.03,50.846864,-53.85061,38754.0,213475.33702689287,61
273766677,273766677,eastbound,A359,KSEA,EDDM,30:41:59.09,36:00:28.38,60.216765,-63.675537,39784.0,230839.49937316575,65
273766659,273766659,eastbound,B789,KIAH,EGLL,30:42:52.31,34:56:22.60,50.731048,-53.269903,40937.0,180557.57990629404,60
273769127,273769127,eastbound,A343,KBOS,EDDF,30:43:35.96,35:51:11.27,49.098112,-53.144677,37510.0,207622.9080217667,82
273768797,273768797,eastbound,B789,KJFK,LIRF,30:43:58.16,35:32:31.96,47.870827,-52.619841,40588.0,194859.8231128076,77
273766159,273766159,eastbound,A333,KSFO,EKCH,30:44:27.00,36:01:04.89,57.535711,-61.124397,40584.0,176893.50269390544,65
273766899,273766899,eastbound,B789,KDEN,EGLL,30:45:50.45,35:14:45.50,55.352267,-58.853934,40959.0,182635.63536872738,69
273772260,273772260,westbound,A333,EGLL,KJFK,30:46:36.85,36:44:47.75,51.028052,-6.173522,38099.0,196466.1770282841,95
273766730,273766730,eastbound,A343,MROC,EDDF,30:47:53.59,37:34:49.58,37.384653,-61.597462,37066.0,224494.9014513042,75
273767628,273767628,eastbound,B752,KEWR,BIKF,30:48:30.77,33:40:00.34,49.527991,-53.025655,36137.0,84181.22435563325,47
273767456,273767456,eastbound,A339,MUVR,EDDF,30:49:16.77,37:31:32.65,37.798398,-61.4818,38585.0,211710.96000838254,86
273766991,273766991,eastbound,A333,KATL,LFPG,30:50:48.82,35:35:34.44,49.045231,-52.256553,39460.0,184376.70597183288,70
273766365,273766365,eastbound,B77W,KLAX,EGLL,30:53:13.87,35:12:08.44,54.973429,-58.431075,38357.0,264287.2049550081,57
273768839,273768839,eastbound,B789,KJFK,LFPG,30:53:44.01,35:36:15.75,48.42919,-52.317214,40546.0,188563.28765263446,79
273767845,273767845,eastbound,B77W,KEWR,LGAV,30:55:55.94,35:30:51.33,48.570122,-52.546638,37291.0,284724.4785730341,64
273767228,273767228,eastbound,B789,KORD,EGLL,30:57:58.47,35:18:43.00,53.189852,-56.215391,41045.0,185063.09882117124,75
273766162,273766162,eastbound,A359,MMMX,LFPG,30:58:59.17,35:38:31.48,50.458077,-53.94443,39984.0,229873.5182101488,55
273767476,273767476,eastbound,A343,KORD,EDDF,30:59:32.19,36:02:05.02,52.586,-55.390019,37637.0,211081.43579090227,75
273767012,273767012,eastbound,B763,KATL,EGPH,30:59:43.42,34:57:02.98,49.085142,-52.999862,37998.0,151065.9115731217,62
273768403,273768403,eastbound,A333,CYYZ,EGKK,30:59:53.57,35:30:18.36,50.237375,-54.101073,38854.0,189378.4264150374,73
273766242,273766242,eastbound,A359,KLAX,LEMD,31:01:27.84,35:44:53.35,51.957503,-55.269122,39828.0,231114.26848194454,58
273766896,273766896,eastbound,B77W,KDFW,EGLL,31:02:06.42,35:10:56.83,54.010334,-56.257487,40084.0,263135.03971866105,62
273771475,273771475,westbound,B744,EHAM,KORD,31:02:12.43,36:30:14.80,49.913531,-6.04254,38165.0,304014.49005140114,91
273769793,273769793,eastbound,B764,KJFK,LIRF,31:05:10.58,35:57:04.49,49.521746,-52.278186,35415.0,177009.94069538728,77
273766179,273766179,eastbound,A333,KSFO,EIDW,31:11:26.82,35:22:58.17,56.304523,-59.981884,40613.0,176603.70847949045,55
273766510,273766510,eastbound,B77W,KLAX,LFPG,31:12:30.70,35:51:06.98,55.201693,-58.700881,39881.0,267483.70456548635,60
273769148,273769148,eastbound,B772,KIAD,EGLL,31:13:20.30,35:27:45.61,48.090035,-52.41261,39432.0,214265.25139861088,73
273772503,273772503,westbound,A359,LFPG,KJFK,31:17:53.56,37:07:07.57,47.848034,-6.483188,39586.0,226932.09725840096,95
273772746,273772746,westbound,B77L,EBLG,KIND,31:18:45.96,36:54:02.36,50.197714,-5.980036,41667.0,252146.1991940608,96
273772841,273772841,westbound,A333,LFRS,CYUL,31:20:30.81,37:06:39.28,47.459628,-6.486648,38059.0,196662.64752260756,94
273769704,273769704,eastbound,A359,KJFK,LFPG,31:22:55.89,36:00:51.67,48.439841,-52.212826,40191.0,221561.3479201108,78
273773154,273773154,westbound,A333,LFPG,KJFK,31:33:25.54,37:39:56.88,47.567881,-6.510319,38276.0,195330.73534398485,97
273769388,273769388,eastbound,B788,KORD,EIDW,31:42:09.83,35:29:33.49,52.43758,-55.500815,42740.0,160914.3684393283,66
273774279,273774279,westbound,A333,EGLL,KBOS,31:42:57.74,37:34:25.89,49.772002,-6.678443,38132.0,196254.1380782269,98
273766501,273766501,eastbound,B788,MMMX,LIRF,31:43:29.21,36:31:46.83,49.95785,-53.925782,41848.0,162378.39093160228,49
273767115,273767115,eastbound,A333,KDFW,LEMD,31:45:26.92,36:31:53.83,49.756235,-52.597374,40112.0,181012.57350948904,64
273767523,273767523,eastbound,B763,KJFK,EINN,31:46:02.70,35:21:23.10,49.03256,-52.659943,36948.0,148193.3595533651,59
273774651,273774651,westbound,A333,EGPF,CYYZ,31:47:30.85,36:48:23.93,57.996143,-8.14029,38020.0,196916.21632495418,85
273769653,273769653,eastbound,B77L,KMIA,EBLG,31:48:10.10,37:51:02.70,37.886008,-61.400887,41677.0,246762.04218691288,92
273767506,273767506,eastbound,A359,KATL,LFPG,31:50:38.35,36:26:43.71,48.169916,-51.771783,40205.0,224612.30318452232,71
273769646,273769646,eastbound,A333,CYYZ,EGCC,31:51:04.51,36:03:02.33,50.338669,-54.040405,38924.0,189301.9646883849,68
273766794,273766794,eastbound,B789,KLAX,EGLL,31:52:31.32,36:15:59.64,55.316771,-58.589561,41076.0,178268.97118718456,58
273766418,273766418,eastbound,A332,KSFO,LEMD,31:53:17.62,36:40:52.03,51.98092,-55.316143,40546.0,192623.97732094867,59
273768648,273768648,eastbound,B764,KATL,EGLL,31:53:59.81,36:17:34.12,49.332849,-52.853868,35463.0,170314.41934333756,67
273773461,273773461,westbound,B763,EGLL,KEWR,31:54:45.29,37:27:58.46,51.424648,-9.171134,40190.0,156635.69150594022,90
273772680,273772680,westbound,B77W,EDDF,KJFK,31:55:13.45,37:33:23.66,49.126258,-6.399938,39683.0,275648.67914529995,95
273773247,273773247,westbound,A333,LFPG,KDTW,31:56:39.29,37:46:16.31,47.771606,-6.520064,38278.0,195326.9812916853,96
273772868,273772868,westbound,A333,EHAM,KATL,31:56:56.06,37:45:36.66,51.533206,-7.608382,38498.0,194045.2401878408,91
273773312,273773312,westbound,B77W,LFPG,KLAX,31:58:02.84,37:36:14.79,49.200006,-6.753683,37652.0,304979.7265078803,64
273766893,273766893,eastbound,B77W,KSFO,EGLL,31:59:19.92,36:18:22.14,55.988032,-59.574362,39418.0,264111.36100578983,58
273773944,273773944,westbound,B77L,EBLG,KMEM,32:01:29.06,37:38:26.35,49.804793,-6.792086,41367.0,256567.80227952852,86
273773295,273773295,westbound,B788,ESSA,CYUL,32:03:32.93,37:45:46.64,62.623282,6.732814,41864.0,177691.66447060555,97
273774564,273774564,westbound,B772,EGLL,KJFK,32:06:20.36,37:53:34.39,50.149044,-6.268141,38929.0,227583.4808327753,95
273773809,273773809,westbound,B789,EGLL,KORD,32:07:47.47,36:57:47.12,57.246615,-8.329064,40513.0,201038.45680823553,84
273774534,273774534,westbound,B764,LFPG,KJFK,32:12:12.55,38:20:21.03,47.998522,-6.431434,34023.0,176157.1170592811,97
273767105,273767105,eastbound,B77W,KSFO,EGLL,32:15:10.01,36:37:21.31,56.024974,-59.743134,39028.0,264874.38364952564,59
273773068,273773068,westbound,B78X,EDDF,KORD,32:16:07.06,37:49:30.13,49.2898,-6.101316,39808.0,222618.21938237705,87
273767039,273767039,eastbound,B78X,KSEA,EGLL,32:18:24.56,36:38:42.44,56.189544,-59.618053,40116.0,208363.63808554623,62
273775017,273775017,westbound,A339,EGLL,KJFK,32:18:57.76,38:14:13.64,51.085025,-6.316223,39471.0,205136.9099470668,94
273775509,273775509,westbound,B789,EGPH,CYYZ,32:19:41.26,37:10:13.46,58.12278,-8.340668,40793.0,198816.44265614246,86
273775684,273775684,westbound,GLEX,LFPB,KTEB,32:22:19.79,38:03:56.76,49.038638,-6.114791,46403.0,33700.245245417136,100
273767035,273767035,eastbound,B77W,KLAX,LSZH,32:23:47.55,37:11:23.15,55.336875,-58.148504,39410.0,272421.41134204145,57
273773727,273773727,westbound,B77W,LFPG,CYUL,32:24:29.20,37:23:40.53,57.36769,-8.229867,40081.0,270119.5670067673,81
273774905,273774905,westbound,A332,LFPG,CYUL,32:24:57.36,38:07:16.96,47.956689,-6.628187,39669.0,196341.29269431336,93
273766997,273766997,eastbound,A35K,KPHX,EGLL,32:29:32.63,37:01:44.08,55.196125,-58.689691,38977.0,260027.79929880254,61
273767329,273767329,eastbound,B77W,KSFO,EDDF,32:30:20.90,37:26:06.26,56.035845,-59.956182,38653.0,269694.865182095,60
273772809,273772809,westbound,A333,LIMC,KJFK,32:32:57.92,38:17:40.33,44.127273,-11.478999,38898.0,191182.66088129964,90
273776191,273776191,westbound,B764,EIDW,KEWR,32:33:00.00,37:54:37.61,57.537778,-9.123056,28113.0,173591.8,89
273771265,273771265,westbound,A332,LYBE,KJFK,32:33:55.09,38:27:48.27,45.154121,-6.58774,39537.0,201048.47074559538,88
273766782,273766782,eastbound,B789,MMMX,EHAM,32:34:10.29,37:14:57.41,54.336254,-57.594265,41107.0,178106.36655219411,57
273773979,273773979,westbound,B772,EHAM,KEWR,32:35:10.34,37:37:55.00,59.100756,-8.078248,39125.0,224229.30706309946,87
273767928,273767928,eastbound,B77W,KDFW,EGLL,32:35:10.56,36:45:42.34,54.295758,-56.819851,40201.0,263394.72173916583,63
273774473,273774473,westbound,A333,EBBR,CYUL,32:35:55.23,38:10:20.09,50.342362,-6.427853,38380.0,194865.0859197091,89
273770546,273770546,westbound,A332,LYBE,KORD,32:37:00.23,37:59:29.45,44.783119,-11.323418,39365.0,203807.33483431677,70
273774076,273774076,westbound,B772,EDDF,KCLT,32:38:09.59,38:23:33.13,48.586118,-6.196928,38502.0,233125.16630646976,92
273774821,273774821,westbound,B77W,EGLL,KDFW,32:38:18.74,38:14:53.18,49.874332,-6.919761,38322.0,294713.8337487555,83
273776496,273776496,westbound,B752,EINN,KORD,32:39:00.00,37:42:26.23,54.203333,-12.078056,35641.0,98659.4,84
273774949,273774949,westbound,B77W,EGLL,CYYZ,32:39:39.67,38:10:07.32,50.224458,-6.614404,39521.0,277470.731214295,94
273774581,273774581,westbound,B788,EBBR,CYYZ,32:43:25.86,37:34:33.37,57.229047,-8.56583,42033.0,175035.64247621552,84
273766773,273766773,eastbound,B748,MMMX,EDDF,32:43:52.38,37:36:14.68,54.316566,-57.932097,38122.0,363039.52688633295,57
273776623,273776623,westbound,B788,EIDW,KORD,32:46:00.00,37:37:21.04,53.959444,-9.957778,41640.0,181668.6,86
273772866,273772866,eastbound,B763,KJFK,BIKF,32:46:18.45,35:26:27.40,52.195267,-55.095633,41748.0,144093.48560975553,44
273767188,273767188,eastbound,A388,KLAX,EDDM,32:46:23.84,37:40:31.47,55.393001,-58.775281,39171.0,486894.47953220236,57
273774147,273774147,westbound,A333,LFPG,KATL,32:47:12.69,38:53:25.32,47.261084,-6.458107,38284.0,195242.2597739126,95
273775980,273775980,westbound,B772,EGLL,KCLT,32:50:12.66,38:29:49.73,49.906829,-6.555121,38471.0,233924.15164950732,99
273767435,273767435,eastbound,B789,KLAS,EGLL,32:52:06.38,37:16:13.05,55.313892,-58.905334,41068.0,179348.6970089305,61
273766981,273766981,eastbound,A339,KLAX,EDDF,32:56:52.74,38:14:25.66,55.332866,-58.947848,39955.0,204155.33923073477,61
273776941,273776941,westbound,B752,EGPH,KEWR,33:00:22.02,38:19:56.71,58.283838,-8.169488,38955.0,96297.54771238935,89
273777280,273777280,westbound,B789,EIDW,CYYZ,33:03:00.00,37:56:52.37,55.840278,-8.838056,40756.0,199548.9,87
273774309,273774309,westbound,A333,LSZH,KORD,33:03:39.64,38:58:55.42,45.358477,-6.871245,38627.0,193014.68948294682,87
273776242,273776242,westbound,A333,EGLL,KMCO,33:04:54.60,39:15:40.51,49.478109,-6.547798,38135.0,196195.77031338718,97
273767187,273767187,eastbound,A332,KLAX,LEBL,33:08:10.65,37:55:30.38,52.598484,-55.03971,40503.0,192609.88815767967,55
273776782,273776782,westbound,B772,EGLL,KBOS,33:08:23.05,38:49:50.68,50.013048,-6.208956,39095.0,225245.4780215263,98
273776812,273776812,westbound,B772,EGPH,CYHZ,33:11:12.50,37:45:32.66,56.874682,-8.447999,39540.0,219190.1259782696,79
273775237,273775237,westbound,B744,EDFH,KORD,33:11:32.70,38:37:33.34,49.195443,-6.092041,38099.0,305861.10350701486,90
273776964,273776964,westbound,A332,EGLL,KBOS,33:12:47.09,38:59:56.73,50.113376,-6.139004,39684.0,195581.35875261252,98
273773579,273773579,eastbound,B744,KMIA,EHAM,33:17:29.29,39:16:10.67,37.752057,-62.51851,37967.0,302131.5032123142,90
273775310,273775310,westbound,A333,EHAM,KIAH,33:18:30.47,39:04:08.10,51.428211,-8.310808,38557.0,193692.42817842608,76
273777611,273777611,westbound,B763,EIDW,KJFK,33:19:30.07,38:44:10.33,51.368079,-13.066124,40234.0,155687.1128211661,86
273777128,273777128,westbound,B789,EGLL,KPHL,33:21:26.93,39:02:53.10,50.085621,-6.092415,40640.0,200392.90380013426,99
273771122,273771122,westbound,A332,LROP,KJFK,33:22:25.48,38:48:41.44,44.537351,-11.716398,39736.0,200561.26381021438,78
273774672,273774672,westbound,B764,EDDM,KEWR,33:23:33.24,39:13:56.91,48.575988,-6.195047,34615.0,176306.72159566474,94
273775151,273775151,westbound,B763,LSZH,KORD,33:23:46.81,39:16:33.87,46.51856,-6.984296,39501.0,163252.97819691227,85
273776506,273776506,westbound,B772,EGLL,KRDU,33:26:20.55,39:15:32.31,49.8348,-6.530917,38576.0,232419.24767811163,101
273776161,273776161,westbound,A332,EGLL,KMSP,33:27:45.69,37:41:29.17,58.492071,-8.521241,39275.0,201288.38908349196,71
273776557,273776557,westbound,B772,LFPG,CYUL,33:28:30.58,38:55:03.76,50.290194,-6.11266,39125.0,224761.0729786993,90
273777466,273777466,westbound,A35K,EGLL,KJFK,33:31:24.94,39:17:42.84,51.114863,-6.299775,38633.0,256545.24113741695,94
273777181,273777181,westbound,A333,ESSA,KEWR,33:34:27.92,39:40:52.66,62.758097,6.972033,38247.0,195374.70471979742,104
273775439,273775439,westbound,A333,EBBR,CYUL,33:37:17.06,38:46:01.30,58.606497,-8.000619,38686.0,193017.02350175194,72
273776706,273776706,westbound,B77W,LFPG,KJFK,33:38:05.40,39:29:10.38,47.761991,-6.420057,39560.0,276941.679442259,97
273776160,273776160,westbound,B763,EDDB,KJFK,33:38:23.49,39:26:33.34,60.39365,-2.28358,39906.0,159057.99240107104,96
273776821,273776821,westbound,A333,EBBR,KJFK,33:39:03.64,39:34:15.53,49.463251,-6.599929,38396.0,194666.31864896644,97
273775686,273775686,westbound,A333,LSZH,KJFK,33:39:48.87,39:48:32.75,45.370083,-6.13986,38595.0,193248.09394108673,100
273776428,273776428,westbound,B789,LFPG,KDFW,33:40:02.05,39:19:22.12,47.717935,-7.081424,39633.0,211203.25109104035,80
273776355,273776355,westbound,B77W,EGLL,KIAH,33:40:04.33,38:58:14.54,51.296213,-10.453862,38532.0,292383.96270306123,77
273776568,273776568,westbound,A333,LFPO,KEWR,33:40:10.04,39:37:59.83,47.613155,-6.49228,38275.0,195356.1291301431,99
273774381,273774381,westbound,B763,LIPZ,KATL,33:40:49.42,39:22:32.04,43.295459,-12.15114,39407.0,164634.575803444,79
273776007,273776007,westbound,B78X,EBBR,KORD,33:41:51.14,38:17:04.38,59.749536,-8.410643,39854.0,221933.10101457854,79
273774966,273774966,westbound,B772,LIMC,KEWR,33:43:57.12,39:08:31.19,44.316829,-11.48353,39058.0,224025.40272280618,92
273775506,273775506,westbound,A333,EDDF,CYYZ,33:44:16.67,39:26:49.36,50.36432,-6.009315,38686.0,192886.9774692486,93
273776715,273776715,westbound,B772,EGLL,KLAX,33:44:48.16,38:38:26.34,53.096777,-13.519819,37112.0,247165.32389470947,59
273777841,273777841,westbound,B77W,EGLL,KJFK,33:47:26.01,39:35:13.08,49.973183,-6.562537,39621.0,275986.17720717454,96
273775877,273775877,westbound,B763,LSZH,KEWR,33:47:57.77,39:43:51.19,46.768221,-6.397052,40123.0,158098.88310578893,94
273775109,273775109,westbound,B764,EDDB,KEWR,33:48:26.89,38:51:35.26,53.430908,-13.199871,34167.0,174235.39064504876,84
273775765,273775765,westbound,B789,EDDF,KAUS,33:49:05.87,39:28:44.57,48.773794,-7.116535,39609.0,210401.14495327685,75
273778081,273778081,westbound,A333,ENGM,KEWR,33:49:32.59,39:44:51.31,62.005016,1.147562,25192.0,195546.91818301874,100
273777400,273777400,westbound,B789,EGCC,MMUN,33:50:09.23,39:18:18.78,51.536042,-11.242454,39698.0,210691.3510257463,82
273774028,273774028,eastbound,B744,KORD,ELLX,33:50:40.80,38:35:38.90,53.882577,-57.009697,38293.0,291282.61464699486,82
273776814,273776814,westbound,A333,EHAM,KATL,33:50:59.50,39:10:52.07,59.464836,-7.664547,38566.0,193497.6987620439,84
273775190,273775190,westbound,A359,EDDM,KORD,33:51:36.41,38:17:02.03,59.293272,-8.162071,39404.0,231902.56939064144,79
273777545,273777545,westbound,A333,LFPG,KDTW,33:52:43.06,39:43:32.63,47.725345,-6.482184,38277.0,195322.7771981806,96
273778869,273778869,westbound,B763,EGPH,KBOS,33:53:00.00,39:20:55.76,56.720278,-8.367778,40208.0,155511.3,89
273768736,273768736,eastbound,B789,KORD,EGLL,33:53:01.66,38:08:45.40,52.079209,-55.578407,41304.0,184723.81683877847,74
273776893,273776893,westbound,A332,EDDF,KDTW,33:53:12.37,39:35:12.54,49.230142,-6.181844,39237.0,201991.75234848494,92
273774852,273774852,westbound,B772,EDDM,KCLT,33:54:57.28,39:42:54.25,46.421599,-6.944584,38604.0,231128.26353557856,86
273778602,273778602,westbound,GLEX,LFPB,MYNN,33:57:13.07,39:51:23.81,48.206798,-6.24142,45255.0,36207.347004040006,95
273777129,273777129,westbound,B763,EBBR,KJFK,33:58:04.70,40:01:16.87,49.719137,-6.382744,39980.0,158410.76053396656,94
273775889,273775889,westbound,B789,EDDF,CYUL,34:01:57.82,38:54:56.98,60.237128,-8.258162,41127.0,191440.5327634208,81
273768088,273768088,eastbound,B789,MMMX,EGLL,34:02:50.21,38:13:37.28,50.033194,-53.218275,41340.0,177446.6606490352,52
273778135,273778135,westbound,B78X,LFPG,KORD,34:03:20.05,39:35:37.97,49.706143,-6.031816,39585.0,224202.27277855965,93
273778232,273778232,westbound,A333,LFPG,KBOS,34:03:23.20,40:02:17.34,47.626505,-6.290381,38275.0,195343.69775218837,99
273776082,273776082,westbound,B748,EDDF,KIAH,34:05:22.65,39:39:17.63,49.103837,-6.81548,35869.0,400672.4356597441,76
273778668,273778668,westbound,A333,EGKK,KJFK,34:07:02.50,40:05:19.28,49.877167,-6.544246,38133.0,196249.29728936419,96
273775918,273775918,westbound,A339,LFPG,KMSP,34:07:38.23,38:35:16.38,58.146143,-7.780019,39268.0,209448.4512236861,72
273779277,273779277,westbound,B789,EIDW,CYUL,34:09:05.93,39:12:08.07,55.39949,-8.718946,41042.0,196256.97971816786,77
273778617,273778617,westbound,B77W,EGLL,KDFW,34:09:19.85,39:44:53.13,49.926133,-6.957487,38321.0,294711.4216428838,83
273777934,273777934,westbound,B789,EGLL,KORD,34:09:36.38,38:56:25.20,57.461611,-8.310319,40540.0,200681.56830118582,83
273776716,273776716,westbound,A343,EDDF,KIAD,34:10:09.47,40:07:45.89,48.761198,-6.038963,37593.0,214832.27927286876,96
273777540,273777540,westbound,A359,LFPG,KIAH,34:10:10.64,39:58:49.75,47.304403,-6.858616,38231.0,242134.18130097195,80
273769061,273769061,eastbound,A35K,KLAS,EGLL,34:11:45.21,38:43:02.25,55.415782,-58.832606,39021.0,259460.1859018947,61
273778294,273778294,westbound,A333,EHAM,KBOS,34:12:27.20,39:58:44.04,51.411084,-6.055574,38371.0,194831.4538267654,95
273777393,273777393,westbound,A333,EHAM,KJFK,34:12:41.14,39:34:35.16,59.362586,-7.814075,38586.0,193439.9649961792,88
273779190,273779190,westbound,A333,EIDW,KJFK,34:15:53.22,39:27:18.19,52.72248,-13.669231,38176.0,196132.28692141172,84
273778719,273778719,westbound,A339,LFPO,CYUL,34:18:33.15,40:09:38.47,47.821185,-6.042135,39601.0,204135.64786483813,95
273777418,273777418,westbound,B772,EDDF,KDFW,34:19:25.20,39:59:39.76,49.459411,-6.615963,37942.0,241123.6757244591,75
273777392,273777392,westbound,B788,EHAM,KORD,34:22:44.58,38:56:40.68,60.121157,-8.28682,41751.0,177499.52916114568,79
273778774,273778774,westbound,B763,LFPG,KJFK,34:23:43.73,40:30:55.02,47.633384,-6.654479,39894.0,158828.18150981303,96
273773817,273773817,eastbound,B748,KSDF,EDDK,34:26:22.67,39:07:18.06,50.887224,-54.237004,37222.0,370906.2459951959,75
273777870,273777870,westbound,B763,EGLL,KEWR,34:26:31.25,39:44:34.46,57.427073,-8.256999,40231.0,156468.53757942608,87
273779762,273779762,westbound,B772,BIKF,KBOS,34:27:10.00,38:30:49.68,64.073611,-27.183333,39743.0,216408.0,70
273779312,273779312,westbound,B764,EGLL,KJFK,34:27:53.50,40:27:52.48,50.058903,-6.611664,33454.0,175252.66665729627,95
273777971,273777971,westbound,B77W,EGLL,KLAX,34:28:33.38,39:28:39.80,53.116813,-13.743916,31939.0,299653.0443499352,59
273779697,273779697,westbound,B772,BIKF,CYYZ,34:30:57.00,38:05:35.23,64.071944,-27.268611,39576.0,218715.8,64
273775018,273775018,eastbound,B744,KJFK,EBBR,34:32:12.39,39:00:02.64,48.528307,-52.477112,36699.0,286322.4756202274,78
273779521,273779521,westbound,A333,EIDW,KBOS,34:32:40.34,39:40:42.72,51.568697,-13.135057,38177.0,196082.51927448416,86
273768783,273768783,eastbound,B772,KLAX,EGLL,34:33:31.42,38:53:47.31,55.54754,-58.385277,39316.0,211338.44642945434,58
273779763,273779763,westbound,FA7X,EGSS,MYNN,34:33:58.70,40:46:43.73,49.848289,-6.639203,44056.0,25077.087774383737,97
273779033,273779033,westbound,A359,EGCC,KIAH,34:34:33.96,39:38:20.70,53.739724,-13.013713,38611.0,238592.6517134605,77
273777000,273777000,westbound,B763,LOWW,KBOS,34:37:14.69,40:33:35.34,49.193849,-6.155945,40221.0,157804.3487901302,93
273779169,273779169,westbound,A333,EGKK,CYYZ,34:39:41.16,39:47:07.03,58.384066,-8.083918,38500.0,194251.84733780136,83
273776570,273776570,westbound,A333,LOWW,CYYZ,34:40:58.49,40:20:17.66,48.142166,-6.922848,39081.0,190326.14558764512,86
273768580,273768580,eastbound,A388,KLAX,EGLL,34:41:00.94,38:55:29.80,55.409314,-58.539125,39651.0,474632.7115280724,58
273778386,273778386,westbound,B752,BIKF,KDTW,34:41:42.00,38:30:00.26,64.7,-26.925,36164.0,93331.0,64
273776929,273776929,westbound,A333,EDDF,KSTL,34:41:45.47,40:32:39.75,48.661504,-6.636503,38635.0,193171.2852113101,83
273779863,273779863,westbound,A333,EGCC,KMCO,34:43:05.81,40:36:03.51,55.356735,-8.577403,38175.0,196182.50415987635,93
273768849,273768849,eastbound,B789,MMMX,EGLL,34:43:57.00,39:02:15.38,53.591107,-56.495679,41213.0,177145.14762010568,55
273779569,273779569,westbound,B772,EGKK,CYYT,34:45:00.56,38:38:34.16,50.137302,-6.086749,39932.0,213600.24551632785,56
273780085,273780085,westbound,B772,EGLL,KEWR,34:45:21.39,40:12:37.60,51.358814,-6.347171,38920.0,227751.391286604,94
273777024,273777024,eastbound,B763,KEWR,LFPG,34:48:58.22,39:30:11.68,48.256791,-52.413417,36902.0,153136.88890945114,77
273780804,273780804,westbound,B752,EGPH,KORD,34:53:39.21,39:56:36.82,57.66851,-8.728359,38471.0,99061.37706159499,84
273772583,273772583,eastbound,B77L,KDFW,EDDF,34:55:31.13,39:47:34.67,53.746248,-56.959166,42242.0,237462.3164757992,68
273781302,273781302,westbound,A333,EIDW,KBOS,34:55:57.54,40:21:43.24,55.914954,-8.707931,38022.0,196951.4244284547,86
273778747,273778747,westbound,A332,EDDF,KATL,34:57:53.82,40:52:09.33,47.936813,-7.019074,38834.0,206281.19430782553,88
273781250,273781250,westbound,B772,EIDW,KCLT,34:59:00.00,40:14:37.78,54.071111,-9.639444,36498.0,232654.2,93
273778337,273778337,westbound,A359,EHAM,KDTW,34:59:19.71,39:45:56.78,59.997719,-8.017187,39587.0,228199.53037012342,83
273768029,273768029,eastbound,A359,MMMX,LFPG,35:00:16.00,39:43:37.17,53.993397,-56.945963,40109.0,229355.90994690562,57
273779115,273779115,westbound,A339,EHAM,KBOS,35:01:30.06,40:23:58.89,59.595067,-7.737679,39869.0,202162.35870685818,85
273779471,273779471,westbound,B78X,EHAM,CYYZ,35:01:42.57,39:48:15.41,60.353429,-7.996092,39787.0,222580.23517521028,83
273780127,273780127,westbound,B772,LFPG,KJFK,35:02:03.33,40:56:08.00,47.819647,-6.288879,38877.0,228111.15730854092,97
273777201,273777201,westbound,B772,LOWW,KEWR,35:02:09.43,40:37:00.29,47.925971,-6.396016,39000.0,225530.98747766073,91
273780754,273780754,westbound,B772,EIDW,CYYZ,35:02:52.28,39:58:26.30,55.730276,-8.931609,39025.0,226387.02510405515,86
273777301,273777301,westbound,B763,LOWW,KIAD,35:08:02.46,41:05:45.03,46.872749,-7.167348,39907.0,160753.89100882955,87
273779603,273779603,westbound,B763,ESSA,KJFK,35:09:13.78,40:49:55.29,60.945144,-3.303908,26540.0,158540.91853937026,97
273779273,273779273,westbound,B772,EHAM,KIAH,35:10:10.41,40:34:23.08,51.304631,-9.655058,37988.0,240618.21316260332,75
273780354,273780354,westbound,A333,LFPG,CYYZ,35:10:36.26,40:57:28.98,47.983697,-6.515071,38286.0,195327.3236532952,96
273780887,273780887,westbound,B764,EGLL,KATL,35:11:32.72,41:09:01.59,50.024304,-6.533708,31577.0,182858.78745044203,100
273780391,273780391,westbound,FA7X,EGLF,KGRB,35:12:02.69,40:00:38.17,57.492926,-8.134608,45119.0,22913.501805934917,79
273779737,273779737,westbound,B764,LFPG,KCVG,35:12:19.28,41:14:38.05,47.862852,-6.384181,33941.0,181335.72133896724,98
273776201,273776201,eastbound,B744,KMIA,EHAM,35:13:20.04,41:08:10.13,38.058289,-62.060825,38212.0,302044.21923414525,90
273779455,273779455,westbound,B744,EDDF,KORD,35:13:28.65,40:37:36.45,50.352334,-6.358805,38101.0,306030.91979963914,88
273779191,273779191,westbound,A339,EDDF,KJFK,35:13:45.86,41:01:21.30,49.061503,-6.532026,39533.0,206051.37275245602,95
273779746,273779746,westbound,B772,EGKK,KLAS,35:15:04.61,39:13:19.70,59.298491,-8.964324,37751.0,244373.48872661174,53
273779375,273779375,westbound,A332,EDDF,KJFK,35:16:21.89,41:01:59.57,49.016954,-6.54067,39563.0,198652.46917983922,95
273778973,273778973,westbound,A333,LFLL,CYUL,35:18:17.06,40:47:57.12,44.6032,-11.225101,38667.0,192780.01123176725,89
273779900,273779900,westbound,B788,EGLL,CYUL,35:18:50.78,40:25:45.37,54.808811,-8.740386,42273.0,173914.13188960822,85
273774020,273774020,westbound,A333,LGAV,KBOS,35:19:59.30,40:47:28.48,42.39743,-13.320677,39912.0,184494.14080366635,77
273778690,273778690,westbound,B78X,EDDM,KORD,35:20:10.58,40:53:27.68,48.342953,-6.585631,40006.0,221083.74543293123,83
273782286,273782286,westbound,B788,EGPF,MMUN,35:21:00.00,41:01:30.24,54.959722,-7.837222,40710.0,191210.0,89
273777952,273777952,westbound,B764,LIPZ,KEWR,35:21:29.50,41:01:37.47,43.915042,-11.224438,36905.0,175873.82087405905,90
273774193,273774193,westbound,B78X,LGAV,KEWR,35:21:44.67,40:35:57.50,43.151512,-12.027652,40939.0,213545.84614073293,73
273781881,273781881,westbound,B763,EGPH,KATL,35:22:28.68,40:46:34.18,57.237984,-8.545159,39314.0,163339.56324077558,91
273779759,273779759,westbound,B788,EHAM,KIAD,35:23:06.47,40:29:57.43,59.428697,-8.106205,41932.0,175848.56129248068,89
273777887,273777887,westbound,B763,LIPZ,KATL,35:23:22.03,41:05:50.15,43.079613,-12.004478,39427.0,164601.17483773042,79
273779231,273779231,westbound,B744,EDDN,KPSM,35:23:41.17,40:54:52.67,49.421392,-6.226883,38897.0,292463.22740385856,93
273769460,273769460,eastbound,B77W,KSFO,LSZH,35:23:54.31,40:14:54.53,56.208902,-59.450343,39187.0,272258.0937341122,58
273779116,273779116,westbound,B764,EDDM,KDTW,35:26:28.08,41:16:09.09,47.632746,-6.767144,34700.0,179360.94559706826,87
273780157,273780157,westbound,A339,EDDF,KBOS,35:26:36.36,41:14:14.15,49.319969,-6.140666,39682.0,204351.09459072203,94
273777804,273777804,westbound,B763,LOWW,CYUL,35:28:34.74,40:35:59.62,59.254735,-7.792589,40391.0,156350.69925492926,83
273781844,273781844,westbound,B752,BIKF,KEWR,35:29:21.00,39:32:50.07,64.066944,-27.478889,39702.0,92058.5,69
273782369,273782369,westbound,A333,EGPH,KJFK,35:30:00.00,41:00:56.97,56.700556,-8.259444,37948.0,197329.4,92
273778211,273778211,westbound,A343,EDDF,KDTW,35:30:14.87,40:33:03.15,59.770693,-8.090743,37769.0,214054.43614399026,82
273780490,273780490,westbound,A333,EKCH,KEWR,35:30:37.91,41:24:34.19,60.390678,1.651489,38354.0,194672.1124465275,99
273781074,273781074,westbound,A333,EGCC,KATL,35:30:39.98,40:42:54.27,53.736813,-13.23111,38392.0,195008.37840694695,88
273771011,273771011,eastbound,A339,KLAS,EDDF,35:32:38.46,40:44:02.15,55.490182,-58.886867,39738.0,205863.5574187659,62
273782732,273782732,westbound,B752,EINN,KEWR,35:33:00.00,40:47:19.30,51.203611,-12.622778,39125.0,95350.6,88
273776248,273776248,eastbound,A332,KORD,LFPG,35:34:29.33,40:15:55.17,52.38994,-55.125111,40026.0,194953.0660623733,78
273782162,273782162,westbound,B752,EIDW,KORD,35:35:00.00,40:40:58.64,56.406389,-9.384167,38439.0,99213.6,85
273781473,273781473,westbound,A333,EGLL,KJFK,35:36:41.49,41:39:19.23,49.954717,-6.164563,38095.0,196461.565713834,97
273780163,273780163,westbound,B77W,EGLL,KLAX,35:36:46.91,40:33:22.23,53.145755,-13.672451,35286.0,299851.89963501645,59
273780137,273780137,westbound,B78X,EBBR,KEWR,35:38:41.09,40:38:55.43,59.416663,-7.949319,39850.0,222008.1230721865,86
273780007,273780007,westbound,A339,EHAM,KJFK,35:38:54.45,40:58:48.78,59.521934,-7.719534,39698.0,204086.7655382966,88
273781686,273781686,westbound,B77W,EGLL,KDFW,35:40:17.84,41:15:21.69,49.934108,-6.896808,38321.0,294715.7566499709,83
273782668,273782668,westbound,B772,EIDW,KORD,35:41:00.00,40:34:22.68,54.466667,-10.116667,38612.0,232064.5,85
273781044,273781044,westbound,A333,EKCH,KJFK,35:41:09.19,41:41:25.08,60.449144,0.736575,38384.0,194456.8834646761,100
273782052,273782052,westbound,A332,LFBD,CYUL,35:41:44.51,41:31:57.85,45.79187,-6.214847,39531.0,197184.32222590005,96
273778772,273778772,westbound,B764,LIMC,KATL,35:43:04.22,41:25:51.14,43.469711,-11.783965,36272.0,180873.09956233637,82
273782249,273782249,westbound,B789,EGCC,MDPC,35:43:43.77,41:38:28.05,51.808704,-8.818935,40126.0,206049.89055980346,103
273781407,273781407,westbound,A333,EKCH,CYYZ,35:45:50.38,41:15:54.95,60.434265,1.813781,36026.0,194599.1292579688,93
273782782,273782782,westbound,B752,EGPH,KIAD,35:46:07.36,41:09:01.77,58.523031,-8.05453,38782.0,97278.94993375217,90
273781249,273781249,westbound,A359,LFPG,KEWR,35:46:36.62,41:29:47.83,47.689577,-6.416792,39570.0,227107.06325638157,98
273776243,273776243,eastbound,B77L,KIND,EGSS,35:46:40.97,39:57:21.58,51.202524,-54.572257,42506.0,232556.48072816798,73
273771287,273771287,eastbound,A359,KSFO,EDDM,35:47:07.83,40:57:16.86,56.187957,-59.805069,39664.0,232850.4681414976,58
273780230,273780230,westbound,B77W,EHAM,CYYZ,35:48:29.53,40:34:26.67,60.056378,-8.243493,39802.0,273672.6911911472,83
273779347,273779347,westbound,A333,EDDM,CYYZ,35:49:02.73,41:33:55.50,48.409583,-5.941967,38848.0,191831.43509899898,91
273780773,273780773,westbound,B77W,EBBR,KIAD,35:51:12.59,40:55:44.07,59.364755,-8.299145,39704.0,275276.5209357817,87
273780915,273780915,westbound,A333,EGKK,CYUL,35:51:50.01,40:59:15.07,58.38099,-8.392781,38504.0,194242.16028059876,79
273778401,273778401,westbound,B78X,EDDF,KEWR,35:51:55.71,41:20:16.18,50.492058,-6.247477,39866.0,222183.64853992648,94
273780687,273780687,westbound,A333,EHAM,KDTW,35:52:40.97,40:50:59.96,60.111548,-7.895641,38619.0,193187.24806754105,83
273779403,273779403,westbound,A332,DAAG,CYUL,35:53:16.36,41:17:59.22,39.916454,-13.390428,39253.0,197647.11288205377,93
273780199,273780199,westbound,A333,LSGG,CYUL,35:55:35.77,41:21:22.37,44.614704,-11.62599,38749.0,192252.61623027155,87
273782276,273782276,westbound,B772,EGLL,KCLT,35:55:48.92,41:36:05.88,49.984202,-6.430637,38442.0,234363.42560397112,100
273783212,273783212,westbound,A359,EIDW,KATL,35:56:00.00,41:20:40.73,55.196111,-8.046111,38991.0,232256.1,96
273781968,273781968,westbound,B772,EGPH,CYYZ,35:56:10.72,40:44:38.88,58.503144,-8.536025,39033.0,226091.22580819705,84
273779916,273779916,westbound,A359,EDDM,KJFK,35:57:00.29,41:35:29.20,48.12825,-6.67083,39727.0,227698.38191297362,95
273779345,273779345,westbound,A333,LIMC,CYUL,35:58:35.04,41:30:57.48,44.013748,-11.052082,38845.0,191551.228404853,89
273771119,273771119,eastbound,B789,MMMX,EHAM,35:59:32.29,40:36:15.02,53.671623,-56.396376,41112.0,178242.3827096306,56
273780686,273780686,westbound,B788,EKCH,CYYZ,35:59:56.83,41:09:22.17,59.845314,-8.449302,27218.0,172617.3096733358,89
273782398,273782398,westbound,B763,EGKK,KJFK,35:59:58.02,42:00:28.54,50.181566,-6.494273,39932.0,158243.23268023087,95
273781090,273781090,westbound,B77W,EGLL,KLAX,36:00:00.37,41:00:19.49,53.24992,-13.066259,35421.0,300504.32165741775,60
273771852,273771852,eastbound,B789,KSFO,EGLL,36:00:17.28,40:25:22.72,56.358472,-59.535804,41131.0,178333.78318738463,59
273782116,273782116,westbound,A333,EGKK,KBOS,36:00:58.46,41:51:54.61,49.806662,-6.648261,38134.0,196253.43248754487,98
273783042,273783042,westbound,B772,EIDW,KDFW,36:02:25.65,41:02:40.80,53.571349,-13.063845,36006.0,239922.24946085463,86
273781288,273781288,westbound,B764,LSGG,KJFK,36:03:09.82,42:15:07.81,45.848097,-6.417787,35730.0,176546.07262908225,97
273781808,273781808,westbound,B763,EGLL,KEWR,36:03:13.91,41:22:34.47,57.379236,-8.154691,40199.0,156667.69034420102,87
273780078,273780078,westbound,B764,LIMC,KJFK,36:03:17.66,41:50:28.94,44.379371,-11.07207,36862.0,175466.27840590096,90
273781219,273781219,westbound,B78X,EHAM,KORD,36:04:47.39,40:50:32.02,59.887488,-7.696123,39803.0,222511.69998422678,81
273781950,273781950,westbound,B789,EGLL,CYYZ,36:04:57.90,41:05:25.71,55.29661,-8.593984,40822.0,197884.33577277948,86
273781124,273781124,westbound,A339,EDDF,KBWI,36:05:23.08,41:55:08.28,48.67617,-6.359128,39354.0,207917.1596463828,96
273780287,273780287,westbound,B763,EDDM,KIAD,36:05:26.59,42:05:41.83,47.424893,-6.314008,39871.0,160520.28285544665,92
273771299,273771299,eastbound,A332,KSFO,LEBL,36:06:03.37,40:54:48.63,52.543647,-55.146542,40528.0,192704.95983041544,55
273778091,273778091,westbound,B764,LDDU,KEWR,36:06:58.71,41:36:03.12,43.725023,-12.183679,36960.0,176527.49483097042,81
273780291,273780291,westbound,A332,LFPG,CYUL,36:07:00.26,41:14:00.96,57.700205,-8.091083,40045.0,194220.88948440552,73
273779407,273779407,westbound,B789,EPKK,KORD,36:10:07.30,40:54:21.26,60.801457,-3.303486,40373.0,199155.07756058688,74
273771412,273771412,eastbound,A35K,KLAX,EGLL,36:10:38.23,40:39:24.48,55.509453,-58.415782,39031.0,260390.95268630693,58
273782065,273782065,westbound,A332,EGLL,KDTW,36:10:49.11,41:18:28.36,57.272178,-8.101985,39464.0,199178.14590230637,86
273777406,273777406,westbound,B744,EDDF,KJFK,36:10:54.89,41:41:02.65,49.979452,-6.449266,38741.0,295089.1330031645,95
273780476,273780476,westbound,B788,EPWA,KJFK,36:11:03.53,41:57:37.99,60.544577,1.907213,41748.0,176241.50680632808,98
273782167,273782167,westbound,A359,LFPG,CYOW,36:12:27.53,41:47:35.03,49.118305,-6.221373,39680.0,225937.88522173752,83
273782682,273782682,westbound,B789,EGLL,KPHL,36:13:13.09,41:53:19.89,50.120947,-6.105237,40641.0,200422.14116513493,99
273783400,273783400,westbound,B752,EIDW,KIAD,36:14:00.00,41:34:50.08,58.080833,-9.431111,38755.0,97411.7,90
273776625,273776625,eastbound,B77L,KIND,LFPG,36:14:02.97,40:43:52.57,50.763118,-54.595535,42498.0,235191.35986409802,76
273779656,273779656,westbound,B763,EDDM,KIAH,36:15:06.10,42:19:07.38,46.895317,-7.132976,39141.0,167089.06571452518,72
273783509,273783509,westbound,B752,BIKF,KORD,36:15:13.00,39:55:02.48,64.064722,-27.275833,35985.0,94344.9,61
273778769,273778769,eastbound,B77L,KORD,EBLG,36:15:53.38,40:52:09.63,52.753533,-55.69673,42539.0,235326.79947830515,79
273782079,273782079,westbound,A333,EKCH,KATL,36:16:51.41,42:16:06.84,60.578796,0.554496,38390.0,194405.70562201648,91
273782719,273782719,westbound,B77W,EGLL,KJFK,36:18:13.22,42:04:28.40,49.997123,-6.530013,39623.0,276013.4886513848,96
273782466,273782466,westbound,A333,EBBR,KIAD,36:18:14.86,42:08:32.30,49.409906,-6.641848,38398.0,194655.19886635154,96
273776322,273776322,eastbound,B77L,KMEM,LFPG,36:18:33.50,40:47:21.42,50.755199,-54.341432,42388.0,236172.97265381907,71
273781247,273781247,westbound,B763,LSGG,KIAD,36:18:54.36,42:22:55.06,45.778084,-6.2554,39700.0,161098.324316915,99
273781238,273781238,westbound,B77W,EDDF,KIAD,36:21:26.53,42:00:30.29,48.882205,-6.563682,39454.0,278890.3123450734,96
273782557,273782557,westbound,A359,LFPG,KBOS,36:22:01.77,42:03:51.53,47.923067,-6.458387,39772.0,224857.73219440566,97
273784169,273784169,westbound,B763,EIDW,KBOS,36:24:00.00,41:51:12.52,54.360556,-9.375556,40285.0,154828.9,89
273782179,273782179,westbound,B772,EGLL,KIAD,36:24:11.14,41:20:44.41,52.82634,-13.245625,39117.0,225374.9364946795,86
273776733,273776733,eastbound,B77L,KMEM,EDDK,36:24:56.62,41:05:58.61,51.246198,-54.124671,42177.0,237450.64754626763,72
273777030,273777030,eastbound,B744,KSDF,EDDK,36:24:57.35,41:05:33.51,51.13855,-54.331646,38646.0,290325.26576693676,75
273781693,273781693,westbound,B77W,LFPG,CYYZ,36:26:08.17,41:18:19.07,57.64618,-8.381698,39870.0,273633.18025005894,83
273783698,273783698,westbound,GLEX,EGPD,KBED,36:27:13.49,41:40:02.01,58.681868,-8.172395,46934.0,32689.29110265696,86
273783041,273783041,westbound,B772,EGLL,CYHZ,36:29:37.63,41:18:17.91,51.306545,-6.510896,39466.0,220162.8041400861,82
273782776,273782776,westbound,B77W,LFPG,KJFK,36:30:12.09,42:20:38.37,47.700288,-6.661658,39563.0,276927.45922531706,96
273782124,273782124,westbound,A333,LSZH,KBOS,36:32:28.90,42:34:18.03,45.580539,-6.195024,38598.0,193261.70042669744,99
273776454,273776454,westbound,A332,LGAV,CYUL,36:32:40.24,41:58:32.77,43.50689,-12.02821,39966.0,199066.5608694416,76
273783043,273783043,westbound,B77W,LFPG,KIAD,36:35:58.56,42:17:52.78,47.752949,-6.532538,39332.0,280259.4361502092,98
273784128,273784128,westbound,A333,EIDW,CYYZ,36:36:00.00,41:48:02.71,54.313889,-9.3675,37948.0,197329.4,88
273783740,273783740,westbound,B77W,EGLL,KMIA,36:36:26.93,42:31:38.00,49.71446,-6.362913,38624.0,290277.3978249965,99
273777405,273777405,westbound,A333,LGAV,KJFK,36:36:35.32,42:13:45.26,42.133052,-13.331122,39912.0,184473.75076070195,76
273777366,273777366,eastbound,B763,KSDF,EIDW,36:37:11.48,40:23:50.69,51.205856,-54.289258,40643.0,150298.67974155836,62
273780275,273780275,eastbound,B763,KJFK,EGNX,36:37:59.49,40:53:39.62,47.691782,-52.693043,40063.0,151513.85402505222,70
273783460,273783460,westbound,A339,EGLL,KJFK,36:41:34.66,42:32:34.09,51.152067,-6.369437,39471.0,205161.09706179617,94
273778890,273778890,eastbound,A332,KCVG,EBBR,36:42:30.29,41:29:57.76,50.880427,-54.495613,39821.0,195239.6138210815,77
273782590,273782590,westbound,A35K,EGLL,KAUS,36:42:40.65,41:43:52.05,53.156899,-12.864079,37688.0,272072.0294996236,73
273777036,273777036,westbound,B788,LGAV,KIAD,36:43:05.10,42:02:52.69,43.206795,-12.014066,41924.0,169118.5166162922,71
273784071,273784071,westbound,A332,EIDW,CYYZ,36:44:15.17,41:51:31.92,55.937155,-8.686899,39600.0,196200.28699198374,87
273782541,273782541,westbound,B77W,LSZH,CYYZ,36:44:33.90,42:25:28.55,46.06482,-6.55709,39494.0,278204.86043010297,96
273782090,273782090,westbound,A333,EHAM,CYUL,36:45:48.61,41:52:01.06,60.082695,-8.081312,38623.0,193181.7938941742,74
273780250,273780250,westbound,A332,LIRF,CYUL,36:46:17.89,42:09:30.69,42.238379,-12.673028,39858.0,197178.18698889148,89
273784027,273784027,westbound,A35K,EGLL,KATL,36:46:34.17,42:21:34.13,51.257927,-6.935815,37965.0,265734.60213144036,99
273781511,273781511,westbound,B763,LKPR,KJFK,36:47:04.50,42:36:18.00,50.202147,-6.641845,40105.0,158628.37727917449,95
273782864,273782864,westbound,B772,EGLL,KSAN,36:47:23.06,41:45:27.12,53.191509,-13.518732,37034.0,247574.90683413052,59
273776879,273776879,westbound,B789,LGAV,KORD,36:47:49.11,42:07:20.66,43.083198,-11.931193,40477.0,194934.84011744484,66
273782621,273782621,westbound,B77W,LFPG,KLAX,36:50:24.96,42:30:15.69,49.150478,-6.812092,37655.0,304931.59396028303,64
273777617,273777617,eastbound,B77L,KMEM,EGSS,36:52:56.24,41:04:31.05,51.68828,-55.075436,42325.0,233869.12716894946,69
273785138,273785138,westbound,B752,EGPH,KEWR,36:53:43.96,42:18:31.34,58.015054,-8.026432,38994.0,96091.25568536081,90
273782872,273782872,westbound,A332,LSZH,KJFK,36:54:09.18,42:57:49.69,45.966891,-6.093314,39427.0,199707.90822440837,97
273784107,273784107,westbound,B772,LFPG,KATL,36:54:16.89,42:41:38.16,47.627921,-6.635931,38205.0,237512.7717094816,97
273773167,273773167,eastbound,B748,MMSM,ELLX,36:54:46.66,41:33:17.10,53.441823,-56.335516,38463.0,364193.9516846808,58
273782996,273782996,westbound,B78X,EHAM,KJFK,36:54:50.83,42:01:52.96,59.614979,-7.831291,39780.0,222635.98108692348,88
273784719,273784719,westbound,B752,EIDW,KEWR,36:56:12.45,42:29:16.23,55.849352,-8.755147,39087.0,95620.8217013179,87
273781273,273781273,westbound,B78X,EDDF,KORD,36:57:23.38,41:34:11.84,59.783477,-8.101776,40001.0,221006.48992583062,77
273785373,273785373,westbound,B763,EGPH,KJFK,36:58:17.95,42:22:48.96,56.926988,-8.590513,40045.0,156984.41158722385,90
273778038,273778038,westbound,B77W,LGAV,CYUL,36:58:33.30,42:16:06.63,43.650169,-12.091685,40051.0,270609.86769667297,76
273784079,273784079,westbound,B789,EGKK,KJFK,36:59:28.11,42:40:58.46,50.11545,-6.658672,40734.0,199292.28916284503,95
273783511,273783511,westbound,B763,EKCH,KJFK,37:01:55.70,43:07:08.71,60.664944,2.337755,39730.0,160163.370724131,102
273781127,273781127,westbound,A333,LSZH,CYUL,37:04:13.55,42:08:57.93,58.661999,-7.609971,39024.0,190693.00467974273,82
273784982,273784982,westbound,A333,EINN,KBOS,37:05:22.66,42:11:03.70,51.224362,-13.526221,38058.0,196734.747479019,87
273781934,273781934,westbound,A359,EDDM,KCLT,37:05:42.71,42:52:43.65,47.331569,-6.627013,39215.0,233531.27061636423,87
273783772,273783772,westbound,A333,EGLL,KBOS,37:06:03.90,42:52:46.79,49.84665,-6.664732,38135.0,196247.9372521569,96
273783719,273783719,westbound,B789,EKCH,KPHL,37:06:12.83,42:39:45.22,60.541113,-3.533769,40649.0,198158.0730548772,97
273782703,273782703,westbound,A346,EDDF,KBOS,37:06:31.60,42:41:01.22,50.563976,-6.557167,39556.0,281314.5469254223,92
273783978,273783978,westbound,A359,LFPG,CYYZ,37:07:13.79,42:41:48.07,47.973844,-6.631856,39483.0,228180.59798740415,95
273783526,273783526,westbound,B763,EGLL,KEWR,37:07:39.10,42:31:09.59,57.539834,-8.17622,40233.0,156460.5574767258,88
273784234,273784234,westbound,B77W,EGLL,KJFK,37:08:13.62,42:56:00.21,50.053363,-6.147591,39624.0,276012.6471075052,96
273785677,273785677,westbound,B763,EINN,KJFK,37:09:13.95,42:33:50.82,51.247754,-12.626979,40231.0,155439.19598980027,87
273778827,273778827,westbound,B788,LGAV,KORD,37:11:20.60,42:26:34.69,44.031363,-11.202465,41654.0,172406.29413979664,66
273781823,273781823,westbound,B788,EHAM,CYUL,37:12:28.81,42:08:07.36,59.319752,-8.052867,42300.0,171938.94829524308,82
273782477,273782477,westbound,A333,LFMN,CYUL,37:15:22.28,42:43:46.29,43.961534,-11.419221,38819.0,191766.7125260083,88
273784323,273784323,westbound,A359,EKCH,KBOS,37:16:38.15,43:03:46.34,60.437151,0.280027,39656.0,226417.62996412464,100
273785634,273785634,westbound,A35K,EGPH,KMCO,37:18:11.39,43:00:28.56,56.90928,-8.481629,37917.0,265802.56277735083,99
273782685,273782685,eastbound,B772,KBOS,EGLL,37:18:33.16,41:31:20.15,47.40135,-52.491274,39254.0,215206.9686338932,73
273782683,273782683,westbound,B77W,LFPG,CYUL,37:18:35.55,42:16:29.70,57.516334,-8.446976,40149.0,269470.3812808901,80
273783425,273783425,westbound,A346,EDDF,KIAD,37:18:52.65,43:01:36.46,48.595376,-6.529299,39151.0,287531.77453559486,95
273784724,273784724,westbound,A388,EGLL,KDFW,37:19:52.78,42:55:08.40,49.729191,-7.154265,37996.0,478477.4870677436,83
273783314,273783314,westbound,A333,EHAM,KJFK,37:19:54.28,42:39:39.19,59.378009,-8.247545,38635.0,193293.81719869014,86
273783768,273783768,westbound,A333,LFPG,CYUL,37:19:58.75,42:27:02.56,57.479744,-8.503483,38734.0,193097.1075982855,79
273785330,273785330,westbound,B772,EGAA,CYYT,37:20:43.44,40:39:28.60,53.945364,-12.896644,40195.0,210145.4100868645,47
273784817,273784817,westbound,A35K,EGLL,KPHL,37:21:16.64,43:01:33.87,49.886053,-6.605807,38575.0,257516.43984045865,98
273784212,273784212,westbound,B772,EGLL,CYYZ,37:24:33.30,42:26:13.35,55.460304,-8.501116,39044.0,226227.86217687128,86
273784830,273784830,westbound,B788,LFPG,KORD,37:26:14.99,43:02:58.37,48.488069,-6.133486,41442.0,182385.9080330915,95
273782396,273782396,westbound,B748,EDDF,KEWR,37:26:52.35,42:48:17.05,49.647889,-6.456761,37303.0,376986.16487756144,94
273779498,273779498,westbound,A359,LGAV,KATL,37:31:30.43,42:53:12.81,40.726645,-13.964082,39157.0,238489.33272393787,66
273784861,273784861,westbound,A333,EKCH,KJFK,37:32:59.60,43:31:13.81,60.507904,0.594147,38321.0,194895.2801414687,100
273785056,273785056,westbound,A333,EGCC,KJFK,37:33:26.06,42:48:00.25,53.603285,-13.334493,38408.0,194959.66651174254,83
273783437,273783437,westbound,B772,EDDF,KIAH,37:33:44.11,43:16:46.67,48.465905,-6.891898,37908.0,241434.93456059668,74
273783019,273783019,westbound,A333,EHAM,KIAD,37:34:07.22,42:40:26.48,53.386175,-13.247456,38823.0,192582.6868659686,85
273785547,273785547,westbound,A333,EIDW,KMCO,37:35:03.98,42:57:09.99,53.308664,-13.561605,38163.0,196226.60879198636,93
273785372,273785372,westbound,A332,EGLL,KATL,37:36:34.06,43:26:32.58,49.810081,-6.499415,38729.0,205390.7925108637,99
273785471,273785471,westbound,B789,EGKK,KMCO,37:40:21.75,43:32:35.15,49.524543,-6.556122,40001.0,207573.50514015154,96
273785302,273785302,westbound,A339,EGLL,KJFK,37:43:13.28,43:21:49.24,54.604638,-8.671592,39660.0,204059.11696058034,88
273785761,273785761,westbound,B789,EGLL,CYUL,37:46:07.81,42:53:55.86,54.855516,-8.440526,41051.0,195342.57449918904,85
273783800,273783800,westbound,A339,EDDF,KSAT,37:46:42.55,43:44:55.43,48.446318,-6.39507,38232.0,220487.61697398665,73
273784932,273784932,westbound,A333,LFPO,KEWR,37:47:23.38,43:40:20.09,47.648201,-6.617801,38280.0,195341.67519272814,97
273784454,273784454,westbound,A333,LEMD,CYUL,37:49:22.74,43:18:55.77,40.906055,-13.217899,38323.0,194763.50069942212,91
273781111,273781111,westbound,A333,LIPZ,CYYZ,37:49:24.09,43:14:57.76,44.558909,-12.047007,39147.0,189746.15888638058,84
273784397,273784397,westbound,A333,EHAM,KATL,37:50:21.35,43:05:43.00,53.17859,-13.011137,38813.0,192632.98988801258,83
273783853,273783853,westbound,B788,EPWA,CYYZ,37:51:20.56,43:05:47.40,60.59947,2.049161,41692.0,176811.2469446685,88
273784305,273784305,westbound,A332,LFLL,CYUL,37:51:55.71,43:14:24.48,44.885124,-11.039874,39819.0,196072.18326219637,90
273784956,273784956,westbound,B772,EGLL,KORD,37:52:04.43,42:47:59.69,55.450242,-8.664655,38697.0,231071.22629092296,84
273786072,273786072,westbound,B788,EIDW,KPHL,37:53:02.62,43:08:51.72,53.636763,-10.189838,42011.0,177733.71198834002,92
273783044,273783044,westbound,B763,LIPZ,KJFK,37:56:26.70,43:41:50.81,43.666878,-11.337974,40009.0,158048.39315248295,90
273784963,273784963,westbound,A333,EGKK,CYYZ,37:59:33.47,43:05:24.64,57.780583,-8.483534,38499.0,194320.7071768809,84
273787273,273787273,westbound,A333,EINN,KJFK,38:01:14.28,43:14:43.88,53.862772,-13.290287,38063.0,196743.55496665955,83
273783175,273783175,eastbound,B763,KPSM,EDFH,38:01:41.03,43:01:33.38,48.024265,-52.541352,36796.0,154594.15351903497,82
273785743,273785743,westbound,A333,EGCC,CYYZ,38:05:10.65,43:10:23.14,56.973102,-8.458632,38206.0,195924.0093953412,85
273784152,273784152,westbound,B752,EBBR,KEWR,38:06:56.44,43:20:30.79,59.752671,-8.027854,39257.0,94783.79830311016,85
273780629,273780629,eastbound,B744,KHOP,LBSF,38:08:21.87,42:51:34.60,52.344732,-55.168235,37401.0,308460.5275321052,58
273783865,273783865,eastbound,B763,KPHL,LFPG,38:08:49.02,42:54:35.83,47.692206,-52.553496,36308.0,153186.9624472898,78
273786539,273786539,westbound,A332,EIDW,KMSP,38:11:29.01,42:27:57.19,57.351372,-8.855039,39223.0,200375.24861832376,72
273786706,273786706,westbound,A333,EGLL,KTPA,38:12:59.49,44:18:10.80,49.480006,-6.66829,38141.0,196189.4426501958,94
273786575,273786575,westbound,A333,EGCC,KJFK,38:14:25.15,43:38:49.76,55.517052,-8.402805,38171.0,196161.9162111926,89
273786162,273786162,westbound,A333,LFPG,KJFK,38:16:10.03,44:20:06.94,47.558902,-6.257843,38278.0,195355.920700951,97
273785658,273785658,westbound,A35K,EGLL,KDEN,38:18:43.67,42:18:00.43,59.139151,-8.671154,37907.0,268913.97417367,61
273782507,273782507,eastbound,B77L,KCVG,EDDP,38:19:25.17,43:19:15.99,51.184083,-54.613007,39386.0,239531.13551972798,77
273787349,273787349,westbound,B763,BIKF,KJFK,38:21:01.00,42:42:07.02,64.7,-26.925,40679.0,151285.8,74
273787165,273787165,westbound,A333,EIDW,KBDL,38:22:04.98,43:48:09.77,55.95496,-8.428031,37985.0,197133.81135152417,86
273786430,273786430,westbound,A388,EGLL,KBOS,38:22:52.70,43:31:32.73,56.692534,-8.370848,39648.0,443180.9257228992,87
273785676,273785676,westbound,A333,EHAM,KDTW,38:23:25.71,43:21:53.45,60.167933,-7.878685,38621.0,193175.28548337292,83
273787614,273787614,westbound,F2TH,EINN,KBED,38:24:00.00,43:48:48.97,54.043056,-11.676111,41480.0,17106.0,86
273786501,273786501,westbound,B789,EGLL,KORD,38:24:21.24,43:19:17.19,55.366053,-8.6406,40498.0,201601.81451688384,84
273786454,273786454,westbound,B788,LFPG,KDFW,38:25:14.20,44:06:43.30,47.625055,-7.088946,40808.0,188791.2534221399,80
273785583,273785583,westbound,A333,LEBL,CYUL,38:25:42.33,43:56:10.47,42.420886,-12.049316,38581.0,193162.96323811155,90
273783917,273783917,eastbound,B764,KJFK,LFPG,38:25:58.70,43:07:31.26,48.305943,-52.204777,34798.0,170477.67176129538,77
273781705,273781705,eastbound,B77L,KCVG,EGNX,38:26:03.45,42:34:06.79,51.397776,-54.51139,39841.0,230937.73054369798,70
273784053,273784053,eastbound,A333,KJFK,EDDP,38:26:28.13,43:41:28.93,47.650386,-52.348244,38533.0,190057.9197900159,83
273783439,273783439,eastbound,B772,KJFK,EGLL,38:26:33.50,42:37:34.48,47.71338,-52.227829,39350.0,214813.79955368003,71
273785978,273785978,westbound,B772,EGLL,KIAH,38:31:53.56,43:35:42.57,53.036471,-12.966823,37137.0,239962.27445513677,74
273785025,273785025,westbound,B789,EDDF,CYUL,38:32:28.77,43:26:08.48,60.206104,-7.904507,41133.0,191371.2349429072,81
273784681,273784681,eastbound,B763,KPHL,EGNX,38:36:24.14,42:52:16.03,47.508713,-52.65414,36878.0,151300.2324751755,69
273786650,273786650,westbound,B789,LFPG,KORD,38:40:19.29,44:22:19.78,47.800839,-6.23157,40255.0,204277.70170402402,95
273784698,273784698,westbound,A332,LDZA,CYYZ,38:41:07.33,44:26:13.48,45.523842,-6.5381,39451.0,201442.15779536488,86
273784275,273784275,eastbound,A35K,KJFK,EGLL,38:43:19.31,43:11:03.42,47.645578,-52.693157,37482.0,250187.32664305624,72
273785848,273785848,westbound,B788,EPWA,KEWR,38:44:33.57,44:24:00.96,60.623762,2.048343,41728.0,176413.84180499692,94
273785558,273785558,westbound,A333,EHAM,KBOS,38:45:26.11,44:05:25.13,59.893503,-8.120659,38627.0,193203.6626508077,84
273784649,273784649,eastbound,B763,KEWR,EGLL,38:46:38.82,43:06:51.21,47.885811,-52.343079,36829.0,151507.74793307614,70
273788080,273788080,westbound,B772,EGLL,KCLT,38:49:37.39,44:30:13.90,49.959904,-6.370184,38443.0,234388.30115273883,100
273788104,273788104,westbound,B77W,EGLL,KJFK,38:50:37.31,44:32:42.27,50.521459,-6.320723,39591.0,276473.9210145039,95
273784262,273784262,westbound,A332,LIRF,CYYZ,38:51:14.86,44:09:50.39,41.654736,-14.177771,39603.0,199878.64600835924,81
273780057,273780057,westbound,B77W,LGAV,CYYZ,38:51:50.62,44:06:05.65,42.63945,-12.047184,39458.0,274886.92905909446,70
273784713,273784713,eastbound,A333,KJFK,EGLL,38:54:45.20,43:25:36.19,47.286662,-52.289553,38511.0,190016.94791651357,72
273785949,273785949,westbound,B744,EDDF,CYYZ,38:54:46.21,43:38:24.82,60.10208,-8.244409,38796.0,294533.5393319206,83
273786443,273786443,westbound,B772,EHAM,CYUL,38:55:33.76,43:52:18.70,59.957196,-7.927147,39358.0,220874.05612579655,73
273788816,273788816,westbound,A333,EIDW,KCLE,38:56:00.00,44:11:58.86,56.039722,-8.378056,37948.0,197329.4,89
273787265,273787265,westbound,B789,EGLL,KDEN,38:57:00.74,42:59:35.85,58.692237,-8.768574,40019.0,206383.59901676382,63
273787090,273787090,westbound,B772,EGLL,KLAX,39:10:23.56,43:06:58.94,59.21553,-8.960628,37507.0,247623.0637250877,51
273788153,273788153,westbound,A35K,EGLL,KMCO,39:14:58.75,45:09:01.97,49.543083,-6.572677,37857.0,267190.6521890253,96
273789834,273789834,eastbound,A333,BIKF,LEMD,39:16:00.00,42:14:19.65,61.5,-18.383333,39137.0,186122.9,50
273787456,273787456,eastbound,B772,CYHZ,EGLL,39:16:43.11,43:30:20.22,48.208989,-52.188809,36381.0,215436.60642698588,73
273787300,273787300,westbound,B789,EGLL,KIAH,39:21:12.70,44:28:59.29,52.793445,-13.126422,39929.0,207942.35140838174,75
273788411,273788411,westbound,A359,LFPG,KDTW,39:21:49.71,45:00:56.53,47.787035,-6.475226,39268.0,230542.91946276434,96
273789335,273789335,eastbound,A333,BIKF,LEPA,39:23:00.00,42:10:56.76,61.499999,-18.383333,38938.0,187995.5,47
273788610,273788610,westbound,B772,EGKK,KJFK,39:24:16.28,45:06:28.60,49.990175,-6.668002,38943.0,227436.55972759277,94
273788295,273788295,westbound,B763,EGLL,KORD,39:26:07.73,44:19:53.68,58.084597,-8.462572,39748.0,160704.06766459648,80
273786966,273786966,westbound,A333,EDDF,CYHZ,39:26:47.22,44:15:06.56,59.990749,-7.37005,38848.0,191698.91618306184,77
273789261,273789261,westbound,B764,EGLL,KATL,39:29:15.09,45:29:53.89,50.241597,-6.406002,30660.0,182864.59917129937,101
273789621,273789621,westbound,A333,BIKF,KBWI,39:29:29.00,43:47:18.06,64.7,-26.925,38078.0,196102.2,73
273785841,273785841,eastbound,B748,KPHL,EDDK,39:29:41.96,44:07:53.43,47.806751,-52.195465,36846.0,368796.57466909173,81
273782848,273782848,eastbound,B763,KCVG,EBBR,39:31:37.88,44:13:43.87,51.238889,-54.330322,39008.0,155249.47007835557,77
273790392,273790392,westbound,A333,BIKF,CYHM,39:35:03.00,43:21:24.03,63.584722,-27.044722,38218.0,194771.9,65
273786481,273786481,eastbound,B772,KJFK,EGLL,39:36:50.70,43:48:10.48,47.828407,-52.352916,39336.0,214905.01939134218,71
273788299,273788299,westbound,A333,EFHK,KJFK,39:36:51.01,45:53:41.12,64.589485,8.165471,38443.0,194047.46197728184,106
273789547,273789547,westbound,A333,BIKF,KIAD,39:38:19.00,43:53:45.65,63.584722,-27.044722,38038.0,196481.3,72
273789646,273789646,westbound,B78X,EGLL,KMSY,39:38:25.43,45:19:42.15,50.005626,-6.355886,39402.0,225541.48664067348,88
273788083,273788083,westbound,B789,LFPG,KLAX,39:39:50.87,43:50:39.48,57.626802,-8.26902,39340.0,214105.29212206719,54
273789062,273789062,westbound,A359,LFPG,KIAD,39:51:08.24,45:38:34.81,47.63538,-6.259191,39361.0,229473.1070868028,100
273789005,273789005,westbound,B77L,EDDF,KATL,39:56:55.82,45:38:18.79,49.631218,-6.223049,41493.0,254782.10054189665,90
273788746,273788746,westbound,B77W,EGLL,KORD,40:01:21.64,44:23:42.81,58.730902,-8.53857,39446.0,279087.0226199829,74
273790109,273790109,westbound,B77W,EGLL,KJFK,40:04:37.03,45:47:40.75,50.523807,-6.300735,39622.0,276090.68546467286,96
273790665,273790665,westbound,B772,GCTS,BIKF,40:06:43.20,43:53:24.53,34.138465,-16.704492,39879.0,213603.33416067788,68
273791062,273791062,westbound,A333,BIKF,KBOS,40:06:59.00,44:22:03.86,63.584722,-27.044722,38463.0,192471.1,73
273791336,273791336,westbound,A333,BIKF,KSWF,40:11:27.00,44:21:58.01,63.584722,-27.044722,38308.0,193936.5,71
273789748,273789748,westbound,B788,EGLL,KCVG,40:12:21.62,45:16:25.91,56.765316,-8.453403,41709.0,179406.79858481913,88
273791028,273791028,westbound,A333,EIDW,KORD,40:15:41.60,45:20:37.00,56.327817,-8.490226,38058.0,196714.8987136468,85
273789556,273789556,westbound,B772,EGLL,KATL,40:16:02.18,45:20:17.16,52.904781,-13.396018,36615.0,232020.38713767222,88
273790424,273790424,westbound,B789,EGLL,KORD,40:18:37.07,45:12:46.23,55.392921,-8.635867,40498.0,201568.30300917022,84
273789549,273789549,westbound,B763,EGLL,KEWR,40:18:41.98,45:39:08.91,57.215232,-8.4482,40241.0,156457.44158053293,88
273789950,273789950,westbound,B789,EHAM,KBOS,40:19:34.67,45:30:54.12,57.968854,-7.764932,41027.0,194590.68862597347,87
273788526,273788526,westbound,B77W,LFPG,KJFK,40:19:45.77,46:08:30.88,47.769917,-6.562094,39562.0,276983.6195636014,96
273790855,273790855,westbound,A333,EIDW,KJFK,40:21:10.52,45:47:21.84,55.911346,-8.284656,38021.0,196937.70173343414,91
273787780,273787780,westbound,A346,EDDM,KEWR,40:21:16.46,46:05:50.26,47.422667,-6.575453,39429.0,285403.76869517536,95
273790587,273790587,westbound,B788,EGLL,KBWI,40:24:35.03,45:44:09.94,53.935225,-8.258812,41887.0,178235.5819330477,93
273786853,273786853,westbound,A339,EDDF,CYYZ,40:24:52.48,45:21:26.43,60.289195,-7.588453,39654.0,205328.41370224472,83
273789095,273789095,westbound,B77W,EGLL,CYYZ,40:26:16.70,45:21:00.09,57.362456,-8.168854,39807.0,273939.64134432044,85
273791100,273791100,westbound,A333,EIDW,KBOS,40:30:15.15,45:54:52.86,56.004952,-8.372715,38021.0,196932.802831106,87
273790114,273790114,westbound,A333,EGLL,KJFK,40:32:28.08,45:46:41.34,52.768077,-13.506111,38601.0,193947.4016929877,82
273787999,273787999,westbound,A359,EDDM,CYYZ,40:35:04.43,45:23:56.70,59.609622,-8.123238,39798.0,227502.8118791216,83
273790247,273790247,westbound,B77W,EGLL,KDFW,40:36:10.90,45:43:54.73,52.558472,-12.888535,35756.0,291042.27639906906,76
273792190,273792190,eastbound,B772,BIKF,LEMD,40:41:00.00,43:40:04.62,62.451388,-19.683611,40294.0,208788.5,54
273788421,273788421,westbound,A388,EDDM,KIAD,40:41:23.27,46:16:31.64,47.398055,-6.404375,39115.0,462840.448015804,91
273789984,273789984,westbound,A343,EDDF,KJFK,40:45:05.64,46:43:45.63,48.061027,-6.150175,37880.0,211946.66777414674,95
273787925,273787925,westbound,A388,EDDM,KBOS,40:45:22.63,45:51:30.24,59.481588,-7.519011,39647.0,452270.1218773978,85
273790618,273790618,westbound,A339,EGLL,KBOS,40:46:15.78,45:57:00.93,51.12075,-12.25186,39936.0,201532.80721243634,87
273789308,273789308,westbound,B789,EPWA,KORD,40:46:58.21,45:34:21.45,60.937413,1.718148,40227.0,201833.3224325768,76
273790771,273790771,westbound,B772,EGLL,KIAD,40:47:19.61,45:43:54.48,52.787468,-13.645724,39147.0,225100.48146337294,85
273789091,273789091,westbound,A339,EPWA,KJFK,40:51:21.57,46:49:24.87,60.83356,1.839246,39283.0,208750.8533288057,98
273792413,273792413,westbound,A333,EIDW,KIAD,40:55:16.40,46:35:33.50,56.226525,-8.525947,37985.0,197121.7391658108,55
273789814,273789814,westbound,B772,EDDF,KIAD,41:02:13.81,46:40:01.44,48.652408,-6.636717,38918.0,227141.22297119114,94
273790341,273790341,westbound,B788,EPWA,CYYZ,41:06:16.02,46:20:02.65,60.849482,2.206741,41699.0,176691.21610445718,88
273790990,273790990,westbound,B772,EGLL,KBNA,41:07:33.32,46:09:07.60,52.561913,-13.340943,37089.0,232463.1066702346,88
273792851,273792851,westbound,B772,BIKF,KIAD,41:10:55.00,45:14:39.30,64.071944,-27.185278,39392.0,221221.3,72
273789623,273789623,westbound,A333,EDDF,CYYZ,41:14:29.89,46:13:27.06,60.515462,-7.337522,38873.0,191508.0238263894,83
273791511,273791511,westbound,B788,EGLL,KPIT,41:14:34.21,46:18:58.49,56.791856,-8.348722,41913.0,177241.86548158005,88
273793172,273793172,westbound,B772,BIKF,KBWI,41:14:35.00,45:18:12.71,63.916667,-27.160278,39428.0,220766.3,72
273793282,273793282,westbound,B753,BIKF,CYYZ,41:23:37.00,45:17:45.57,64.073056,-27.189444,31771.0,109842.9,65
273792897,273792897,westbound,A339,EGLL,KJFK,41:24:09.61,47:19:15.66,50.073613,-6.646889,39498.0,204999.79154811296,96
273793158,273793158,westbound,B763,EGLL,KEWR,41:25:08.93,47:12:59.33,50.375297,-6.442148,39937.0,158249.50191942262,96
273793086,273793086,westbound,B763,BIKF,KEWR,41:25:31.00,45:31:05.10,64.073333,-27.191389,40693.0,151367.8,70
273792697,273792697,westbound,A333,LPPT,CYYZ,41:26:32.03,46:59:44.43,40.133307,-13.254178,38051.0,196614.55101831106,94
273791861,273791861,westbound,B77W,EGLL,KBOS,41:27:48.61,46:39:00.89,56.962404,-8.455243,40066.0,270130.21771743195,87
273791564,273791564,westbound,A35K,EGLL,CYYZ,41:28:10.04,46:24:48.25,57.459083,-8.089489,38802.0,256024.41560332093,85
273793211,273793211,westbound,B772,BIKF,KJFK,41:29:19.00,45:38:56.14,63.916667,-27.160278,39581.0,218655.2,74
273792750,273792750,westbound,B772,BIKF,KRDU,41:33:23.00,45:48:05.18,63.584722,-27.044722,39179.0,223934.1,76
273792658,273792658,westbound,A359,LFPG,KBOS,41:33:59.03,47:14:34.57,47.768656,-6.319481,39769.0,224924.30306121684,98
273789246,273789246,westbound,B789,LOWW,KJFK,41:34:22.69,47:12:44.51,47.842558,-6.237777,40784.0,195302.36945572754,93
273791943,273791943,westbound,A332,EHAM,CYYZ,41:40:00.22,46:35:59.26,60.022301,-8.260925,39691.0,197267.06931286142,83
273792608,273792608,westbound,B78X,EGLL,KEWR,41:47:42.54,46:54:38.33,57.152974,-8.440405,39656.0,223859.13171204517,88
273793253,273793253,westbound,MD11,LFPG,KMEM,41:48:22.10,47:36:43.69,47.786777,-6.33039,31902.0,260206.27762604217,89
273792713,273792713,westbound,A388,EGLL,KIAD,41:49:29.46,46:43:38.04,51.676388,-13.364285,39351.0,452172.5074750979,86
273792104,273792104,westbound,B744,EDFH,KRFD,41:57:59.34,46:21:34.77,58.533239,-7.946876,38345.0,303279.943723671,76
273793142,273793142,westbound,B789,EGLL,CYYZ,42:01:39.89,46:56:20.30,57.029006,-8.222522,40844.0,197290.49486518113,85
273792066,273792066,westbound,B78X,EHAM,KJFK,42:03:01.86,47:11:27.35,58.973671,-8.365228,39762.0,222943.26352280728,89
273793019,273793019,westbound,B744,ELLX,KHSV,42:03:30.02,47:46:22.08,49.159603,-6.327626,37877.0,310249.30052389594,87
273792957,273792957,westbound,A35K,EGLL,KIAD,42:03:47.46,47:03:21.39,51.888481,-13.338416,38762.0,257281.17737932134,86
273788699,273788699,westbound,B77W,LGAV,KEWR,42:08:15.70,47:27:42.32,41.882629,-13.713245,39811.0,274214.3566976169,75
273794009,273794009,westbound,B77W,LFPG,KJFK,42:10:59.46,48:00:09.19,48.100794,-6.212106,39560.0,277082.71527485177,97
273793298,273793298,westbound,B772,EGLL,KJFK,42:17:37.96,47:42:00.05,57.162984,-8.357858,39179.0,224073.91711269226,87
273792392,273792392,eastbound,B772,KBOS,BIKF,42:19:49.30,44:54:08.63,52.890032,-56.344727,40441.0,204425.6695244941,44
273794237,273794237,westbound,B789,EGLL,CYUL,42:20:29.03,47:19:03.40,56.842115,-8.355736,41094.0,194414.9951011085,86
273792928,273792928,westbound,B77W,LFPG,CYYZ,42:24:35.44,47:20:06.06,57.294932,-8.53471,39844.0,273957.92251171224,84
273793129,273793129,westbound,A359,LFPG,CYUL,42:30:08.44,47:27:04.30,57.255747,-8.409326,40134.0,222686.51099156178,80
273794035,273794035,westbound,A359,LFPO,KEWR,42:31:14.01,48:05:05.30,49.572087,-6.47338,39684.0,226524.86895872394,95
273795816,273795816,westbound,B772,BIKF,CYHZ,42:53:24.00,46:22:04.20,63.584722,-27.044722,40065.0,211957.5,61
273794339,273794339,westbound,A35K,EGLL,KJFK,42:56:00.98,48:04:33.78,51.7573,-13.438026,38963.0,254508.41267102,84
273794997,273794997,westbound,B772,EGLL,KJFK,43:07:36.61,48:21:25.90,56.93418,-7.992143,39153.0,224461.66216263952,89
273794485,273794485,westbound,B748,EDDK,KSDF,43:10:29.73,48:41:08.25,50.457341,-6.298199,36711.0,386889.0930865504,88
273794768,273794768,westbound,B744,EBLG,KJFK,43:14:16.65,48:45:16.66,50.019473,-6.460028,38651.0,296053.7487586941,95
273795171,273795171,westbound,B77L,EHAM,KORD,43:15:59.18,47:54:27.58,59.646401,-8.374374,27612.0,246698.19689085582,79
273793494,273793494,eastbound,B789,KJFK,LGAV,43:19:03.89,48:05:34.61,46.596234,-52.11136,40020.0,201216.48519068622,66
273793732,273793732,westbound,B789,EDDB,KJFK,43:19:59.27,48:36:07.90,60.438116,-7.600078,40851.0,194704.30538705993,92
273795712,273795712,westbound,A359,LFPG,KJFK,43:21:06.72,49:09:14.45,48.097925,-6.244366,39589.0,227046.18492799485,96
273795397,273795397,westbound,A359,LFPO,KEWR,43:28:46.82,49:02:52.11,49.655914,-6.387259,39689.0,226553.05698534974,95
273795787,273795787,westbound,B77L,LFPG,KMEM,43:30:29.28,49:11:13.05,48.332212,-6.280594,41291.0,257846.242243174,89
273794457,273794457,westbound,B77L,EDDP,KCVG,43:32:19.73,48:38:49.01,60.652676,-4.741436,41810.0,249356.500576996,80
273794213,273794213,eastbound,B788,KJFK,GMMN,43:36:07.25,48:29:39.06,43.709118,-58.952559,42247.0,171471.0658373693,85
273793927,273793927,westbound,B77L,EDDF,KATL,43:38:26.19,48:46:58.43,59.731338,-8.587358,41751.0,250328.55997451983,79
273795802,273795802,westbound,B77L,EDDF,KMEM,43:52:14.79,49:32:30.03,50.745924,-6.101791,41367.0,256969.78977097204,84
273794219,273794219,westbound,A359,EDDM,CYUL,43:54:43.57,48:48:52.04,59.318628,-7.541512,40078.0,224376.12656877242,85
273796573,273796573,westbound,A35K,EGLL,KJFK,44:01:49.22,49:30:30.04,55.21045,-8.745842,38842.0,255229.19291916245,87
273792856,273792856,eastbound,A333,KCVG,LIMC,44:03:50.48,49:09:39.65,52.065104,-55.605991,39386.0,186573.92548521588,75
273797734,273797734,westbound,B772,BIKF,KJFK,44:06:53.00,48:10:39.27,63.584722,-27.044722,39580.0,218655.2,72
273797555,273797555,westbound,B772,BIKF,KIAD,44:08:41.00,48:09:26.94,63.584722,-27.044722,39394.0,221221.3,71
273795886,273795886,westbound,B77W,LFPG,CYQB,44:11:37.60,49:05:46.93,57.056611,-8.203102,40259.0,267741.67311368376,76
273796255,273796255,westbound,B77L,EDDK,KMEM,44:13:17.37,49:11:46.01,58.81031,-8.179739,41533.0,253977.90100357207,75
273797395,273797395,westbound,B789,EGKK,KJFK,44:17:31.27,50:02:48.38,50.254194,-6.483458,40734.0,199412.25680435236,96
273796820,273796820,westbound,A332,EBBR,KCVG,44:18:03.02,49:59:28.04,50.111611,-6.592816,39044.0,203504.20707874192,92
273790383,273790383,eastbound,B77L,KDFW,EBLG,44:18:08.46,49:02:49.66,53.225789,-55.704472,39651.0,235245.60629843577,68
273795341,273795341,westbound,B77L,EDDF,KJFK,44:19:55.37,49:43:14.28,59.329125,-7.732512,42383.0,241015.26496160615,88
273797702,273797702,westbound,B772,BIKF,CYYZ,44:24:30.00,48:03:57.15,63.916667,-27.160278,39577.0,218715.8,65
273794561,273794561,eastbound,A332,KJFK,LYBE,44:26:03.49,49:36:55.23,46.808975,-52.221277,36814.0,202288.2492267742,73
273797676,273797676,westbound,B77L,EGSS,KMEM,44:33:13.37,49:41:43.90,56.554789,-8.443119,41497.0,254720.80545431277,84
273789535,273789535,eastbound,B77L,KLAX,EDDP,44:34:29.06,49:34:05.82,57.446105,-60.711859,41665.0,239702.77557653733,62
273798195,273798195,westbound,B772,BIKF,KBOS,44:45:03.00,48:46:59.71,63.584722,-27.044722,39742.0,216408.0,68
273796411,273796411,eastbound,B789,CYUL,LGAV,44:48:34.44,49:33:02.87,50.698011,-53.906212,40165.0,201903.5889451049,68
273798504,273798504,westbound,F900,LFBD,CYHZ,44:49:03.06,50:10:55.89,45.429124,-6.363855,38186.0,17004.65942862231,84
273797536,273797536,westbound,B763,EGSS,KSDF,44:51:50.98,50:11:12.97,52.423556,-13.219655,39798.0,161027.26600052562,86
273796903,273796903,westbound,B748,EDDK,KSDF,44:54:54.84,49:45:32.25,51.858513,-13.117729,36264.0,383162.5194872138,78
273797561,273797561,westbound,B772,EGLL,KBOS,44:56:12.50,49:53:20.63,52.402691,-13.489273,39486.0,220135.4172927366,84
273798208,273798208,westbound,B789,EHAM,MMMX,45:11:37.60,50:59:40.62,50.125277,-7.058327,39106.0,217428.6082712546,72
273797242,273797242,eastbound,A332,CYUL,DTTA,45:13:30.97,50:03:33.78,50.614929,-54.014474,39346.0,200662.8189779876,78
273798573,273798573,westbound,A333,LEMD,BIKF,45:17:03.93,47:58:21.34,44.921665,-7.355812,39371.0,184561.1119140117,46
273794982,273794982,eastbound,A332,KORD,LYBE,45:24:39.56,50:32:01.50,53.517596,-56.342529,38497.0,203352.2241310561,69
273798714,273798714,westbound,B77L,EGNX,KCVG,45:25:28.88,50:22:40.92,57.001106,-8.482128,41907.0,248669.76382502122,87
273796534,273796534,westbound,B77L,LIMC,KMEM,45:30:43.15,50:56:29.74,44.278829,-11.675794,41494.0,254329.8677865089,76
273797102,273797102,eastbound,A333,KJFK,LGAV,45:39:08.24,50:45:29.24,46.282881,-52.476195,38850.0,190331.4343119505,66
273799277,273799277,westbound,B77L,EGSS,KIND,46:09:25.97,50:48:20.85,57.287343,-8.037812,41849.0,249432.37734379058,81
273799508,273799508,westbound,B789,EGLL,MMMX,46:14:04.23,51:58:48.52,49.980782,-7.151186,39011.0,219055.60253470083,75
273799550,273799550,westbound,B772,LEMD,BIKF,46:42:13.48,49:04:37.47,47.027933,-7.396195,40576.0,203937.86298180794,43
