identifier,base_fid,direction,actype,origin,destination,spawn_time,del_time,spawn_lat,spawn_lon,spawn_alt_ft,spawn_mass_kg,n_waypoints
287543994,287543994,eastbound,A332,KJFK,LROP,19:56:15.46,24:55:59.42,45.548954,-52.457939,39008.0,205201.49238003712,70
287546089,287546089,eastbound,A339,KBOS,LGAV,21:03:02.73,25:51:03.76,46.316137,-51.748569,38864.0,213328.2468358467,67
287548500,287548500,westbound,A333,GCTS,BIKF,21:26:15.86,25:26:36.40,33.50608,-16.9198,38637.0,191686.7528591275,70
287548766,287548766,westbound,B788,EGLL,SKBO,21:29:37.78,27:02:19.88,49.446489,-6.69945,40378.0,193684.36577502915,75
287547849,287547849,eastbound,B789,MDPC,EGKK,21:39:01.84,28:11:50.10,26.057816,-60.984163,40188.0,201487.2932769654,111
287547434,287547434,eastbound,A339,KBOS,EDDF,21:48:59.01,27:07:14.81,45.774115,-52.324733,39869.0,202478.41903254442,87
287546771,287546771,eastbound,A333,KJFK,LGAV,21:49:21.74,26:38:19.26,46.456038,-51.881532,39001.0,190059.7752108677,64
287547743,287547743,eastbound,B764,KJFK,LEBL,21:53:57.65,26:58:29.11,44.25598,-55.566902,34322.0,174444.646368227,84
287548417,287548417,westbound,A333,LEMG,BIKF,21:56:05.35,24:34:12.26,45.771538,-7.728384,39426.0,184643.79152446263,44
287547143,287547143,eastbound,B744,KJFK,EDDF,22:04:18.17,26:58:10.10,47.402577,-52.787066,38800.0,289944.9187735699,86
287546672,287546672,eastbound,A343,KIAD,EDDF,22:10:46.84,27:20:15.28,47.770509,-52.515186,38264.0,209959.57599412848,85
287547631,287547631,eastbound,A339,KJFK,EDDF,22:11:22.94,27:26:33.10,45.899106,-52.290716,39857.0,203053.26993910968,86
287547389,287547389,eastbound,B78X,KEWR,LGAV,22:12:12.20,26:42:15.64,47.148689,-52.195195,39967.0,218975.06249819198,64
287547646,287547646,eastbound,B788,TNCC,EHAM,22:16:00.60,29:03:42.43,26.311383,-58.821212,41367.0,178250.71931913958,101
287548137,287548137,eastbound,A339,KBOS,LIRF,22:18:40.11,27:11:11.49,46.527793,-52.512643,39454.0,206780.07782156256,80
287547775,287547775,eastbound,A339,KMCO,EGLL,22:25:39.69,28:23:04.87,38.063593,-62.129467,39540.0,206926.80447083196,92
287548655,287548655,westbound,B789,EDDB,KJFK,22:29:52.27,27:50:33.56,57.437724,-8.109123,40770.0,195478.13045713,90
287548385,287548385,eastbound,A339,KBOS,EHAM,22:37:07.01,27:26:11.66,48.09538,-52.365262,39969.0,200117.7001502069,81
287547951,287547951,eastbound,A359,KATL,LIRF,22:37:26.33,28:39:18.52,38.324908,-62.995378,38967.0,236715.6081802396,81
287547433,287547433,eastbound,A343,KDTW,EDDF,22:39:58.93,27:54:10.05,53.904284,-57.192785,38082.0,210631.42437046216,88
287546292,287546292,eastbound,B763,KSDF,EIDW,22:40:58.64,26:34:17.47,54.28314,-57.707675,40728.0,150668.3442034731,69
287548741,287548741,eastbound,A333,KBOS,LSZH,22:43:35.43,27:54:49.71,45.438639,-52.315307,38795.0,191617.55503492037,84
287546784,287546784,eastbound,A359,KATL,EHAM,22:50:40.35,27:30:34.69,48.375507,-52.962468,40147.0,225024.65913060057,76
287547848,287547848,eastbound,A333,KJFK,LSZH,22:52:03.58,28:02:55.66,45.569643,-52.290859,38979.0,190308.60069459592,84
287549676,287549676,westbound,B772,LPPT,BIKF,22:52:17.42,25:34:14.85,43.891691,-8.935097,40430.0,206222.56115379004,48
287548597,287548597,westbound,A333,LEMD,BIKF,22:52:24.61,24:29:16.27,53.70713,-9.028571,39896.0,180575.41449380506,27
287548229,287548229,eastbound,A359,KJFK,LIRF,22:56:25.86,28:18:11.22,43.79434,-58.617091,39283.0,231348.27827379206,87
287548073,287548073,eastbound,B77W,KJFK,LFPG,22:56:28.09,27:34:33.32,45.529402,-52.564019,40036.0,267573.6900941614,82
287548245,287548245,eastbound,A333,CYYZ,LSZH,22:56:50.21,28:04:52.98,50.898612,-54.181995,39053.0,189329.03126395997,84
287545357,287545357,eastbound,B744,KDFW,ELLX,22:59:25.31,27:49:19.74,53.009643,-55.660362,38392.0,294232.2832765312,72
287548224,287548224,eastbound,B77W,KMIA,LFPG,22:59:32.74,28:49:23.85,37.414276,-60.741701,39531.0,276842.4983837226,90
287548268,287548268,eastbound,B772,CYYZ,EHAM,23:00:39.03,27:35:41.34,53.564441,-57.064329,39286.0,217384.21248563775,84
287548356,287548356,eastbound,B748,KMIA,EDDF,23:05:22.14,29:06:10.97,37.36693,-60.749211,36919.0,385375.3176487816,88
287549519,287549519,eastbound,B77L,TJBQ,EHAM,23:05:42.72,29:52:06.98,26.321886,-59.969654,40149.0,252229.05115290452,112
287549558,287549558,eastbound,A343,CYHZ,LSZH,23:06:19.25,28:08:21.84,46.611545,-52.285624,38242.0,206741.69023828313,83
287548553,287548553,eastbound,A333,KJFK,EIDW,23:09:05.92,27:04:37.32,48.724595,-52.827362,39001.0,190015.99710584205,66
287546453,287546453,eastbound,A333,KORD,LSZH,23:11:41.08,28:27:12.09,52.597144,-55.713981,39134.0,186623.37374634773,79
287548636,287548636,eastbound,B789,KJFK,LIMC,23:16:30.47,28:13:49.78,45.490658,-52.818421,40902.0,192886.61900877385,85
287548023,287548023,eastbound,A333,KDTW,LFPG,23:16:45.90,28:11:25.98,51.715289,-54.899599,39158.0,187610.01042634502,82
287550048,287550048,eastbound,B772,TXKF,EGLL,23:18:00.51,29:06:44.21,34.880923,-60.908559,38944.0,227205.3808365112,101
287549124,287549124,eastbound,A333,KBOS,EIDW,23:18:15.92,27:12:36.57,48.468616,-52.693132,38812.0,191402.50075404937,64
287548090,287548090,eastbound,B763,KJFK,EKCH,23:18:19.83,28:20:47.75,53.407154,-56.44342,40293.0,155769.82951261138,88
287546923,287546923,eastbound,B763,KATL,LFPG,23:18:45.34,28:08:23.18,46.488907,-52.767753,40414.0,155562.7829897231,76
287548320,287548320,eastbound,B764,KDTW,EDDM,23:23:20.30,28:39:35.02,52.742958,-55.781991,35728.0,175512.85914776102,82
287548681,287548681,eastbound,A339,CYYZ,LIRF,23:23:25.89,28:20:51.61,50.714017,-54.02124,39237.0,207651.64786005442,75
287549175,287549175,westbound,GLEX,LFMN,KEWR,23:23:54.16,28:25:47.74,52.763875,-12.872564,46695.0,31953.664609337487,86
287548816,287548816,eastbound,A333,CYYZ,EKCH,23:24:52.47,28:31:31.15,56.489417,-61.102848,38929.0,189876.05098115467,92
287548216,287548216,eastbound,B77L,KCVG,EDDP,23:25:19.72,28:20:49.89,53.874079,-57.817857,42181.0,240687.39150100146,84
287548012,287548012,eastbound,B772,KCLT,EDDM,23:26:03.68,28:14:57.50,47.740283,-52.71808,39053.0,221316.52035771243,73
287548892,287548892,eastbound,B772,KJFK,LGAV,23:28:33.33,28:01:47.61,44.916506,-51.891454,38353.0,233596.683584254,65
287549271,287549271,eastbound,A339,KJFK,LIRF,23:30:43.61,29:01:46.69,43.83118,-58.130962,39181.0,209503.0220588966,86
287547609,287547609,eastbound,A333,KATL,EDDF,23:31:59.79,28:43:38.59,48.238806,-52.623002,39723.0,184806.69511435536,75
287548985,287548985,eastbound,A333,CYYZ,EIDW,23:33:17.41,27:27:43.44,54.024296,-57.338615,38981.0,189577.82982084661,70
287549296,287549296,eastbound,A333,KBOS,EKCH,23:35:08.77,28:57:28.24,48.539888,-52.772319,38810.0,191409.084025305,89
287548754,287548754,eastbound,B772,KMCO,EGKK,23:37:15.60,29:16:01.51,37.641551,-61.463153,39037.0,223425.95914214212,90
287549832,287549832,eastbound,A333,CYHZ,EDDF,23:37:16.52,28:52:36.61,46.542301,-52.801638,38367.0,194589.49776583776,85
287548247,287548247,eastbound,A359,KDTW,EHAM,23:37:38.65,28:12:00.62,53.529516,-56.422314,40151.0,222768.5218984943,83
287549400,287549400,eastbound,A343,KBOS,EDDF,23:38:12.36,28:45:57.46,48.229743,-52.422408,38316.0,207708.28339958854,85
287549116,287549116,eastbound,A333,KEWR,ESSA,23:38:18.26,28:47:59.60,56.030898,-60.500476,39017.0,189642.10403903603,90
287548559,287548559,eastbound,B744,KJFK,ELLX,23:39:02.73,28:23:38.06,47.602915,-52.554929,38923.0,288028.2586690121,85
287549766,287549766,westbound,B744,ELLX,KORD,23:39:19.37,28:45:16.77,54.503439,-8.232831,34127.0,303576.27621172095,83
287549082,287549082,eastbound,B763,KEWR,EGLL,23:40:50.90,28:01:06.10,48.225587,-52.345858,39647.0,151749.50399549966,72
287548282,287548282,eastbound,B77L,KIND,EBLG,23:41:28.14,28:22:05.40,53.428561,-56.396692,42477.0,235754.95492948202,83
287548941,287548941,eastbound,B789,KMIA,EGKK,23:42:11.88,29:26:44.26,37.356749,-61.72224,40753.0,193967.98478488636,91
287549181,287549181,eastbound,B78X,KEWR,EDDM,23:43:57.06,28:34:55.04,48.463507,-52.572718,38986.0,218939.18818930737,84
287549543,287549543,eastbound,A333,KBDL,EIDW,23:44:36.30,27:38:09.50,48.68621,-52.460639,38906.0,190711.26540498046,66
287549127,287549127,eastbound,B772,KJFK,LFPG,23:45:28.37,28:23:47.73,45.661497,-52.642995,39459.0,217777.5339827568,82
287548829,287548829,eastbound,B764,KEWR,EDDB,23:45:32.03,29:02:51.75,48.461621,-52.425067,35778.0,173829.50337264128,86
287548978,287548978,eastbound,A359,KEWR,LFPG,23:46:47.88,28:26:55.69,46.681078,-52.300555,40201.0,221990.0206717622,81
287548924,287548924,eastbound,B763,KIAD,LIPZ,23:49:10.10,28:50:29.11,46.457032,-52.637284,39973.0,158785.7922371425,77
287548998,287548998,eastbound,A339,KJFK,LIRF,23:49:15.18,28:47:26.77,46.497539,-52.790839,39428.0,207453.3795873058,78
287549157,287549157,eastbound,B763,KEWR,LSGG,23:51:33.22,28:47:35.98,46.20372,-52.694077,40333.0,155836.34405344672,82
287549114,287549114,eastbound,A333,CYYZ,EDDF,23:52:43.64,29:16:36.17,52.179141,-55.346342,39024.0,189302.17139051307,89
287549066,287549066,eastbound,B752,KEWR,EBBR,23:52:45.30,28:39:32.71,48.591554,-52.490503,38053.0,91667.10317920074,81
287549201,287549201,eastbound,A333,CYYZ,LPPT,23:52:48.68,28:12:06.05,48.300938,-52.577217,39108.0,189061.17391228522,73
287548891,287548891,eastbound,A333,KEWR,EKCH,23:55:11.15,29:00:58.44,54.956055,-59.328627,39000.0,189824.2211170726,89
287548263,287548263,eastbound,A359,KORD,EDDM,23:55:55.42,28:51:20.97,54.208878,-56.727486,39644.0,228153.95503033145,79
287547874,287547874,eastbound,A339,KATL,LGAV,23:56:48.86,28:47:50.26,46.925539,-52.649336,39147.0,212723.60774225206,56
287549212,287549212,eastbound,A333,KEWR,EIDW,23:58:31.54,27:53:42.14,48.729632,-52.832115,39024.0,189860.83035884998,67
287548510,287548510,eastbound,B772,KCLT,EIDW,23:59:11.24,27:43:02.16,48.19704,-52.594445,39690.0,210673.23123145258,67
287548509,287548509,eastbound,A333,KMSP,LFPG,23:59:30.65,28:55:47.80,54.48154,-57.707927,39375.0,186378.29988972252,83
287548951,287548951,eastbound,B772,CYOW,LFPG,23:59:44.71,28:36:18.41,50.769466,-54.335776,39075.0,217490.64855431626,81
287548152,287548152,eastbound,A332,KIAD,LIRF,24:00:41.08,28:44:28.36,46.374945,-52.900641,39444.0,201054.53981310938,72
287548947,287548947,eastbound,B77W,KEWR,LIRF,24:01:39.52,28:40:03.11,47.021533,-52.93606,39582.0,275794.386143111,77
287549471,287549471,eastbound,B772,KEWR,EHAM,24:02:02.05,28:35:52.97,48.574141,-52.769353,39245.0,218335.4455477771,80
287549115,287549115,eastbound,B77W,KJFK,LFPG,24:05:12.25,28:41:25.47,45.916593,-52.380623,40196.0,266588.4860077866,81
287548720,287548720,eastbound,A388,KMIA,EGLL,24:05:56.88,29:41:13.03,37.316425,-61.251109,39293.0,463750.51151799527,90
287549935,287549935,eastbound,A332,KBOS,LIRF,24:07:06.01,29:29:09.53,43.90662,-57.801904,39219.0,201391.87941320118,90
287549469,287549469,eastbound,B77W,KEWR,EGLL,24:07:24.39,28:20:06.39,48.0108,-52.662073,39596.0,263522.09063378157,71
287548911,287548911,westbound,B788,LIRF,MMMX,24:07:38.92,29:25:08.67,39.867169,-13.66407,40458.0,188828.09325560112,58
287546115,287546115,eastbound,B788,KORD,EPWA,24:08:58.60,29:02:13.85,56.292054,-59.95581,41764.0,170816.66570715647,79
287548416,287548416,eastbound,A333,KORD,EIDW,24:09:02.58,28:05:54.57,54.93999,-58.434925,39258.0,187114.29968624818,72
287548635,287548635,eastbound,A359,KMSP,EHAM,24:09:30.24,28:48:15.12,55.156314,-58.965214,40021.0,224135.82440317562,84
287549365,287549365,eastbound,A333,KMCO,EGCC,24:09:42.04,29:57:57.01,37.868776,-61.211337,39244.0,188519.04482129967,90
287549767,287549767,eastbound,B744,KJFK,EBLG,24:10:41.43,28:49:06.08,47.114584,-52.267107,38957.0,287910.33113470406,83
287548641,287548641,eastbound,A333,KMSP,EDDF,24:10:43.35,29:22:28.84,54.561822,-57.031492,39392.0,186240.99615999137,82
287548157,287548157,eastbound,B772,KATL,LFPG,24:10:59.60,28:42:19.45,48.007528,-52.523884,39360.0,216019.48541717126,74
287548528,287548528,eastbound,B78X,KORD,LIRF,24:11:29.76,28:47:10.87,52.429871,-54.415619,39469.0,215429.110216473,69
287549091,287549091,eastbound,B763,KIAD,LOWW,24:11:35.97,29:13:31.02,47.542579,-52.953934,39367.0,159466.4931276957,75
287548971,287548971,eastbound,B764,KJFK,EDDB,24:12:15.36,29:28:18.74,47.662838,-52.355278,35825.0,174039.74893050076,86
287549220,287549220,eastbound,A333,CYYZ,EDDM,24:12:24.97,29:30:57.07,52.072405,-55.116715,38988.0,189245.76128604394,85
287549351,287549351,eastbound,B788,KJFK,EPWA,24:13:39.98,29:15:36.08,50.010481,-53.723126,41929.0,172545.42664607687,84
287548904,287548904,eastbound,B788,KIAD,LGAV,24:14:53.86,28:53:22.94,44.979619,-52.07826,41293.0,178429.1282480955,63
287549317,287549317,eastbound,A333,CYYZ,LOWW,24:15:19.08,29:36:35.52,52.08165,-55.489625,38992.0,189355.40546308886,82
287544078,287544078,eastbound,B748,KLAX,ELLX,24:19:11.75,29:09:03.25,54.042012,-56.873597,38475.0,364749.1004774025,62
287547855,287547855,eastbound,B77L,KMEM,EBLG,24:19:47.27,28:59:36.02,53.528924,-56.221471,42414.0,235810.77284864738,77
287549016,287549016,eastbound,A333,KIAD,EIDW,24:20:59.05,28:16:09.48,48.42958,-52.858389,39215.0,188548.40100333336,65
287548899,287548899,eastbound,B78X,KORD,EHAM,24:21:44.79,28:55:28.10,54.455378,-57.592432,40287.0,216155.5448572792,85
287549890,287549890,eastbound,A333,KBOS,EINN,24:21:53.17,28:04:03.70,48.559486,-52.890296,38807.0,191420.78179465252,63
287547693,287547693,eastbound,A332,CYUL,DAAG,24:23:46.07,28:51:50.81,47.676628,-52.325954,39709.0,197121.54922073978,77
287549653,287549653,eastbound,A359,CYYZ,LFPG,24:23:46.13,29:03:05.19,51.525276,-54.336796,39982.0,222099.2518886546,82
287549923,287549923,eastbound,A333,KBOS,EGLL,24:23:48.09,28:51:40.47,48.278319,-52.695995,38807.0,191429.0182168771,75
287548178,287548178,eastbound,A333,KSTL,EDDF,24:23:56.37,29:35:02.43,54.033522,-57.092645,39501.0,185162.61031769996,79
287549520,287549520,eastbound,A35K,KJFK,EGLL,24:24:04.28,28:41:45.28,48.136103,-52.45386,39290.0,250219.88379153682,75
287549547,287549547,eastbound,B763,KJFK,ESSA,24:24:47.22,29:33:05.49,55.461689,-59.282532,40220.0,156614.76162623675,90
287549555,287549555,eastbound,A35K,CYYZ,EGLL,24:25:22.45,28:49:03.95,51.718668,-54.966322,39124.0,250697.03024293235,77
287549387,287549387,eastbound,A333,KMCO,EGLL,24:26:33.03,30:29:00.46,37.507739,-61.760438,39217.0,188715.2959273748,91
287549800,287549800,eastbound,B77W,TNCC,EHAM,24:26:49.97,31:07:20.63,26.343207,-58.552251,38748.0,283833.05198635376,100
287548815,287548815,eastbound,A333,KJFK,ENGM,24:27:50.51,29:10:16.66,55.757915,-59.896879,39008.0,189668.4706089729,82
287549910,287549910,eastbound,B789,KBOS,EBBR,24:28:40.16,29:13:37.99,46.095968,-52.60389,41192.0,190387.2064872956,84
287548605,287548605,eastbound,B763,KORD,LSZH,24:28:40.75,29:45:26.28,52.993509,-56.417596,38836.0,157101.30827692818,81
287549274,287549274,eastbound,B772,KEWR,LOWW,24:29:13.17,29:17:15.97,47.755851,-52.485794,38894.0,224877.17043147204,79
287548236,287548236,westbound,B789,LGAV,KJFK,24:29:51.90,29:30:40.58,53.432941,-13.361372,40984.0,188820.129699347,71
287549444,287549444,eastbound,A388,KJFK,EDDM,24:30:02.08,29:23:35.31,46.385041,-52.445315,39424.0,456338.5880021287,86
287549146,287549146,eastbound,B772,KEWR,LIMC,24:32:30.08,29:21:26.09,48.044047,-52.83105,39136.0,221603.37905308808,83
287549730,287549730,eastbound,B789,KJFK,EGKK,24:34:11.12,28:58:11.63,45.804366,-52.548129,41335.0,187841.18498780188,77
287548804,287548804,eastbound,B763,KATL,LSZH,24:34:56.38,29:39:37.63,46.21888,-52.852041,40124.0,158323.44498137673,73
287549070,287549070,eastbound,A332,KIAD,EHAM,24:35:20.35,29:19:03.23,48.071079,-52.621826,40023.0,194156.08496083796,82
287548950,287548950,eastbound,B78X,KORD,LGAV,24:36:10.78,29:15:47.64,52.622346,-55.120455,39529.0,215598.37128786766,61
287548377,287548377,eastbound,B772,KCLT,EDDF,24:36:18.07,29:29:07.68,47.244352,-53.015911,39251.0,219442.95579580663,77
287549621,287549621,eastbound,B763,KEWR,LSZH,24:36:41.30,29:36:44.22,47.91855,-52.408655,39362.0,156566.42847768895,83
287548770,287548770,eastbound,B763,KORD,EGLL,24:36:59.32,29:06:17.82,54.429427,-57.925573,40497.0,153130.568761749,82
287548981,287548981,eastbound,B763,KMIA,EHAM,24:36:59.41,31:05:54.21,37.42445,-60.648606,39540.0,160669.5415714778,91
287549377,287549377,eastbound,B78X,KIAD,EGLL,24:37:14.98,28:51:18.38,48.093188,-52.56867,39238.0,217713.62462876356,75
287549460,287549460,eastbound,A333,KTPA,EDDF,24:38:01.13,31:17:09.51,37.566433,-61.114564,39326.0,187963.82397906293,88
287549732,287549732,eastbound,B744,CYYZ,EDDF,24:38:43.23,29:27:19.46,51.686835,-54.801169,38541.0,289973.1039410384,85
287549908,287549908,eastbound,A333,KBOS,EHAM,24:40:03.19,29:30:13.77,48.42525,-52.532567,38818.0,191350.92164037537,79
287549275,287549275,eastbound,B788,KIAD,EDDM,24:41:45.13,29:43:46.35,46.301538,-52.553288,42043.0,170293.51687552567,82
287547834,287547834,eastbound,B77W,KDFW,EGLL,24:41:56.67,28:55:29.04,54.491568,-57.227182,39990.0,264781.08022387966,70
287549292,287549292,eastbound,B77L,KATL,EDDP,24:42:17.26,29:41:13.91,46.94073,-52.407585,42299.0,239950.3450778591,75
287550019,287550019,eastbound,B744,KEWR,EDDF,24:42:26.52,29:26:27.94,48.111842,-52.375168,38786.0,289654.560986743,83
287549670,287549670,eastbound,B763,KEWR,EGLL,24:42:31.03,29:04:29.79,48.54458,-52.702388,39437.0,152299.37665520297,73
287549755,287549755,eastbound,B788,CYUL,EKCH,24:44:12.51,29:37:01.96,55.04251,-59.183946,42234.0,170474.7850866593,90
287549652,287549652,eastbound,A333,CYUL,LFSB,24:44:24.95,29:57:26.80,51.508643,-55.004147,38756.0,191472.16819049045,85
287549030,287549030,eastbound,B789,KORD,LOWW,24:44:25.31,29:36:49.17,53.898319,-56.925386,40598.0,192415.04427022187,77
287548120,287548120,eastbound,A359,KSEA,LFPG,24:45:17.99,29:36:59.04,60.858951,-64.268584,40005.0,228115.40011238394,72
287549054,287549054,eastbound,B77W,KIAD,EDDF,24:46:31.43,29:42:17.67,47.631544,-52.74993,39516.0,269772.2556161264,86
287549833,287549833,eastbound,B77W,KJFK,EGLL,24:46:38.66,29:00:26.51,47.479361,-52.861146,39838.0,263698.23620044405,74
287549976,287549976,eastbound,B77W,KJFK,EGLL,24:47:01.45,29:06:36.34,46.105227,-52.439155,40360.0,264562.5380483508,76
287549790,287549790,eastbound,B77W,KJFK,LFPG,24:48:34.31,29:24:58.34,45.866758,-52.3918,40218.0,266541.4994781144,81
287549888,287549888,eastbound,B763,CYUL,LOWW,24:48:46.40,29:56:57.35,51.025036,-54.349303,38902.0,158263.11735361948,84
287549093,287549093,eastbound,B764,KATL,EDDM,24:49:09.51,29:53:01.11,48.049433,-52.483769,36099.0,174842.93207201498,71
287549097,287549097,eastbound,B763,KIAD,LSGG,24:49:10.77,29:51:27.44,46.264785,-52.505628,40276.0,156157.7077315954,83
287549597,287549597,eastbound,A333,KJFK,EBBR,24:49:12.44,29:46:02.06,47.585829,-52.74009,38991.0,190177.8891385347,83
287550087,287550087,eastbound,A339,KBOS,LFPG,24:50:01.22,29:43:48.50,46.996508,-52.904767,40038.0,200362.35232923663,82
287549260,287549260,eastbound,B772,KIAD,LIRF,24:52:41.61,29:27:07.58,46.539703,-52.396778,38899.0,225090.53901031346,72
287549239,287549239,eastbound,B763,KIAD,EHAM,24:54:01.34,29:39:54.18,48.101178,-52.389066,39439.0,154135.32663942507,81
287549593,287549593,eastbound,A333,KJFK,EHAM,24:55:10.09,29:46:45.97,48.500633,-52.833475,39008.0,189996.60240408417,80
287549847,287549847,eastbound,B77W,CYYZ,LGAV,24:55:26.89,29:34:32.99,51.574774,-54.660916,38191.0,285348.0576514338,65
287550071,287550071,eastbound,B789,CYUL,EGLL,24:55:35.50,29:06:41.69,51.102051,-54.679732,41361.0,188238.8835056023,76
287548355,287548355,eastbound,A332,KORD,LIRF,24:55:45.27,29:49:34.57,52.800091,-54.985825,39008.0,201911.29635242381,70
287549839,287549839,eastbound,B77W,CYYZ,EGLL,24:56:18.49,29:07:09.12,52.938442,-55.767364,40215.0,264080.8429410171,77
287549991,287549991,eastbound,A332,KJFK,EDDF,24:57:40.25,30:03:24.29,46.181794,-52.773681,39884.0,195824.01606060448,86
287549324,287549324,eastbound,B77W,KIAD,EBBR,24:58:07.82,29:34:38.06,47.646982,-52.464629,39695.0,266956.8742082581,82
287547635,287547635,eastbound,B788,MMUN,EGPF,24:59:06.93,28:38:43.83,49.956265,-52.788283,42724.0,155782.91705941735,58
287549985,287549985,eastbound,B763,KEWR,EGLL,24:59:56.16,29:23:39.11,47.969587,-52.799994,39656.0,151981.38116605842,74
287550463,287550463,westbound,B763,EDDK,KEWR,25:00:13.84,30:21:32.80,55.138571,-8.791945,34651.0,157801.6998370633,91
287549795,287549795,eastbound,B77W,KIAD,LFPG,25:00:14.09,29:36:41.50,46.548482,-52.760411,40175.0,266800.4696865518,82
287549715,287549715,eastbound,B772,KRDU,LFPG,25:00:42.32,29:33:52.75,47.446435,-52.602142,39449.0,216729.59796511565,80
287549836,287549836,eastbound,B78X,KEWR,EBBR,25:00:54.16,29:36:19.23,47.992973,-52.475777,39072.0,219196.22744296864,82
287549584,287549584,eastbound,B772,KORD,EGLL,25:02:25.91,29:20:42.30,54.501808,-58.150966,39415.0,215074.89856329857,82
287548094,287548094,eastbound,B772,KIAH,EHAM,25:02:42.84,29:37:52.38,54.494605,-57.632682,39175.0,216496.96972098862,72
287549402,287549402,eastbound,B788,KORD,LGAV,25:02:54.86,29:45:14.03,52.365595,-55.302096,41197.0,176275.14258086172,61
287550235,287550235,eastbound,B763,KBOS,EGPH,25:04:22.78,29:01:39.19,50.67963,-54.263146,40983.0,150056.6135362499,70
287549808,287549808,eastbound,A35K,KPHL,EGLL,25:04:53.28,29:23:57.00,47.810152,-52.649959,39310.0,250738.7146024721,75
287549381,287549381,eastbound,B789,KIAD,EGLL,25:05:37.48,29:23:01.11,46.858326,-52.653757,41337.0,186578.79774877452,76
287548136,287548136,eastbound,B78X,KSEA,EGLL,25:06:13.22,29:26:57.34,63.385562,-64.429745,39517.0,210634.86341363334,70
287549494,287549494,eastbound,B748,KORD,EDDF,25:06:42.01,29:59:57.51,53.391449,-56.569286,37524.0,372418.63060093217,83
287550200,287550200,eastbound,B772,KJFK,LIMC,25:07:09.62,29:50:31.45,45.588752,-52.781154,39141.0,222243.63189871507,82
287548890,287548890,eastbound,B77L,KMEM,EBLG,25:08:44.63,29:48:47.06,53.381619,-56.118009,42411.0,235804.90688773562,77
287548306,287548306,eastbound,B788,KDFW,EHAM,25:09:51.06,29:40:43.95,54.157194,-56.624844,42202.0,160556.51789366503,70
287549233,287549233,eastbound,B764,KATL,EGLL,25:09:51.69,29:38:34.90,48.011342,-52.737978,36313.0,171299.99826550533,72
287549576,287549576,eastbound,B772,KIAD,LFPG,25:11:58.67,29:45:10.09,47.29004,-52.462323,39458.0,217033.26050571742,81
287550180,287550180,eastbound,B77W,KJFK,EGLL,25:13:52.46,29:24:56.20,48.533067,-52.63604,39234.0,264236.6487656935,75
287549754,287549754,eastbound,A333,KJFK,EINN,25:14:23.28,28:57:51.72,48.323833,-52.714405,38987.0,190166.2359645222,64
287549849,287549849,eastbound,A339,KDTW,LIRF,25:14:29.04,30:12:24.73,52.493078,-54.953785,39055.0,208309.27279552998,72
287550022,287550022,eastbound,A333,KEWR,ENGM,25:14:32.73,29:56:16.68,55.538958,-59.480056,39014.0,189685.25642670825,82
287550000,287550000,eastbound,B748,KIAD,EDDF,25:14:35.16,29:57:24.24,47.990673,-52.374977,37731.0,371111.6475054996,83
287550229,287550229,eastbound,A333,KSWF,BIKF,25:15:14.10,27:52:24.07,55.634688,-59.633493,39306.0,186687.56158793936,47
287549532,287549532,eastbound,B789,MMUN,EGKK,25:15:22.93,30:57:25.55,37.40173,-61.001334,40787.0,190863.56552612208,80
287549840,287549840,eastbound,B77W,CYUL,LEBL,25:15:54.67,29:42:49.02,49.755882,-52.936944,39644.0,269047.6390605177,79
287550380,287550380,eastbound,B772,KBOS,EGLL,25:17:30.87,29:31:10.02,47.381681,-52.609383,39645.0,215482.1683394594,76
287549842,287549842,eastbound,A333,KDTW,EHAM,25:17:44.69,30:07:47.39,53.684814,-56.690381,39163.0,188084.15669361257,85
287549911,287549911,eastbound,B763,KJFK,LKPR,25:20:12.50,30:32:57.63,45.899611,-52.278329,40119.0,157705.9286862313,85
287549609,287549609,eastbound,B772,KRDU,EGLL,25:22:53.72,29:38:17.65,47.29428,-52.265272,39607.0,214474.91776004693,76
287549727,287549727,eastbound,B789,KMSP,EHAM,25:23:34.73,30:01:00.38,54.365681,-58.486746,41074.0,186820.66702961887,84
287549882,287549882,eastbound,A343,KCLE,EDDF,25:23:53.39,30:38:20.67,52.376095,-55.363151,38103.0,210071.217035772,86
287549936,287549936,eastbound,A339,KDTW,LFPG,25:25:19.85,30:16:11.47,53.124163,-55.889935,39908.0,201881.1594576852,85
287550086,287550086,eastbound,A333,KJFK,EKCH,25:25:27.86,30:30:05.50,54.965828,-59.059486,38997.0,189809.38079132207,89
287549710,287549710,eastbound,A333,KCVG,LFPG,25:25:57.35,30:23:20.43,52.461959,-55.337837,39261.0,186766.8669040913,83
287549644,287549644,eastbound,A359,KORD,LFPG,25:26:24.38,30:09:21.06,53.710303,-57.132514,39991.0,224286.6931674844,85
287547515,287547515,eastbound,B772,KSFO,EGLL,25:26:56.59,29:51:55.04,59.037484,-63.274571,39362.0,214084.8496272503,64
287550116,287550116,eastbound,A333,KEWR,LFPO,25:27:10.74,30:25:11.77,46.525703,-52.594517,38972.0,190249.14011663068,83
287550024,287550024,eastbound,B772,KTPA,EGKK,25:27:26.50,31:09:33.24,37.452578,-61.716894,39050.0,223177.51348248465,89
287550137,287550137,eastbound,A332,CYUL,LFRS,25:27:57.34,29:53:43.79,49.859678,-53.022991,40118.0,191098.4583212398,76
287550171,287550171,eastbound,A339,KBOS,EGLL,25:28:35.61,29:57:19.75,47.721465,-52.874622,40221.0,198448.14502702514,76
287550134,287550134,eastbound,A333,KJFK,EGCC,25:28:49.60,29:43:18.66,48.370259,-52.736184,38978.0,190258.72934723026,72
287549794,287549794,eastbound,B763,KIAD,LSZH,25:29:38.96,30:34:21.12,46.321825,-52.769414,40213.0,156773.30260194794,82
287550193,287550193,eastbound,B78X,SKCG,EHAM,25:29:51.38,32:16:07.11,26.551585,-60.065923,39248.0,216952.64712745862,95
1500015195,1500015195,eastbound,FA50,CYQX,EINN,25:30:00.00,28:53:05.53,50.0,-50.0,41162.0,14015.7,57
287549871,287549871,eastbound,B78X,KJFK,EHAM,25:31:24.33,30:04:35.52,48.20209,-52.504576,39014.0,219293.47110578974,80
287550054,287550054,eastbound,B772,KEWR,LFPG,25:32:33.06,30:08:30.78,46.85845,-52.744171,39451.0,217685.10569888432,81
287550010,287550010,eastbound,A333,CYUL,LFPG,25:34:03.36,30:25:54.33,50.617111,-53.957491,38793.0,191404.7103794938,81
287550208,287550208,eastbound,B764,KJFK,LFPG,25:34:19.64,30:20:42.76,47.36573,-52.762966,36337.0,171131.09388970587,80
287549955,287549955,eastbound,B789,KPHL,EIDW,25:34:41.29,29:14:28.46,48.646444,-52.724998,41593.0,184183.4352104942,67
287549885,287549885,eastbound,B789,CYYZ,EBBR,25:34:48.16,30:10:11.93,52.93458,-55.907921,41132.0,188662.47782345247,85
287549293,287549293,eastbound,A359,KATL,EHAM,25:34:55.67,30:13:36.15,48.093958,-52.549538,40178.0,224936.79548090338,76
287550218,287550218,eastbound,B788,KPHL,LIRN,25:35:07.64,30:28:31.75,44.60662,-54.615519,41675.0,175760.79086693385,77
287550216,287550216,eastbound,A333,CYYZ,EGPF,25:39:43.16,29:36:50.43,55.230526,-59.359302,38923.0,189832.1758555211,71
287550189,287550189,eastbound,B788,KPHL,EGPH,25:40:07.18,29:32:16.82,50.157464,-54.146136,42741.0,163807.23837179656,71
287571215,287571215,eastbound,A333,CYHZ,EHEH,25:40:14.66,30:37:45.38,47.783748,-52.477219,38402.0,194339.236872743,83
287550309,287550309,eastbound,B789,CYUL,LFBO,25:41:25.26,30:11:12.43,48.179864,-52.439044,41167.0,190141.94472236114,79
287550241,287550241,eastbound,B789,CYYZ,EPWA,25:42:12.10,30:41:15.11,55.753936,-59.623608,40623.0,194576.63256947775,87
287549886,287549886,eastbound,A333,CYUL,EDDF,25:42:51.55,31:01:36.65,52.055673,-54.836488,38783.0,191214.60069624666,87
287550325,287550325,eastbound,B772,KJFK,EGLL,25:46:18.54,30:04:25.58,46.833077,-52.620849,39626.0,215265.10561709083,77
287548524,287548524,eastbound,A359,KIAH,LFPG,25:46:26.25,30:24:45.19,53.582412,-55.896661,39998.0,227244.3253660692,69
287550136,287550136,eastbound,A35K,KJFK,EGLL,25:47:12.77,30:05:17.70,47.835671,-52.320982,39363.0,250204.39496685893,75
287549660,287549660,eastbound,A35K,KATL,EGLL,25:47:18.92,30:12:26.76,47.374582,-52.811856,39288.0,254415.9049673387,74
287550476,287550476,eastbound,A359,KBOS,LFPG,25:48:37.53,30:30:24.09,45.931258,-52.275022,40235.0,221096.6826759623,82
287550153,287550153,eastbound,B752,KIAD,EIDW,25:48:57.21,29:39:08.68,48.421833,-52.498233,38220.0,88520.37846100204,65
287549906,287549906,eastbound,A359,KCLT,EDDM,25:49:48.83,30:50:05.80,46.301169,-52.709577,39776.0,228700.20377160676,75
287550167,287550167,eastbound,B763,KJFK,EBBR,25:50:29.25,30:43:47.87,47.231254,-52.815969,40460.0,154366.73107428345,83
287550109,287550109,eastbound,A333,CYUL,EBBR,25:50:35.00,30:46:48.13,50.881377,-54.203857,38780.0,191481.60164114417,82
287571062,287571062,eastbound,B772,KBOS,EGLL,25:53:54.89,30:05:03.31,48.176762,-52.654182,39576.0,215302.13510087683,74
287549495,287549495,eastbound,B764,KATL,LFPG,25:54:48.11,30:38:32.77,47.838597,-52.469606,36239.0,172937.91126049397,74
287550194,287550194,eastbound,A333,CYYZ,LIPZ,25:55:05.11,31:04:51.79,51.753582,-54.724242,38987.0,189273.16301517907,80
287550277,287550277,eastbound,B78X,KIAD,EGLL,25:55:13.03,30:12:13.00,46.857153,-52.288997,40296.0,217940.18177766175,76
287550265,287550265,eastbound,A333,KJFK,LSGG,25:58:48.58,31:00:39.73,45.536275,-52.393534,38968.0,190331.4998251379,82
287571099,287571099,eastbound,A388,KBOS,EDDM,25:59:34.58,30:54:10.14,46.338294,-52.326995,39439.0,453291.16407529794,86
287548472,287548472,eastbound,A333,KDFW,EDDF,26:01:05.88,31:18:48.83,53.9746,-57.247407,39960.0,181451.2068674885,73
287550285,287550285,eastbound,B789,CYUL,LFPG,26:02:32.57,30:33:34.82,50.09201,-53.336927,41240.0,189404.11758184113,81
287549323,287549323,eastbound,B772,KGRK,EINN,26:02:34.17,29:40:01.57,54.449193,-58.49888,39542.0,210624.8975215283,65
287549521,287549521,eastbound,A332,KATL,EDDF,26:02:39.90,31:06:57.92,46.710079,-52.937774,39861.0,198465.8614268898,75
287549634,287549634,eastbound,B789,KORD,EPKK,26:03:00.91,30:51:59.58,56.182058,-59.19129,40518.0,193839.60441879535,78
287550016,287550016,eastbound,B772,KCLT,LGAV,26:03:25.41,30:34:56.39,46.657022,-51.942167,38381.0,231921.33564456485,58
287571389,287571389,westbound,B744,EDFH,KORD,26:03:44.75,30:27:47.15,55.856246,-8.516268,35569.0,303878.15246451343,78
1500315195,1500315195,eastbound,B789,KDEN,EDDF,26:03:56.30,30:58:07.08,54.742711,-57.864327,40921.0,185288.04390906208,71
287550114,287550114,eastbound,B78X,KORD,LFPG,26:05:19.42,30:44:48.22,53.5193,-56.94292,40305.0,216018.38972407358,85
287550423,287550423,eastbound,B772,KJFK,EGKK,26:06:54.62,30:25:31.36,46.791168,-52.514729,39615.0,215416.87654211835,76
287550294,287550294,eastbound,B772,KEWR,EIDW,26:07:22.27,29:47:00.48,49.210582,-53.019903,39884.0,211442.00015296147,65
287550023,287550023,eastbound,A333,KBWI,BIKF,26:07:47.64,28:45:10.16,55.684418,-59.745746,39296.0,187255.3452273187,47
287571072,287571072,eastbound,B77W,KJFK,EGLL,26:08:52.70,30:28:36.99,46.418313,-52.776976,40355.0,264578.3697372019,77
287548926,287548926,eastbound,B788,KDFW,EDDF,26:09:33.09,31:04:03.24,53.753635,-56.668813,41980.0,163246.73798977656,72
287550323,287550323,eastbound,A332,KJFK,LYBE,26:09:42.67,31:05:31.63,45.771985,-52.467336,39247.0,202558.93276238703,75
287550466,287550466,eastbound,B789,KPHL,EGLL,26:10:01.45,30:27:35.60,46.764251,-52.672064,41346.0,187191.18491131408,76
287548488,287548488,eastbound,A359,KDFW,LFPG,26:10:12.21,30:51:53.80,53.755854,-56.8401,39906.0,227388.20320735493,72
287550359,287550359,eastbound,B77W,CYYZ,LIRF,26:10:18.89,30:51:49.01,51.65425,-55.280665,38788.0,276039.21142369654,76
287550435,287550435,eastbound,B77L,KMIA,EBLG,26:11:34.53,32:24:53.07,35.429729,-60.721745,41944.0,246968.761241809,93
287549125,287549125,eastbound,B748,KDFW,ELLX,26:12:19.10,31:00:36.89,53.44417,-56.109281,37507.0,375069.9613472466,73
287550414,287550414,eastbound,A359,KMIA,LIRF,26:13:04.32,32:07:16.57,37.143938,-60.762312,38999.0,237255.36471961814,77
287571140,287571140,eastbound,A333,KBOS,EHAM,26:14:59.08,31:05:46.20,47.834662,-52.387652,38819.0,191407.9196730514,80
287548319,287548319,eastbound,B77W,KLAX,LFPG,26:15:32.49,30:53:31.09,54.680858,-57.524187,39910.0,268275.44160761795,62
287550486,287550486,eastbound,B748,KIAD,EDDF,26:16:21.64,31:05:15.12,47.74209,-52.835944,37698.0,371542.1023629516,85
287550346,287550346,eastbound,A333,KJFK,EHAM,26:18:31.60,31:11:56.86,48.098613,-52.904506,38974.0,190276.60119565623,82
287548103,287548103,eastbound,B789,KLAX,LFPG,26:18:43.46,31:00:18.76,54.538765,-58.287435,41049.0,180086.68346823184,62
287549787,287549787,eastbound,B77L,KMEM,EBLG,26:19:25.55,30:59:02.26,53.358029,-55.959245,42363.0,235716.617596695,77
287549884,287549884,eastbound,A343,MRLB,LSZH,26:19:31.24,33:31:08.43,26.798129,-61.207104,36751.0,227955.95965840685,81
287550347,287550347,eastbound,A339,KJFK,EHAM,26:20:49.88,31:06:35.49,49.017465,-52.639131,40088.0,200468.18381114752,81
287550409,287550409,eastbound,B772,KMIA,LIRF,26:21:26.15,32:07:38.27,37.17042,-60.688501,38395.0,233139.75538633493,77
287550489,287550489,eastbound,A339,CYYZ,EDDF,26:22:21.48,31:36:01.23,52.71786,-55.662042,39623.0,203117.46201894482,88
287571106,287571106,eastbound,B788,KEWR,EPRZ,26:22:36.46,31:19:05.33,50.151049,-54.181742,41818.0,173785.3946665001,80
287550307,287550307,eastbound,GLEX,KTEB,LFPB,26:23:02.11,30:58:51.30,47.734105,-52.37112,47226.0,30650.068480819544,81
287550422,287550422,eastbound,A332,KDTW,EDDF,26:23:08.14,31:20:36.30,53.423451,-56.461967,39757.0,196781.06568055743,86
287550091,287550091,eastbound,B78X,KORD,EBBR,26:23:19.47,31:04:37.47,53.844936,-57.559017,40331.0,216495.4680171856,87
287550440,287550440,eastbound,B788,KPHL,LIPZ,26:25:03.69,31:15:21.20,45.546813,-52.78187,41942.0,172255.0135639909,79
287571113,287571113,eastbound,B752,KEWR,EGPH,26:25:20.06,30:27:07.25,49.264207,-52.646728,38116.0,88943.23219529637,69
287549690,287549690,eastbound,B772,CYVR,EGKK,26:26:44.99,30:50:23.73,63.029568,-64.299287,39278.0,214147.4320942548,71
287571144,287571144,eastbound,A333,KBOS,LFPG,26:28:28.99,31:22:17.33,47.100196,-52.845455,38769.0,191691.63471343392,81
287550472,287550472,eastbound,A333,KMCO,EIDW,26:28:51.91,32:00:31.29,37.457691,-61.463251,39218.0,188779.4119442575,88
287550349,287550349,eastbound,A35K,KMCO,EGCC,26:29:10.14,32:09:43.86,37.298753,-61.385988,38800.0,258872.29179013023,92
287571240,287571240,eastbound,A333,KEWR,LIMC,26:29:26.35,31:29:57.69,46.256802,-52.612581,38967.0,190291.63719651982,82
287548029,287548029,eastbound,B77W,KLAX,EGLL,26:29:30.11,30:50:18.64,57.659384,-61.168505,40099.0,265715.0163850451,61
287571048,287571048,eastbound,B77W,KEWR,EDDF,26:32:31.93,31:26:18.44,47.959353,-52.473226,39854.0,270549.7011337038,85
287571230,287571230,eastbound,A359,KEWR,EDDM,26:33:46.72,31:40:07.80,46.52582,-52.863737,39800.0,226550.2426337766,87
287549940,287549940,eastbound,B77W,KCLT,EGLL,26:35:08.90,30:48:37.19,52.859127,-56.256926,40372.0,262971.72512476204,78
287549144,287549144,eastbound,A339,KSLC,LFPG,26:36:15.25,31:35:54.65,56.812165,-61.031597,39787.0,206005.45679403353,71
287549673,287549673,eastbound,A388,KDEN,EDDM,26:37:25.07,31:30:08.14,53.503802,-56.38995,39196.0,474380.0783084892,66
287550434,287550434,eastbound,A333,KMCO,EDDF,26:37:49.88,33:16:03.96,37.224155,-61.089484,39178.0,189066.44824074884,90
287550173,287550173,eastbound,B763,KORD,EGLL,26:38:10.08,31:07:32.14,54.308227,-57.858275,40555.0,153176.59099179186,82
287571130,287571130,eastbound,B77L,CYYZ,LSZH,26:39:36.17,31:29:26.57,52.597804,-55.757688,42336.0,238976.51201317093,88
287549699,287549699,eastbound,B763,KMEM,LFPG,26:39:40.93,31:32:25.21,52.628013,-55.988803,39613.0,155631.11159880974,76
287550196,287550196,eastbound,A332,KATL,EGPH,26:40:16.37,30:35:41.61,54.441695,-58.455806,40373.0,191839.9387116353,73
287571231,287571231,eastbound,B764,KJFK,EGLL,26:40:38.42,31:09:49.99,47.41316,-52.500785,36177.0,168885.69855622892,75
287571145,287571145,eastbound,A333,KBOS,EGLL,26:43:48.71,31:14:22.23,47.494764,-52.732394,38779.0,191667.37857136788,76
287571248,287571248,eastbound,B772,KDTW,BIKF,26:45:10.70,29:15:50.89,56.732101,-61.226804,40258.0,203690.44495233058,49
287571281,287571281,eastbound,B788,CYUL,EIDW,26:45:15.52,30:27:02.41,53.195561,-56.251595,42812.0,164061.7786218753,67
287571175,287571175,eastbound,A333,CYUL,LIRF,26:45:28.52,31:39:32.43,50.520646,-53.615806,38810.0,191287.50753986483,80
287550233,287550233,eastbound,B772,KCLT,LIRF,26:45:39.21,31:19:40.82,46.278525,-52.303471,38944.0,223711.96711535944,66
287571241,287571241,eastbound,A333,KJFK,LSZH,26:46:04.80,31:56:34.81,45.821939,-52.32944,38978.0,190252.2231663546,84
287549821,287549821,eastbound,B772,KCLT,LFPG,26:48:20.13,31:25:11.34,46.50515,-52.637404,39437.0,216601.22710147686,79
287571402,287571402,eastbound,B77W,KJFK,EDDF,26:48:31.52,31:45:57.59,46.17597,-52.827212,39991.0,269987.6432820912,86
287571187,287571187,eastbound,A333,KIAD,EIDW,26:49:40.09,30:43:27.01,48.327914,-52.543689,39224.0,188547.0364980392,66
287550211,287550211,eastbound,B788,KORD,EHAM,26:50:07.80,31:23:49.04,54.058406,-57.17189,42239.0,165382.8768819554,85
287571179,287571179,eastbound,B763,KJFK,BIKF,26:50:39.17,29:28:48.06,55.102587,-59.349132,41614.0,144333.14527921786,46
287548979,287548979,eastbound,B772,KIAH,EGLL,26:50:42.77,31:04:49.81,54.623693,-57.058593,39241.0,215036.32767133453,71
287571121,287571121,eastbound,A333,KCLE,EIDW,26:51:38.96,30:45:31.87,53.555923,-56.668804,39165.0,188204.94445770077,69
287549924,287549924,eastbound,B752,KDEN,BIKF,26:53:12.19,29:27:41.11,60.090395,-64.75961,40779.0,84220.19410852679,45
287571117,287571117,eastbound,A333,KJFK,LFPG,26:53:15.32,31:48:18.40,46.598163,-52.711694,38950.0,190420.9663266455,82
287550446,287550446,eastbound,A333,CYYZ,EGKK,26:53:29.72,31:31:49.53,52.177008,-55.414915,38977.0,189378.31039199152,77
287571306,287571306,eastbound,A333,KJFK,LSZH,26:55:02.76,32:05:36.64,45.786172,-52.322668,38978.0,190254.13361459388,84
287571603,287571603,eastbound,B772,CYHZ,LEBL,26:56:50.37,31:29:21.16,45.811706,-52.793507,39242.0,222554.28879910544,80
287550497,287550497,eastbound,A333,KMSP,EIDW,26:58:34.52,30:57:56.47,54.400178,-57.599683,39372.0,186268.13986892518,70
287550222,287550222,eastbound,B789,MMUN,EGCC,26:59:08.43,32:33:05.38,36.899014,-61.04343,40881.0,189940.87155847883,80
287550387,287550387,eastbound,B789,CYYZ,EGPH,26:59:59.31,30:47:35.19,54.508215,-57.834394,41437.0,185025.4108686336,72
287571182,287571182,eastbound,B763,KEWR,BIKF,27:00:44.49,29:38:14.45,55.226423,-59.340654,41657.0,144006.57753474033,46
287571386,287571386,eastbound,B772,CYYZ,BIKF,27:00:49.62,29:31:26.62,56.508485,-60.903242,40282.0,203948.2321165206,48
287571374,287571374,eastbound,B764,KJFK,LSGG,27:01:54.98,31:51:21.46,48.151622,-52.398201,35879.0,173284.53517600495,80
287571747,287571747,eastbound,B772,CYHZ,EIDW,27:01:58.50,30:49:46.68,47.324086,-52.871707,39907.0,213068.6998513536,68
287550416,287550416,eastbound,A332,CYYZ,LGAV,27:02:06.90,31:49:51.76,51.957599,-54.43325,38725.0,205807.11701458468,64
287571397,287571397,eastbound,B772,KJFK,EGLL,27:03:47.46,31:18:07.93,46.936513,-52.383456,39632.0,215203.5568318522,76
287571364,287571364,eastbound,B763,KBOS,BIKF,27:04:18.45,29:42:43.08,54.52608,-58.565504,41664.0,143962.98978327028,46
287571291,287571291,eastbound,B763,KMIA,EBBR,27:06:01.59,33:29:29.06,36.937444,-60.740918,38784.0,161174.58737956523,92
287571422,287571422,eastbound,A35K,KJFK,EGLL,27:06:46.55,31:33:00.80,46.677205,-52.624793,39332.0,250481.30227204275,77
287571184,287571184,eastbound,A332,KDTW,EGLL,27:07:18.42,31:26:40.87,53.771197,-56.697627,40151.0,192594.4296691942,80
287571233,287571233,eastbound,A333,KPHL,EIDW,27:08:33.54,31:00:33.37,48.426293,-52.523315,39100.0,189463.06093078782,63
287550453,287550453,eastbound,B77W,MPTO,EHAM,27:08:38.46,33:56:36.49,26.579948,-60.409665,38516.0,285152.3402571996,91
287571481,287571481,eastbound,B77W,KJFK,EGLL,27:08:40.41,31:20:41.89,49.307319,-53.01682,39965.0,264328.41197236045,76
287572363,287572363,eastbound,B772,CYYT,EGKK,27:10:00.00,31:08:03.19,48.209722,-49.153889,39092.0,215388.0,71
287571232,287571232,eastbound,B772,KPIT,BIKF,27:10:19.28,29:42:27.96,56.156968,-60.908945,40278.0,203775.76781733494,48
287550373,287550373,eastbound,A333,KBNA,EIDW,27:10:49.84,31:07:23.63,53.773027,-57.412232,39539.0,185223.9638987147,69
287550336,287550336,eastbound,A35K,KATL,EGCC,27:11:01.01,31:14:34.08,53.335195,-56.258095,39356.0,252543.73949156012,73
287571937,287571937,eastbound,B772,CYHZ,LFPG,27:11:36.92,31:51:02.50,46.771438,-52.635533,39504.0,218713.96864672547,82
287549921,287549921,eastbound,B78X,KORD,EDDF,27:11:41.26,32:05:38.95,54.130065,-57.941312,40373.0,216126.1418434076,85
287571445,287571445,eastbound,A332,CYUL,LFML,27:12:30.66,32:04:16.88,50.335968,-53.446044,39833.0,195461.86014743143,82
287571361,287571361,eastbound,B763,KEWR,EGLL,27:12:50.25,31:35:41.96,48.355436,-52.650636,40794.0,151725.31795304918,74
287571218,287571218,eastbound,B772,KMSP,BIKF,27:13:56.39,29:41:14.13,58.164139,-62.086975,40358.0,202376.4076673535,47
287571471,287571471,eastbound,A333,KJFK,EIDW,27:14:13.48,31:09:43.48,48.322592,-52.539048,39006.0,190103.17400961986,67
287571249,287571249,eastbound,B772,KBWI,BIKF,27:15:07.55,29:46:40.97,55.193212,-58.875422,40354.0,203293.5216702501,45
287571126,287571126,eastbound,B772,KCLT,EGLL,27:15:12.13,31:32:19.57,47.59031,-52.67403,39604.0,214370.72622933137,77
287571524,287571524,eastbound,A333,TNCB,EHAM,27:15:30.66,34:21:04.11,26.494318,-58.092092,38968.0,189982.15727852238,100
287550015,287550015,eastbound,B77W,KDFW,EGLL,27:16:02.51,31:28:50.43,54.5084,-56.97964,40104.0,264457.88409426366,70
287571049,287571049,eastbound,B788,KORD,LEBL,27:16:03.53,31:56:46.68,52.15515,-54.982259,42035.0,167195.66421443794,77
287571159,287571159,eastbound,A359,CYYZ,EDDM,27:16:21.23,32:18:03.41,52.470916,-55.274603,39696.0,226641.61653667907,86
287571417,287571417,eastbound,A333,KJFK,EGLL,27:16:25.21,31:45:07.03,47.199404,-52.26049,38997.0,190158.22346562744,75
287571280,287571280,eastbound,B77W,CYYZ,LFPG,27:18:26.67,31:55:15.14,51.859907,-55.143879,39379.0,266942.78750436864,83
287571537,287571537,eastbound,A333,CYUL,LSGG,27:19:26.92,32:30:01.42,51.608827,-54.994283,38745.0,191550.6149088023,85
287571110,287571110,eastbound,B788,KPHL,EHAM,27:21:22.23,32:00:48.29,47.222187,-52.427662,42415.0,167212.24910261863,80
287571335,287571335,eastbound,A333,KIAD,LSZH,27:21:24.45,32:31:04.96,46.120429,-52.31569,39187.0,188768.84865643736,82
287571220,287571220,eastbound,B772,KIAD,BIKF,27:21:54.73,29:53:10.40,55.519991,-59.770479,40357.0,203262.90726563084,46
287571556,287571556,eastbound,A333,KBOS,LEMD,27:22:27.87,32:14:23.18,44.793479,-53.924064,38690.0,192184.19409003266,81
287571149,287571149,eastbound,B772,KORD,EGLL,27:22:42.06,31:40:10.44,54.459853,-57.898192,39423.0,214738.75636917862,82
287550129,287550129,eastbound,B788,KORD,EDDM,27:22:42.24,32:12:08.87,53.546421,-55.965797,41950.0,168323.41907777288,79
287571284,287571284,eastbound,B789,KMCO,EGKK,27:23:35.04,33:09:18.73,36.97809,-61.245667,40824.0,193071.37174270087,91
287571436,287571436,eastbound,A359,KATL,LIRF,27:24:20.92,33:16:37.21,37.807203,-60.869621,39079.0,235884.23900885237,78
287571594,287571594,eastbound,A333,KBOS,EIDW,27:25:01.35,31:18:33.17,49.082865,-53.058894,38817.0,191461.94323075036,66
287550478,287550478,eastbound,A333,KATL,EHAM,27:25:28.47,32:24:10.54,47.104887,-52.944728,39701.0,185154.78859994008,77
287571313,287571313,eastbound,B789,CYYZ,EIDW,27:25:48.32,31:07:07.35,53.597404,-56.720383,41498.0,184265.03406782457,70
287571068,287571068,eastbound,B772,KATL,LFPG,27:26:19.75,32:02:49.42,46.297443,-52.43064,39421.0,216491.05911949425,75
287550283,287550283,eastbound,B77L,KMEM,EBLG,27:26:28.66,32:05:31.64,53.337946,-55.920513,42219.0,235707.9566827254,77
287571342,287571342,eastbound,B772,KIAD,EGLL,27:26:54.58,31:40:54.87,47.184,-52.513893,39615.0,214885.92376458977,75
287549235,287549235,eastbound,B772,KIAH,EDDM,27:27:05.14,32:22:46.69,53.398191,-55.978452,38614.0,220560.0560748943,66
287550155,287550155,eastbound,B752,KORD,EINN,27:27:18.10,31:12:17.58,54.836723,-58.112556,39467.0,88263.88858171667,70
287571517,287571517,eastbound,A333,KJFK,EGPH,27:28:56.91,31:40:31.33,48.833313,-52.525877,39022.0,190050.65737816732,71
287571044,287571044,eastbound,A339,KATL,LIRF,27:29:22.43,32:21:34.11,45.660042,-52.201997,39420.0,209769.13025140832,64
287571493,287571493,eastbound,B78X,KJFK,EHAM,27:30:14.27,32:09:52.03,46.933337,-52.715151,40132.0,219526.1932775087,83
287571552,287571552,eastbound,A359,KIAD,LFPG,27:30:22.70,32:11:33.95,46.227464,-52.246795,40195.0,222857.7982396968,82
287571795,287571795,westbound,B77L,EDDP,KCVG,27:30:27.83,32:31:49.40,57.708246,-8.726881,41717.0,249464.29027956675,81
287571544,287571544,eastbound,A35K,KMCO,EGCC,27:30:57.19,33:12:58.38,37.041073,-61.354436,38813.0,258867.18528453683,92
287572539,287572539,eastbound,B77W,KBOS,EIDW,27:32:01.00,31:11:36.85,48.0,-52.0,37629.0,270979.6,66
287549912,287549912,eastbound,B772,KDFW,LEBL,27:32:50.02,32:03:26.77,52.09782,-54.437557,38880.0,217634.97241363002,63
287571646,287571646,eastbound,B77W,KJFK,EGLL,27:32:51.28,31:52:24.63,46.431194,-52.614877,40394.0,264044.3280417603,77
287571219,287571219,eastbound,B772,KRDU,BIKF,27:32:58.71,30:04:38.90,55.660016,-60.096499,40308.0,203153.67229855538,48
287571578,287571578,eastbound,B78X,KEWR,EGLL,27:34:13.94,31:44:27.33,49.734502,-53.375707,39235.0,219133.1497794973,74
287571143,287571143,eastbound,A333,KORD,EKCH,27:34:47.00,32:41:51.53,56.503032,-61.072647,39185.0,187470.63003290535,90
287571492,287571492,eastbound,A339,KJFK,LIRF,27:36:06.05,32:33:20.47,45.446877,-52.389556,39431.0,207497.0021010717,78
287571468,287571468,eastbound,A333,KJFK,EIDW,27:37:03.59,31:33:04.66,48.261955,-52.479832,39010.0,190109.21994626513,67
287571624,287571624,eastbound,B788,CYUL,EHAM,27:38:47.92,32:09:12.57,52.464018,-55.263777,42432.0,168294.01861958636,83
287571766,287571766,eastbound,B789,KBOS,EGLL,27:38:55.58,32:00:54.83,46.433471,-52.734125,41365.0,188448.85118628104,78
287571618,287571618,eastbound,A35K,KJFK,EGLL,27:39:21.99,32:03:44.56,46.630357,-52.235836,39355.0,250310.22613474246,77
287571297,287571297,eastbound,B752,KDTW,BIKF,27:39:59.04,30:15:41.64,56.775648,-60.860799,39793.0,84509.59877593578,49
287549898,287549898,eastbound,A339,KSLC,EHAM,27:40:11.36,32:31:13.91,57.683672,-61.559313,39861.0,205157.76491303736,71
287571569,287571569,eastbound,B763,KJFK,EGPH,27:40:40.98,31:46:31.61,50.288412,-53.606243,41024.0,150066.03126137622,72
287571474,287571474,eastbound,A333,CYYZ,EDDB,27:40:43.18,33:02:15.11,52.499895,-55.211258,39031.0,189282.3997971801,88
287571734,287571734,eastbound,A333,KBOS,EIDW,27:41:24.85,31:37:20.69,48.614468,-52.814111,38820.0,191438.6499669647,65
287550492,287550492,eastbound,A333,KATL,EIDW,27:41:48.92,31:35:21.68,48.18626,-52.514889,39749.0,184864.8464940128,65
287550477,287550477,eastbound,A333,KATL,EKCH,27:41:55.12,32:44:22.61,56.366471,-59.452555,39665.0,184407.76217910607,80
287571138,287571138,eastbound,B789,CYYC,LFPG,27:42:13.99,32:32:37.36,62.140947,-64.986099,40972.0,187959.60622823206,80
287571060,287571060,eastbound,B77W,KORD,LSZH,27:42:29.52,32:36:39.29,52.908727,-56.018042,38918.0,270863.4040241403,79
287571617,287571617,eastbound,B77W,KJFK,LFPG,27:45:00.41,32:23:37.09,45.980712,-52.753716,40203.0,266848.7237592883,82
287571412,287571412,eastbound,A333,KJFK,LGAV,27:46:26.77,32:39:52.05,46.128555,-52.424546,38962.0,190349.90515092338,66
287549848,287549848,eastbound,B77W,SPJC,EHAM,27:47:22.40,34:27:19.86,26.177878,-58.292812,39060.0,284495.2384745235,73
287571424,287571424,eastbound,B77W,CYUL,LFPG,27:47:41.26,32:21:26.50,50.512586,-53.950388,38869.0,266804.54948355025,81
287549971,287549971,eastbound,B772,KAUS,EGLL,27:47:41.87,32:01:44.14,54.487666,-57.041228,39341.0,213172.5722569083,68
287572123,287572123,eastbound,B772,CYHZ,EHAM,27:49:16.12,32:26:34.16,47.63212,-52.849145,39499.0,218789.61740584276,80
287571189,287571189,eastbound,B772,KORD,BIKF,27:50:03.75,30:18:09.28,57.380955,-61.401473,40256.0,202780.79042132516,47
287571547,287571547,eastbound,B789,CYYZ,LIRF,27:50:43.60,32:37:18.29,51.574016,-55.109466,40611.0,194788.30235902098,77
287550329,287550329,eastbound,B772,SEGU,EHAM,27:51:23.90,34:43:11.79,26.1272,-60.615319,38328.0,231146.16568202732,81
287571680,287571680,eastbound,B763,KJFK,EGKK,27:54:33.42,32:23:07.74,47.028187,-52.320574,40719.0,152478.69772075224,75
287571751,287571751,eastbound,A333,KBOS,EGKK,27:55:43.06,32:26:35.20,47.833445,-52.58389,38809.0,191486.73180817996,75
287571286,287571286,eastbound,B772,MMUN,EGKK,27:55:47.15,33:37:12.91,36.74891,-60.81736,38739.0,224209.9820024089,81
287571727,287571727,eastbound,A333,KEWR,LSZH,27:56:01.49,33:05:55.79,46.225435,-52.409198,38977.0,190253.4566685463,84
287549554,287549554,eastbound,B77W,KSFO,LFPG,27:56:08.21,32:42:51.43,54.310898,-57.694047,38562.0,266760.05965638906,62
287571565,287571565,eastbound,B772,KDTW,LFPG,27:56:19.91,32:36:28.65,52.615562,-55.419208,38994.0,216813.6999472366,84
287549793,287549793,eastbound,A333,KLAS,EGCC,27:57:03.66,32:18:25.91,57.028415,-60.547244,40526.0,178255.81933547763,62
287550397,287550397,eastbound,B789,KDEN,EGLL,27:59:44.07,32:13:11.11,54.002691,-56.862603,41105.0,183310.47415729114,71
287571804,287571804,eastbound,A343,KBOS,EDDF,28:00:46.88,33:11:43.24,47.916383,-52.638103,38288.0,207920.47769024142,85
287571520,287571520,eastbound,B772,CYYZ,EGPH,28:00:48.40,31:48:50.23,54.802895,-58.197234,39708.0,212530.51483496322,72
287571416,287571416,eastbound,B752,KMSP,BIKF,28:02:12.35,30:37:03.10,58.230204,-62.411035,40752.0,84237.81558271107,46
287571726,287571726,eastbound,B763,KEWR,EGLL,28:02:12.79,32:30:14.55,47.039126,-52.869248,40774.0,152150.1701691837,76
287550491,287550491,eastbound,B763,KIAH,EHAM,28:02:24.31,32:47:44.58,53.881949,-56.975095,40354.0,156575.35255068963,71
287549775,287549775,eastbound,B77W,KLAX,LFPG,28:03:07.01,32:46:08.02,54.126203,-56.780292,38508.0,267794.13885706,61
287550053,287550053,eastbound,B788,KORD,LIRF,28:03:33.70,32:46:10.30,52.196617,-54.918454,41727.0,170456.06982298446,70
287571625,287571625,eastbound,A332,CYUL,LFPG,28:04:24.76,32:44:49.55,51.197332,-54.168685,40115.0,192538.74854507516,82
287571872,287571872,eastbound,B772,KBWI,EGLL,28:04:26.37,32:19:58.53,47.087938,-52.738484,39605.0,215193.18217207975,76
287571654,287571654,eastbound,B788,KPHL,EKCH,28:04:40.91,32:55:53.45,53.316485,-56.763361,42244.0,168520.17200331623,89
287571310,287571310,eastbound,B789,KMSP,LFPG,28:05:41.61,32:42:33.89,53.483191,-56.761175,41068.0,186572.88930461413,82
287571728,287571728,eastbound,A343,KJFK,EDDF,28:06:18.18,33:17:46.54,47.459811,-52.527939,38274.0,208900.91658933606,85
287571775,287571775,eastbound,A339,KJFK,EGLL,28:07:36.25,32:36:14.73,47.126569,-52.684742,40208.0,199092.7585874128,76
287571662,287571662,eastbound,A343,KPHL,EDDF,28:07:57.68,33:19:16.86,47.315927,-52.418605,38267.0,209398.3294241188,85
287571446,287571446,eastbound,B789,KORD,EGLL,28:09:05.33,32:23:45.01,53.902291,-57.100079,41192.0,185339.84416528532,81
287571670,287571670,eastbound,A333,KBOS,LSZH,28:09:14.58,33:20:59.53,45.770807,-52.544834,38788.0,191585.5241582996,85
287549685,287549685,eastbound,A359,KLAX,LIRF,28:10:26.41,33:07:50.88,53.379724,-56.08567,39557.0,233859.11133666712,52
287571623,287571623,eastbound,B763,KJFK,LIRF,28:11:37.65,33:05:26.58,46.297341,-52.680225,39886.0,159828.42576328007,79
287571590,287571590,eastbound,A332,CYUL,LIPZ,28:12:44.99,33:10:02.87,51.367256,-54.575186,39378.0,198014.95841990018,83
287572529,287572529,eastbound,A339,KBOS,LPPT,28:14:40.52,33:41:24.19,42.556655,-63.781744,39802.0,201704.3548082491,92
287571711,287571711,eastbound,B788,CYUL,EDDF,28:15:14.29,33:08:02.87,51.731217,-54.832379,42243.0,170255.2029408435,87
287571564,287571564,eastbound,B752,KEWR,BIKF,28:16:23.60,30:54:18.68,54.882606,-58.65405,40189.0,85119.56382420499,48
287571964,287571964,eastbound,A359,KBOS,LFPG,28:16:43.47,33:02:11.57,45.9097,-52.588018,40212.0,221279.6992284953,82
287571460,287571460,eastbound,A333,KMSP,EHAM,28:17:24.15,33:11:57.31,54.528402,-58.653283,39335.0,186571.95300233082,84
287549664,287549664,eastbound,B772,KSFO,LFPG,28:19:16.83,33:06:57.92,54.302985,-57.428958,38772.0,213430.3358028147,62
287572008,287572008,eastbound,A333,KBOS,LEMD,28:19:30.15,33:11:06.06,44.737943,-53.80517,38692.0,192179.5920627859,81
287572076,287572076,eastbound,A333,KBOS,EHAM,28:19:59.89,33:10:31.38,48.817773,-52.796677,38827.0,191406.0484591045,81
287571616,287571616,eastbound,A332,CYYZ,LPPT,28:21:28.64,32:35:06.37,49.713806,-53.261369,40276.0,191569.59131974046,74
287571302,287571302,eastbound,B77L,KMEM,LFPG,28:21:40.80,32:58:45.46,52.278611,-55.927113,42396.0,235716.1759292947,77
287550131,287550131,eastbound,B772,KSFO,EGLL,28:22:12.28,32:45:11.43,57.645707,-61.63754,39397.0,213278.621515866,63
287571688,287571688,eastbound,A332,CYYZ,LIRF,28:23:14.88,33:18:59.01,51.933607,-55.46315,39201.0,200781.82136827157,77
287549551,287549551,eastbound,A359,KPHX,LFPG,28:24:33.77,33:04:56.80,53.063872,-55.25135,40061.0,228411.25638027833,62
287549963,287549963,eastbound,B77W,KLAX,EGLL,28:24:43.87,32:44:47.72,57.16007,-60.663765,40087.0,266819.2603722742,62
287571822,287571822,eastbound,A339,KTPA,EGLL,28:26:42.92,34:34:43.36,36.75032,-61.794581,39310.0,206709.59383534975,90
287571457,287571457,eastbound,B78X,KORD,EDDF,28:27:52.67,33:23:58.23,54.276221,-57.697243,40348.0,216089.14434762887,86
287571677,287571677,eastbound,A333,KJFK,LFPG,28:27:53.98,33:23:52.33,46.352262,-52.713646,38954.0,190439.35369572666,82
287549029,287549029,eastbound,B772,KSFO,LSZH,28:27:58.50,33:27:44.38,54.289344,-57.048731,38716.0,216312.42413589548,58
287571620,287571620,eastbound,B788,CYYZ,EHAM,28:28:38.64,33:01:31.89,53.436757,-56.440535,42340.0,166905.98331279997,85
287550377,287550377,eastbound,B752,KORD,EGPH,28:29:01.13,32:33:49.06,55.258653,-59.489975,39133.0,89306.15260031498,76
287571774,287571774,eastbound,B77L,CYYZ,EGLL,28:29:52.44,32:39:03.45,52.520428,-55.329389,42700.0,232915.12726131798,77
287571973,287571973,eastbound,B763,KEWR,EDDF,28:30:10.19,33:34:01.98,49.810481,-53.739766,39819.0,155523.0070765319,84
287571905,287571905,eastbound,A332,CYUL,EHAM,28:31:19.61,33:09:12.60,52.418672,-55.798808,40089.0,192634.208996896,82
287571039,287571039,eastbound,B772,KDFW,LIPZ,28:31:57.94,33:22:54.89,53.283553,-55.396825,38513.0,221229.84089799054,63
287571757,287571757,eastbound,B789,CYUL,LGAV,28:32:14.91,33:09:22.23,50.318498,-53.520564,40185.0,201585.5259132746,69
287571510,287571510,eastbound,A333,KMSP,LIRF,28:33:47.00,33:37:05.68,53.304931,-55.999724,39388.0,185913.56187284927,69
287571805,287571805,eastbound,B788,CYUL,EGLL,28:33:47.78,32:45:35.28,52.069566,-55.068931,42549.0,166770.79647958884,75
287571972,287571972,eastbound,A388,KIAD,EDDM,28:36:30.71,33:34:34.06,46.112863,-52.783465,39382.0,460166.37590289407,82
287571946,287571946,eastbound,A388,KJFK,LIMC,28:36:32.29,33:17:34.05,45.551107,-52.633779,39444.0,455531.8306897184,83
287572110,287572110,eastbound,A339,KBOS,EGLL,28:37:17.97,33:12:29.78,46.227241,-52.728061,40220.0,198510.7795201673,77
287550459,287550459,eastbound,B789,KDEN,LIRF,28:37:25.91,33:22:07.33,52.690623,-55.068489,40116.0,190791.19503262767,61
287571954,287571954,eastbound,B772,KJFK,EPWA,28:37:54.14,33:37:34.68,50.275837,-53.554493,38705.0,224567.538806902,83
287550166,287550166,eastbound,B789,KSFO,EGLL,28:39:55.33,33:04:31.59,56.840356,-61.061567,41171.0,179294.11105880863,62
287571647,287571647,eastbound,B789,KORD,EGLL,28:42:44.13,32:56:59.48,53.827511,-57.040434,41192.0,185365.0744173849,81
287571867,287571867,eastbound,A359,KIAD,EKCH,28:42:45.39,33:37:26.90,55.348829,-59.90035,39964.0,224729.2046031537,90
287549671,287549671,eastbound,A339,KSFO,LIRF,28:43:10.11,33:46:15.99,53.381567,-55.708935,39716.0,203476.50690155974,52
287572571,287572571,westbound,B744,EDDK,KSDF,28:47:04.89,33:51:21.21,54.778042,-8.775701,37986.0,305491.9902691669,84
287571943,287571943,eastbound,A333,CYYZ,EDDF,28:47:09.55,34:09:57.43,52.721956,-55.992889,38984.0,189422.50462724862,90
287572019,287572019,eastbound,B763,KEWR,LIRF,28:47:23.46,33:33:30.31,49.110294,-52.848388,39270.0,159615.89408269365,77
287572032,287572032,eastbound,B789,CYYZ,EGLL,28:48:35.97,33:04:01.83,53.347347,-57.031766,41256.0,187235.02376265923,80
287571869,287571869,eastbound,B772,MYNN,EGLL,28:49:22.86,34:38:29.96,35.843525,-61.512448,38684.0,225350.14487562238,93
287571341,287571341,eastbound,B789,CYYC,LIRF,28:49:33.42,33:58:03.28,56.466028,-59.972973,40122.0,191502.8654920553,65
287571881,287571881,eastbound,B789,CYYZ,EHAM,28:50:49.40,33:21:45.32,53.470463,-56.413073,41136.0,188445.06371245862,85
287571769,287571769,eastbound,A332,KDTW,EIDW,28:51:15.82,32:39:23.24,53.905419,-57.427752,40399.0,189890.6069859041,70
287572188,287572188,eastbound,A359,CYUL,EDDM,28:51:15.96,33:49:56.11,50.475847,-54.047224,39859.0,225143.94926102494,84
287571363,287571363,eastbound,B77W,CYVR,EHAM,28:51:22.72,33:29:34.75,63.183435,-65.117637,40032.0,268167.6288760047,74
287571605,287571605,eastbound,B788,KORD,EIDW,28:52:08.09,32:37:23.87,53.516149,-56.737071,42642.0,161201.52642169598,69
287571614,287571614,eastbound,A339,MMUN,EDDF,28:52:16.26,35:31:09.96,36.366383,-60.776476,38919.0,213282.31585876003,80
287572090,287572090,eastbound,B763,KJFK,EIDW,28:52:42.44,32:44:18.79,51.136037,-54.915625,41002.0,149940.2337475729,68
287550371,287550371,eastbound,B789,KDEN,LFPG,28:52:58.48,33:27:43.89,53.409906,-56.212039,41081.0,183059.52643285607,70
287572160,287572160,eastbound,A333,KBOS,EGPH,28:54:09.63,33:07:04.76,49.430197,-53.178378,38829.0,191393.3899348855,72
287572044,287572044,eastbound,B789,KMIA,EGLL,28:54:51.41,34:41:15.81,36.677576,-61.29389,40777.0,193864.5105624505,91
287571263,287571263,eastbound,A339,KSEA,EHAM,28:54:55.99,33:42:47.98,63.042695,-65.293879,39929.0,204765.28443604585,72
287572382,287572382,eastbound,A332,CYUL,LFBD,28:54:59.87,33:38:43.45,51.218542,-54.726293,39967.0,192595.48501106718,82
287572003,287572003,eastbound,B789,KPHL,EGLL,28:55:23.26,33:12:34.34,46.722388,-52.70789,41350.0,187268.46299886555,76
287571870,287571870,eastbound,B788,CYYZ,LGAV,28:57:27.66,33:36:22.08,51.322268,-54.312515,41277.0,178188.9430890731,65
287571890,287571890,eastbound,B772,CYYZ,EIDW,28:58:43.96,32:40:04.48,53.850204,-56.930329,39768.0,211660.60315378717,70
287571960,287571960,eastbound,B763,KIAD,LIRF,28:59:15.51,33:52:02.01,45.291523,-52.625292,39929.0,159983.12068417136,73
287572021,287572021,eastbound,B788,KPHL,LFPG,28:59:28.85,33:41:07.25,45.890996,-52.658663,42403.0,167607.29733864067,83
287571271,287571271,eastbound,A35K,KDEN,EGLL,28:59:43.59,33:21:10.50,55.026172,-58.322972,39164.0,256698.88334694982,70
287550301,287550301,eastbound,B789,KLAX,EGKK,29:00:30.40,33:23:27.46,55.286382,-58.80143,41142.0,178718.13201455548,60
287572348,287572348,eastbound,A333,KJFK,LEMD,29:01:33.37,34:07:24.29,44.253487,-56.100341,38757.0,191747.0670163439,85
287571824,287571824,eastbound,B772,KMCO,EGKK,29:02:16.46,34:47:05.50,36.507499,-61.17259,38637.0,224314.79732180154,92
287572312,287572312,eastbound,A359,CYUL,LFPO,29:02:18.42,33:52:26.30,50.369032,-54.122207,40231.0,220906.19137792214,84
287571224,287571224,eastbound,A359,KDEN,EDDF,29:02:48.61,34:05:05.53,54.261044,-57.639379,39881.0,228646.50089867666,72
287550303,287550303,eastbound,A388,KSFO,EGLL,29:03:02.45,33:21:21.58,57.962748,-61.478641,39784.0,473562.77717344806,62
287572093,287572093,eastbound,B77W,CYUL,LGAV,29:03:35.16,33:36:55.59,50.754494,-54.006631,38362.0,284865.1374376793,69
287571888,287571888,eastbound,B772,KIAD,EDDF,29:05:02.50,34:06:43.49,46.03876,-52.606565,39250.0,220216.94445381977,86
287571212,287571212,eastbound,B789,CYYZ,EGLL,29:06:12.33,33:19:31.35,52.624869,-56.103028,41278.0,187029.0741308515,78
287571673,287571673,eastbound,B788,KORD,LIRN,29:08:47.35,33:50:37.55,51.897999,-54.741815,41637.0,171541.41537122306,69
287550130,287550130,eastbound,B789,MMMX,LFPG,29:09:24.65,33:46:33.08,45.820442,-52.062534,41112.0,180840.63510982067,59
287550405,287550405,eastbound,B789,KLAX,EGLL,29:09:47.59,33:30:02.31,56.744392,-60.530364,41092.0,180581.2253290694,62
287572201,287572201,eastbound,B772,KJFK,EGLL,29:10:58.82,33:25:40.17,50.922296,-54.53867,39644.0,214667.22211265442,77
287550452,287550452,eastbound,B78X,KLAX,EHAM,29:12:16.08,33:48:38.97,57.001953,-60.352139,41097.0,206602.541007284,64
287572215,287572215,eastbound,A333,KMCO,EGLL,29:12:37.48,35:23:45.11,36.277367,-61.609595,39092.0,189352.79821450525,93
287571406,287571406,eastbound,B772,CYVR,EGLL,29:13:45.58,33:34:59.13,63.391267,-64.373519,39382.0,215372.10570196217,72
287572039,287572039,westbound,B788,LIRF,KATL,29:14:05.26,34:10:47.07,53.383743,-13.135173,41530.0,176105.8017768886,69
287572359,287572359,eastbound,B763,KEWR,EGLL,29:14:24.04,33:39:18.03,47.818504,-52.76124,40806.0,151992.42378499778,75
287572616,287572616,eastbound,B772,KBOS,BIKF,29:15:16.49,31:47:47.92,54.503505,-58.667671,40394.0,204327.83520513563,46
287571838,287571838,eastbound,B788,KCVG,EGLL,29:16:05.98,33:29:46.78,52.901184,-55.986197,42435.0,163427.3799136246,79
287571991,287571991,eastbound,B752,KIAD,EGPH,29:16:07.77,33:13:20.25,52.223744,-55.51929,39917.0,89037.10236920945,70
287571307,287571307,eastbound,B77W,KDFW,EGLL,29:17:22.61,33:29:48.98,54.58615,-57.159362,40085.0,264454.090666091,70
287572372,287572372,eastbound,B772,KJFK,EGLL,29:17:46.57,33:35:14.71,46.561568,-52.282108,39633.0,215206.64496378443,76
287571752,287571752,eastbound,B772,KBNA,BIKF,29:18:33.99,31:47:39.26,56.652162,-60.644228,40207.0,202691.9829215744,48
287571930,287571930,eastbound,B78X,KORD,EGLL,29:20:01.57,33:37:11.69,54.621552,-58.267493,39923.0,216175.18736553262,82
287571944,287571944,eastbound,B772,CYYZ,EGPH,29:20:26.56,33:08:27.77,54.800192,-58.20484,39706.0,212540.50868471194,72
287572071,287572071,eastbound,A339,KDTW,EHAM,29:21:19.68,34:07:48.90,53.685027,-57.217864,39884.0,201944.74664169547,86
1500135195,1500135195,eastbound,A332,CYUL,LFBO,29:21:44.85,34:17:00.52,51.150936,-54.509462,39800.0,193947.89843029727,83
287572142,287572142,eastbound,B764,KIAD,LFPG,29:23:52.04,34:05:31.27,49.63134,-53.061617,35442.0,171027.6897776924,78
287571356,287571356,eastbound,B772,KDFW,EIDW,29:25:04.58,33:10:50.98,54.771364,-58.670473,39550.0,210399.95384698352,66
287572412,287572412,eastbound,B788,KPHL,LIMC,29:25:45.06,34:26:31.49,45.182793,-52.604107,42075.0,170885.60411337952,84
287572096,287572096,eastbound,A388,KIAD,EGLL,29:26:07.23,33:41:39.67,46.506679,-52.338334,39962.0,446562.71458141174,77
287572699,287572699,eastbound,B763,KBOS,EIDW,29:26:29.66,33:13:59.58,50.131214,-53.470564,41053.0,149431.2380868253,64
287572054,287572054,eastbound,B764,KJFK,LFPG,29:26:55.61,34:09:10.96,47.779009,-52.260669,35332.0,170913.41340062374,79
287572166,287572166,eastbound,A359,CYUL,LFPG,29:28:19.18,34:05:41.23,50.549615,-53.972586,40234.0,220840.11361201422,82
287572275,287572275,eastbound,B772,CYYZ,BIKF,29:28:51.03,31:59:41.61,56.307013,-60.724958,40182.0,203983.05970080692,48
287550396,287550396,eastbound,B77W,KSAN,EGLL,29:31:47.83,33:49:02.86,55.707765,-59.0825,39664.0,264900.87959474494,60
287571702,287571702,eastbound,B788,KORD,EIDW,29:33:37.67,33:18:42.68,53.859096,-57.589954,42632.0,161514.61080639675,72
287571761,287571761,eastbound,B764,KATL,EGLL,29:33:58.53,34:00:38.12,49.808468,-53.407044,35534.0,171132.59748910464,71
287572240,287572240,eastbound,GLEX,KFRG,LIRZ,29:34:09.08,34:19:17.42,46.60294,-52.716115,46388.0,32595.428180404313,78
287572456,287572456,eastbound,B772,KIAD,BIKF,29:34:44.08,32:05:58.07,55.425766,-59.638883,40355.0,203233.7798731217,48
287571359,287571359,eastbound,B77L,KATL,EDDF,29:35:07.37,34:19:54.87,50.563353,-53.473247,42413.0,237730.71637623722,74
287572393,287572393,westbound,B788,LIRF,KORD,29:36:46.13,34:10:49.85,53.454343,-13.489634,41705.0,174044.037992853,67
287571061,287571061,eastbound,B77W,KLAX,EGLL,29:37:19.76,33:57:42.32,55.718091,-59.885996,39607.0,266432.94087057875,62
287572603,287572603,eastbound,B77W,KJFK,LFPG,29:38:39.99,34:16:04.84,45.521206,-52.219965,40169.0,267388.33956410666,82
287572998,287572998,eastbound,G280,KBGR,EGLF,29:40:11.85,34:05:06.96,49.324559,-53.061516,43626.0,12185.4124757739,75
287550340,287550340,eastbound,A35K,KLAX,EGLL,29:40:17.74,34:05:07.86,55.619297,-59.824595,39140.0,260915.25059829152,61
287572570,287572570,eastbound,B77W,CYUL,EBBR,29:40:34.08,34:18:24.88,52.365601,-55.378263,39752.0,265712.72402402,84
287572528,287572528,eastbound,A35K,KJFK,EGLL,29:41:53.91,34:09:36.80,46.294415,-52.673695,39332.0,250525.18531583555,78
287572170,287572170,eastbound,B772,CYYZ,EIDW,29:42:25.05,33:23:47.10,53.945828,-57.038914,39760.0,211656.85888338715,70
287572085,287572085,eastbound,A333,CYUL,LFMN,29:43:12.25,34:40:32.28,50.774498,-54.25918,38767.0,191480.30352813698,82
287550321,287550321,eastbound,A339,KSFO,EDDF,29:43:32.32,34:56:15.66,55.410281,-59.227656,40038.0,204460.04943207378,62
287571097,287571097,eastbound,A339,KLAS,EDDF,29:43:43.47,34:56:28.92,55.027328,-59.044951,39891.0,205828.5662862642,64
287571315,287571315,eastbound,B77L,KOAK,EBLG,29:43:50.86,34:34:27.21,58.128058,-62.127067,42284.0,236772.90947389833,66
287572546,287572546,eastbound,B77W,CYYZ,LFPG,29:44:19.70,34:21:19.94,51.604612,-55.06409,39455.0,266421.3851796768,83
287572320,287572320,eastbound,A35K,KEWR,LFPO,29:45:37.18,34:30:47.99,49.086206,-52.472356,39203.0,252344.02702482798,81
287574110,287574110,eastbound,B77L,TJBQ,EHAM,29:48:24.89,36:33:15.77,26.619501,-59.828397,41435.0,252194.82303381772,111
287572409,287572409,eastbound,B772,KJFK,BIKF,29:48:44.38,32:19:33.01,55.15064,-59.107276,40367.0,203850.50747853593,46
287550223,287550223,eastbound,B77W,CYUL,LIRF,29:49:32.39,34:23:55.42,50.594424,-53.606881,38924.0,275817.2785935621,81
287572080,287572080,eastbound,B788,KORD,EPWA,29:50:03.49,34:45:20.12,56.440359,-60.103472,41640.0,170347.94681154628,80
287571808,287571808,eastbound,B77L,KMEM,LFPG,29:50:27.72,34:23:00.37,52.361858,-55.303299,42294.0,235362.81755846436,76
287572496,287572496,westbound,A359,LIRF,KIAD,29:53:06.36,34:42:43.42,53.406413,-13.758444,39731.0,229301.4876601901,76
287572754,287572754,eastbound,A333,CYUL,LEBL,29:54:07.53,34:44:22.61,51.205476,-54.106676,38764.0,191399.97244812353,81
287572002,287572002,eastbound,B772,KBNA,EGLL,29:57:06.96,34:13:30.83,53.976142,-57.630737,39460.0,213728.14188771462,78
287572033,287572033,eastbound,B789,CYYC,EGLL,29:57:28.59,34:19:42.94,63.415163,-64.754769,41198.0,184883.0710784041,76
287571995,287571995,eastbound,B772,KATL,EGLL,29:58:15.19,34:11:14.64,50.985004,-54.62892,39577.0,213592.017234618,73
287572179,287572179,eastbound,A333,KMSP,EHAM,29:59:41.20,34:52:30.14,54.758846,-58.690672,39340.0,186618.71954620408,84
287572134,287572134,eastbound,B789,CYYZ,LFPG,30:00:05.17,34:36:20.26,51.58855,-55.195687,41131.0,188645.7999177211,84
287572340,287572340,eastbound,B772,CYYZ,BIKF,30:00:06.77,32:30:12.30,56.608358,-60.942885,40216.0,203871.8609895088,48
287571887,287571887,eastbound,B748,KBHM,EBLG,30:00:58.59,34:33:25.56,51.73108,-53.987905,37705.0,370668.4365879888,74
287572537,287572537,westbound,B789,LIRF,KEWR,30:01:15.21,34:58:00.66,53.240401,-13.120296,40945.0,191526.86460260922,82
287571765,287571765,eastbound,B764,KATL,LFPG,30:01:24.28,34:45:01.47,49.714532,-53.512153,35474.0,173114.72114492333,74
287572202,287572202,eastbound,A333,CYUL,DAAG,30:02:05.73,34:51:09.00,50.476288,-53.611294,38804.0,191246.82418433344,80
287572507,287572507,eastbound,A333,CYUL,LFLL,30:03:19.38,35:05:24.73,51.206241,-54.648071,38729.0,191629.4746750396,84
287572101,287572101,eastbound,B77W,KATL,EHAM,30:04:37.64,34:39:45.75,51.211926,-54.88938,39744.0,267030.7884437685,77
287572930,287572930,eastbound,B77W,KEWR,LGAV,30:04:56.38,34:37:58.49,49.201155,-52.765349,38524.0,285008.9599112672,65
287571148,287571148,eastbound,A359,KSAN,EDDM,30:05:14.48,35:10:25.79,55.060078,-58.9697,39686.0,233988.04861629705,59
287572585,287572585,eastbound,B772,KIAD,EGLL,30:06:26.36,34:18:18.32,49.883765,-53.779014,39616.0,214691.99566915917,75
287572004,287572004,eastbound,B763,KORD,EGLL,30:07:38.13,34:37:27.10,54.660808,-58.365863,39940.0,153362.57995081993,83
287572606,287572606,eastbound,B752,KEWR,EINN,30:08:32.70,33:46:15.73,50.355667,-53.740721,38317.0,87914.90898403407,62
287571864,287571864,eastbound,A333,CYUL,EGKK,30:08:55.00,34:43:50.10,51.367001,-54.740066,38727.0,191653.25463363086,78
287572066,287572066,eastbound,B789,CYYC,EGLL,30:09:38.13,34:31:11.44,63.391097,-64.522743,41155.0,185744.68073042878,77
287572676,287572676,eastbound,A333,CYUL,LEMD,30:11:10.05,34:53:26.44,50.423907,-53.562281,38771.0,191341.037470106,79
287572566,287572566,westbound,A359,LIRF,CYYZ,30:13:05.95,35:07:36.74,54.02831,-10.35248,39701.0,229074.70081938946,79
287574943,287574943,westbound,A333,EBLG,CYYZ,30:13:12.61,35:28:13.27,54.509701,-7.81799,38441.0,193974.40417209468,89
287571648,287571648,eastbound,A339,KSEA,LFPG,30:13:28.05,35:16:40.70,60.942732,-64.742201,39848.0,205921.17011426628,72
287550360,287550360,eastbound,B772,KSFO,LIRF,30:13:54.84,34:57:45.84,53.360671,-55.764293,38597.0,220544.9364308693,52
287572647,287572647,eastbound,A332,CYYZ,EGKK,30:14:10.14,34:41:01.78,51.749302,-55.311341,40204.0,191948.28477814564,79
287573599,287573599,eastbound,B789,KJFK,LFPG,30:14:54.80,34:59:57.32,45.038491,-52.477099,41198.0,189448.93697603935,83
287571246,287571246,eastbound,A388,KLAX,EDDM,30:19:18.68,35:20:24.57,53.82985,-57.136113,39061.0,486522.12922686955,57
287571783,287571783,eastbound,B748,KIAH,EDDF,30:19:30.59,35:13:08.94,52.613893,-55.535156,37491.0,375845.32152066566,69
287571703,287571703,eastbound,A359,CYVR,LFPG,30:19:53.18,35:19:31.74,61.07379,-64.893657,40023.0,227804.73489892212,73
287572059,287572059,eastbound,B789,KORD,LEBL,30:21:04.24,35:04:21.80,51.950511,-55.54048,40853.0,189281.05774903737,78
287571299,287571299,eastbound,A333,KSFO,EIDW,30:21:09.62,34:27:21.50,57.237081,-61.573588,40616.0,177587.15098747556,59
287571142,287571142,eastbound,A359,KLAX,LFPG,30:21:32.96,35:06:32.97,54.230232,-57.539796,40079.0,229618.42179208904,61
287550393,287550393,eastbound,A339,KLAX,LPPT,30:21:48.28,34:38:44.61,49.498645,-52.566788,40324.0,202269.73918615485,55
287573210,287573210,eastbound,A333,KJFK,LEBL,30:22:50.11,35:19:40.11,45.366924,-52.228847,38968.0,190326.3317981923,81
287571539,287571539,eastbound,B772,KIAH,EGLL,30:23:38.25,34:39:42.82,54.653158,-57.480275,39321.0,214162.76447099747,70
287572354,287572354,eastbound,A359,KORD,EDDM,30:24:44.71,35:21:39.06,53.135728,-55.827121,39669.0,228045.96606813808,78
287574802,287574802,westbound,B744,EBLG,KGSP,30:26:08.22,35:40:33.41,54.588181,-8.410961,37727.0,305812.53601809655,89
287571889,287571889,eastbound,B752,KORD,BIKF,30:26:49.12,33:04:09.81,56.654646,-61.195352,39030.0,84184.79324795517,49
287571672,287571672,eastbound,A333,CYYZ,LKPR,30:27:09.05,35:52:00.09,52.647572,-55.856943,38984.0,189400.7245202762,87
287572762,287572762,eastbound,A333,CYYZ,EHAM,30:27:31.82,35:13:35.90,53.187227,-56.051335,38989.0,189475.39933288208,82
287571285,287571285,eastbound,B772,KSFO,LEBL,30:28:15.04,35:14:52.33,53.741978,-56.890613,38913.0,217738.97829824054,56
287572478,287572478,eastbound,B789,CYUL,EGLL,30:28:44.62,34:38:28.33,51.837569,-54.715441,41350.0,188046.79052842996,77
287571229,287571229,eastbound,A339,KLAX,EDDF,30:28:48.94,35:41:58.94,55.194829,-58.528566,40028.0,204138.95768278404,62
287571911,287571911,eastbound,A333,CYYZ,EGCC,30:31:05.87,34:45:37.61,53.926811,-57.570216,38944.0,189651.1550379984,76
287571681,287571681,eastbound,B77L,KDFW,EDDF,30:31:28.55,35:24:01.62,53.089074,-55.997026,41978.0,237895.31373316157,72
287572430,287572430,eastbound,B772,KORD,BIKF,30:31:46.47,33:01:25.58,56.722075,-60.903699,40026.0,202676.4258134433,49
287571962,287571962,eastbound,B789,KDEN,EGLL,30:31:54.68,34:45:26.58,54.135315,-57.163296,41112.0,183634.84549795938,71
287574706,287574706,eastbound,B77L,KJFK,EDDF,30:32:21.74,35:29:32.79,46.812157,-52.543238,42448.0,238589.34754179927,87
287572063,287572063,eastbound,B788,KORD,LIMC,30:32:51.83,35:22:51.46,52.038031,-55.197774,41942.0,168390.86611093875,77
287572835,287572835,eastbound,A333,CYYZ,EGCC,30:37:51.14,34:47:31.83,53.507022,-56.466612,38979.0,189533.28914161967,73
287572633,287572633,eastbound,B77L,KCVG,EBBR,30:38:32.40,35:14:41.04,52.532897,-55.900117,42405.0,236539.97350290228,85
287571996,287571996,eastbound,B789,KDEN,EDDM,30:40:27.55,35:31:09.34,53.400342,-56.124849,40700.0,188338.09254379207,68
287572387,287572387,eastbound,B763,KATL,EGPH,30:45:30.61,34:43:55.44,54.06417,-57.618293,40620.0,151509.48178137644,72
287572945,287572945,eastbound,A332,CYYZ,LPPR,30:45:47.20,34:53:28.95,49.943419,-53.516315,40311.0,191016.53264489447,74
287571773,287571773,eastbound,A332,KDEN,EIDW,30:46:13.85,34:34:34.98,55.291709,-58.434088,40217.0,192861.95883938466,65
287572749,287572749,eastbound,B77W,CYYZ,EGLL,30:46:34.47,35:00:48.68,52.879227,-56.337138,40298.0,263801.98296777194,79
287572285,287572285,eastbound,B772,KSLC,EHAM,30:49:22.08,35:30:03.35,55.515144,-58.824605,39004.0,220314.57780972775,76
287571526,287571526,eastbound,A359,MMMX,LFPG,30:49:57.32,36:57:01.12,36.77204,-61.257749,39615.0,234797.1649345171,73
287572067,287572067,eastbound,A333,KORD,EIDW,30:50:18.39,34:46:10.30,54.680739,-57.903655,39245.0,186982.0019972248,72
287572979,287572979,eastbound,A333,CYYZ,EIDW,30:50:33.84,34:43:46.21,52.974025,-55.845532,38994.0,189430.13200668053,65
287575314,287575314,eastbound,A333,CYQB,LFPG,30:51:22.01,35:44:08.82,50.554627,-54.242766,38630.0,192457.14808314387,82
287572604,287572604,eastbound,A343,KORD,EDDF,30:52:10.06,36:18:22.02,53.325083,-56.656739,37877.0,211405.10393055363,85
287572243,287572243,eastbound,B77W,CYVR,EGLL,30:52:33.70,35:15:18.84,63.341922,-64.802391,40126.0,266827.2650432101,72
287572634,287572634,eastbound,B772,KCLT,EGLL,30:53:58.14,35:09:05.26,50.244182,-54.084547,39603.0,214015.79849769804,77
287571705,287571705,eastbound,B772,KPHX,EGLL,30:57:30.84,35:13:06.44,55.188605,-58.25467,39448.0,212068.3069158592,62
287573959,287573959,eastbound,B789,KJFK,LIRF,31:00:09.09,35:59:13.04,44.48107,-54.833912,40587.0,197213.6337130857,82
287572807,287572807,eastbound,B752,KEWR,EGPH,31:02:17.81,35:03:09.66,51.81065,-55.554829,39788.0,89285.58390489986,71
287572548,287572548,eastbound,B788,KORD,LEMD,31:02:26.06,35:33:11.78,50.860918,-53.928511,42262.0,164768.62407129267,79
287574517,287574517,eastbound,B772,KJFK,EHAM,31:03:07.88,35:35:46.86,49.820144,-53.299532,39483.0,217139.5390434918,81
287574351,287574351,eastbound,B789,KJFK,LOWW,31:04:36.30,36:02:48.14,44.901035,-52.567925,40705.0,195275.40251511638,80
287571941,287571941,eastbound,B772,KDFW,LFPG,31:06:24.96,35:45:26.92,52.964611,-55.29693,38880.0,215054.97758243122,70
287549421,287549421,eastbound,B77W,CYUL,LFPG,31:07:17.85,35:40:55.94,50.153006,-53.99323,39566.0,266724.7485319273,81
287571476,287571476,eastbound,B748,MMGL,ELLX,31:07:59.06,35:56:19.57,53.353509,-56.725943,38457.0,363052.7903208446,62
287571278,287571278,eastbound,B772,KIAH,EDDF,31:09:38.91,36:09:18.96,53.326239,-56.1622,39114.0,216677.1124051254,70
287571622,287571622,eastbound,B77W,KLAX,LFPG,31:10:50.71,35:54:36.72,53.902357,-57.08064,38197.0,267838.953865509,61
287573093,287573093,eastbound,B763,KEWR,LFPG,31:11:02.28,35:53:21.67,49.411873,-52.840264,39803.0,153340.80158282607,79
287571340,287571340,eastbound,B77L,MMMX,LEBL,31:11:03.94,35:46:06.48,51.739059,-54.642404,41884.0,237380.6898090592,55
287573650,287573650,eastbound,B77L,KORD,EDDF,31:11:34.95,36:04:52.08,53.429614,-56.646961,41677.0,238482.74079631414,85
287572098,287572098,eastbound,B77W,KIAH,EGLL,31:16:57.81,35:28:43.12,54.122123,-56.595571,40066.0,265685.3420824224,69
287571360,287571360,eastbound,A359,KLAX,LEMD,31:21:17.91,35:57:33.88,51.904425,-54.634959,39966.0,230944.9111832974,57
287573668,287573668,eastbound,B763,KJFK,BIKF,31:22:35.54,33:58:54.43,54.890867,-58.454947,41187.0,143971.07233261983,47
287572997,287572997,eastbound,A339,KATL,EGLL,31:25:25.59,36:05:26.32,45.183995,-52.512057,40143.0,201705.07074896322,75
287572541,287572541,eastbound,B763,KCVG,EDDP,31:28:29.33,36:37:11.99,53.409608,-56.201324,40076.0,157183.92555934962,82
287574099,287574099,eastbound,B763,KJFK,EINN,31:32:00.28,35:09:06.27,50.1026,-53.735615,41123.0,148939.0536177079,64
287571983,287571983,eastbound,B78X,KPDX,EGLL,31:32:55.15,35:55:34.66,63.342591,-64.838136,41100.0,210056.63883263106,68
287574459,287574459,eastbound,B752,KEWR,EIDW,31:34:38.22,35:25:00.96,50.030136,-53.713453,39186.0,88742.97671149572,65
287572070,287572070,eastbound,A332,KSEA,EIDW,31:35:44.78,35:25:11.62,64.666687,-62.543905,40406.0,193649.43563279556,64
287577706,287577706,westbound,B748,EDDK,KSDF,31:35:49.32,36:37:48.05,55.332196,-8.480126,36446.0,386166.47203097504,84
287573812,287573812,eastbound,B788,SKBO,EGLL,31:39:25.10,38:06:41.99,26.205124,-59.516493,41492.0,173607.78603503993,88
287572929,287572929,eastbound,B772,KATL,LFPG,31:41:28.42,36:17:48.41,51.147745,-54.456361,39316.0,215441.7271369201,75
287571689,287571689,eastbound,A343,KLAX,EDDF,31:44:03.48,37:05:44.90,53.997373,-57.047994,38001.0,218106.8527235964,60
287574455,287574455,eastbound,B788,KORD,LFPG,31:46:16.66,36:24:32.12,52.945913,-56.197891,42245.0,165362.71548429423,84
287578167,287578167,westbound,B752,EBBR,KEWR,31:46:17.67,37:18:01.18,54.556822,-8.286376,35863.0,96078.29044018488,94
287578617,287578617,westbound,B763,EGLL,KEWR,31:47:30.01,37:09:36.44,53.966581,-9.208082,37635.0,157154.1488003292,91
287576019,287576019,eastbound,B789,MKJS,LIMC,31:50:09.46,38:20:51.87,28.373501,-60.850165,39768.0,201661.284508716,88
287577815,287577815,westbound,B77W,LFPG,KJFK,31:50:35.36,36:55:29.36,53.61255,-12.572272,39869.0,272010.1058943086,85
287572594,287572594,eastbound,B744,KATL,ELLX,31:51:04.47,36:38:56.68,49.444635,-53.49385,38909.0,291524.3923794622,75
287576259,287576259,eastbound,B77L,KMIA,EHBK,31:53:01.26,38:12:54.61,34.63006,-60.957991,41918.0,247540.49727764697,94
287574610,287574610,eastbound,B788,KORD,EIDW,31:54:31.23,35:38:31.19,53.870903,-57.395021,42635.0,161616.19420611768,71
287578820,287578820,westbound,FA7X,EGLF,KTEB,31:54:38.46,37:18:00.18,53.6923,-11.59526,45716.0,21954.410648313602,90
287579998,287579998,westbound,A333,EGPF,CYYZ,31:55:00.00,37:05:46.06,56.389444,-7.984444,37948.0,197329.4,87
287576389,287576389,eastbound,A359,KEWR,LFPO,31:56:48.13,36:42:46.49,47.694866,-52.485957,40235.0,221828.66754640877,82
287579320,287579320,westbound,A333,EGLL,KJFK,31:57:56.73,37:33:33.42,53.910215,-9.047501,38043.0,195475.6809885753,90
287575051,287575051,eastbound,A339,KMSP,EGLL,31:58:02.62,36:27:59.79,54.634517,-58.54825,39918.0,201027.4709746093,81
287572471,287572471,eastbound,B77W,KSEA,EGLL,32:02:26.08,36:24:58.03,63.390989,-64.835647,40187.0,266060.70593788725,70
287571975,287571975,eastbound,B77W,KSFO,EGLL,32:02:50.41,36:21:17.37,56.117423,-59.591732,39636.0,264038.94154196815,61
287579483,287579483,westbound,B77W,EGLL,KDFW,32:04:04.94,37:11:45.88,54.15525,-9.66516,35076.0,293194.6588974891,76
287574777,287574777,eastbound,A333,CYUL,LIMC,32:06:34.42,37:05:31.59,50.64416,-54.156323,38762.0,191451.23881703918,83
287579812,287579812,westbound,F900,EGPO,KCHS,32:07:00.00,37:49:58.15,59.0,-10.0,38180.0,19479.6,94
287580853,287580853,westbound,B763,EGPH,KATL,32:08:00.00,37:35:16.06,55.974444,-8.980833,34151.0,163918.8,92
287580888,287580888,westbound,E35L,EGPF,KBGR,32:09:00.00,37:38:23.56,56.353333,-8.143333,38597.0,20299.7,89
287579437,287579437,westbound,A333,EGLL,KMCO,32:10:13.25,37:53:19.10,54.022035,-10.162594,38225.0,195147.95039800717,91
287572511,287572511,eastbound,A339,KSEA,EGLL,32:10:33.84,36:44:38.90,63.342546,-65.415589,40012.0,203939.84758831916,70
287572056,287572056,eastbound,B77W,KLAX,LSZH,32:11:02.13,37:07:30.45,54.111278,-57.235962,37978.0,271995.6144167199,58
287578205,287578205,westbound,B77W,LFPG,KLAX,32:11:02.14,36:25:17.44,55.331083,-8.953921,37011.0,302992.689082674,53
287579622,287579622,westbound,A333,EGLL,KBOS,32:11:51.77,37:38:06.01,53.917366,-9.073238,38043.0,195480.64486632566,92
287572031,287572031,eastbound,B744,KIAH,LIMC,32:12:03.03,36:53:16.00,52.419713,-54.768024,38176.0,299904.9041814674,63
287579847,287579847,westbound,A332,LFRS,CYUL,32:14:39.51,37:42:13.96,50.016246,-6.527718,39641.0,196013.61006594406,93
287576298,287576298,eastbound,B789,CYYZ,EPWA,32:15:08.47,37:13:08.77,55.612214,-59.383739,40365.0,194524.98887936704,87
287579377,287579377,westbound,B772,EGLL,KJFK,32:16:56.36,37:34:00.34,54.00767,-9.772769,38298.0,225143.60645490553,89
287577964,287577964,westbound,A359,EDDB,KIAD,32:18:07.24,37:31:49.74,57.592094,-7.564859,39457.0,229831.94565138544,91
287572024,287572024,eastbound,B77W,KSFO,LSZH,32:22:32.49,37:18:44.52,54.2175,-57.157578,37983.0,270363.14717050653,58
287572167,287572167,eastbound,B788,KSAN,EGLL,32:24:18.00,36:45:54.99,56.267626,-60.39704,42309.0,157132.6349169728,61
287578750,287578750,westbound,B763,EKCH,KJFK,32:24:57.69,37:50:55.71,59.406795,-7.318574,35589.0,158315.05489543857,94
287578583,287578583,westbound,A333,LFPG,KDTW,32:25:02.64,37:39:28.74,53.820163,-10.586081,38489.0,193607.11074891535,88
287579858,287579858,westbound,B763,EGLL,KORD,32:25:42.07,37:08:35.33,55.708319,-8.272621,37312.0,161232.52427346865,79
287579907,287579907,westbound,B77W,EGLL,CYYZ,32:33:02.93,37:30:22.27,54.258988,-9.373627,36638.0,275264.3930428853,87
287576357,287576357,westbound,A332,LYBE,KJFK,32:33:15.69,38:00:04.56,55.70103,-8.64147,39624.0,200341.13219657214,84
287572114,287572114,eastbound,A359,KLAX,LFPO,32:34:14.71,37:37:13.63,53.919604,-57.235623,39420.0,229881.33480839574,62
287574939,287574939,eastbound,B752,KIAD,EIDW,32:34:29.95,36:25:51.83,50.073731,-53.851397,39296.0,88633.90409899049,67
287579397,287579397,westbound,B763,LFPG,KATL,32:34:50.95,38:09:43.66,54.529636,-8.472829,36712.0,163923.59755922598,89
287582272,287582272,westbound,B752,EIDW,KIAD,32:36:00.00,37:59:41.45,54.500556,-9.580556,32826.0,97411.7,91
287581019,287581019,westbound,A332,LPPT,CYUL,32:36:33.55,37:59:38.75,40.700938,-13.516274,39678.0,195594.1277434551,91
287576717,287576717,eastbound,B789,KJFK,EDDB,32:38:26.12,37:34:11.49,49.191446,-53.100138,40957.0,191988.27607669402,87
287576932,287576932,westbound,B788,LOWW,KIAD,32:39:20.22,37:49:38.23,56.193506,-8.976996,41805.0,174185.09700037743,83
287572349,287572349,eastbound,A388,KLAX,EGLL,32:40:37.06,36:54:16.76,55.358307,-58.586646,39580.0,474732.65275958704,60
287581782,287581782,eastbound,B772,BIKF,LEBL,32:41:00.00,35:32:59.96,62.306111,-19.871667,40243.0,209499.1,51
287579565,287579565,westbound,B77L,EBLG,KORD,32:41:01.95,37:12:05.81,56.137747,-8.188415,41783.0,249469.8209013001,80
287579815,287579815,westbound,A333,LFPG,KJFK,32:43:32.93,38:13:53.89,54.431499,-7.849323,38118.0,194142.08600464303,93
287580728,287580728,westbound,B772,EGLL,KBOS,32:43:56.93,37:51:58.95,54.072117,-9.821384,38321.0,222805.12734312186,91
287582049,287582049,westbound,B789,EIDW,KPHL,32:44:00.00,37:57:24.94,54.175278,-9.486389,40764.0,199514.1,93
287581586,287581586,westbound,B788,EIDW,CYUL,32:44:00.00,37:41:13.52,54.168889,-9.490556,42231.0,175434.5,88
287581603,287581603,westbound,B772,EIDW,KEWR,32:45:00.00,37:58:32.91,54.461667,-9.183333,34025.0,226095.0,93
287572513,287572513,eastbound,B772,KLAS,EHAM,32:45:13.84,37:22:04.02,55.212813,-59.010384,39173.0,213607.85928050292,65
287580002,287580002,westbound,B77W,EHAM,SMJP,32:45:21.43,37:51:28.18,46.414123,-6.665448,38785.0,288515.8327299645,79
287581970,287581970,westbound,B752,EINN,KORD,32:46:00.00,37:19:16.14,53.838889,-12.631389,32006.0,98659.4,76
287573680,287573680,eastbound,B77W,KDFW,EGLL,32:47:14.61,37:01:01.87,54.229714,-57.184951,39799.0,264907.0430871053,70
287572538,287572538,eastbound,B789,MMMX,LEMD,32:47:38.76,38:21:51.90,36.492746,-60.822844,40755.0,188598.57729301005,69
287582333,287582333,westbound,B752,EGPH,KEWR,32:47:40.19,38:22:56.09,56.558086,-7.721337,34435.0,96267.01566340403,89
287580121,287580121,westbound,A359,EHAM,KATL,32:48:01.02,38:00:24.41,55.918051,-9.014764,38974.0,234080.4329283937,88
287573290,287573290,eastbound,B772,KDFW,EGLL,32:51:06.53,37:04:46.80,54.571511,-57.226555,39328.0,213348.37467331038,70
287580180,287580180,westbound,A359,EHAM,KMSP,32:52:06.37,37:08:12.23,57.273968,-8.409573,39221.0,231342.35372979759,75
287572472,287572472,eastbound,A333,KDFW,LEMD,32:54:45.09,37:37:31.83,51.11109,-53.423886,40041.0,180961.12635500706,67
287578749,287578749,westbound,A333,LFSB,CYUL,32:58:02.57,38:17:46.77,54.482518,-8.458766,38420.0,192369.00390918902,88
287578840,287578840,westbound,A333,LIMC,KJFK,32:58:22.09,38:31:22.49,53.860806,-9.558858,38842.0,191341.8887153582,89
287575763,287575763,eastbound,B77L,KMEM,EGSS,32:59:00.55,37:15:23.55,53.43805,-57.221289,41522.0,233703.60305006817,76
287580530,287580530,westbound,B78X,EHAM,SKBO,33:00:35.49,39:01:41.18,54.875923,-8.079843,39595.0,223673.81438017802,76
287572561,287572561,eastbound,B748,MMMX,EDDF,33:00:36.93,37:49:42.25,52.936748,-55.559139,38403.0,365094.3336830778,61
287581357,287581357,westbound,B772,EGLL,KCLT,33:00:54.08,38:20:32.69,55.036633,-7.862668,36595.0,232216.2530246973,95
287581589,287581589,westbound,B764,EGLL,KATL,33:01:30.89,38:33:05.75,54.35489,-8.909897,31396.0,181698.3049586287,93
287579050,287579050,westbound,B772,EDDM,KCLT,33:01:49.86,38:19:28.95,55.557549,-8.412035,38202.0,231520.79664814557,84
287572427,287572427,eastbound,A333,KLAX,EIDW,33:01:50.40,37:03:51.59,55.567438,-59.47475,40300.0,177196.46423638333,58
287580487,287580487,westbound,B78X,EHAM,KLAX,33:01:51.44,37:07:07.50,57.539425,-8.430404,39693.0,223017.23109463952,52
287577427,287577427,eastbound,B748,KORD,ELLX,33:01:58.51,37:51:18.21,53.540171,-57.133638,37577.0,371293.41255830467,86
287572687,287572687,eastbound,A35K,KPHX,EGLL,33:02:13.78,37:25:20.26,55.052554,-58.812516,39058.0,260052.34657156345,63
287572173,287572173,eastbound,A332,KLAX,LEBL,33:03:53.54,37:54:03.82,52.487662,-55.296642,40718.0,191970.86675156248,55
287582716,287582716,westbound,B752,BIKF,KDTW,33:04:00.00,36:25:08.19,64.265833,-27.165278,39032.0,93331.0,56
287582398,287582398,westbound,B789,EGPH,CYYZ,33:04:41.54,38:02:21.28,56.655844,-7.722048,40742.0,199575.0514432772,88
287572386,287572386,eastbound,A332,KSFO,LEBL,33:05:03.02,37:48:26.01,52.459792,-54.893997,40703.0,191883.1024053566,54
287576055,287576055,eastbound,B789,SKBO,EDDF,33:05:31.57,40:08:26.41,26.447323,-59.214084,40053.0,199203.37614696703,88
287580292,287580292,westbound,A333,LFPG,CYUL,33:07:49.15,38:15:35.53,53.909149,-10.0681,38492.0,193618.97959651588,87
287581068,287581068,westbound,FA7X,EBMB,KADW,33:08:26.95,38:50:43.03,54.435708,-8.317697,45161.0,22277.434350302403,95
287571845,287571845,eastbound,B789,MMMX,EHAM,33:10:51.99,37:46:25.25,53.315222,-56.544712,41012.0,179633.47512760072,61
287581248,287581248,westbound,A333,EHAM,KJFK,33:10:56.89,38:40:06.44,55.671319,-7.654926,38376.0,194430.32888937992,93
287580855,287580855,westbound,B788,EHAM,KPHL,33:11:27.87,38:32:22.76,55.501372,-7.918169,41883.0,176546.67159486894,95
287581073,287581073,westbound,B789,EBBR,CYYZ,33:12:19.93,38:11:09.96,55.265205,-8.230268,40703.0,197805.60517527504,88
287580908,287580908,westbound,B772,LFPG,KCLT,33:12:57.22,38:30:23.82,54.321242,-8.208802,38151.0,231823.38157884532,92
287581947,287581947,westbound,B763,EGLL,KEWR,33:13:48.43,38:38:51.16,55.146521,-8.243137,36286.0,157110.16933928494,92
287581884,287581884,westbound,A332,EGVN,CYHZ,33:14:15.31,37:52:44.68,55.276162,-7.980776,37060.0,189776.23341108556,82
287580938,287580938,westbound,A359,EHAM,KDTW,33:14:25.47,38:20:13.26,55.910799,-7.897959,39389.0,229291.33156431967,89
287579459,287579459,westbound,A339,LIMC,KBOS,33:14:33.50,38:30:54.48,53.943986,-10.55352,39801.0,203441.48637261923,89
287578709,287578709,westbound,A339,LIRF,KDTW,33:16:44.33,38:39:14.21,44.387071,-12.291177,39396.0,210139.91175636963,77
287582715,287582715,westbound,B789,EIDW,CYYZ,33:17:00.00,38:11:01.72,54.361111,-9.7725,40761.0,199548.9,86
287573534,287573534,eastbound,B789,KLAS,EGLL,33:17:29.75,37:35:27.76,55.905689,-59.218591,40894.0,179717.53797091593,63
287581601,287581601,westbound,B763,ESSA,KJFK,33:19:43.63,39:29:01.00,61.292545,1.994536,38494.0,160544.80324980215,100
287583036,287583036,westbound,B772,EIDW,CYHZ,33:20:00.00,37:44:55.98,54.080833,-9.688611,39584.0,218559.6,78
287572339,287572339,eastbound,A35K,KLAX,EGLL,33:20:05.68,37:40:07.72,55.242713,-58.18239,39124.0,260460.58567083743,60
287583115,287583115,eastbound,B772,BIKF,GCTS,33:21:00.00,37:22:37.28,61.992778,-19.28,39656.0,217526.1,72
287580544,287580544,westbound,B772,EDDF,KCLT,33:21:02.02,38:36:09.91,55.59639,-8.63012,38255.0,231580.46232287693,87
287582173,287582173,westbound,A339,EGLL,KJFK,33:21:31.04,38:48:15.01,53.86565,-9.937972,39596.0,203999.02931357233,91
287581815,287581815,westbound,B78X,EGLL,KIAH,33:23:44.13,38:34:17.57,54.197412,-9.310131,36253.0,224435.73776649497,76
287574734,287574734,eastbound,B77W,CYQB,LFPG,33:23:46.39,37:58:27.67,50.902592,-54.644776,39720.0,266171.9899205563,82
287580662,287580662,westbound,B77W,EHAM,SPJC,33:26:35.32,38:43:09.37,51.557065,-13.007822,36703.0,314186.47229141125,58
287580069,287580069,westbound,B78X,EDDM,KEWR,33:27:02.93,38:40:01.46,56.019729,-8.067265,39941.0,220580.43227372773,87
287583011,287583011,westbound,A333,ENGM,KEWR,33:28:17.04,39:29:26.77,60.95514,2.088733,38113.0,196137.41294438063,102
287579515,287579515,westbound,B764,EDDB,KJFK,33:29:19.63,38:51:49.49,59.263938,-8.088442,33233.0,175317.15951718122,92
287582306,287582306,westbound,A339,EGLL,KBOS,33:29:44.72,38:46:27.83,53.95843,-9.818983,39774.0,202088.0678969764,89
287582056,287582056,westbound,A333,EHEH,CYHZ,33:29:59.35,38:16:28.97,55.051198,-7.758667,38027.0,194180.24116141448,79
287583053,287583053,westbound,B752,EGPH,KBOS,33:30:38.67,38:59:35.00,56.889708,-7.516895,35104.0,94932.84454115773,93
287580857,287580857,westbound,B763,LEBL,KATL,33:31:03.84,39:14:42.46,42.845965,-11.667331,38962.0,165180.84669355946,88
287583044,287583044,westbound,F900,EGLF,KBGR,33:32:08.65,38:40:36.57,53.82603,-9.800436,38186.0,16156.628712970307,78
287580033,287580033,westbound,A333,LSZH,KORD,33:32:38.66,38:53:13.39,54.558778,-8.722892,38554.0,191894.89405856753,79
287581187,287581187,westbound,B77W,EDDF,KJFK,33:32:46.72,38:56:55.36,55.486081,-7.72837,39633.0,274936.28107380035,91
287581038,287581038,westbound,B772,EHAM,KEWR,33:34:03.50,38:50:01.36,55.06233,-7.899528,37491.0,225446.0542434666,94
287580522,287580522,westbound,B764,EDDB,KEWR,33:34:58.86,38:59:20.19,59.323006,-8.833716,33241.0,175398.63305404742,89
287580413,287580413,eastbound,B744,KJFK,EBBR,33:35:47.79,38:07:15.03,49.061189,-52.910869,39170.0,286775.46119659825,82
287577001,287577001,eastbound,B77L,KMEM,EDDK,33:36:04.01,38:21:33.97,53.052764,-55.569015,41754.0,236980.67207757887,78
287576575,287576575,westbound,B77W,LOWW,KORD,33:37:11.81,38:06:08.94,57.69965,-8.351557,39272.0,281189.9052398373,68
287581979,287581979,westbound,B772,EHAM,KIAH,33:38:34.67,38:48:26.54,55.863061,-8.820332,37456.0,242374.6974180161,73
287582672,287582672,westbound,B764,LEMD,KEWR,33:39:19.31,39:17:38.03,42.733796,-11.333714,34425.0,175772.75460804682,96
287580896,287580896,westbound,B789,LFBO,CYUL,33:39:25.27,38:21:24.64,52.902597,-13.370214,41140.0,191388.4902362505,83
287582157,287582157,westbound,A333,EHAM,KTPA,33:41:14.15,39:29:45.23,55.759755,-8.622964,38160.0,194227.38516198052,85
287582142,287582142,westbound,A333,EBBR,CYUL,33:42:04.12,38:56:55.28,55.195157,-7.963666,38002.0,194111.5164513598,90
287581095,287581095,westbound,A333,EDDF,KAUS,33:43:02.27,39:12:22.19,55.580711,-8.367095,38517.0,192692.94506310878,71
287577151,287577151,westbound,A339,LGAV,KATL,33:43:32.39,39:22:04.00,43.034967,-12.008038,39389.0,212886.21114720748,67
287581587,287581587,westbound,B77W,LFPG,KSFO,33:43:55.71,37:58:12.33,55.630896,-8.437708,36486.0,301679.6861288778,54
287582524,287582524,westbound,A333,ESSA,KEWR,33:45:30.32,39:41:17.08,61.490978,2.071655,38343.0,194460.67100394215,101
287581011,287581011,westbound,B772,LFPG,KSFO,33:45:36.36,38:03:49.23,55.523714,-8.148667,36744.0,248619.78665679786,55
287580476,287580476,westbound,B763,LSZH,KORD,33:45:56.94,38:30:41.51,56.754729,-8.981619,39621.0,161656.87985128915,74
287580103,287580103,westbound,B763,LIPZ,KIAD,33:46:55.93,39:14:52.90,55.018016,-8.988974,39814.0,160505.84823924766,87
287580941,287580941,westbound,B748,EDDF,KIAH,33:47:15.36,38:52:38.09,55.398774,-8.591675,35538.0,399587.82156917994,70
287583344,287583344,westbound,B789,EGLL,KPHL,33:48:35.71,38:57:45.59,53.92543,-10.559155,40779.0,197715.71765702587,92
287584365,287584365,westbound,A332,EGPH,KATL,33:48:48.30,39:12:47.26,56.200191,-7.850948,37087.0,204079.47162429607,93
287578240,287578240,westbound,A332,LROP,KJFK,33:49:10.26,39:14:11.04,55.595963,-9.057346,39650.0,201204.59613207442,79
287582187,287582187,westbound,A359,EHAM,KATL,33:50:26.24,39:02:47.44,56.068479,-9.001515,38974.0,234056.06477356653,88
287580406,287580406,westbound,B772,LIMC,KEWR,33:50:37.38,38:58:40.25,53.950127,-10.3037,39063.0,223904.54834865266,91
287573105,287573105,eastbound,A359,KLAX,LFPG,33:51:04.06,38:34:17.60,54.237106,-57.042494,39972.0,229691.4030179117,61
287581973,287581973,westbound,B77W,LFPG,KJFK,33:52:38.77,39:05:48.25,54.738482,-8.11247,36771.0,273885.19715856615,93
287582848,287582848,westbound,A388,EGLL,KMIA,33:53:11.21,39:16:45.68,53.963251,-10.206876,37872.0,470165.0422589325,91
287580852,287580852,westbound,B764,LEBL,KJFK,33:53:34.47,39:32:36.08,43.164242,-11.472891,34422.0,175959.67056407564,92
287583331,287583331,westbound,B772,EGLL,KRDU,33:59:01.72,39:17:16.25,53.995672,-9.915064,37636.0,230330.3346895162,94
287581688,287581688,westbound,A359,LFPG,KDFW,34:00:31.08,39:03:58.83,55.093609,-8.667008,38049.0,239860.37919357474,71
287579699,287579699,westbound,A359,LIRF,KLAX,34:01:29.82,39:23:29.62,44.079009,-11.484053,38125.0,248192.13909821538,56
287581998,287581998,westbound,A359,LFPG,KIAH,34:01:49.12,39:15:48.13,54.84086,-8.62866,38001.0,240798.75183829505,73
287582361,287582361,westbound,B78X,EBBR,KORD,34:02:37.85,38:31:32.33,55.877235,-8.626797,36993.0,222882.50965070474,79
287582444,287582444,westbound,B763,EBBR,KJFK,34:02:37.88,39:31:54.62,54.944495,-7.90031,36810.0,157804.5867099785,93
287582900,287582900,westbound,A333,EGKK,CYYZ,34:03:24.58,39:17:29.84,53.802922,-9.227713,38186.0,195195.22833323455,88
287579853,287579853,westbound,B789,LIRF,KLAX,34:03:40.27,38:53:40.57,52.795632,-12.849113,39291.0,211315.73146818223,52
287584385,287584385,westbound,A333,EIDW,KBOS,34:04:20.00,39:27:43.20,53.8875,-9.5575,37945.0,197329.4,91
287578787,287578787,westbound,B764,EDDM,KATL,34:04:33.01,39:31:12.28,55.240881,-8.956775,32921.0,180887.43747955037,79
287584560,287584560,westbound,B788,EGNT,MMUN,34:05:39.49,39:37:54.04,55.928146,-8.099874,40699.0,190622.59086084168,82
287580341,287580341,westbound,B764,LICJ,KEWR,34:06:23.83,39:46:28.80,43.114701,-11.446399,34499.0,177855.8633725851,88
287581394,287581394,westbound,A333,EDDF,KATL,34:07:10.02,39:38:27.46,55.784426,-8.458352,38490.0,192625.280086915,84
287584172,287584172,westbound,F2TH,EGGW,KBGR,34:07:23.31,39:10:05.21,53.933382,-10.627648,41484.0,15199.337588333843,66
287580983,287580983,westbound,A359,EDDM,KORD,34:07:43.28,38:33:07.35,57.380349,-8.797901,39306.0,232223.65150617922,72
287582796,287582796,westbound,A333,EBBR,KIAD,34:07:52.58,39:38:03.44,55.068925,-8.039186,38005.0,194123.1967054811,93
287581823,287581823,westbound,B77W,LFPG,KMIA,34:08:02.93,39:19:50.64,53.495856,-13.023635,38930.0,285772.5199763818,84
287581419,287581419,westbound,B764,LFMN,KATL,34:08:42.03,39:39:15.36,54.016783,-9.194197,31911.0,180852.43835689692,81
287579424,287579424,westbound,A339,LIRF,KSFO,34:09:58.10,38:49:37.11,52.954626,-12.468027,38739.0,216621.4383012287,51
287579279,287579279,eastbound,B763,KBWI,ETAR,34:09:59.21,39:12:22.68,49.405885,-52.914754,40386.0,155756.2686350492,84
287584064,287584064,westbound,B77W,EGLL,KDFW,34:10:41.59,39:22:53.92,53.91931,-8.709607,35094.0,293785.07988514216,77
287583632,287583632,westbound,B789,EGLL,CYYC,34:13:59.30,38:13:11.51,57.230838,-8.72029,40132.0,204695.82337658294,68
287583614,287583614,westbound,A35K,EGLL,KLAX,34:15:22.32,38:29:28.36,56.198034,-8.094133,36766.0,279730.1160193136,54
287581689,287581689,westbound,A343,EDDF,KDFW,34:15:45.72,39:42:54.52,55.486433,-8.575296,35989.0,227162.62098533794,70
287579170,287579170,eastbound,B748,KSDF,EDDK,34:17:01.01,39:09:37.22,52.389305,-56.033878,37671.0,371383.8241843139,82
287583426,287583426,westbound,B77W,EGLL,KLAX,34:17:07.87,38:27:03.95,56.131163,-8.50115,36288.0,302413.6248302485,54
287583450,287583450,westbound,B772,EGLL,MYNN,34:17:37.25,39:48:27.14,53.88896,-11.154007,38258.0,235619.18616958288,92
287581859,287581859,westbound,A343,EDDF,KIAD,34:18:05.02,39:47:54.27,55.715882,-7.995201,37257.0,214148.13605442925,93
287581708,287581708,westbound,B748,EDDF,KSFO,34:18:23.86,38:23:59.11,56.154295,-8.424411,35871.0,399442.2875601627,52
287583535,287583535,westbound,B78X,EBBR,KEWR,34:19:23.52,39:41:39.91,56.040394,-7.751304,39497.0,222917.46125425227,89
287581568,287581568,westbound,A333,EDDF,KRDU,34:19:59.94,40:05:30.87,55.476398,-7.48622,38375.0,192944.44004545346,93
287584851,287584851,westbound,B772,BIKF,KBOS,34:20:00.00,38:27:32.66,63.584722,-27.044722,39743.0,216408.0,73
287573852,287573852,eastbound,B744,KIAH,EGPK,34:21:23.44,38:04:43.55,55.219112,-58.884183,39225.0,284649.7299038853,65
287583900,287583900,westbound,B772,EGLL,KIAH,34:22:17.97,39:36:01.12,55.24087,-8.28896,36060.0,242354.6881902376,76
287585361,287585361,westbound,A333,EIDW,KJFK,34:23:00.00,39:54:32.78,54.069167,-9.630278,37944.0,197329.4,89
287573178,287573178,eastbound,B789,MMMX,EGLL,34:23:15.28,38:39:53.79,53.760689,-57.369254,40987.0,179078.14060951592,60
287581946,287581946,westbound,A333,LFPO,KEWR,34:23:33.88,39:36:11.11,53.705691,-12.020315,38557.0,193251.15633238922,88
287584007,287584007,westbound,B772,EGPH,CYYZ,34:23:43.63,39:20:08.17,56.049928,-8.712975,36652.0,226767.41813408808,87
287582412,287582412,westbound,A333,EDDF,CYUL,34:24:20.66,39:39:48.65,55.80809,-7.665181,38469.0,192858.80281863012,90
287582291,287582291,westbound,A332,EDDF,KATL,34:26:13.08,39:49:31.23,56.08984,-8.912005,38834.0,205755.6085350421,84
287580265,287580265,westbound,B78X,LIRF,KORD,34:26:26.10,39:08:47.61,53.761819,-13.184647,40365.0,218009.51702812323,72
287578441,287578441,westbound,B763,LICC,KJFK,34:26:40.48,39:39:42.10,53.181193,-13.917055,40391.0,157788.28545784406,77
287573866,287573866,eastbound,B789,KLAX,LFPG,34:26:43.51,39:04:37.78,54.246309,-57.059425,40915.0,179489.84323885688,61
287585239,287585239,westbound,A333,EIDW,KATL,34:27:00.00,39:57:01.62,54.29,-9.489722,37904.0,197329.4,93
287582797,287582797,westbound,B744,EDDF,KJFK,34:27:12.87,39:48:09.95,55.577986,-7.721835,38260.0,295297.78711895784,91
287581691,287581691,westbound,B764,EDDM,KDTW,34:28:02.64,39:44:00.08,55.555985,-9.025145,33722.0,178573.1938084021,82
287583430,287583430,westbound,A339,EHAM,KJFK,34:28:23.15,39:53:59.14,55.899859,-7.677264,39510.0,205037.86259917673,93
287582495,287582495,westbound,B772,LFPG,KATL,34:29:49.47,39:48:00.08,54.76406,-8.596505,36821.0,234106.2291274152,89
287576972,287576972,westbound,B77W,LOWW,CYYZ,34:29:59.01,39:01:05.72,58.718203,-8.199862,39616.0,275690.7290367448,77
287583486,287583486,westbound,B788,EGKK,MMUN,34:29:59.65,39:41:29.33,53.875272,-13.641183,40892.0,186832.49843993917,75
287581253,287581253,westbound,B763,LSZH,KEWR,34:31:20.27,39:54:59.46,55.764444,-8.290675,39823.0,157584.58093077684,91
287580851,287580851,westbound,A333,LSZH,KJFK,34:32:01.66,40:04:15.13,54.21105,-7.953504,38583.0,192183.34976544828,93
287585796,287585796,westbound,B772,BIKF,CYYZ,34:33:00.00,37:53:18.64,64.565,-27.213056,39564.0,218715.8,59
287580943,287580943,westbound,A332,DTTA,CYUL,34:33:59.34,39:56:36.26,42.782777,-11.722797,39739.0,198931.76215285604,89
287585052,287585052,westbound,B788,EGBB,MDPC,34:34:03.58,40:28:56.67,54.288218,-8.408593,41275.0,184428.43023301824,101
287580384,287580384,eastbound,B748,KSDF,EDDK,34:34:04.57,39:27:24.01,52.934455,-56.610249,37671.0,370982.43765299354,82
287582841,287582841,westbound,A333,EHAM,KDTW,34:34:14.47,39:53:09.98,55.963312,-8.027786,38290.0,194289.19179719628,89
287581949,287581949,westbound,B77W,LFPG,KLAX,34:34:27.04,38:48:26.83,55.88353,-8.719871,36290.0,302753.2743730267,53
287583069,287583069,westbound,B772,EGKK,MDPC,34:34:33.28,40:07:06.88,53.26458,-13.366731,38437.0,233640.0967824674,92
287576054,287576054,eastbound,B788,KMSY,EGLL,34:34:36.82,38:46:34.99,53.49904,-55.859885,42369.0,159701.70940297993,69
287584805,287584805,westbound,A333,LEMD,KORD,34:35:08.60,40:06:25.48,42.182364,-11.999058,38307.0,195109.85230427317,91
287582926,287582926,westbound,B789,EGKK,KMIA,34:35:56.38,39:44:31.47,53.744862,-13.748949,40174.0,203895.88960517856,82
287583172,287583172,westbound,B789,LFPG,CYUL,34:36:40.56,39:32:07.83,54.720352,-8.419539,40987.0,194463.9668203933,88
287583654,287583654,westbound,A333,LFPG,KBOS,34:38:35.03,40:09:33.77,54.684087,-7.923074,38027.0,194139.0541789661,93
287582107,287582107,eastbound,B744,KMIA,EHAM,34:38:56.98,40:44:32.97,37.670618,-63.271256,38331.0,303283.408495773,96
287580407,287580407,westbound,A359,LIRF,KATL,34:40:27.84,39:34:25.95,52.837996,-13.604757,39206.0,235361.11300276176,71
287583742,287583742,westbound,B788,EDDF,KDFW,34:40:31.77,39:49:20.98,55.796856,-8.47801,40907.0,185536.0572723672,70
287579604,287579604,westbound,B78X,LGAV,KEWR,34:40:37.48,39:48:17.11,44.836446,-12.239411,40963.0,214714.0934647644,73
287582494,287582494,westbound,A359,LFPG,KPHX,34:41:19.05,38:56:00.15,56.01142,-8.753827,37526.0,245448.68720318304,55
287586105,287586105,westbound,A333,EIDW,KJFK,34:42:00.00,40:14:31.54,54.224722,-9.392222,37946.0,197329.4,89
287573821,287573821,eastbound,B789,MMMX,EGLL,34:42:05.76,38:52:55.93,53.260372,-55.898218,41099.0,178470.52068399728,58
287581193,287581193,westbound,A332,LIRF,KORD,34:42:27.55,40:01:58.61,44.295113,-11.585135,39199.0,205345.59121032318,75
287582565,287582565,westbound,B748,EDDF,KLAX,34:42:33.39,38:49:49.46,56.799197,-8.110225,35891.0,399285.2616875047,51
287584452,287584452,westbound,B772,EGLL,KJFK,34:42:48.25,40:00:33.68,54.058411,-9.671614,38236.0,225137.865679985,89
287583948,287583948,westbound,A339,LFPG,KDTW,34:42:55.40,40:01:54.35,54.75914,-7.738926,39257.0,207980.0470500846,90
287585243,287585243,westbound,A333,EGCC,KMCO,34:43:07.28,40:35:42.44,54.71896,-8.713338,36448.0,196315.24506669393,95
287585860,287585860,westbound,B763,EGPH,KBOS,34:44:53.99,40:09:57.95,56.301752,-7.822595,36661.0,155266.49195493283,91
287581999,287581999,westbound,A333,LOWW,CYYZ,34:45:47.95,39:32:06.45,57.812883,-8.135913,39088.0,189768.30992625272,77
287584929,287584929,westbound,B764,EGLL,KJFK,34:46:42.52,40:12:50.73,54.451037,-8.658542,32167.0,174103.49619267252,92
287573383,287573383,eastbound,A359,MMMX,LFPG,34:46:48.17,39:27:53.83,52.764106,-55.757841,40036.0,230004.3326827938,60
287583508,287583508,westbound,B763,LSGG,KEWR,34:47:11.54,40:11:33.73,53.83688,-9.868665,40113.0,157676.54581230183,91
287585062,287585062,westbound,B77W,EGLL,KCLT,34:47:35.45,40:01:17.21,53.935506,-9.325124,37193.0,281856.06550090417,93
287586166,287586166,westbound,A333,EGPH,KJFK,34:47:48.10,40:25:08.81,56.386211,-7.836478,37981.0,197094.11500826332,91
287582819,287582819,westbound,B788,EHAM,TNCC,34:48:28.55,40:18:17.65,51.513194,-10.988691,41050.0,184878.60175822827,82
287582031,287582031,westbound,B789,LOWW,KORD,34:48:34.22,39:15:49.51,57.732862,-8.096212,40424.0,198343.93296964743,70
287583548,287583548,westbound,B78X,LFPG,KORD,34:49:06.05,39:18:33.67,55.93659,-8.848291,36721.0,222579.24700965264,79
287584155,287584155,westbound,A339,EHAM,KSLC,34:49:40.45,38:53:36.61,59.162392,-8.344604,38382.0,217641.64258215085,56
287583552,287583552,westbound,A339,EDDF,KJFK,34:51:09.57,40:27:35.99,55.643549,-7.554342,39517.0,205701.71808949157,91
287581316,287581316,westbound,B763,LSZH,KATL,34:51:17.05,40:22:44.55,54.652764,-9.025845,37128.0,164605.31374702533,83
287574011,287574011,eastbound,B772,KLAX,EGLL,34:51:24.44,39:06:39.93,55.152095,-58.07446,39431.0,211256.68398535557,60
287582332,287582332,westbound,B763,LOWW,KBOS,34:53:37.95,40:23:11.97,55.960441,-7.742046,39878.0,157169.20629519055,92
287580293,287580293,westbound,B763,LIRN,KEWR,34:53:39.77,40:27:41.95,43.679369,-11.204531,39814.0,159344.98998311264,84
287583661,287583661,westbound,B763,EHAM,KIAD,34:54:04.18,40:23:56.11,55.880013,-7.727774,39395.0,159698.0122965119,93
287582413,287582413,westbound,B772,LOWW,KEWR,34:55:29.62,40:05:48.48,56.069599,-8.927395,38976.0,224243.20568382274,88
287582970,287582970,westbound,B763,LKPR,KJFK,34:55:31.30,40:24:38.51,56.295,-8.078528,39726.0,158475.10435301636,93
287583723,287583723,westbound,A333,EHAM,KBOS,34:55:42.23,40:25:34.67,55.787046,-7.852417,38215.0,194384.18132538983,93
287582130,287582130,eastbound,B77L,KORD,EDDF,34:55:53.96,39:47:28.86,53.333568,-57.102765,41138.0,238608.26946064667,84
287583524,287583524,westbound,A332,DAAG,CYUL,34:56:06.81,40:20:39.63,42.664868,-11.807271,39703.0,197889.0587061704,94
287583393,287583393,westbound,B772,LIMC,KJFK,34:56:20.86,40:12:41.43,53.865899,-10.230639,39052.0,224145.71405494242,88
287581405,287581405,westbound,A339,LIRF,CYYZ,34:57:13.31,40:20:41.63,44.359915,-11.149193,39537.0,208396.79702804217,82
287586330,287586330,westbound,A333,EIDW,KORD,34:58:00.00,39:41:02.17,54.3175,-9.375556,37942.0,197329.4,79
287582891,287582891,westbound,B763,LSGG,KIAD,34:58:21.91,40:09:20.41,53.727541,-13.198241,40069.0,158452.1849643534,87
287584615,287584615,westbound,A333,EHAM,CYYZ,34:58:24.80,40:15:07.67,55.452882,-8.002447,38126.0,194029.23850437178,89
287585234,287585234,westbound,B772,EGLL,KCLT,34:58:29.33,40:14:10.43,53.935787,-8.922809,37784.0,232286.24643473016,93
287583345,287583345,westbound,B748,EDDF,KORD,34:58:34.15,39:16:10.78,56.575455,-8.71987,36635.0,383978.49713681143,75
287585182,287585182,westbound,B789,EGKK,KLAX,34:59:18.30,39:21:07.51,54.062983,-8.389823,39173.0,216084.6137827959,56
287586226,287586226,westbound,B789,EGCC,MDPC,34:59:21.84,40:55:23.94,54.219846,-8.739617,39528.0,206695.96079105343,103
287579362,287579362,westbound,A333,LGAV,KJFK,34:59:58.13,40:33:15.77,43.621272,-11.863329,39992.0,184969.44359815615,75
287581334,287581334,westbound,A339,LIRF,KJFK,35:00:23.58,40:36:58.23,44.097973,-11.619113,39667.0,206897.54134108574,89
287585083,287585083,westbound,B772,EGKK,TAPA,35:01:42.53,40:48:57.16,50.759692,-6.266513,38355.0,235453.0616167955,103
287586386,287586386,westbound,B788,EGPH,KPHL,35:02:34.54,40:22:15.75,56.562906,-7.71081,41933.0,178337.29291648313,95
287575022,287575022,eastbound,A35K,KLAS,EGLL,35:02:53.66,39:25:09.28,55.118646,-58.579404,39128.0,259443.3249285091,63
287587134,287587134,westbound,B752,BIKF,KEWR,35:03:00.00,39:17:01.89,63.584722,-27.044722,39709.0,92058.5,71
287584826,287584826,westbound,B772,EGKK,CYYT,35:03:13.92,38:20:35.12,53.720222,-12.152274,40145.0,209620.28844825487,44
287586595,287586595,westbound,B772,EIDW,KDFW,35:04:00.00,40:17:34.12,54.0425,-9.540278,37875.0,241967.2,82
287586406,287586406,westbound,A332,LPPT,CYYZ,35:05:42.86,40:29:42.26,40.423442,-13.608515,39353.0,198885.05577753196,93
287585186,287585186,westbound,B788,EHAM,KORD,35:05:45.29,39:30:41.21,57.76159,-7.869727,41614.0,178888.4816497728,78
287584641,287584641,westbound,A339,EGLL,KMIA,35:05:51.46,40:48:18.30,53.882495,-10.081163,38681.0,213795.40079279296,92
287586005,287586005,westbound,B78X,EGLL,TBPB,35:06:30.05,40:44:10.55,50.46357,-6.431931,39327.0,225600.4658855785,101
287582609,287582609,westbound,B763,LOWW,KIAD,35:06:44.32,40:35:18.82,56.068127,-8.40679,39430.0,160623.85755395985,85
287583841,287583841,westbound,A332,EDDF,KDTW,35:06:55.49,40:13:45.10,56.214468,-8.704186,39300.0,201007.52423815662,86
287585501,287585501,westbound,B772,EGLL,KEWR,35:08:31.30,40:18:02.51,54.049932,-9.703802,38875.0,225368.40285055563,92
287585346,287585346,westbound,B763,EGLL,KORD,35:08:44.24,39:47:05.36,56.180251,-9.148308,36434.0,160898.00603125364,78
287582610,287582610,westbound,A333,LFPG,KMSP,35:09:03.59,39:42:04.51,56.087709,-8.714713,38172.0,193498.95434699097,75
287583495,287583495,westbound,B77W,EDDF,KEWR,35:09:57.46,40:24:20.83,55.822246,-7.783168,39243.0,274968.953063209,88
287585363,287585363,westbound,B77W,EGLL,KJFK,35:11:10.58,40:24:42.99,53.916801,-10.842192,39762.0,273672.2239271942,88
287584617,287584617,westbound,B772,LFPG,KDFW,35:12:16.31,40:23:31.12,55.018486,-8.713213,36655.0,240755.75456552478,73
287585468,287585468,westbound,B77W,EBBR,KIAD,35:12:25.43,40:25:41.88,55.26428,-8.142555,36802.0,278047.65017119277,93
287584478,287584478,westbound,A333,LSGG,KJFK,35:13:50.37,40:51:52.39,54.059888,-8.631025,38686.0,192375.8637025599,90
287580608,287580608,westbound,B788,LGAV,KORD,35:13:53.22,39:54:52.85,54.164794,-10.433915,41684.0,172120.95802147052,60
287583085,287583085,westbound,GLEX,LDZA,KHPN,35:14:05.31,40:39:04.57,55.179369,-7.5638,46479.0,32332.34274062851,89
287585171,287585171,westbound,B763,EBBR,KATL,35:15:31.78,40:48:17.81,55.302231,-8.767749,36735.0,164144.22061221054,89
287583329,287583329,westbound,B764,LIPZ,KEWR,35:15:39.32,40:58:42.36,44.528375,-11.350472,34039.0,175973.9933321454,87
287582171,287582171,eastbound,B748,KJFK,ELLX,35:16:37.60,39:56:55.62,48.898143,-52.369736,37844.0,368217.8195023084,83
287587515,287587515,westbound,B772,EIDW,CYYZ,35:17:00.00,40:16:56.57,54.111111,-9.523333,38968.0,227142.6,88
287585904,287585904,westbound,B789,EGLL,KDEN,35:17:05.33,39:37:21.61,55.191249,-8.801235,37084.0,208418.51856498793,68
287585747,287585747,westbound,B772,EGLL,KAUS,35:17:29.83,40:29:24.01,54.169733,-9.209763,37007.0,243471.08903333434,76
287584401,287584401,westbound,A333,LIMC,KATL,35:18:03.85,41:25:59.77,45.753565,-6.251311,38658.0,193151.66539084108,89
287583460,287583460,westbound,A343,EDDF,KDTW,35:19:05.07,40:33:39.69,56.043894,-9.095967,37229.0,214827.89101677565,86
287585303,287585303,westbound,B788,EHAM,KDFW,35:20:16.44,40:31:58.17,55.779009,-8.52884,40912.0,186634.28609870927,74
287584643,287584643,westbound,A339,LFPG,KBOS,35:20:39.36,40:42:31.36,54.777139,-8.448003,39768.0,202618.27589696337,90
287584442,287584442,westbound,A339,EDDF,KBOS,35:21:10.59,40:48:42.38,55.666776,-7.715662,39689.0,203808.89904712827,93
287576162,287576162,eastbound,B789,KSFO,EGLL,35:21:44.46,39:39:55.43,56.10711,-59.60259,41126.0,178409.97589997173,61
287583538,287583538,westbound,B763,LIPZ,KATL,35:22:40.30,40:49:24.16,55.575758,-8.931238,38695.0,164854.4987759953,77
287585324,287585324,westbound,B78X,EGLL,KORD,35:22:49.41,39:48:17.92,56.255128,-8.864439,36383.0,223970.4683684691,78
287584703,287584703,westbound,A332,EDDF,KJFK,35:23:30.63,40:44:37.73,55.708444,-7.658036,39553.0,198267.44848614006,93
287584055,287584055,westbound,A333,EDDF,KTPA,35:23:32.06,41:09:42.81,55.705198,-8.925678,38611.0,192540.39293368877,81
287583013,287583013,westbound,B763,LOWW,CYUL,35:23:44.93,40:34:41.23,56.443339,-8.043412,40134.0,156822.46209165777,87
287585432,287585432,westbound,B77W,LEBL,CYUL,35:23:59.59,40:40:45.64,43.322974,-11.740357,39451.0,273946.12338488555,90
287581588,287581588,westbound,B772,LIRF,KIAD,35:24:19.75,40:44:35.22,43.477005,-11.354651,38928.0,227078.98519789593,83
287585524,287585524,westbound,B744,ELLX,KHSV,35:24:26.06,40:37:31.73,54.979473,-8.579278,36194.0,309623.108653827,83
287586279,287586279,westbound,A35K,EGLL,KATL,35:25:28.66,40:43:40.89,53.983072,-9.082608,37932.0,264833.0526692892,90
287588143,287588143,westbound,A332,EIDW,KDTW,35:26:00.00,40:33:37.23,54.098056,-9.520556,39305.0,198808.5,87
287585566,287585566,westbound,B772,EGLL,KPHX,35:26:57.62,39:32:58.71,56.579756,-8.997157,36459.0,246775.3206026429,55
287582399,287582399,westbound,A332,LIRF,KBOS,35:27:16.87,40:52:18.63,44.613302,-11.489308,39922.0,197698.60525955656,89
287585372,287585372,westbound,B772,EGKK,KMCO,35:28:25.03,40:47:18.84,53.759319,-11.676706,38347.0,234891.14819126637,89
287586722,287586722,westbound,A332,EGLL,KDTW,35:28:33.76,40:39:02.89,54.007817,-8.976124,39274.0,199882.6538505952,88
287586367,287586367,westbound,B772,EGLL,KJFK,35:29:15.22,40:50:44.83,53.995624,-8.887715,38212.0,225601.5696958138,90
287584774,287584774,westbound,B748,EDDF,KMIA,35:30:09.01,40:52:56.57,55.425282,-8.254279,35779.0,394022.1253158471,84
287587982,287587982,westbound,B772,EIDW,CYYZ,35:31:00.00,40:29:07.17,54.440833,-9.802778,38967.0,227142.6,87
287585268,287585268,westbound,B789,LFPG,KLAX,35:31:03.57,39:50:12.81,55.94012,-8.027611,38554.0,215047.44502102604,54
287581445,287581445,westbound,B763,LIRN,KJFK,35:31:58.00,40:49:14.19,53.222939,-12.881687,40275.0,157949.26144795262,82
287585676,287585676,westbound,B788,EHAM,CYYZ,35:32:51.84,40:30:24.99,56.10017,-7.850754,41904.0,176314.12382373717,88
287584116,287584116,westbound,B788,EDDM,KORD,35:33:26.62,39:58:00.10,57.38317,-8.418088,41614.0,176879.1805338792,72
287586116,287586116,westbound,B77W,EGLL,KSAN,35:34:06.40,39:45:12.97,56.25343,-8.199839,36194.0,302968.60419888864,56
287587589,287587589,westbound,A333,ENGM,KJFK,35:34:24.58,41:50:48.71,60.991285,2.969749,38078.0,196384.78750405798,102
287588283,287588283,westbound,B752,EINN,KEWR,35:35:00.00,40:51:37.60,53.750278,-11.788611,39069.0,95350.6,89
287584977,287584977,westbound,B763,EBBR,KMIA,35:36:09.40,41:22:47.34,55.119367,-8.741085,37138.0,166194.03213479597,87
287587043,287587043,westbound,B789,EGCC,MMUN,35:37:46.32,41:11:50.73,54.527336,-8.311751,38082.0,212873.60867537142,83
287585742,287585742,westbound,B788,EHAM,TNCA,35:38:26.47,41:36:06.01,54.866596,-8.782683,40920.0,186638.51026668298,85
287587660,287587660,westbound,A333,EGPH,KBOS,35:38:47.96,41:07:18.30,56.036823,-7.925903,37959.0,197094.14248794684,93
287587024,287587024,westbound,A333,EGLL,KJFK,35:40:21.03,41:16:11.68,53.930851,-8.813063,38195.0,195507.01745161638,90
287588214,287588214,westbound,B772,EGPH,CYYZ,35:40:31.55,40:39:17.72,56.057199,-8.872776,38973.0,226818.37027810895,87
287584899,287584899,westbound,B763,LSZH,KIAD,35:41:08.87,41:13:25.35,54.255512,-7.779591,37274.0,160158.27204113285,93
287587956,287587956,westbound,B788,EIDW,KORD,35:42:00.00,40:15:02.51,54.960833,-8.551111,41637.0,181668.6,80
287584722,287584722,westbound,A333,EDDM,CYYZ,35:42:22.28,40:54:08.75,56.111783,-9.042209,38865.0,191118.6498343873,87
287576521,287576521,eastbound,B789,KLAX,EGLL,35:43:58.70,40:00:40.80,55.033419,-58.416747,40812.0,178209.85600350687,60
287587489,287587489,westbound,B77L,EGLL,CYYZ,35:46:28.46,40:41:45.65,53.82761,-9.401553,42181.0,244230.80637804966,87
287586275,287586275,westbound,B78X,EHAM,KORD,35:46:30.27,40:12:22.15,57.410926,-7.793659,39592.0,223230.96322916297,78
287586112,287586112,westbound,B78X,EHAM,CYYC,35:47:05.63,39:35:38.89,59.51613,-9.047678,39371.0,222357.34046853948,63
287587090,287587090,westbound,A333,LEMD,KBOS,35:48:28.17,41:20:26.85,42.682721,-11.539426,38299.0,195209.6074399419,95
287586647,287586647,westbound,B788,EHAM,CYUL,35:48:43.70,40:49:14.56,55.943341,-7.767744,42165.0,173778.48953996866,90
287585906,287585906,westbound,B788,EKCH,CYUL,35:49:28.56,40:48:25.70,59.471741,-7.617934,42168.0,172338.91590075675,86
287587210,287587210,westbound,B763,EGLL,KEWR,35:49:51.13,41:21:37.53,55.184394,-7.84019,36486.0,157108.85858423874,94
287587095,287587095,westbound,A333,LEMD,CYYZ,35:50:08.23,41:20:10.02,42.631267,-11.771976,38302.0,195170.30235564685,94
287576359,287576359,eastbound,B788,MMMX,EHAM,35:50:09.88,40:23:03.62,53.662479,-56.847645,42080.0,157236.0577131605,61
287587336,287587336,westbound,B77W,EGLL,KDFW,35:50:55.64,41:03:18.24,54.549913,-8.913862,34763.0,292524.7652536019,76
287586462,287586462,westbound,B77W,EGLL,KLAX,35:51:15.01,40:01:11.89,56.323335,-8.39368,36196.0,302393.59250382637,54
287588581,287588581,westbound,B772,EIDW,KCLT,35:52:00.00,41:05:14.65,54.039722,-9.525833,38569.0,232654.2,93
287585496,287585496,westbound,A333,LFPG,KCVG,35:52:25.52,41:13:07.51,55.184052,-8.74476,38444.0,193717.70472838532,87
287582376,287582376,eastbound,B748,KSDF,EDDK,35:53:12.40,40:36:36.99,53.349598,-55.677999,37706.0,370420.8548260413,81
287586507,287586507,westbound,B77W,LFPG,CYYZ,35:53:17.80,40:53:38.11,55.049202,-8.231972,37070.0,275349.75252856687,89
287585961,287585961,westbound,A333,EKCH,KEWR,35:54:33.71,41:21:20.57,59.764929,-7.334335,36949.0,192718.09104318946,94
287585070,287585070,westbound,A388,EDDM,KJFK,35:54:41.77,41:13:38.13,55.759206,-8.125215,39270.0,457463.9253668865,90
287587792,287587792,westbound,B789,EGLL,KORD,35:58:05.91,40:39:30.82,54.433165,-8.50293,40402.0,202268.09257636045,82
287586711,287586711,westbound,B77W,EHAM,TNCC,35:58:12.99,41:54:51.75,55.256315,-8.934721,37372.0,292938.731586605,87
287586650,287586650,westbound,B764,LSGG,KJFK,35:58:17.78,41:56:38.91,46.433642,-6.402896,32290.0,176526.4443849533,97
287583088,287583088,westbound,B77W,LIRF,KEWR,36:00:20.36,40:56:55.54,52.154143,-13.03982,39935.0,272011.58845372155,82
287585486,287585486,westbound,B789,LIMC,KJFK,36:01:42.67,41:20:47.48,54.035481,-9.411937,40828.0,194621.47295281087,88
287586429,287586429,westbound,B789,EHAM,KAUS,36:01:50.73,41:13:27.39,56.226063,-8.00565,39598.0,210513.96262283993,73
287588272,287588272,westbound,B752,EGPH,KORD,36:03:00.22,40:34:27.51,57.952209,-8.81636,36547.0,98717.9614833887,75
287583793,287583793,westbound,B772,LEBL,CYHZ,36:04:00.05,40:42:04.89,43.072792,-11.638119,39441.0,218556.41791689387,81
287587721,287587721,westbound,B772,EGLL,KIAD,36:04:54.55,41:20:31.01,55.222867,-7.691929,37816.0,228304.4904795565,94
287586606,287586606,westbound,B78X,EHAM,KLAX,36:05:34.48,40:10:43.87,57.673831,-8.615721,39591.0,222968.1387520717,52
287586681,287586681,westbound,B789,EGKK,MKJS,36:06:28.63,41:23:11.58,53.775256,-13.788123,39941.0,206634.92161780642,80
287585238,287585238,westbound,A332,LFML,CYUL,36:06:32.33,41:06:02.84,53.747479,-11.290252,39947.0,195240.64432072366,83
287587207,287587207,westbound,B789,EGLL,CYUL,36:07:29.23,41:03:26.25,53.986467,-9.756233,41005.0,195296.60156879635,88
287588998,287588998,westbound,A333,EIDW,KIAD,36:09:00.00,41:32:33.92,54.232778,-9.426944,37948.0,197329.4,92
287587356,287587356,westbound,A359,LEMD,KLAX,36:09:17.78,41:31:04.75,43.169469,-11.405426,37435.0,251077.3338262345,64
287583480,287583480,eastbound,B744,KORD,ELLX,36:10:11.25,41:03:38.09,53.454488,-56.594613,38275.0,291477.11321248417,85
287586561,287586561,westbound,B764,LFPG,KATL,36:10:11.54,41:41:05.83,55.121451,-8.635058,32929.0,181981.7377050849,88
287587072,287587072,westbound,A339,EHAM,KDTW,36:10:20.49,41:26:06.96,55.889444,-7.547078,39176.0,208154.3462784658,89
287585791,287585791,westbound,B77W,EDDF,KIAD,36:11:19.56,41:25:27.81,55.691253,-7.770359,38879.0,277979.3202443444,93
287586062,287586062,westbound,A339,EDDF,KLAX,36:11:35.90,40:31:51.61,56.892722,-8.744506,38012.0,220342.7314041259,51
287589309,287589309,westbound,B752,BIKF,KORD,36:12:00.00,39:25:14.29,64.062222,-27.469444,39270.0,94344.9,54
287585237,287585237,westbound,B788,EDDM,KIAD,36:13:15.24,41:25:04.86,56.390278,-8.754076,41819.0,174818.30895030496,89
287585625,287585625,westbound,B78X,EDDF,KORD,36:13:43.62,40:38:53.91,57.093407,-8.556339,39584.0,221549.1044554222,76
287584279,287584279,westbound,A339,LEBL,KATL,36:14:14.06,41:50:36.00,42.848328,-11.323188,38808.0,213531.9611082069,87
287586924,287586924,westbound,A359,LFPG,KEWR,36:14:16.69,41:29:15.01,54.657306,-8.377671,39726.0,225726.93399073894,93
287589180,287589180,westbound,A333,EIDW,KBOS,36:15:00.00,41:37:17.79,54.108611,-9.700278,37945.0,197329.4,91
287587135,287587135,westbound,B77W,EHAM,MPTO,36:15:05.14,41:54:33.73,55.726267,-8.778788,37177.0,301257.8182284292,73
287585449,287585449,westbound,B763,LFMN,KEWR,36:15:33.54,41:30:32.07,53.721806,-12.063014,40245.0,157095.76954778278,88
287587506,287587506,westbound,GLEX,EGLF,KPDK,36:15:36.76,41:20:31.80,53.297067,-12.931021,45818.0,34704.547881088234,89
287589052,287589052,westbound,B752,EGPH,KIAD,36:16:00.00,41:40:12.44,55.935,-8.973333,33427.0,97900.9,91
287585937,287585937,westbound,A333,LIMC,KEWR,36:17:19.62,41:47:26.74,54.532474,-8.187826,38792.0,191662.4287755029,92
287583724,287583724,westbound,A332,LIRF,KJFK,36:17:23.42,41:42:36.06,44.461351,-11.493256,39746.0,199577.65799935424,87
287587861,287587861,westbound,B77W,EGLL,KMIA,36:18:01.44,41:46:02.69,53.908332,-10.107714,38613.0,287693.4754136612,91
287588149,287588149,westbound,B789,EGLL,KORD,36:18:18.14,41:03:01.98,54.133376,-7.938356,40376.0,202749.82939611518,83
287589333,287589333,westbound,A35K,EGCC,KMCO,36:19:07.03,41:56:31.58,54.415382,-7.84325,37168.0,266348.64388471213,96
287587605,287587605,westbound,B772,LFPG,KRDU,36:20:19.54,41:49:07.28,54.620594,-7.921132,38009.0,230311.1757686649,97
287586295,287586295,westbound,A332,LFPG,CYUL,36:20:55.86,41:33:49.49,54.801994,-8.375801,39827.0,194970.73887067466,88
287585670,287585670,westbound,B788,LIPZ,KPHL,36:21:21.44,41:38:26.04,54.034694,-8.699216,41927.0,173432.5466924236,89
287585674,287585674,eastbound,B789,KJFK,LGAV,36:21:37.24,40:54:49.25,46.980804,-52.191668,40185.0,201132.1815884449,65
287582442,287582442,westbound,B788,LGAV,KIAD,36:21:47.34,41:36:27.43,44.86495,-12.097457,41945.0,170672.6522853924,71
287587353,287587353,westbound,B77L,EDDF,MMSM,36:23:31.79,41:51:32.87,55.617576,-8.577957,39560.0,271210.1081903872,65
287587212,287587212,westbound,A333,EKCH,CYYZ,36:23:31.87,41:05:51.42,60.638511,-6.087256,37202.0,192836.11313837467,81
287584673,287584673,westbound,A359,LIRF,KJFK,36:24:33.89,41:41:13.81,44.489165,-11.700732,39840.0,228444.37621694343,87
287584251,287584251,westbound,A339,LIRF,KATL,36:24:41.90,42:01:30.83,43.925397,-11.617173,38979.0,214515.82021740332,77
287586995,287586995,westbound,A333,EHAM,KMSP,36:25:10.75,40:50:34.71,57.858034,-8.082215,38449.0,193865.8060777099,74
287583052,287583052,westbound,B772,LGAV,KCLT,36:25:18.93,41:52:58.40,43.487877,-11.577265,38733.0,229762.44171696517,69
287588466,287588466,westbound,A333,EGLL,KIAD,36:27:23.82,41:57:26.54,53.981881,-8.851842,38219.0,195500.84797598625,93
287587033,287587033,westbound,A333,LFPO,MMUN,36:29:28.99,41:55:43.86,53.856806,-13.525956,38619.0,192826.11734806144,72
287588014,287588014,westbound,A388,EGLL,KSFO,36:30:02.26,40:33:23.78,56.726433,-8.756086,36674.0,491311.9618750454,54
287588630,287588630,westbound,B772,EGLL,CYHZ,36:30:23.59,41:01:59.02,55.243402,-7.864303,38546.0,218197.732895632,80
287589568,287589568,westbound,B763,BIKF,KJFK,36:31:00.00,40:55:16.89,62.897222,-26.360556,40710.0,151285.8,75
287589802,287589802,westbound,A333,EIDW,CYYZ,36:31:00.00,41:42:54.13,54.722222,-8.962778,37948.0,197329.4,88
287587704,287587704,westbound,A332,LFBD,CYUL,36:31:09.41,41:24:27.73,53.356997,-13.315513,40070.0,193481.0568963612,81
287585774,287585774,westbound,A333,LIPZ,CYYZ,36:31:26.83,41:46:15.20,55.444914,-8.498728,38924.0,190733.38968603444,86
287583690,287583690,westbound,A332,LIRF,KIAD,36:31:52.74,41:30:40.22,53.114638,-13.867189,39623.0,200424.85677971362,78
287587526,287587526,westbound,A333,EHAM,KIAD,36:31:54.21,42:01:49.27,56.018145,-7.634348,38329.0,194369.58423683318,94
287587317,287587317,westbound,B763,EGKK,KJFK,36:32:16.34,41:50:01.27,53.822243,-10.798477,40149.0,156642.46218581407,89
287583852,287583852,westbound,B764,LFPG,KJFK,36:32:25.56,41:57:16.66,55.281542,-8.854725,33061.0,174303.073761627,92
287579136,287579136,eastbound,B77L,MMSM,EDDF,36:33:10.92,41:29:41.22,53.731979,-57.617431,40843.0,239221.74405238134,63
287585959,287585959,westbound,A333,EDDB,CYYZ,36:35:09.75,41:44:50.49,58.054861,-7.669113,38752.0,191868.70203376346,88
287588840,287588840,westbound,B78X,EGLL,KIAD,36:35:13.25,41:47:02.38,53.88749,-8.963841,38732.0,224621.1600820995,92
287587338,287587338,westbound,A333,LSZH,CYUL,36:35:26.71,41:51:49.98,55.019469,-7.741514,38713.0,192105.19306186258,90
287589879,287589879,westbound,B763,EIDW,KJFK,36:36:00.00,42:04:06.15,54.287778,-9.419722,40093.0,156505.3,89
287588179,287588179,westbound,A333,LFPG,KJFK,36:37:21.36,42:14:45.12,55.016017,-8.271621,38448.0,193906.18326539345,90
287588182,287588182,westbound,A339,EGLL,KMSP,36:37:27.46,41:05:12.69,56.464839,-8.33195,38107.0,209317.01585063984,76
287585971,287585971,westbound,B789,EPWA,KJFK,36:39:19.40,41:49:42.95,58.140594,-7.70215,40771.0,194179.47997732973,89
287587810,287587810,westbound,B772,LFPG,CYOW,36:39:37.65,41:41:53.13,54.913549,-7.691566,38369.0,223605.69829491145,90
287587834,287587834,westbound,B77W,LEBL,CYYZ,36:41:01.53,41:59:41.75,43.44977,-11.222166,39019.0,277999.8032778891,93
287583346,287583346,westbound,A339,LGAV,KATL,36:41:07.87,42:18:38.73,43.547902,-11.928162,39381.0,212913.34296667026,67
287587637,287587637,westbound,A333,EGKK,KBOS,36:41:18.15,41:56:55.62,53.906102,-11.146893,38353.0,194631.60329479098,89
287585465,287585465,westbound,B772,LIRF,KCLT,36:41:39.03,42:04:55.87,44.02118,-11.78068,38677.0,230738.5754133935,79
287589788,287589788,westbound,A333,EIDW,CYYZ,36:42:00.00,41:54:29.47,54.552222,-9.175556,37948.0,197329.4,88
287589696,287589696,westbound,A35K,EGCC,KATL,36:42:48.70,42:09:37.11,54.438179,-7.749515,37726.0,264677.431203897,95
287585089,287585089,westbound,B788,LIRN,KPHL,36:42:49.68,41:39:55.47,52.520817,-13.345141,42056.0,170411.20371493654,79
287587205,287587205,westbound,A333,EBBR,KJFK,36:43:00.46,42:18:03.64,55.218212,-8.025698,38409.0,194114.43386947093,94
287590129,287590129,westbound,A333,EIDW,KEWR,36:44:00.00,42:08:43.49,54.361667,-9.406667,37948.0,197329.4,92
287587990,287587990,westbound,B772,EGKK,CYVR,36:44:39.47,40:58:38.99,55.178015,-9.046096,34640.0,240060.80018782843,62
287588408,287588408,westbound,A333,EHAM,KATL,36:44:56.82,42:15:05.37,55.960615,-8.622774,38395.0,194182.38820581176,89
287590288,287590288,westbound,A333,EIDW,KSFO,36:45:00.00,41:06:28.61,54.908056,-8.755,33602.0,197329.4,58
287588227,287588227,westbound,A359,LFPG,KBOS,36:45:03.47,42:00:19.05,54.608878,-8.313944,39926.0,223519.97230622396,92
287585692,287585692,westbound,B789,EPKK,KORD,36:45:28.51,41:01:51.10,60.17296,-8.610516,40347.0,197341.71292503137,67
287587667,287587667,westbound,A359,LFPG,MMMX,36:45:42.45,42:19:51.73,54.699185,-7.970911,37612.0,248731.94130574184,68
287583458,287583458,westbound,GLEX,LFMN,KBOS,36:45:44.75,41:47:45.71,52.612909,-12.932417,46968.0,31373.63381347567,87
287589085,287589085,westbound,A333,LPPT,CYUL,36:46:03.86,42:08:28.89,41.080075,-13.937274,38126.0,196247.96660188143,90
287583615,287583615,westbound,A339,LIRF,KMIA,36:47:12.57,42:09:07.64,53.160556,-13.683909,38945.0,214513.2521861101,72
287589167,287589167,westbound,GLEX,EGKB,KBOS,36:47:14.90,42:08:17.68,54.483533,-8.168137,46882.0,32505.487289797926,93
287586700,287586700,westbound,B772,LFPG,KIAD,36:49:10.39,42:02:29.53,54.947109,-8.323937,38449.0,227443.01188077798,93
287588881,287588881,westbound,A339,EGLL,KBOS,36:50:18.13,42:11:59.56,53.919007,-9.723317,39774.0,202111.68811792412,91
287589488,287589488,westbound,A339,LPPT,KBOS,36:51:33.54,42:19:30.33,40.519233,-13.473238,39703.0,202548.61401674358,94
287589263,287589263,westbound,B763,EGLL,KEWR,36:54:40.75,42:20:17.49,53.960471,-9.58647,40084.0,157062.17634289636,92
287590737,287590737,westbound,A333,EINN,KBOS,36:55:00.00,42:06:51.94,53.690556,-11.886111,37948.0,197329.4,88
287588585,287588585,westbound,A333,EHAM,KJFK,36:56:08.23,42:34:01.58,55.813871,-7.909437,38343.0,194355.9155535146,91
287588102,287588102,westbound,A333,EKCH,KATL,36:56:10.39,42:25:57.21,59.928115,-8.815162,36982.0,192225.65768589376,82
287589192,287589192,westbound,A35K,EGLL,KJFK,36:56:21.16,42:17:11.25,54.031502,-9.526241,38757.0,255396.5602963574,89
287588167,287588167,westbound,A333,EKCH,KBOS,36:56:29.29,42:18:40.59,59.95583,-7.794637,36485.0,192461.34943350492,91
287588254,287588254,westbound,B77W,LFPG,KLAX,36:56:55.33,41:10:40.23,56.122474,-8.57057,35601.0,302622.527694496,53
287588871,287588871,westbound,B78X,EHAM,KSFO,36:57:40.02,40:58:12.83,57.645178,-8.594789,39222.0,222944.7252258548,51
287587604,287587604,westbound,A359,EDDM,KCLT,36:58:02.00,42:13:28.56,55.912844,-8.783709,39209.0,233126.89003901818,83
287588282,287588282,westbound,A346,EDDF,KBOS,36:58:52.89,42:18:16.64,55.609115,-7.638182,38781.0,280625.9176653006,93
287588322,287588322,westbound,B772,LFPG,CYUL,37:02:03.23,41:57:57.51,55.120927,-8.35564,38780.0,222138.90698198177,88
287585528,287585528,westbound,B764,LDDU,KEWR,37:02:07.05,42:38:00.81,44.603465,-11.059335,33793.0,177183.45890094392,83
287588733,287588733,westbound,B788,LEBL,KORD,37:03:54.69,42:21:11.45,44.004927,-11.641895,41485.0,180644.6460439516,86
287586000,287586000,westbound,B77W,LIRF,CYYZ,37:04:19.59,42:16:32.09,44.613606,-11.29026,39429.0,275964.14089579677,81
287588966,287588966,westbound,B789,EGLL,KPHL,37:04:29.41,42:14:27.53,53.969911,-10.449242,40779.0,197729.7043891255,92
287579652,287579652,eastbound,B744,KLAX,LIMC,37:04:55.56,41:56:49.04,54.649655,-57.562985,37789.0,302637.53850872134,57
287590306,287590306,westbound,B77W,LPPT,CYYZ,37:05:00.00,42:19:01.70,40.669444,-13.966944,39362.0,279541.2,93
287588886,287588886,westbound,B77W,LFPG,KJFK,37:05:14.96,42:27:30.56,54.868444,-8.433241,38430.0,273413.5012293074,90
287589166,287589166,westbound,B788,LFPG,KORD,37:06:29.67,41:51:46.40,53.741714,-8.518804,41589.0,179591.5109811695,82
287589174,287589174,westbound,A332,EHAM,TNCA,37:06:49.62,43:12:30.61,55.503375,-8.773611,38259.0,210676.0770557168,86
287588477,287588477,westbound,A343,LSZH,KTPA,37:09:16.24,43:23:39.87,45.853337,-6.003823,36451.0,224685.86544431504,86
287589508,287589508,westbound,B764,EGLL,KATL,37:09:17.39,42:43:40.34,54.719998,-8.820389,32034.0,181650.85603091013,93
287580376,287580376,eastbound,B77L,KLAX,EDDF,37:10:05.46,42:02:59.18,54.821053,-58.57113,40239.0,238023.22318114564,62
287588686,287588686,westbound,B748,EDDF,KIAD,37:10:33.02,42:18:14.80,55.844345,-7.752818,36837.0,379811.178270332,93
287585754,287585754,westbound,B772,EDDM,KIAH,37:10:47.52,42:30:17.56,55.756158,-7.743237,37644.0,242001.87139581057,69
287588017,287588017,westbound,A333,LSZH,KIAD,37:10:50.64,42:41:08.77,54.862184,-7.791117,38726.0,192071.5614258396,92
287589292,287589292,westbound,B772,EHAM,CYHZ,37:11:22.81,41:41:54.10,55.809443,-7.938914,39240.0,218492.10469918567,79
287589299,287589299,westbound,B77W,LFPG,KIAD,37:11:26.43,42:28:42.00,54.987067,-8.22886,35125.0,276955.881124238,94
287588076,287588076,eastbound,B772,KBOS,EGLL,37:12:18.93,41:26:49.36,49.393247,-53.430603,39637.0,215379.4703801143,74
287584986,287584986,westbound,B788,LGAV,KPHL,37:15:12.78,42:45:21.73,50.811254,-6.688729,41845.0,171974.63716159106,77
287587405,287587405,westbound,A333,LSZH,KBOS,37:15:42.29,42:46:14.03,54.883364,-8.185131,38752.0,191893.6849254626,92
287591673,287591673,westbound,B763,EINN,KJFK,37:16:00.00,42:39:12.83,53.849444,-11.843889,40194.0,155635.0,87
287588724,287588724,westbound,A333,LSGG,CYUL,37:16:45.86,42:32:18.69,54.617758,-8.159851,38694.0,192317.3161568009,89
287589605,287589605,westbound,B789,EGLL,KLAX,37:17:06.76,41:22:02.47,56.879328,-8.736248,38243.0,215027.00889269836,53
287589183,287589183,westbound,A333,EKCH,KORD,37:17:46.14,41:57:16.74,60.524461,-3.959858,36747.0,193322.83975477744,78
287590247,287590247,westbound,A333,LEMD,KBOS,37:17:56.18,42:50:16.41,43.009221,-11.49286,38300.0,195180.10472942542,95
287588628,287588628,westbound,B748,EDDF,KEWR,37:17:58.80,42:25:54.96,55.841053,-7.926877,37132.0,375890.02223234536,94
287588423,287588423,westbound,B772,EGKK,KTPA,37:20:18.27,42:41:24.61,53.737561,-11.98551,38292.0,235715.6916318753,87
287589569,287589569,westbound,A359,LFPG,CYYZ,37:22:08.87,42:25:27.46,54.732253,-7.781981,39612.0,226972.03294834323,89
287590886,287590886,westbound,A333,EGCC,CYYZ,37:22:21.34,42:39:47.81,54.570834,-8.198425,38052.0,196624.19406414332,89
287590023,287590023,westbound,B77W,EGLL,KJFK,37:22:57.76,42:41:19.74,53.919086,-9.616815,39761.0,273745.05997713923,89
287590010,287590010,westbound,A35K,EGLL,CYYZ,37:24:20.81,42:31:11.21,53.902289,-8.05549,38615.0,257052.7582673459,89
287591898,287591898,westbound,B752,EIDW,KEWR,37:25:00.00,42:50:23.60,54.0925,-9.747222,34405.0,96001.0,92
287592523,287592523,westbound,A333,EINN,KJFK,37:27:00.00,42:48:19.05,53.845556,-11.701667,37948.0,197329.4,87
287588540,287588540,westbound,B77W,LSZH,KORD,37:28:21.58,41:59:55.59,55.523892,-8.880609,38530.0,280628.66027892707,76
287588945,287588945,westbound,B77W,LSZH,KLAX,37:28:50.54,42:00:23.94,55.259299,-7.677393,34989.0,303244.2940022518,54
287588706,287588706,westbound,A333,EDDF,KMCO,37:29:04.25,43:20:20.92,55.73836,-8.623481,38639.0,192573.71120428966,83
287590456,287590456,westbound,A339,EHAM,KBOS,37:29:11.59,42:52:05.21,55.857352,-7.673987,39695.0,203143.20913520677,91
287591485,287591485,westbound,B763,EGPH,KJFK,37:31:01.87,42:55:07.57,56.36039,-8.478523,34139.0,156923.1812484273,92
287587796,287587796,westbound,B77W,LSZH,KMIA,37:31:22.61,43:03:09.96,54.605515,-8.458385,38273.0,288025.3001194625,83
287588952,287588952,westbound,B748,EDDF,MMMX,37:31:40.16,42:53:46.84,55.836203,-8.406037,35336.0,399516.04132493376,65
287584209,287584209,westbound,B78X,LGAV,KORD,37:32:20.12,42:08:32.62,55.287271,-8.467754,39874.0,214053.91939202097,61
287586716,287586716,westbound,A333,LIRF,CYUL,37:33:52.98,42:59:46.57,44.348759,-11.541647,39217.0,189835.84228991342,88
287590191,287590191,westbound,A35K,EGLL,KPHL,37:34:17.00,42:50:34.19,54.020622,-9.580249,38673.0,256553.0786575609,93
287590496,287590496,westbound,B789,LEMD,MMGL,37:34:58.33,43:01:40.16,43.217699,-12.154469,38955.0,218853.92938208213,68
287589236,287589236,westbound,B744,EDDF,CYYZ,37:35:09.39,42:32:11.67,55.781511,-7.553224,38190.0,297069.9891486775,89
287589382,287589382,westbound,B788,EKCH,KPHL,37:35:11.00,42:53:21.73,58.968412,-7.291139,41887.0,175309.10284844885,95
287585430,287585430,westbound,B772,LIRF,KDFW,37:35:16.05,42:31:08.27,52.841461,-13.609403,38104.0,237711.6611177338,61
287589666,287589666,westbound,B772,EGLL,KORD,37:35:53.49,41:59:14.95,56.483611,-8.692273,36436.0,230533.25531621708,77
287588475,287588475,westbound,B78X,EDDF,KORD,37:36:11.69,41:58:31.64,57.037064,-8.599682,38939.0,221482.72346823604,75
287591550,287591550,westbound,A332,LPPR,CYYZ,37:37:27.02,43:05:23.18,42.20329,-11.76344,39289.0,198875.3130595728,94
287589435,287589435,westbound,GLEX,EGGW,KLAX,37:37:41.71,41:42:36.38,57.051007,-8.86118,44052.0,38642.09978485685,53
287590840,287590840,westbound,A35K,EGLL,KJFK,37:37:44.29,43:01:44.70,53.865844,-8.882513,38730.0,255627.41812640263,90
287590305,287590305,westbound,A333,EGKK,CYUL,37:38:00.29,42:50:47.25,53.757106,-8.941838,38256.0,195275.21067830868,89
287590682,287590682,westbound,A333,LEMD,CYUL,37:39:08.14,43:07:42.23,43.154788,-11.441843,38303.0,195167.48259254885,92
287589688,287589688,westbound,A343,EDDF,KLAX,37:39:14.52,42:04:23.91,56.501123,-7.859921,35498.0,235366.08306235907,51
287589949,287589949,westbound,A333,LIMC,KJFK,37:39:51.37,43:32:54.28,45.686402,-6.696485,38687.0,193041.53525773864,97
287590367,287590367,westbound,B763,EHAM,KIAH,37:40:34.00,43:23:03.29,55.942182,-8.009332,34762.0,169803.96282106946,76
287589312,287589312,westbound,B772,LFPG,KATL,37:40:38.29,42:56:41.84,55.411632,-9.112609,34475.0,233370.3989658411,88
287585362,287585362,westbound,A339,LGAV,KBOS,37:41:05.46,43:09:16.24,44.013972,-12.066871,39913.0,206801.06209000607,78
287584645,287584645,westbound,B772,LFPG,CYHZ,37:41:23.50,42:12:52.98,54.669405,-8.115473,39567.0,217590.4291831668,79
287592083,287592083,westbound,B752,EGPH,KEWR,37:42:06.80,43:08:09.76,55.708135,-8.420087,33063.0,95969.16542814094,87
287589369,287589369,westbound,B764,LFMN,KJFK,37:42:19.15,43:14:25.57,44.573309,-11.532272,33775.0,175648.7080751617,91
287589606,287589606,westbound,B789,EGKK,KJFK,37:42:19.74,42:54:08.43,53.71246,-11.303628,40893.0,196148.1351231056,87
287589766,287589766,westbound,A359,LFPG,KORD,37:42:21.03,42:14:07.52,55.797333,-7.686271,39240.0,231152.29975981792,79
287591860,287591860,westbound,A333,EIDW,KMCO,37:43:00.00,43:27:15.03,54.189444,-9.448333,37948.0,197329.4,97
287590118,287590118,westbound,B772,EGKK,MMUN,37:43:58.82,42:59:05.12,53.817729,-12.498699,37791.0,242810.21950948177,77
287591775,287591775,westbound,A35K,EGCC,KJFK,37:44:32.75,43:12:57.05,54.406557,-7.795468,38695.0,255386.42392681655,91
287590615,287590615,westbound,B77W,EGLL,KMIA,37:46:05.49,43:08:52.88,53.799125,-11.520311,38782.0,287850.2942609822,91
287589969,287589969,westbound,A333,EKCH,KJFK,37:47:03.90,43:24:36.12,59.444515,-7.318772,38453.0,192765.53237800713,92
287588100,287588100,westbound,B77L,LSZH,CYYZ,37:48:18.68,42:45:41.21,54.1473,-8.684513,42106.0,244366.64209156495,88
287588953,287588953,eastbound,B77W,KJFK,EGLL,37:49:06.48,42:00:57.41,50.151822,-53.526923,40306.0,264169.92480688787,73
287589338,287589338,westbound,A332,LEBL,KLAX,37:51:03.91,43:17:00.45,44.019587,-11.25275,38514.0,209710.95563330041,60
287590951,287590951,westbound,A333,EGLL,KMCO,37:52:03.25,43:34:13.48,53.925537,-10.069586,38266.0,195210.0745703813,91
287589449,287589449,westbound,A333,EDDF,CYYZ,37:52:25.45,43:05:29.98,55.863918,-7.987116,38621.0,192717.96305597216,89
287590618,287590618,westbound,B772,EGLL,KIAH,37:52:58.17,43:12:40.37,54.123439,-8.359713,35268.0,243020.9152591746,78
287590523,287590523,westbound,B77W,LFPG,MMUN,37:53:34.93,43:23:14.66,55.200093,-8.69437,34086.0,294708.04137101694,76
287589815,287589815,eastbound,B744,KPSM,LBSF,37:54:16.90,42:32:34.37,49.397487,-53.117476,37875.0,305795.4940887589,75
287590803,287590803,westbound,A359,LFPG,MROC,37:54:24.22,43:37:46.56,54.566733,-8.245882,37836.0,246870.27594769635,74
287588501,287588501,westbound,A333,LSZH,KJFK,37:57:44.66,43:33:28.33,55.430997,-7.675557,38742.0,191956.7509537041,92
287590142,287590142,westbound,A359,LFPG,MPTO,37:58:34.45,43:24:55.45,53.726078,-12.379979,38146.0,244143.59685519806,69
287589950,287589950,westbound,B789,EDDF,CYUL,37:59:13.74,42:57:25.60,56.372515,-8.135935,40966.0,193797.6477411593,89
287589496,287589496,westbound,B789,LFMN,KPHL,38:01:03.89,43:23:43.53,44.700277,-11.594425,40762.0,196574.7081636303,94
287590502,287590502,westbound,A35K,EGLL,KDEN,38:02:40.73,42:14:00.26,56.928807,-8.963498,36854.0,269648.0019650309,72
287589996,287589996,westbound,A333,LFLL,CYUL,38:02:49.44,43:17:49.51,54.488271,-8.162183,38699.0,192358.98327164247,89
287591038,287591038,westbound,B789,LFPG,CYYZ,38:04:33.33,43:05:36.88,54.420744,-7.883826,40717.0,197773.3291644634,89
287587572,287587572,westbound,A332,LIPZ,CYUL,38:04:39.42,43:17:11.20,55.405382,-8.285339,39725.0,197002.92967527526,88
287590968,287590968,westbound,A333,LEBL,CYUL,38:04:53.00,43:27:15.09,43.848626,-11.680232,38625.0,193226.72549654593,92
287592821,287592821,westbound,B788,EIDW,KORD,38:06:00.00,42:43:51.18,54.293333,-9.360556,41626.0,181668.6,81
287589613,287589613,westbound,B789,LIRF,KJFK,38:06:01.11,43:36:49.86,44.853782,-8.724239,40761.0,196100.9925399924,91
287590617,287590617,westbound,A339,EHAM,KSEA,38:06:31.54,42:13:46.05,57.694594,-8.810818,38330.0,216924.59751304117,59
287590348,287590348,eastbound,G280,KPWM,BIRK,38:07:01.44,40:49:38.76,54.415395,-57.783161,43631.0,10913.930873492049,48
287588543,287588543,westbound,A333,LSZH,KJFK,38:07:03.67,43:43:54.07,55.019196,-8.319266,38757.0,191870.07988150496,89
287591426,287591426,westbound,B77L,EKCH,KORD,38:07:26.52,42:35:22.68,60.668833,-3.862478,36694.0,249561.2829696097,79
287590646,287590646,westbound,B764,LFPG,KJFK,38:08:55.47,43:32:55.54,55.386536,-8.889769,32694.0,174249.97344119524,92
287591677,287591677,westbound,B772,EGLL,KJFK,38:09:30.70,43:28:14.66,53.83371,-9.616836,39025.0,225759.09634207256,89
287591273,287591273,westbound,B77L,EBLG,KMEM,38:11:35.54,43:19:56.72,54.687779,-8.854542,41286.0,255256.18976184243,80
287592887,287592887,westbound,A333,EIDW,KBDL,38:12:00.00,43:36:32.37,54.048889,-9.527778,37948.0,197329.4,89
287585525,287585525,westbound,B77W,LGAV,CYYZ,38:12:48.61,42:57:54.30,55.752917,-8.277084,38701.0,274511.3898067875,67
287591467,287591467,westbound,B789,EGLL,CYOW,38:14:18.44,43:19:05.69,54.969151,-7.709156,40847.0,196468.6655286664,91
287587994,287587994,westbound,A339,LIRF,KBOS,38:14:37.25,43:17:41.23,53.364206,-13.369693,39932.0,203480.9598836832,85
287588576,287588576,westbound,B772,LIPZ,KDFW,38:14:49.55,43:30:44.95,55.369094,-7.684908,37866.0,240609.3173822126,65
287589443,287589443,westbound,GLEX,LIMJ,KTEB,38:15:37.53,43:13:49.26,53.826165,-11.936623,46684.0,31960.168150651858,87
287590347,287590347,eastbound,GLEX,KHPN,EGGW,38:15:46.20,42:30:24.24,49.844858,-53.706924,47437.0,30149.032186253513,75
287592641,287592641,westbound,A333,EGCC,KJFK,38:16:41.37,43:53:22.61,54.627871,-8.386207,38083.0,196417.85005135907,90
287590226,287590226,westbound,A359,EDDF,KDEN,38:16:47.00,42:28:36.43,57.133012,-8.669281,38565.0,239342.15198554142,61
287589652,287589652,eastbound,B789,KJFK,EGLL,38:18:35.60,42:27:34.37,49.948284,-53.304454,41374.0,186868.7609996459,75
287591126,287591126,westbound,A333,EHAM,CYYZ,38:19:43.28,43:27:21.72,56.166203,-8.944021,38421.0,194007.67379326935,87
287591420,287591420,westbound,A332,EGKK,CYYZ,38:20:18.64,43:24:43.88,55.321908,-8.77676,39472.0,197395.3506704892,87
287587663,287587663,westbound,B789,LIRF,KPHL,38:21:23.63,43:19:37.26,53.274543,-13.827491,40912.0,191878.6808836533,81
287590950,287590950,westbound,A333,LFPG,CYQB,38:22:12.56,43:29:08.48,55.126047,-7.979496,38450.0,193910.748639699,76
287591227,287591227,westbound,B772,EGKK,KMCO,38:22:56.45,43:41:38.11,53.767651,-11.717225,38350.0,234953.43524460876,89
287593264,287593264,westbound,B763,EIDW,KBOS,38:24:00.00,43:48:23.06,54.144722,-9.441667,40273.0,154828.9,91
287592397,287592397,westbound,A339,EGLL,KTPA,38:24:48.54,44:03:23.88,53.943366,-11.050769,38735.0,213386.60219398016,89
287587354,287587354,westbound,A332,LYBE,KORD,38:25:03.34,43:24:54.22,55.679175,-8.847875,39195.0,204643.99283841284,71
287589862,287589862,westbound,B763,LIPZ,KJFK,38:25:10.65,43:54:29.53,55.275269,-7.791078,38762.0,158612.24102047778,92
287589204,287589204,westbound,B788,EPRZ,KEWR,38:25:29.24,43:26:53.84,58.072845,-8.984504,41969.0,171539.5496939646,82
287593438,287593438,westbound,A333,EIDW,KMSP,38:27:00.00,43:02:06.40,54.36,-9.350833,37948.0,197329.4,77
287591708,287591708,westbound,A333,EHAM,KBOS,38:27:11.83,43:52:27.24,55.925913,-7.703271,38379.0,194350.37794487295,91
287591940,287591940,westbound,A332,EHAM,CYUL,38:27:39.79,43:31:12.46,56.088789,-7.895115,39779.0,195211.71518977516,88
287591601,287591601,westbound,B763,EGLL,KORD,38:31:00.63,43:09:44.48,56.40847,-8.874531,34790.0,160824.66298085,78
287592120,287592120,westbound,B789,EHAM,MMMX,38:33:13.20,44:03:37.65,55.655151,-7.742445,38974.0,217059.89115746203,68
287593041,287593041,westbound,A333,EGCC,CYYZ,38:33:15.50,43:52:28.74,54.440044,-7.744301,38052.0,196629.41056218735,90
287591150,287591150,westbound,B789,LFPG,MMMX,38:34:15.68,44:02:20.77,54.71582,-8.874684,39126.0,215901.27952858244,67
287588510,287588510,eastbound,B763,KCVG,EBBR,38:34:59.36,43:26:55.54,53.835803,-57.259621,39562.0,154855.6822861472,85
287590395,287590395,westbound,B77W,EBBR,CYUL,38:35:30.35,43:31:46.93,55.861356,-8.723719,34397.0,270397.7762934877,87
287591328,287591328,westbound,B789,EGKK,KMCO,38:36:43.58,43:51:13.55,53.45945,-12.642301,40209.0,203834.2703885247,87
287591790,287591790,westbound,B789,LEBL,KORD,38:38:21.01,43:52:52.31,44.063697,-11.508895,40088.0,202734.11510968127,87
287589591,287589591,westbound,A359,LSZH,KLAS,38:38:51.40,43:04:51.03,55.605815,-8.644564,38016.0,246118.99326038695,58
287590969,287590969,westbound,A359,LFPO,KLAX,38:41:24.84,42:57:19.09,56.275315,-8.597829,37802.0,247445.4137056396,53
287589931,287589931,westbound,A343,LSZH,KDEN,38:44:29.87,43:24:08.31,55.830528,-8.156675,35596.0,226330.83421280046,63
287591709,287591709,westbound,B789,EDDF,SKBO,38:44:52.07,44:22:11.01,50.513136,-6.967127,39279.0,214232.10560091856,72
287590839,287590839,westbound,B788,LIMC,KPHL,38:44:59.35,43:55:41.96,53.934355,-10.310304,41978.0,173329.4334237967,91
287593789,287593789,westbound,B752,EIDW,KIAD,38:45:00.00,44:10:28.96,54.302222,-9.3875,33942.0,97411.7,92
287591840,287591840,westbound,B77W,EGLL,KSFO,38:45:45.26,42:50:11.79,56.612482,-8.736316,34932.0,300518.00964751194,55
287590509,287590509,westbound,A35K,EGLL,KLAX,38:46:39.20,42:55:58.99,56.586714,-7.969116,36299.0,279704.4264382177,53
287590464,287590464,westbound,A343,EDDF,KPHL,38:47:55.92,44:23:52.16,55.910016,-7.847967,37731.0,212610.4587988412,95
287591802,287591802,westbound,B772,EGKK,MKJP,38:49:36.50,44:07:01.31,53.950064,-13.216853,38105.0,238299.07969051736,82
287588936,287588936,westbound,B744,LBSF,KTCM,38:49:42.69,42:46:42.75,60.571424,-7.369512,36611.0,318712.4647419108,48
287591846,287591846,westbound,A339,EDDF,KMIA,38:50:25.37,44:39:47.28,55.581402,-8.435707,38627.0,215383.64200784016,85
287590756,287590756,eastbound,A333,KJFK,EGLL,38:50:30.15,43:17:40.38,51.164628,-54.751159,38958.0,190129.55027913122,77
287592319,287592319,westbound,B789,EGLL,KIAD,38:51:17.00,43:59:10.05,53.869776,-9.773598,40649.0,199375.81391355282,91
287592768,287592768,westbound,B763,LFPG,KEWR,38:51:43.56,44:21:30.49,54.935277,-8.358024,38939.0,157217.12744458002,93
287590223,287590223,eastbound,B763,KEWR,EGLL,38:53:54.06,43:13:42.49,50.169304,-53.610393,40789.0,151852.13915050932,74
287592199,287592199,westbound,A388,EGLL,KLAX,38:53:56.47,42:57:00.90,56.904211,-8.803686,36131.0,493311.2762359897,53
287589334,287589334,westbound,B763,LIRN,KEWR,38:54:25.72,44:27:26.72,44.349724,-11.08874,39605.0,159456.80890216414,85
1500405195,1500405195,westbound,B789,EGLL,KORD,38:56:53.58,43:35:27.77,54.380295,-8.500478,40386.0,202293.84918056856,81
287588897,287588897,westbound,B788,LIRF,KORD,38:58:13.32,43:37:21.54,54.081768,-8.63161,41576.0,176238.39964730412,71
287592984,287592984,westbound,B77W,LFPG,CYUL,38:59:12.30,43:58:27.56,55.570561,-8.431896,34202.0,270173.6957884841,89
287592834,287592834,westbound,B772,EGLL,KLAX,39:00:21.17,43:11:17.75,56.452785,-8.125579,35492.0,249496.4716416219,54
287590376,287590376,westbound,A359,LIRF,KATL,39:00:31.10,44:26:04.52,44.392231,-11.604429,39096.0,236773.2496415355,77
287591055,287591055,westbound,A333,LFMN,CYUL,39:01:11.63,44:26:49.78,44.847189,-10.554469,38831.0,192137.3487683485,90
287592714,287592714,westbound,A388,EGLL,KBOS,39:02:36.59,44:09:12.56,53.963861,-9.547926,39533.0,443586.1226654888,91
287594180,287594180,westbound,A332,EIDW,KDEN,39:06:03.15,43:29:51.10,55.357661,-9.173469,33465.0,208047.04099150075,71
287593241,287593241,westbound,B77W,EGLL,KJFK,39:07:06.43,44:26:11.90,53.924883,-9.649724,39763.0,273726.68864509737,89
287594957,287594957,eastbound,A333,BIKF,LPPT,39:08:00.00,42:16:22.63,61.678333,-18.706667,39102.0,186449.9,55
287592675,287592675,westbound,B789,LFPG,KMSP,39:08:33.79,43:26:47.91,56.236742,-9.150233,40390.0,200706.17042288714,74
287591755,287591755,westbound,A339,EDDF,CYYZ,39:09:58.42,43:55:52.31,57.01437,-8.22034,39469.0,206258.4914287751,82
287595426,287595426,westbound,A333,BIKF,KBWI,39:11:00.00,43:33:56.17,62.897222,-26.360556,38078.0,196102.2,75
287592544,287592544,westbound,A359,LFPG,KLAX,39:11:20.48,43:26:27.97,56.403927,-8.882543,37806.0,247389.28349925042,53
287594992,287594992,westbound,A333,EIDW,KIND,39:12:00.00,44:30:43.63,54.562778,-9.151389,37948.0,197329.4,89
287593052,287593052,westbound,B789,EGLL,KDEN,39:12:31.66,43:21:26.37,56.961756,-9.003893,39894.0,207463.58892521376,63
287593281,287593281,westbound,A359,LFPG,MMMX,39:12:52.19,44:46:34.53,54.719708,-8.16333,37660.0,248788.05994118925,68
287593293,287593293,westbound,B737,LFPG,LFVP,39:12:59.46,43:24:58.14,54.719606,-7.744902,39299.0,61907.61145650133,66
287595571,287595571,eastbound,E550,CYYT,EGCC,39:13:00.00,43:12:29.63,49.0,-50.0,43456.0,15301.9,68
287593391,287593391,westbound,B772,EHAM,KJFK,39:13:56.32,44:36:56.10,55.835718,-7.956734,38782.0,225705.87519436437,91
287590221,287590221,westbound,B763,LIRF,KEWR,39:16:20.47,44:55:48.77,44.410112,-11.087736,39626.0,158986.5160164633,89
287593009,287593009,westbound,B77W,EGLL,KIAH,39:18:47.73,44:31:51.40,53.956387,-11.487393,38379.0,293710.7059952469,77
287595659,287595659,westbound,A333,EIDW,KIAD,39:20:00.00,44:42:51.91,54.043056,-9.498333,37948.0,197329.4,92
287595621,287595621,eastbound,A333,BIKF,LEAL,39:21:00.00,42:23:03.89,62.238055,-19.743333,38920.0,188164.9,51
287593914,287593914,westbound,A339,EGLL,KATL,39:21:07.43,44:47:32.54,55.2725,-8.718537,38885.0,211584.63870431317,90
287589268,287589268,westbound,GLEX,LFMN,KDAL,39:21:34.69,44:03:07.07,53.695647,-13.082411,45072.0,35678.235635528195,62
287592725,287592725,westbound,B764,LFPG,KATL,39:22:06.49,44:50:06.72,55.424389,-8.571693,31849.0,181795.26606141933,87
287593598,287593598,westbound,B772,EGKK,KJFK,39:22:43.79,44:32:00.16,53.82373,-11.834693,39146.0,223775.46083268969,86
287591999,287591999,westbound,B788,LIMC,KORD,39:24:09.79,44:04:49.80,54.253988,-8.591701,41572.0,177868.0229949657,77
287590318,287590318,westbound,B763,LIRF,KJFK,39:25:02.38,45:06:58.84,44.444529,-11.210748,39643.0,158811.18804019096,90
287594580,287594580,westbound,B788,LEMD,KORD,39:25:23.16,44:39:42.23,43.733715,-11.718136,41438.0,182179.09238530803,93
287591302,287591302,westbound,B788,EPWA,CYYZ,39:27:24.16,43:56:39.63,60.48971,-8.819934,41977.0,171547.96520535115,76
287593899,287593899,westbound,B744,EBLG,KIAH,39:27:39.37,44:37:56.04,55.705817,-8.293293,33802.0,319638.8110376745,73
287593122,287593122,westbound,A333,EDDF,CYHZ,39:28:53.52,44:09:58.72,55.853996,-8.344733,38634.0,192638.96185225062,79
287595487,287595487,westbound,A333,EIDW,KLAX,39:30:00.00,43:55:08.87,54.947778,-8.574167,37940.0,197329.4,57
287591936,287591936,westbound,A388,EDDM,KBOS,39:31:05.59,44:40:32.87,56.065298,-8.251176,39507.0,452934.87167495245,92
287590394,287590394,westbound,B789,LIRF,CYYZ,39:31:50.81,44:27:30.94,54.134384,-9.491922,40769.0,194101.52194992456,80
287595452,287595452,westbound,A333,EIDW,KCLE,39:33:00.00,44:52:26.74,54.55,-9.133333,37948.0,197329.4,89
287591214,287591214,westbound,B788,LIRN,KORD,39:33:49.88,44:09:17.59,54.377003,-8.992076,41553.0,176109.533596805,69
287594117,287594117,westbound,B772,LFPG,KDTW,39:34:40.30,44:40:26.81,53.738493,-9.690094,38779.0,228861.09811098085,88
287592986,287592986,westbound,B748,ELLX,KJFK,39:36:35.42,44:53:29.28,55.530892,-7.907641,34574.0,374508.18986577075,90
287594211,287594211,westbound,B788,LFPG,KPHL,39:38:52.79,44:55:51.44,54.096116,-8.837452,41958.0,175675.24282725411,94
287591688,287591688,westbound,A339,LIRF,KJFK,39:39:12.95,45:15:04.35,44.619928,-11.288688,39615.0,206968.93962785022,89
287593721,287593721,westbound,A339,EDDF,MDPC,39:42:16.15,45:38:54.19,50.538627,-6.868312,38734.0,214520.3552138433,87
287593672,287593672,westbound,B77L,EDDF,KATL,39:42:47.07,45:05:18.41,55.999393,-8.335493,41542.0,253041.2905723127,86
287588912,287588912,westbound,A332,LGAV,CYYZ,39:44:15.10,44:53:56.00,54.7903,-8.120389,39725.0,201670.92681794238,70
287596649,287596649,westbound,A333,BIKF,KBOS,39:46:00.00,44:03:25.75,63.584722,-27.044722,38463.0,192471.1,73
287596381,287596381,westbound,A333,EIDW,KPHL,39:48:00.00,45:17:08.73,54.048889,-9.527778,37948.0,197329.4,93
287594678,287594678,westbound,A359,LFPG,KIAD,39:48:14.24,45:10:02.97,54.362624,-7.790715,39492.0,228314.43387630745,95
287593468,287593468,westbound,A359,EDDM,KEWR,39:49:29.37,45:02:44.61,55.961345,-8.331691,39689.0,227565.81369285076,93
287596395,287596395,westbound,B772,GCTS,BIKF,39:52:29.23,43:44:39.68,33.64594,-16.660112,39864.0,214014.6690013351,70
287594205,287594205,westbound,B789,EGLL,MMMX,39:54:25.95,45:11:15.20,53.989744,-11.210624,39154.0,216308.11589647862,68
287589877,287589877,westbound,A332,LIRF,CYYZ,39:56:28.15,45:22:55.14,44.768877,-10.566989,39530.0,201369.12956300218,84
287594971,287594971,westbound,B77W,EGLL,CYYZ,39:56:32.43,44:53:46.41,55.774779,-8.691327,33544.0,274537.14142568805,88
287592922,287592922,westbound,A359,EDDM,KORD,39:57:27.20,44:18:24.59,57.534668,-8.896488,39309.0,232187.37855212353,71
287594573,287594573,westbound,B788,EGLL,KSAN,39:58:48.08,44:04:33.60,56.766675,-8.565524,40353.0,192844.271837069,53
287591242,287591242,westbound,F900,LFMN,KBGR,39:58:54.07,45:24:51.64,44.846412,-10.651746,38186.0,13659.966371066892,81
287595280,287595280,westbound,B763,EGLL,KEWR,39:59:08.53,45:26:27.48,53.974941,-9.492094,40055.0,157278.53783966458,92
287593884,287593884,westbound,A333,EFHK,KJFK,39:59:16.34,46:02:12.02,61.31581,2.343899,38494.0,193003.58461920064,103
287592838,287592838,eastbound,B772,KJFK,EGLL,39:59:20.24,44:09:54.50,51.05698,-54.484094,39605.0,215003.8315925115,76
287592044,287592044,westbound,A333,LKPR,CYYZ,40:00:34.40,44:40:45.40,60.216125,-8.499752,38812.0,190349.32286662402,78
287594589,287594589,westbound,A359,LFPG,KMIA,40:02:42.41,45:19:57.92,53.656116,-12.626514,38950.0,235241.9240885055,84
287596625,287596625,westbound,A333,EIDW,KJFK,40:03:00.00,45:32:39.23,54.138889,-9.981389,37948.0,197329.4,89
287593110,287593110,westbound,A359,EDDM,CYYZ,40:04:40.22,45:00:14.32,56.385281,-8.621636,39640.0,228236.86001759753,86
287593685,287593685,westbound,A333,DAAG,CYUL,40:05:38.38,45:28:15.37,43.6906,-11.718467,38817.0,191841.26449527292,93
287594710,287594710,westbound,B789,EGLL,MKJS,40:07:43.78,45:23:04.91,53.898939,-13.464259,39921.0,207118.71876902462,80
287596820,287596820,westbound,A333,EIDW,KORD,40:08:00.00,44:49:09.68,54.362778,-9.336111,37948.0,197329.4,78
287594875,287594875,westbound,B77W,LFPG,CYUL,40:10:28.02,45:04:56.97,55.70913,-8.542638,33980.0,270119.839109882,87
287597230,287597230,westbound,A333,BIKF,KSWF,40:12:00.00,44:24:48.20,63.584722,-27.044722,38308.0,193936.5,71
287595284,287595284,westbound,B772,EGLL,KBNA,40:12:32.00,45:28:20.66,55.801523,-8.626152,33256.0,233583.80592314692,88
287592519,287592519,eastbound,B77L,KCVG,EGNX,40:13:16.27,44:19:00.75,54.308156,-57.832315,39525.0,232508.2314949613,78
287594422,287594422,westbound,B78X,EGLL,KORD,40:16:08.80,44:40:54.12,56.419042,-8.924963,33756.0,223860.61684305413,78
287595721,287595721,westbound,B772,LFPG,KATL,40:17:13.24,45:41:37.99,54.879665,-9.035597,38404.0,233891.34778334014,89
287595178,287595178,westbound,B772,EGLL,KDFW,40:17:16.58,45:33:31.17,54.078362,-9.163945,37890.0,241612.05828338725,77
287596703,287596703,westbound,A333,EIDW,KBOS,40:18:00.00,45:41:09.18,54.232778,-9.504167,37948.0,197329.4,91
287595123,287595123,westbound,B789,EGLL,KMIA,40:18:14.45,45:38:19.64,53.854138,-11.72869,40091.0,205493.28886676754,89
287595061,287595061,westbound,B772,EHAM,KLAS,40:19:02.67,44:20:10.94,58.531485,-8.500592,36402.0,245303.79068378688,53
287591031,287591031,westbound,A333,LIRF,KMSP,40:20:41.89,44:59:21.90,55.806743,-8.402527,39215.0,188867.29965407882,65
287595889,287595889,westbound,B78X,EHAM,KJFK,40:22:37.09,45:42:07.89,56.289478,-8.739344,34381.0,223049.0550289624,90
287591952,287591952,westbound,B763,LIRF,KIAD,40:22:57.90,45:31:24.02,52.843401,-13.523247,40134.0,159292.33053997773,78
287594015,287594015,westbound,B772,EDDF,KIAH,40:23:03.78,45:39:34.55,56.348072,-8.770793,35574.0,242105.1209912767,72
287596208,287596208,westbound,A333,LEMD,KBOS,40:26:43.47,45:54:51.12,43.798955,-11.836619,38334.0,194943.834266593,94
287595190,287595190,westbound,B764,LFPG,KIAD,40:27:03.95,45:51:32.97,55.691096,-9.130954,31738.0,176178.2961767741,92
287596952,287596952,westbound,A332,EIDW,KSEA,40:28:53.46,44:45:17.19,55.194204,-9.374896,33829.0,209599.46452674526,69
287597878,287597878,westbound,B772,BIKF,KORD,40:31:00.00,43:31:05.96,63.916667,-27.160278,39266.0,223017.8,53
287596063,287596063,westbound,A359,LFPG,KMCO,40:33:21.54,46:06:58.40,54.497467,-8.790061,38900.0,235111.51232660626,87
287596023,287596023,westbound,B77W,EHAM,KATL,40:34:10.57,46:02:34.39,56.144643,-8.207297,34194.0,285243.5077609865,89
287594639,287594639,westbound,A388,EDDM,KIAD,40:36:40.56,45:45:09.97,56.23978,-8.872076,39121.0,462300.1029909335,89
287591049,287591049,westbound,B772,LGAV,KJFK,40:37:02.24,45:58:29.29,44.579942,-12.227862,38952.0,222712.82678858913,75
287595836,287595836,westbound,B77W,EGLL,KJFK,40:39:07.61,45:47:11.65,55.884912,-9.011356,33412.0,272668.46968196373,92
287594990,287594990,westbound,A359,EDDM,CYUL,40:40:03.92,45:39:10.72,56.569051,-7.806415,39912.0,225061.74069926824,88
287595467,287595467,westbound,B789,EGLL,KAUS,40:40:28.37,45:49:32.87,54.106994,-11.113395,39675.0,210321.82527298166,75
287596470,287596470,westbound,B772,EGLL,KIAD,40:43:12.79,45:53:06.61,54.050263,-9.503089,38854.0,228072.8742816893,91
287595661,287595661,westbound,B772,EGLL,KATL,40:43:24.84,46:05:49.41,53.911124,-8.89959,38351.0,235195.44631464267,95
287595535,287595535,westbound,A339,EGLL,KJFK,40:44:03.57,46:06:52.10,55.268445,-8.401546,39587.0,203968.2736120216,92
287594831,287594831,westbound,A359,EDDM,MMMX,40:44:57.78,46:10:02.30,56.158961,-8.477451,37752.0,249596.14747333908,62
287596367,287596367,westbound,A359,LFPG,KSFO,40:46:26.10,44:58:29.55,56.188548,-8.552781,37887.0,246539.7766872223,53
287595331,287595331,westbound,B772,LFPG,KJFK,40:49:03.84,45:56:11.62,53.864594,-12.125258,39160.0,223350.23673404378,85
287590545,287590545,westbound,A333,LGAV,KJFK,40:49:03.91,45:53:10.21,53.423555,-14.046761,40105.0,183606.2632362566,70
287596095,287596095,westbound,B77W,EGLL,KDFW,40:49:45.58,46:04:41.11,54.263277,-9.107209,36877.0,293963.79463893233,78
287594467,287594467,westbound,A388,LIMC,KJFK,40:51:30.42,46:06:56.46,54.410465,-7.781808,39331.0,456703.25092736195,93
287597374,287597374,eastbound,B772,CYHZ,EGLL,40:52:43.80,45:04:53.16,48.23319,-52.494423,39687.0,215925.78496900946,73
287596156,287596156,westbound,B788,EGLL,KCVG,40:53:37.65,46:01:24.51,53.862393,-9.978394,41621.0,180250.2727623206,90
287592018,287592018,eastbound,GLEX,KLIT,EGLF,40:55:26.26,45:14:40.86,52.357193,-56.069504,47045.0,29312.9358493184,72
287598519,287598519,westbound,B772,BIKF,KMSP,40:57:00.00,43:45:46.87,63.916667,-27.160278,39266.0,223018.9,50
287596616,287596616,westbound,B77W,LFPG,KJFK,40:57:13.70,46:22:29.17,54.589009,-7.860188,39622.0,274236.86430608307,91
287595504,287595504,westbound,B772,EGLL,TXKF,40:57:33.02,46:17:10.35,53.913855,-12.754521,39162.0,223535.18601667424,94
287592674,287592674,westbound,B77W,LIRF,CYUL,40:58:06.63,46:22:31.73,44.747277,-8.854433,39468.0,274079.46609129454,92
287595430,287595430,westbound,A333,EDDF,CYYZ,40:58:51.31,46:11:31.58,56.162648,-7.919587,38629.0,192687.94515396957,89
287598714,287598714,westbound,B772,BIKF,KIAD,41:00:00.00,45:15:11.99,62.897222,-26.360556,39392.0,221221.3,75
287596401,287596401,westbound,B78X,EGLL,KEWR,41:01:43.99,46:11:47.52,53.906636,-9.606279,39511.0,224496.66337337065,92
287596564,287596564,westbound,B78X,EGLL,KPIT,41:02:00.81,46:13:34.14,54.095731,-9.17149,39485.0,224670.80447164044,91
287595655,287595655,westbound,B763,EDDF,KEWR,41:03:54.60,46:33:31.43,56.244096,-7.996794,35114.0,158120.56616469618,94
287596779,287596779,westbound,B772,EHAM,CYYZ,41:04:39.91,46:02:09.59,56.338785,-8.834422,34363.0,226232.76982174537,87
287597023,287597023,westbound,B77W,EGLL,KLAX,41:05:56.36,45:16:27.16,56.464173,-8.232191,33303.0,302087.86450050527,54
287596772,287596772,westbound,B772,EGLL,KBWI,41:06:29.41,46:22:13.73,53.935917,-9.034426,38866.0,228026.44100581502,93
287598802,287598802,westbound,B772,BIKF,KDTW,41:07:00.00,44:07:33.76,63.916667,-27.160278,39400.0,221133.8,53
287598520,287598520,westbound,B772,BIKF,KRDU,41:08:00.00,45:24:27.58,62.897222,-26.360556,39200.0,223934.1,76
287595059,287595059,westbound,B789,LOWW,KJFK,41:09:13.90,46:33:27.63,56.742893,-7.750869,40767.0,194441.50039619493,91
287596889,287596889,westbound,A35K,EGLL,KJFK,41:09:23.04,46:32:28.87,53.922084,-8.954177,38733.0,255645.43626359207,90
287598882,287598882,westbound,B772,BIKF,KBWI,41:10:00.00,45:22:21.25,63.584722,-27.044722,39429.0,220766.3,74
287595371,287595371,westbound,A333,LIMC,CYUL,41:11:15.39,46:28:19.16,55.552572,-7.679137,38834.0,191405.88122855726,89
287596278,287596278,westbound,B77L,EBBR,KORD,41:11:16.41,45:40:29.39,56.374853,-8.083446,41812.0,249190.14791700692,78
287597159,287597159,westbound,B772,EGLL,KCLT,41:12:05.54,46:37:18.58,55.16871,-7.662581,38540.0,232387.58297375307,96
287598969,287598969,westbound,B763,BIKF,KJFK,41:14:00.00,45:35:14.07,63.916666,-27.160278,40710.0,151285.8,73
287595640,287595640,westbound,B772,EDDF,KIAD,41:15:05.17,46:27:57.23,56.221308,-8.291829,38766.0,228366.40762825025,93
287592303,287592303,westbound,B788,LGAV,CYYZ,41:18:37.52,46:04:19.55,56.393777,-7.845483,41937.0,168913.48351234556,67
287599230,287599230,westbound,B772,BIKF,KBNA,41:19:00.00,44:24:36.66,64.067222,-27.183611,38999.0,226687.2,54
287594958,287594958,westbound,B788,EPWA,KJFK,41:19:54.95,46:30:00.19,58.094896,-8.316445,41953.0,172157.0687819644,89
287599246,287599246,westbound,B763,BIKF,KBOS,41:20:00.00,45:38:28.77,63.584722,-27.044722,40901.0,149673.2,72
287598529,287598529,westbound,A333,LPPT,CYYZ,41:20:47.17,46:46:50.83,40.603731,-13.527778,38093.0,196455.24074702282,93
287597951,287597951,westbound,A359,LEMD,MMMX,41:21:19.80,46:50:48.53,43.724012,-11.846938,37647.0,248758.23240516562,70
287592469,287592469,westbound,B789,LGAV,CYUL,41:21:42.43,46:52:15.29,45.246342,-7.000542,40880.0,192525.23866899888,81
287596523,287596523,westbound,A343,EDDF,KJFK,41:23:52.60,47:03:29.83,56.095999,-7.637171,37863.0,211446.09091643835,91
287599147,287599147,westbound,A333,LPPR,KBOS,41:24:22.49,46:57:15.20,42.212941,-11.952912,37983.0,197115.6452124484,95
287599153,287599153,westbound,B772,BIKF,CYYZ,41:25:00.00,44:45:25.35,63.916667,-27.160278,39577.0,218715.8,59
287597650,287597650,westbound,B772,EGLL,CYYZ,41:27:00.92,46:31:49.45,53.981581,-8.211429,38916.0,227363.94967953418,89
287598883,287598883,westbound,B752,BIKF,KEWR,41:28:00.00,45:43:22.26,63.584722,-27.044722,39708.0,92058.5,71
287597996,287597996,westbound,A359,LFPG,KBOS,41:28:52.02,46:45:42.85,54.221927,-8.061471,39899.0,223784.1543092734,93
287596369,287596369,westbound,B788,EDDF,CYUL,41:31:25.57,46:29:47.05,56.657232,-8.093566,42166.0,172138.39585904265,89
287597927,287597927,westbound,B763,EGLL,KEWR,41:32:19.39,46:57:32.54,53.953965,-9.668145,40088.0,157085.63022164805,92
287595585,287595585,westbound,A333,LEBL,KJFK,41:35:10.73,47:08:36.91,44.541633,-11.573946,38614.0,193215.6654674822,92
287598108,287598108,westbound,B77W,EGLL,KJFK,41:36:12.89,46:54:29.17,55.735473,-8.080863,33312.0,273183.6579286867,91
287597250,287597250,westbound,A343,EDDF,KBOS,41:36:41.12,47:03:52.26,56.319376,-7.49936,38088.0,209144.39083379428,91
287598204,287598204,westbound,B77W,LFPG,KJFK,41:39:06.48,47:00:59.42,55.07909,-8.410352,35425.0,273446.4737559807,90
287596576,287596576,westbound,A333,LSZH,KEWR,41:39:35.94,47:12:04.62,55.109598,-7.678066,38770.0,191930.11746726438,92
287595136,287595136,westbound,B788,EPWA,KORD,41:41:27.70,45:56:51.86,60.417507,-8.579497,41672.0,174740.13511476634,67
287593466,287593466,westbound,B77W,LGAV,CYUL,41:43:15.77,47:05:08.18,44.821632,-9.074582,39444.0,274642.6451057869,79
287596646,287596646,westbound,A343,EDDF,KORD,41:44:39.70,46:16:24.37,58.349764,-8.43776,37385.0,216725.3665440928,74
287598009,287598009,westbound,A35K,EGLL,KLAS,41:47:17.08,45:53:06.50,56.839619,-8.606397,34809.0,276603.6798947956,55
287598082,287598082,westbound,A332,LEBL,KBOS,41:48:27.75,47:12:10.11,44.559108,-11.570238,39503.0,196488.8049476037,93
287596868,287596868,westbound,A333,LSZH,KBOS,41:48:33.37,47:18:54.13,55.172849,-7.870624,38770.0,191937.28482812078,91
287598417,287598417,westbound,A388,EGLL,KIAD,41:50:14.76,47:02:19.67,53.9604,-8.895382,39102.0,453292.0368784592,93
287599359,287599359,westbound,A332,LPPT,KEWR,41:52:24.41,47:19:41.26,40.47886,-13.465056,39549.0,196897.3039447467,95
287598430,287598430,westbound,B789,EGLL,CYYZ,41:54:50.38,46:42:46.28,56.027425,-7.931057,40738.0,198028.57120716112,85
287598739,287598739,westbound,A359,LFPG,CYUL,41:57:01.95,46:54:25.65,54.981986,-8.367868,39943.0,223395.46904113592,88
287598206,287598206,westbound,B789,EGLL,KLAX,42:03:53.56,46:09:56.85,56.824339,-8.395997,39225.0,215265.95298321958,53
287598743,287598743,westbound,A333,EHAM,KMSP,42:08:58.97,46:34:16.16,57.979882,-7.969662,38448.0,193818.0218779981,74
287599076,287599076,westbound,B77W,EGLL,KJFK,42:09:13.55,47:13:01.29,54.002533,-10.55804,39735.0,274222.6621732964,90
287599245,287599245,westbound,B789,EGLL,CYYZ,42:12:20.26,47:06:59.09,54.044681,-8.917255,40734.0,198595.4783803444,87
287599034,287599034,westbound,B763,EGLL,KEWR,42:13:15.25,47:37:19.85,55.75312,-8.499861,33705.0,156730.0636092685,91
287598974,287598974,westbound,B77W,LFPG,CYYZ,42:17:21.24,47:16:25.74,55.023899,-7.998043,39453.0,275644.08536168456,88
287599369,287599369,westbound,A339,EGLL,KBOS,42:18:27.41,47:31:09.27,53.966452,-11.464084,39834.0,201720.58410805636,89
287598641,287598641,westbound,A359,LFPO,KEWR,42:18:47.81,47:14:10.75,53.646414,-13.085203,39892.0,224763.15480653383,87
287599967,287599967,westbound,A333,LPPT,CYUL,42:21:38.61,47:44:52.77,40.60419,-13.503361,38091.0,196464.28358686925,93
287599161,287599161,westbound,B788,EGLL,CYUL,42:22:57.62,47:17:38.29,55.230286,-8.41816,42227.0,173901.31348099755,87
287598922,287598922,westbound,A339,LEBL,KJFK,42:24:29.95,47:57:22.98,44.505126,-11.478825,39513.0,205845.41902987234,93
287594208,287594208,westbound,B77W,LGAV,KEWR,42:27:28.10,47:18:25.53,52.260806,-13.779016,39973.0,273188.63826495886,69
287599532,287599532,westbound,A359,LFPO,CYUL,42:32:08.50,47:34:13.96,54.852518,-7.901952,39949.0,223375.89807342275,89
287598281,287598281,eastbound,B772,KBOS,BIKF,42:35:18.30,45:08:52.50,54.642407,-59.189794,39510.0,204352.77276581057,48
287597542,287597542,westbound,B789,EPWA,CYYZ,42:39:01.49,47:07:48.73,60.828444,-7.875896,40758.0,193830.92974194232,76
287600405,287600405,westbound,A35K,EGLL,KJFK,42:41:37.01,48:01:20.17,53.953287,-9.639649,38761.0,255435.63268349407,89
287601682,287601682,westbound,B772,BIKF,CYHZ,42:49:00.00,46:17:06.98,63.069722,-26.653611,40064.0,211957.5,63
287600404,287600404,westbound,A359,LFPG,KLAX,43:01:11.32,47:17:05.61,56.330529,-8.603159,37809.0,247459.1263668885,53
287599531,287599531,westbound,B789,EDDB,KJFK,43:01:36.33,48:16:13.78,57.443018,-7.78914,40758.0,195633.72361216636,94
287599122,287599122,westbound,B789,LIRF,KJFK,43:01:52.91,48:50:25.68,45.357374,-6.428462,40663.0,197505.42585051496,97
287600764,287600764,westbound,B772,EGLL,KJFK,43:03:32.07,48:26:36.12,55.34532,-8.281929,39052.0,225241.53091318108,90
287600380,287600380,westbound,B789,EGLL,KBOS,43:07:49.03,48:13:36.92,54.067927,-10.332317,41016.0,195141.04252878512,90
287599729,287599729,westbound,B748,EDDK,KSDF,43:10:34.62,48:12:47.23,55.735819,-8.820946,36484.0,385793.90454961784,84
287601097,287601097,westbound,B789,LFPG,KJFK,43:14:55.02,48:34:17.26,54.091826,-8.125872,40808.0,196890.364116732,94
287600235,287600235,westbound,B77L,EDDP,KCVG,43:17:09.55,47:48:53.55,58.377359,-8.353018,41789.0,248997.30633291524,73
287601706,287601706,westbound,B772,EGLL,KJFK,43:39:23.92,48:57:56.58,53.979125,-9.788787,39053.0,225387.81079833285,89
287593990,287593990,eastbound,B748,KIAH,EDFH,43:41:07.22,48:30:57.47,53.890476,-57.228759,37564.0,375228.55981192685,71
287603205,287603205,westbound,B772,BIKF,KORD,43:43:00.00,46:44:45.22,63.916667,-27.160278,39264.0,223017.8,53
287601646,287601646,westbound,B77L,LFPG,KMEM,43:44:24.95,48:55:16.43,54.507273,-8.765307,41443.0,254960.5506306221,80
287600079,287600079,westbound,A359,EKCH,KIAD,43:45:12.17,48:59:51.32,58.960673,-7.714188,39450.0,229140.74810214253,93
287602590,287602590,westbound,B789,EGLL,KJFK,43:51:54.82,48:56:12.74,53.983091,-10.471459,40861.0,196910.23166165085,90
287597351,287597351,eastbound,A339,MPTO,EDDF,43:54:33.37,51:23:49.43,26.489394,-61.143217,38863.0,214453.02226560944,88
287603630,287603630,westbound,B772,BIKF,KJFK,44:01:00.00,48:13:41.22,63.916667,-27.160278,39580.0,218655.2,74
287603588,287603588,westbound,B772,BIKF,CYYZ,44:03:00.00,47:19:53.39,63.916667,-27.160278,39577.0,218715.8,58
287602258,287602258,westbound,B789,LEMD,KJFK,44:04:05.67,49:31:04.41,43.821316,-11.64359,40778.0,197958.1661971571,92
287601950,287601950,westbound,B77L,LFPG,KORD,44:05:03.60,48:34:03.92,56.20822,-8.184749,41776.0,249774.5250061331,79
287601971,287601971,westbound,B77W,EHAM,KJFK,44:06:58.87,49:28:17.43,56.61398,-8.283753,39380.0,274620.68908510084,90
287602599,287602599,westbound,B772,EGLL,KBOS,44:08:32.19,49:14:47.28,54.079864,-10.352149,39247.0,222656.26614099913,90
287602488,287602488,westbound,B77W,LFPG,KJFK,44:10:29.76,49:35:47.94,54.360815,-7.873953,39721.0,274331.3091480773,91
287603492,287603492,westbound,B772,BIKF,KIAD,44:11:00.00,48:19:09.74,63.584722,-27.044722,39396.0,221221.3,70
287604024,287604024,westbound,B772,BIKF,KBOS,44:13:00.00,48:23:06.91,63.584722,-27.044722,39743.0,216408.0,73
287602101,287602101,westbound,B77L,EDDK,KMEM,44:14:59.47,49:19:26.20,56.653077,-8.897389,41425.0,254637.74109780957,77
287600358,287600358,eastbound,A332,KJFK,LROP,44:18:15.81,49:10:30.21,50.424218,-53.251933,39027.0,204633.58123301633,70
287601572,287601572,westbound,B77L,LIMC,KMEM,44:22:45.08,49:23:05.36,54.183258,-10.033865,41488.0,254324.0514670683,71
287600359,287600359,eastbound,A332,KJFK,LYBE,44:23:44.21,49:17:42.29,50.136528,-53.913287,39243.0,202305.70403528723,75
287602697,287602697,westbound,B744,EDDK,KSDF,44:30:58.66,49:35:31.75,56.732248,-8.43816,38106.0,304837.5249930765,83
287603577,287603577,westbound,B77L,EGSS,KMEM,44:35:29.32,49:43:43.11,55.134626,-8.470241,41437.0,255188.9865557611,83
287602601,287602601,westbound,B77L,EDDF,KMEM,44:36:59.02,49:39:57.65,56.233694,-8.948554,41426.0,254626.36016906923,75
287603413,287603413,westbound,B763,EGSS,KSDF,44:37:29.76,50:05:53.59,55.28778,-8.024814,37336.0,162473.75771780722,90
287602751,287602751,eastbound,A332,CYUL,DTTA,44:54:20.71,49:38:23.51,51.894603,-55.45765,39246.0,200918.51478386365,80
287600652,287600652,eastbound,B744,KGSP,EBLG,45:00:46.67,49:38:19.10,53.478487,-56.074893,38997.0,288988.6264663738,80
287602477,287602477,eastbound,A339,KBOS,LGAV,45:00:56.01,49:56:07.87,47.568342,-52.173205,38871.0,213132.90952881097,70
287604609,287604609,westbound,B763,EGNX,KCVG,45:16:01.23,50:43:33.38,55.137169,-7.803209,36393.0,161655.47964529073,90
287604373,287604373,westbound,A333,LPPT,BIKF,45:20:33.97,48:09:21.70,43.901521,-9.281183,39327.0,184935.92283951366,49
287604219,287604219,westbound,B788,EHAM,MMMX,45:25:31.43,50:55:50.06,56.060461,-8.434725,40232.0,193690.24499749023,68
287605444,287605444,westbound,B789,EGLL,MMMX,46:13:45.21,51:47:08.77,54.468362,-8.167572,39082.0,217552.28378476962,71
287605042,287605042,westbound,B744,ELLX,KJFK,46:17:15.75,51:39:11.04,56.461697,-7.504421,38320.0,295690.1863098586,91
287603933,287603933,westbound,B789,LIRF,MUHA,46:26:25.26,52:10:23.27,44.875342,-8.074415,39783.0,207235.98722456154,77
287605790,287605790,westbound,F900,LEZL,CYQX,46:39:46.74,50:38:52.62,40.637005,-13.788899,38186.0,15067.952617464785,67
287604707,287604707,westbound,A333,LEAL,BIKF,46:54:22.07,48:22:58.49,54.850455,-8.985481,40034.0,180697.79644034928,27
287605565,287605565,westbound,B744,EBLG,KORD,47:05:46.88,51:19:20.83,58.760826,-8.223707,36504.0,302114.0561586135,74
287605244,287605244,westbound,B788,LIRF,MMMX,47:13:06.27,53:06:08.38,44.905568,-6.806961,40103.0,193852.54507045017,66
287606019,287606019,westbound,B77L,EBLG,KORD,47:35:08.11,51:58:38.55,57.709415,-9.137429,41855.0,248328.81265364235,75
287606155,287606155,westbound,B77L,EKCH,KORD,47:36:51.76,52:14:24.22,60.619779,-1.480964,40704.0,251844.76291798288,79
