identifier,base_fid,direction,actype,origin,destination,spawn_time,del_time,spawn_lat,spawn_lon,spawn_alt_ft,spawn_mass_kg,n_waypoints
262466053,262466053,eastbound,B77L,KDFW,EBLG,18:58:28.30,25:19:27.30,41.418709,-67.992563,40683.0,247156.71577035286,91
262462524,262462524,eastbound,B77L,MMMX,EBLG,19:03:03.91,25:13:38.75,37.894647,-63.935865,41415.0,246726.8020949253,77
262468778,262468778,eastbound,A332,KJFK,LYBE,20:22:05.09,25:21:50.30,45.348085,-51.820094,36922.0,202012.2512328509,76
262470972,262470972,eastbound,A333,KIAD,EDDF,20:27:09.09,27:26:31.12,41.378103,-68.514057,38291.0,194800.13627675694,115
262470748,262470748,eastbound,A333,KJFK,LGAV,20:30:14.30,26:29:17.26,42.49999,-63.910382,38327.0,194489.6091077353,79
262471897,262471897,eastbound,A359,KJFK,LIRF,20:45:09.87,27:06:21.38,41.37954,-68.421236,38772.0,235024.51462093028,103
262472486,262472486,eastbound,A333,KJFK,LSZH,21:00:04.29,27:50:55.77,41.434832,-68.659275,38072.0,196399.04973085845,113
262472374,262472374,eastbound,A332,KJFK,EDDF,21:00:43.77,27:42:54.05,41.234485,-68.690911,38947.0,201771.96446476883,114
262472410,262472410,eastbound,B77W,KJFK,LFPG,21:06:30.58,27:16:15.34,41.549561,-68.5134,37084.0,279035.56423250603,110
262470884,262470884,eastbound,A333,KATL,EHAM,21:12:58.44,27:55:00.29,40.537802,-68.003101,38792.0,191157.2052165208,103
262472438,262472438,eastbound,A332,KIAD,LIRF,21:34:10.51,27:52:30.58,40.946907,-67.801966,38612.0,206810.11816342938,96
262472914,262472914,westbound,B789,EGLL,SCEL,21:34:51.57,26:31:50.99,49.550014,-6.667365,38213.0,227937.29953874665,48
262466467,262466467,eastbound,B77L,KLAX,EBLG,21:38:20.95,26:30:50.20,61.255537,-64.802512,42122.0,238600.69152745465,68
262473075,262473075,westbound,B788,EGLL,SKBO,21:39:27.96,27:24:03.95,50.497981,-7.065221,40389.0,193704.26522292395,80
262472638,262472638,eastbound,A339,KJFK,EHAM,21:42:07.46,28:21:32.68,41.262801,-68.557532,38762.0,207029.7502580397,112
262472506,262472506,westbound,A333,LPPT,BIKF,21:43:44.41,24:33:04.39,43.987386,-8.796529,39314.0,184876.8569058639,50
262471385,262471385,eastbound,A359,KATL,LFPG,21:48:55.22,28:10:00.65,40.296926,-68.225715,39297.0,231293.9193809517,103
262469675,262469675,eastbound,B77L,MPTO,EBBR,21:56:58.58,28:18:34.13,31.551348,-60.552229,41343.0,249554.371582504,84
262473349,262473349,eastbound,B789,KJFK,LIMC,21:57:11.02,28:19:42.10,40.780309,-68.637263,40252.0,204574.22849609292,111
262473439,262473439,eastbound,B789,KJFK,EHAM,22:04:46.29,28:26:31.89,41.507015,-68.587293,39167.0,201135.16948244732,111
262473065,262473065,eastbound,A332,KBOS,LIRF,22:05:45.55,27:38:33.97,43.315579,-60.136966,39065.0,202249.70129355922,93
262472325,262472325,eastbound,B772,KCLT,EIDW,22:06:16.00,27:33:02.82,40.268229,-68.38892,38841.0,223849.2307387893,97
262472136,262472136,eastbound,A339,KBOS,EDDF,22:06:26.16,27:17:37.28,45.181314,-52.106971,37684.0,202372.4119861435,87
262471581,262471581,eastbound,A333,KJFK,EDDF,22:06:31.62,27:25:22.51,45.156286,-52.234055,38029.0,190044.02034497837,88
262473327,262473327,eastbound,B772,KJFK,LGAV,22:08:13.76,28:09:31.45,41.291918,-68.070367,37599.0,245594.9713251088,85
262472139,262472139,eastbound,A333,KATL,EDDF,22:10:35.34,29:08:39.30,40.538659,-67.904041,38797.0,191119.38591300527,101
262472156,262472156,eastbound,A333,KBOS,LIRF,22:12:22.12,27:20:53.66,44.493717,-53.851951,38464.0,192117.78174813377,83
262472412,262472412,eastbound,A339,KBOS,LGAV,22:14:33.72,27:16:26.61,44.237353,-55.265681,38524.0,214476.6475577791,69
262473377,262473377,eastbound,B77W,KJFK,LFPG,22:18:06.69,28:28:46.37,41.448277,-68.664584,37437.0,278569.7532775562,110
262472976,262472976,westbound,B772,LFPG,KJFK,22:24:09.70,27:25:57.61,54.04156,-10.617724,39098.0,224107.05723270628,90
262473122,262473122,eastbound,A333,KIAD,EIDW,22:24:21.22,28:08:05.36,41.44851,-68.401393,38203.0,194788.12604288541,95
262473448,262473448,eastbound,B772,KJFK,LFPG,22:24:23.79,28:36:51.95,40.645409,-68.466755,38682.0,229355.11579725935,111
262473381,262473381,westbound,B789,EGLL,MMMX,22:27:57.35,27:06:01.71,55.636824,-8.342778,39116.0,216883.3439809122,60
262472527,262472527,eastbound,A333,KATL,LIRF,22:28:30.51,29:03:58.96,40.856909,-68.117158,38830.0,190825.87575457705,85
262473145,262473145,eastbound,B788,KIAD,LGAV,22:31:17.52,28:42:43.86,41.069798,-67.99972,40575.0,189752.64915780595,82
262472589,262472589,eastbound,B744,CYMX,LIMC,22:35:24.99,27:18:17.75,46.30392,-51.861091,36979.0,291059.9344367491,82
262471552,262471552,eastbound,B789,KDTW,EDDF,22:37:18.13,27:26:55.62,50.000066,-53.97987,41043.0,189271.88442173493,84
262471214,262471214,eastbound,B748,KMIA,ELLX,22:37:27.13,28:34:52.80,38.16386,-61.42621,36884.0,384002.71920741594,93
262473768,262473768,eastbound,A332,KJFK,LIRF,22:39:28.14,29:04:20.10,41.373472,-68.462635,38610.0,206161.56458788156,103
262473311,262473311,eastbound,A333,KIAD,EHAM,22:41:27.60,29:21:33.57,41.402043,-68.453221,38294.0,194781.39563564266,110
262473360,262473360,eastbound,B763,KBWI,ETAR,22:42:43.00,29:33:42.49,41.463799,-68.880073,37540.0,162120.763816248,114
262472857,262472857,eastbound,A359,KATL,LGAV,22:43:24.78,28:56:32.53,40.349147,-67.837928,38052.0,245481.93665284978,75
262473700,262473700,eastbound,A35K,KJFK,EGLL,22:43:44.53,28:46:26.36,41.525117,-68.579656,38271.0,256460.00199690062,104
262472600,262472600,eastbound,A333,KJFK,LIMC,22:45:06.11,27:55:18.65,45.025729,-51.888268,38075.0,190128.70668990063,86
262473242,262473242,eastbound,B77W,KIAD,EDDF,22:46:02.51,29:18:51.33,41.552798,-68.563799,37448.0,282336.46158297913,115
262472554,262472554,westbound,A333,LEAL,BIKF,22:47:44.34,24:25:56.87,53.483704,-9.440741,39859.0,181249.70189039537,30
262473270,262473270,eastbound,A359,KBOS,LFPG,22:48:51.51,27:49:38.34,44.204002,-55.257764,39606.0,222331.78316103,88
262473988,262473988,eastbound,B77W,KJFK,EGLL,22:52:08.88,28:47:46.28,41.489656,-68.782911,37533.0,276772.6900292748,106
262473545,262473545,eastbound,A333,KPHL,EDDF,22:54:22.00,29:38:08.23,42.075072,-66.037977,38206.0,194726.07080774228,111
262472627,262472627,eastbound,B763,KJFK,EDDB,22:54:47.30,28:11:30.33,45.526154,-51.906156,36829.0,156620.453362683,88
262472702,262472702,eastbound,B763,KJFK,LIRF,22:55:27.55,27:47:42.24,45.123337,-52.36743,36822.0,159454.64388707746,79
262473394,262473394,eastbound,B772,KIAD,EDDM,22:57:36.98,29:25:53.82,41.464343,-68.166211,38152.0,234116.09501210958,108
262471480,262471480,eastbound,B78X,KORD,EDDF,22:58:41.35,27:55:22.44,45.83627,-52.104751,37868.0,214518.5373065359,78
262471759,262471759,eastbound,A359,KDTW,EHAM,22:59:23.06,27:45:26.89,45.269377,-52.015028,39681.0,222326.80589766428,83
262471943,262471943,eastbound,A332,CYUL,DTTA,23:00:13.84,27:33:30.39,45.019419,-52.791683,39078.0,200387.6039551338,75
262473561,262473561,westbound,B744,EHAM,KMIA,23:01:07.12,28:17:31.88,56.72756,-8.542825,37695.0,312070.9571161959,83
262473781,262473781,eastbound,B772,KJFK,EGLL,23:01:15.27,28:57:49.96,41.553335,-68.707981,38284.0,227455.15608938725,101
262467998,262467998,eastbound,B77L,KLAX,EDDF,23:02:19.05,28:02:38.62,60.767014,-65.004838,42064.0,238504.25489566775,65
262472149,262472149,eastbound,B788,KORD,LGAV,23:03:02.05,28:11:40.82,43.964425,-56.76371,40907.0,177779.55262372593,63
262470591,262470591,eastbound,A333,CYYC,EDDF,23:03:23.58,28:21:12.38,62.041854,-64.732539,39606.0,184735.83579333976,80
262473099,262473099,eastbound,A333,KBOS,EHAM,23:04:39.07,27:59:19.57,45.656034,-51.949295,38101.0,191305.86885533953,81
262473420,262473420,eastbound,B763,KIAD,LOWW,23:07:33.25,29:54:52.68,41.508012,-67.97958,37419.0,165173.31375444424,103
262472977,262472977,eastbound,B772,KATL,LFPG,23:07:42.37,29:15:46.14,41.22921,-67.980125,38526.0,227879.7601471939,101
262473975,262473975,eastbound,B77W,KJFK,LFPG,23:09:05.52,29:19:52.20,41.350288,-68.596869,37748.0,278577.86064105015,111
262472162,262472162,eastbound,B77W,KDFW,EGLL,23:09:12.03,29:01:06.62,41.504366,-68.371859,38438.0,276094.92199040565,88
262473703,262473703,eastbound,B764,KRDU,LFPG,23:09:18.23,29:37:05.35,40.708887,-68.205633,33802.0,178788.76583470622,110
262471845,262471845,eastbound,B78X,KMSP,EHAM,23:10:39.19,27:51:58.22,59.55813,-64.121876,40521.0,216534.94247225326,83
262472203,262472203,eastbound,A333,KIAH,EHAM,23:14:17.00,29:53:57.31,41.036992,-68.028759,39043.0,187585.88375067723,92
262472899,262472899,eastbound,A333,KJFK,EIDW,23:14:36.14,27:18:50.61,45.247652,-52.204745,37940.0,189912.158858442,65
262473993,262473993,eastbound,B788,KPHL,LGAV,23:15:18.25,29:29:37.22,41.545323,-68.214206,40517.0,190340.76092095266,85
262473000,262473000,eastbound,B772,CYYZ,EHAM,23:17:30.75,27:46:37.68,50.918957,-54.788387,39483.0,217143.4125210553,80
262473166,262473166,eastbound,A333,KBOS,EKCH,23:17:54.91,28:42:14.28,45.517071,-51.768664,37452.0,191326.587380357,90
262473553,262473553,eastbound,B764,KIAD,EDDB,23:19:21.09,30:04:01.31,41.968287,-66.459156,33563.0,180192.22436882026,109
262474031,262474031,eastbound,B772,KJFK,EGLL,23:21:11.54,28:57:34.12,42.191784,-65.448937,38134.0,225068.5589382011,98
262473678,262473678,eastbound,A333,KIAD,EBBR,23:22:12.50,30:03:34.93,41.368991,-68.512776,38291.0,194796.9505147471,112
262473865,262473865,eastbound,A333,KJFK,EBBR,23:22:23.76,30:02:49.13,41.529336,-68.571448,38074.0,196379.15629658935,112
262472842,262472842,eastbound,A333,CYUL,LSZH,23:23:31.00,28:31:52.57,45.991757,-52.192991,38164.0,191003.01026803386,83
262473248,262473248,eastbound,B772,KIAD,LFPG,23:24:08.92,29:36:00.07,41.316413,-68.685474,38490.0,229477.82928641708,111
262473514,262473514,eastbound,A333,KBOS,EIDW,23:24:23.98,27:24:55.45,45.882182,-52.138004,38067.0,191554.6247092595,67
262472971,262472971,eastbound,A333,CYYZ,EKCH,23:25:10.77,28:29:21.91,52.825159,-55.860628,39092.0,189647.8935332897,87
262473485,262473485,eastbound,B764,KIAD,EHAM,23:25:57.22,29:44:05.28,41.936551,-66.461341,33843.0,176942.20806681283,106
262473965,262473965,westbound,B789,LEMD,MMMX,23:26:38.96,28:45:45.38,44.302737,-9.857475,39007.0,218280.5183267736,67
262473314,262473314,eastbound,B77W,CYUL,LFPG,23:27:33.07,28:01:18.40,46.112736,-52.169377,37548.0,264989.0650414633,80
262473356,262473356,eastbound,A333,KATL,EHAM,23:28:08.13,30:08:39.67,41.180054,-68.386427,38685.0,190852.4358174462,102
262473440,262473440,eastbound,B77W,CYUL,LGAV,23:30:07.30,27:58:54.12,46.01316,-51.974387,36843.0,284834.6061490317,66
262473644,262473644,eastbound,B772,KIAD,EGLL,23:30:20.00,29:28:08.25,41.382477,-68.688318,38525.0,227144.45052783345,105
262474137,262474137,eastbound,B77W,KJFK,EGLL,23:30:58.87,29:21:45.88,41.68319,-67.976602,37681.0,275362.06725720526,104
262473266,262473266,eastbound,A333,KEWR,EIDW,23:32:05.86,27:34:59.80,45.331681,-51.873597,37920.0,189820.7633842141,68
262473868,262473868,eastbound,B772,KRDU,EGLL,23:34:52.62,29:33:38.72,40.036437,-68.225664,38690.0,227573.0365862724,105
262472682,262472682,eastbound,B789,KDFW,EDDF,23:37:50.73,30:12:01.78,41.27658,-68.027813,39715.0,195756.0568563063,88
262473251,262473251,eastbound,A333,KEWR,ESSA,23:39:13.80,29:00:09.35,48.894618,-52.771849,38985.0,189940.03896650914,92
262474217,262474217,eastbound,A339,KJFK,EGLL,23:39:27.39,29:52:25.02,41.526244,-68.422406,38491.0,205061.35327675162,103
262472958,262472958,eastbound,B772,KCLT,EDDF,23:40:14.37,30:04:27.66,41.440068,-67.77562,38319.0,230000.86489961884,102
262473685,262473685,eastbound,A343,KBOS,EDDF,23:40:50.58,28:49:21.77,45.567511,-51.840365,37478.0,207718.156811887,86
262473853,262473853,eastbound,A333,KIAD,EGLL,23:42:50.45,30:01:54.02,41.221755,-68.449146,38289.0,194819.31623580557,106
262472851,262472851,eastbound,B77W,CYYZ,EDDF,23:43:32.54,28:39:41.87,46.067423,-52.166917,37413.0,268357.63833108306,85
262472855,262472855,eastbound,B78X,KORD,LIRF,23:45:34.84,28:54:01.56,43.826351,-57.596936,39241.0,216735.82499318963,73
262473378,262473378,eastbound,B764,KATL,EGLL,23:45:55.26,29:44:34.29,41.798915,-67.144283,34406.0,176476.01186216678,98
262473584,262473584,eastbound,B77W,CYUL,EBBR,23:46:23.04,28:16:43.50,51.224461,-54.536487,40229.0,266815.5452798766,80
262473457,262473457,eastbound,B772,KEWR,LOWW,23:48:47.26,28:45:12.48,45.234781,-51.831578,37372.0,224527.63496311984,84
262473980,262473980,eastbound,B77W,KIAD,LFPG,23:48:55.29,29:59:18.81,41.52094,-68.574681,37838.0,279179.96985784225,110
262473487,262473487,eastbound,B763,KATL,EDDS,23:48:59.39,30:31:53.91,40.734574,-67.900045,38482.0,163688.88140546117,97
262473435,262473435,eastbound,B772,KIAD,EGLL,23:49:40.05,29:44:10.45,41.418227,-68.554112,38498.0,227099.4183413049,105
262474230,262474230,eastbound,B77W,KJFK,EHAM,23:52:37.60,30:02:46.28,41.788687,-67.724972,37371.0,278604.90511479863,110
262474043,262474043,eastbound,A332,CYHZ,EDDF,23:53:03.50,28:58:41.75,46.133454,-52.854696,36790.0,193686.09148915517,86
262472645,262472645,eastbound,B789,KDFW,LFPG,23:54:07.20,30:08:47.31,41.221293,-67.977268,39888.0,193945.6155481477,89
262473336,262473336,eastbound,A333,KBOS,LSZH,23:54:26.62,29:04:10.37,45.011108,-52.053104,38035.0,191560.30228957185,86
262473641,262473641,eastbound,A333,KDTW,LIRF,23:55:40.06,29:48:44.62,42.988555,-61.800499,38838.0,190650.82934456118,82
262473474,262473474,eastbound,B764,KJFK,LFMN,23:55:47.47,28:47:20.59,45.264963,-51.778546,35573.0,174094.14639216106,82
262473175,262473175,westbound,B788,LIRF,MMMX,23:55:53.30,28:32:45.19,52.152134,-13.380371,40384.0,188408.927369047,52
262473521,262473521,eastbound,B763,KEWR,EDDB,23:57:13.66,29:19:03.20,45.249006,-52.302775,36754.0,156528.34033659246,89
262474351,262474351,eastbound,A388,KBOS,EGLL,23:58:00.00,29:50:41.37,41.662222,-68.354166,38145.0,445571.4,105
262474205,262474205,eastbound,A333,KEWR,LFPO,23:59:07.08,30:05:25.30,42.492194,-64.019971,38319.0,194496.83824193678,103
262473769,262473769,eastbound,B789,CYUL,EDDF,23:59:47.00,28:47:02.25,51.081498,-54.211349,41090.0,191584.08920931982,85
262473913,262473913,eastbound,B763,KEWR,LSZH,24:02:04.02,29:58:19.35,43.046341,-60.899593,37421.0,159345.3719689685,100
262473728,262473728,eastbound,A333,KBDL,EIDW,24:03:54.75,28:08:24.98,45.438368,-52.296395,38133.0,190864.13225207283,67
262473517,262473517,eastbound,B789,KJFK,EPWA,24:06:29.91,29:01:53.43,49.380986,-53.008446,40739.0,194147.2524694426,84
262473418,262473418,eastbound,A333,KEWR,EKCH,24:07:10.10,29:35:04.15,45.397405,-52.068269,37948.0,190057.83655913317,91
262473037,262473037,westbound,A333,LEBL,BIKF,24:07:11.92,25:39:11.11,54.465521,-9.002659,39943.0,180323.46345608783,29
262472739,262472739,eastbound,B77W,KIAH,EGLL,24:07:13.71,30:01:16.22,40.935459,-67.956988,38591.0,275694.97535611055,86
262474337,262474337,eastbound,A333,KJFK,LSGG,24:07:14.99,30:52:06.77,41.518412,-68.369036,38071.0,196388.14903549582,111
262472802,262472802,eastbound,A359,KIAH,LFPG,24:07:39.53,30:29:48.02,40.784135,-68.328579,39208.0,233394.55894297178,89
262473120,262473120,eastbound,B78X,KORD,EHAM,24:07:52.93,28:35:37.39,52.754794,-55.772806,40582.0,215931.9445844003,80
262472744,262472744,eastbound,A359,KORD,EDDM,24:08:15.12,29:10:55.22,45.221559,-52.343397,39165.0,227212.91363733486,75
262474439,262474439,eastbound,B77W,KJFK,EGLL,24:10:11.68,30:06:10.99,41.488838,-68.774196,37785.0,276768.9047318621,106
262473322,262473322,eastbound,B763,KEWR,EDDM,24:11:18.60,29:20:04.83,45.312951,-51.96177,36952.0,156805.8405735459,87
262474294,262474294,eastbound,B763,KJFK,LIPZ,24:14:21.38,30:29:26.83,42.388703,-64.91512,37680.0,162761.72691838862,102
262473758,262473758,eastbound,A333,KJFK,EINN,24:15:51.52,28:08:59.31,45.23669,-52.249862,37945.0,190259.01708441472,65
262473704,262473704,eastbound,B763,KEWR,EGLL,24:15:58.65,28:44:46.80,45.188237,-52.109603,37229.0,151756.10959228443,76
262474406,262474406,eastbound,B772,KJFK,EGLL,24:16:28.21,30:11:03.11,41.596173,-68.513817,38262.0,227426.78200037032,103
262473684,262473684,eastbound,B77W,CYUL,LFPG,24:17:30.71,28:53:48.29,46.125714,-52.712789,37739.0,265537.9398804418,81
262472715,262472715,eastbound,B748,KIAH,EDDF,24:17:33.98,30:37:40.46,41.359115,-68.079638,36828.0,386437.3243985517,87
262474367,262474367,eastbound,F900,KHPN,EBBR,24:17:45.86,30:27:30.92,42.651785,-63.213347,38187.0,16406.646252209703,102
262473740,262473740,eastbound,B788,KPHL,EIDW,24:17:53.82,28:02:14.18,47.235599,-52.56141,42755.0,163224.57877268837,68
262473313,262473313,eastbound,A346,KJFK,EDDM,24:18:07.64,29:15:22.79,45.371276,-51.720993,37064.0,283282.90086480556,87
262473791,262473791,eastbound,B763,KATL,LIMC,24:18:21.92,30:50:50.83,41.14186,-67.856522,38550.0,163954.2093254199,92
262472804,262472804,eastbound,A333,KORD,EIDW,24:19:17.91,28:10:28.14,52.69905,-56.160378,39492.0,186774.20600612042,67
262473938,262473938,eastbound,B764,KATL,EDDM,24:21:42.25,31:10:03.51,40.908523,-68.438705,34152.0,180928.6673665609,96
262474066,262474066,eastbound,B772,KCLT,EGLL,24:21:49.81,30:16:36.52,41.147641,-68.437352,38506.0,226605.25508989207,105
262474363,262474363,eastbound,A333,KJFK,EGKK,24:22:21.48,30:40:43.68,41.472397,-68.572421,38073.0,196381.53017275064,103
262474278,262474278,eastbound,B788,KPHL,LSZH,24:22:44.71,30:58:04.50,41.653684,-68.608803,39717.0,181528.0479584077,113
262473531,262473531,eastbound,A333,KMCO,EGCC,24:23:33.27,30:11:35.78,37.89695,-62.493696,39026.0,189427.8037558995,94
262473532,262473532,eastbound,B763,KJFK,ESSA,24:24:08.85,29:39:42.30,50.148465,-53.774334,40331.0,155988.61659882407,91
262473486,262473486,eastbound,B77W,KIAD,EBBR,24:24:43.94,30:39:39.74,41.450966,-68.420222,37762.0,279105.717232497,111
262473789,262473789,eastbound,B748,KEWR,EDDF,24:26:05.40,29:16:26.22,45.23078,-52.344588,37146.0,369840.73325840157,87
262473600,262473600,eastbound,A333,CYYZ,LOWW,24:27:51.34,29:46:20.05,45.810201,-52.221999,38429.0,188924.2514250895,80
262474332,262474332,eastbound,B788,KPHL,LIPZ,24:28:50.21,31:01:38.56,41.340801,-68.148154,40099.0,183389.58862843915,107
262473589,262473589,eastbound,B78X,KEWR,LGAV,24:29:10.79,30:19:02.92,42.267797,-65.334448,37913.0,224114.098913808,82
262472273,262472273,eastbound,A333,KORD,LSZH,24:30:42.31,29:43:02.88,45.367444,-51.887426,38883.0,185333.1082777678,75
262473291,262473291,eastbound,B772,KIAH,EGLL,24:31:03.88,30:27:49.75,41.34742,-68.509321,38268.0,225594.5992790664,89
262473668,262473668,eastbound,A332,KTPA,EDDF,24:31:37.27,30:44:16.75,38.067618,-60.925153,39143.0,203798.36052326308,89
262473777,262473777,eastbound,A333,KATL,EGCC,24:32:25.95,30:40:54.92,40.59143,-68.591249,38611.0,191439.64634425347,102
262472957,262472957,eastbound,B748,KORD,EDDF,24:34:46.82,29:27:41.35,45.342446,-52.44383,37228.0,370396.5171417391,80
262473877,262473877,eastbound,B789,KJFK,EGKK,24:34:54.16,29:04:26.51,44.714787,-52.66135,38721.0,187616.6435834161,80
262474512,262474512,eastbound,B789,KPHL,EGLL,24:36:23.51,30:39:44.88,41.329311,-68.411062,38824.0,198845.04081818878,105
262474293,262474293,eastbound,B763,KEWR,LDDU,24:36:38.68,30:39:11.62,42.782637,-62.641342,37365.0,164796.02181944274,91
262473973,262473973,eastbound,B763,KATL,LFPG,24:37:32.04,31:02:37.61,41.238968,-67.804249,38435.0,160796.35883653237,101
262473408,262473408,eastbound,B788,KDFW,EDDF,24:38:35.83,31:19:44.25,40.848159,-68.479332,41081.0,173786.01457914896,89
262474064,262474064,eastbound,A333,KBOS,EGKK,24:38:59.35,29:13:47.28,45.083472,-51.729914,38094.0,191347.10759439567,76
262473230,262473230,eastbound,B772,KORD,LOWW,24:39:06.09,29:32:46.85,45.3731,-51.842824,37939.0,221305.10822361684,72
262473557,262473557,eastbound,B764,KDTW,EDDM,24:40:03.03,29:53:09.91,45.274955,-52.091849,35502.0,174679.1804029749,81
262473724,262473724,eastbound,A333,CYUL,LFSB,24:40:41.50,29:52:36.24,46.07953,-52.684797,38178.0,191231.5591994366,84
262474197,262474197,eastbound,B77L,CYMX,EGNX,24:43:24.80,28:44:01.91,51.281562,-54.72875,42947.0,231838.6167165489,73
262473398,262473398,eastbound,A333,CYYZ,EDDM,24:43:33.84,29:59:00.58,45.765871,-52.192844,38440.0,188820.89807803923,83
262474365,262474365,eastbound,B764,KJFK,LFPG,24:43:41.20,30:34:40.96,42.800391,-62.695972,33514.0,174963.8210486023,100
262473726,262473726,eastbound,B772,KEWR,EHAM,24:44:19.63,29:24:09.20,45.186824,-52.053091,37678.0,217246.95879166675,84
262473526,262473526,eastbound,A339,KMSP,LFPG,24:44:20.38,29:41:11.53,58.251319,-62.393191,39932.0,203647.10073177618,83
262473805,262473805,eastbound,B77W,CYYZ,LGAV,24:44:23.57,29:12:33.95,45.265149,-51.946292,36844.0,283292.6604101255,61
262474049,262474049,eastbound,A333,KBOS,EGLL,24:44:30.23,29:22:46.25,44.936133,-52.269638,38109.0,191558.17630620376,77
262473969,262473969,eastbound,A332,KJFK,EDDF,24:45:51.73,29:49:22.81,44.998669,-51.903702,38095.0,195482.96435886054,86
262474370,262474370,eastbound,B772,KCLT,EDDM,24:47:22.28,31:11:26.10,40.143003,-67.9396,38288.0,234821.52535652774,100
262474146,262474146,eastbound,A332,CYUL,LFPG,24:50:01.10,29:21:50.98,49.28213,-52.814285,40196.0,192290.1282432849,80
262472075,262472075,eastbound,A332,CYUL,DAAG,24:50:18.54,29:22:49.58,44.974043,-52.571538,39388.0,197076.6461219797,76
262473455,262473455,eastbound,B763,KIAH,EDDM,24:52:28.53,31:43:10.69,41.177864,-68.670878,38451.0,162986.12319528766,85
262473466,262473466,eastbound,B77W,KDFW,EGLL,24:52:32.47,30:45:38.80,41.370066,-68.426931,38457.0,275148.69017103966,87
262474050,262474050,eastbound,B763,KJFK,EBBR,24:53:16.63,29:47:01.20,45.29628,-52.168082,37098.0,153902.01902851503,84
262472803,262472803,eastbound,B789,KMIA,EGLL,24:53:21.00,30:32:08.88,37.750878,-60.997598,40704.0,193202.10518766483,92
262473401,262473401,eastbound,B789,KORD,EGLL,24:54:34.18,29:02:11.64,50.833398,-54.218547,41374.0,184388.71036394307,75
262473178,262473178,eastbound,B772,CYYC,EHAM,24:54:34.51,29:31:53.40,63.06156,-64.802469,38852.0,217074.75662548494,80
262474021,262474021,eastbound,B77W,KEWR,EBBR,24:55:19.33,30:42:41.96,42.630767,-63.340474,37671.0,274890.8995986136,103
262473927,262473927,eastbound,A359,CYYZ,LFPG,24:55:41.18,29:43:06.90,45.085186,-52.974871,39159.0,221923.65483309267,83
262474731,262474731,eastbound,B789,KJFK,EGLL,24:56:44.59,30:56:59.25,41.571693,-68.566592,38475.0,199302.7566716128,105
262471203,262471203,eastbound,B772,KSFO,EGLL,24:56:58.45,29:17:36.61,63.245037,-64.50148,38981.0,214174.80924723623,66
262474045,262474045,eastbound,A333,KATL,EGLL,24:57:47.51,31:18:11.76,40.627925,-68.1708,38755.0,191235.11348833097,102
262474251,262474251,eastbound,A333,KBOS,EHAM,25:00:06.66,29:54:59.24,45.72084,-51.957045,38078.0,191331.94366910553,82
262474035,262474035,eastbound,A333,KATL,LIRF,25:00:11.37,31:38:23.58,40.899153,-67.987827,38825.0,190847.08045086832,86
262473672,262473672,eastbound,A333,KMSP,EHAM,25:00:31.90,29:59:17.17,59.830699,-64.79076,39430.0,187337.82530646084,83
262473610,262473610,eastbound,B772,KIAH,EHAM,25:01:21.95,31:13:16.76,41.311005,-67.925385,38261.0,226452.2674890944,88
262474742,262474742,eastbound,B772,KBOS,EGLL,25:01:26.83,30:35:17.93,42.408278,-64.824899,37987.0,224577.52138860495,99
262474172,262474172,eastbound,A339,KBOS,LFPG,25:02:28.24,29:59:24.07,45.165986,-52.86674,38683.0,200365.0147708385,83
262474640,262474640,eastbound,B77W,KJFK,EGLL,25:03:16.06,30:59:06.21,41.498725,-68.661359,37927.0,275850.5197220764,106
262473898,262473898,eastbound,B744,CYYZ,EDDF,25:03:16.45,29:55:28.40,46.076712,-52.086226,37462.0,288670.2727079264,85
262473885,262473885,eastbound,B77L,KORD,EDDF,25:03:17.89,29:48:39.78,51.06499,-54.382731,42487.0,237298.30268409732,79
262474129,262474129,eastbound,A333,CYUL,LFBD,25:03:29.11,30:01:23.64,45.386233,-52.829137,38514.0,191189.3471982208,82
262474249,262474249,eastbound,A333,KBOS,EINN,25:03:36.96,28:51:32.63,45.830046,-51.782029,38063.0,191359.46956532254,64
262474307,262474307,eastbound,B772,KEWR,LIMC,25:04:19.36,31:03:42.84,42.282788,-65.419466,38372.0,231542.3632189136,105
262472796,262472796,eastbound,B763,KORD,LSZH,25:04:55.22,30:12:24.44,45.132685,-52.309134,37663.0,156040.7160271421,76
262473243,262473243,eastbound,A333,CYUL,LFPO,25:05:48.59,30:07:57.21,46.012489,-52.99038,38180.0,191346.30023059947,84
262473780,262473780,eastbound,B772,KEWR,EGLL,25:06:30.83,29:31:49.87,44.746897,-52.918204,38063.0,215665.14217075804,78
262474112,262474112,eastbound,A333,KEWR,ENGM,25:07:19.17,29:58:15.14,49.385701,-53.178176,38985.0,189985.60813689497,82
262474669,262474669,eastbound,A332,KJFK,LIMC,25:09:54.14,31:42:29.27,41.571038,-68.604071,38631.0,203238.46623082465,110
262473863,262473863,eastbound,A332,KDTW,EDDF,25:10:18.76,30:12:21.69,45.179933,-51.975733,38728.0,195798.66163039647,82
262474475,262474475,eastbound,B748,KIAD,EDDF,25:11:01.02,31:35:43.87,41.433621,-68.399953,36687.0,383921.5185524358,115
262473986,262473986,eastbound,A332,KDTW,EGLL,25:11:27.95,29:42:48.95,44.943393,-52.828755,38533.0,191919.12616078756,77
262473851,262473851,eastbound,B772,KMCO,EGKK,25:14:12.09,30:49:58.55,38.018923,-62.073186,38908.0,224456.89276443748,94
262473762,262473762,eastbound,A333,KDTW,LFPG,25:15:02.82,30:08:47.86,45.148126,-52.017596,38627.0,187243.59392253798,81
262474631,262474631,eastbound,B752,KEWR,EGPH,25:15:08.85,30:39:00.83,42.510781,-64.286897,36185.0,93723.43309560571,90
262474028,262474028,eastbound,B772,CYYZ,EGLL,25:15:34.16,29:24:04.93,48.683373,-53.039481,39656.0,214201.7914013781,75
262474010,262474010,eastbound,B772,KEWR,LFPG,25:15:56.80,29:52:09.88,44.920691,-51.998973,38028.0,217384.0829678761,83
262474388,262474388,eastbound,B764,KBOS,EGLL,25:20:26.77,29:45:23.16,46.033126,-52.053144,35775.0,168311.12075702412,73
262474430,262474430,eastbound,B763,KJFK,LKPR,25:20:43.51,31:56:22.99,42.334351,-65.651414,37530.0,162321.08357267192,109
262471807,262471807,eastbound,B789,KLAX,EGLL,25:20:48.04,29:45:26.84,63.094533,-65.663045,40949.0,180165.25957674795,64
262472424,262472424,eastbound,B789,KSEA,LFPG,25:23:19.79,30:14:20.17,61.185452,-65.307834,40964.0,184589.12211865684,73
262474201,262474201,eastbound,B77W,CYUL,LFPG,25:23:37.46,30:00:03.45,46.321528,-52.889762,37870.0,265538.66215857293,81
262473932,262473932,eastbound,A333,KDTW,EHAM,25:24:51.96,30:21:38.26,45.256879,-51.932904,38275.0,187069.48339331482,82
262474007,262474007,eastbound,A332,KATL,EDDF,25:27:22.02,32:14:30.38,40.634934,-67.992889,38697.0,204510.07258750536,102
262474422,262474422,eastbound,B763,KATL,LIPZ,25:27:26.45,32:06:35.58,40.334268,-68.339388,38478.0,166047.61081832452,91
262473820,262473820,eastbound,B789,KORD,EPWA,25:27:31.00,30:19:12.97,60.065051,-63.855536,40753.0,192639.12622658358,75
262474181,262474181,eastbound,B788,KPHL,EHAM,25:27:56.38,31:46:40.51,41.888931,-67.138616,39111.0,177915.622992048,109
262474079,262474079,eastbound,A333,CYUL,EHAM,25:29:55.11,30:11:30.71,51.908812,-55.404324,38801.0,191684.76974879703,80
262472797,262472797,eastbound,A339,KSLC,LFPG,25:29:57.64,30:32:00.47,60.721622,-64.816681,39635.0,206402.66880507616,74
262474868,262474868,eastbound,B77W,KJFK,EDDF,25:30:20.43,32:05:10.70,41.485686,-68.695584,37714.0,281758.392826359,116
262474198,262474198,eastbound,B764,KATL,EGLL,25:34:29.89,31:40:53.80,41.486791,-68.337495,35098.0,176767.98480584857,99
262474878,262474878,eastbound,B77W,KJFK,EGLL,25:36:05.36,31:32:05.73,41.304911,-68.52613,37882.0,276783.6801628088,104
262474925,262474925,westbound,B763,EGNX,KJFK,25:37:21.96,31:04:05.45,55.400888,-8.084758,39997.0,157496.55075681998,92
262474515,262474515,eastbound,A333,KJFK,LIRF,25:38:03.71,32:01:08.81,42.131372,-66.139918,38176.0,195294.57216606144,98
262474212,262474212,eastbound,A333,KJFK,EGCC,25:38:51.39,30:02:58.44,45.067187,-52.412303,38026.0,190015.53841883942,74
262474196,262474196,eastbound,B789,SKCG,EHAM,25:40:59.10,32:18:49.06,28.878175,-60.620302,40289.0,198153.3105333135,91
262474163,262474163,eastbound,B789,CYUL,EDDF,25:42:01.10,30:27:28.45,51.14096,-54.39848,41087.0,191678.90377216527,85
262474869,262474869,eastbound,A333,KJFK,LSZH,25:43:19.43,32:35:25.18,41.487393,-68.435759,38073.0,196383.68340559624,113
262474882,262474882,eastbound,B763,KJFK,LSGG,25:43:21.31,32:25:37.36,41.650105,-68.486794,37688.0,161904.6788181739,112
262474775,262474775,eastbound,B763,KJFK,LSZH,25:43:53.94,32:10:11.67,42.290618,-65.773057,37720.0,161040.681017471,108
262474175,262474175,eastbound,B772,KTPA,EGKK,25:44:29.95,31:19:43.23,38.097995,-62.086714,38923.0,224063.37339176607,92
262474322,262474322,eastbound,B772,KEWR,EIDW,25:46:06.44,29:39:47.02,44.953928,-52.842752,37711.0,212043.78882569203,70
262474377,262474377,eastbound,B77W,CYUL,LIRF,25:48:50.21,30:28:54.65,46.018037,-52.992353,37516.0,276290.33686437435,81
262474407,262474407,eastbound,B77W,KEWR,EDDF,25:49:58.46,30:41:03.11,45.471182,-51.940493,37303.0,270210.8031452759,85
262474700,262474700,eastbound,B789,KIAD,EGKK,25:50:36.91,31:46:36.20,41.976802,-67.19624,38617.0,196936.88430083173,103
262474157,262474157,eastbound,B789,CYUL,EGLL,25:50:54.23,29:57:11.23,49.50543,-53.045937,41429.0,187310.5754771578,74
262473621,262473621,eastbound,A332,CYYZ,EIDW,25:52:09.77,29:35:27.66,50.965913,-54.616093,40603.0,188809.01612202136,66
262473796,262473796,eastbound,B789,KORD,LFPG,25:54:20.01,30:44:13.91,44.560225,-53.524893,39221.0,185668.27376328336,81
262473212,262473212,eastbound,B788,KDFW,EHAM,25:54:36.14,30:30:29.95,46.742224,-52.428518,42330.0,159944.66978564483,68
262474504,262474504,eastbound,A359,KATL,EIDW,25:54:43.51,31:33:46.44,40.918076,-68.738831,39121.0,226114.95021159036,97
262473714,262473714,eastbound,B789,KDFW,LFPG,25:55:46.26,32:11:09.34,41.039097,-67.818293,39680.0,193867.86728532866,89
262474304,262474304,eastbound,A333,CYYZ,EGPF,25:56:33.69,29:47:51.05,52.047403,-55.236084,39118.0,189440.0390417255,67
262474800,262474800,eastbound,B772,KEWR,LIRF,25:56:41.77,31:56:36.84,42.134909,-66.386447,38071.0,235771.09881796667,99
262474725,262474725,eastbound,A346,KEWR,EDDM,25:58:29.44,31:58:53.55,42.772319,-62.733608,37658.0,287498.81093139667,104
262474414,262474414,eastbound,B77W,KMIA,EGLL,25:58:38.11,31:35:53.92,37.837705,-62.394358,39193.0,276480.9024889322,95
262473123,262473123,eastbound,A333,KPDX,EHAM,25:59:29.39,30:49:03.58,63.816856,-64.602025,39963.0,180330.69122465118,71
262472799,262472799,eastbound,B78X,KSFO,EHAM,25:59:32.49,30:35:42.77,62.962907,-64.464734,38881.0,207624.02377436715,69
262474891,262474891,eastbound,B789,KJFK,EGLL,25:59:39.57,32:04:10.43,41.534289,-68.479471,38500.0,199314.15524127812,106
262475039,262475039,eastbound,A333,KJFK,EGLL,26:00:59.21,32:12:06.50,41.896164,-67.276512,38121.0,195886.47206975787,103
262472439,262472439,eastbound,B789,KLAX,LFPG,26:02:17.03,30:52:13.31,60.792104,-64.905311,40813.0,182177.2136824327,67
262474379,262474379,eastbound,B788,CYYZ,EPWA,26:06:57.29,31:06:46.14,52.2661,-55.649602,41934.0,172361.8820895437,83
262475102,262475102,eastbound,B772,KJFK,EGLL,26:07:13.71,32:04:31.24,41.304706,-68.609734,38221.0,227457.40555109316,106
262474623,262474623,eastbound,A388,KBOS,EDDM,26:07:31.65,31:01:34.55,45.596869,-52.720131,38417.0,453390.7947949695,87
262474244,262474244,eastbound,B78X,KORD,EDDM,26:08:06.38,30:59:38.76,46.338218,-52.213389,38282.0,214732.71082467877,74
262474419,262474419,eastbound,A333,KJFK,EHAM,26:10:00.74,31:11:14.09,44.919063,-52.71521,38037.0,190188.66572817846,83
262475099,262475099,eastbound,A332,KJFK,LIRF,26:10:17.72,32:29:57.24,41.468503,-67.925568,38532.0,205927.20856041112,101
262474384,262474384,eastbound,A333,CYUL,LFBO,26:11:51.98,31:10:14.12,45.890076,-52.635044,38346.0,191159.62425667176,81
262474740,262474740,eastbound,B764,KJFK,LFPG,26:12:01.44,32:15:14.84,42.451587,-64.716434,34400.0,175499.53428822747,103
262475095,262475095,eastbound,B77W,KJFK,LFPG,26:12:04.95,32:24:31.21,41.302716,-68.648178,37877.0,278581.41195959435,111
262474744,262474744,eastbound,A333,CYQB,LFPG,26:12:05.50,31:02:20.56,47.007729,-52.714384,38165.0,192169.8466219496,80
262475014,262475014,eastbound,B772,KJFK,EHAM,26:15:22.16,32:33:18.70,41.484638,-68.691256,37948.0,229821.851098182,112
262474778,262474778,eastbound,B77L,CYMX,EGNX,26:16:09.22,30:15:40.13,51.293109,-54.497855,42975.0,231497.14536066697,73
262474281,262474281,eastbound,A333,CYYZ,EGKK,26:16:59.32,30:57:22.12,44.961759,-52.639611,38493.0,188806.17735313173,77
262472887,262472887,eastbound,B78X,KLAX,EHAM,26:17:15.25,30:57:03.56,62.959703,-65.521626,38769.0,206096.49592601456,66
262474602,262474602,eastbound,A359,KATL,LFPG,26:17:16.59,32:39:35.56,40.950237,-68.046886,38907.0,230604.66220928996,101
262474711,262474711,eastbound,A332,TNCB,EHAM,26:17:40.70,32:58:36.17,26.205277,-56.27847,39017.0,205439.88560707422,98
262474666,262474666,eastbound,B763,KBOS,EIDW,26:18:37.45,31:27:44.60,42.642253,-63.531553,37319.0,153104.22463381017,87
262475169,262475169,eastbound,A333,KEWR,LIMC,26:20:11.54,32:59:23.12,41.980646,-67.079369,38117.0,195655.21869238804,109
262474241,262474241,eastbound,A35K,KAUS,EGLL,26:22:51.95,32:30:18.90,41.062675,-68.38825,38358.0,263727.2538271158,86
262474867,262474867,westbound,B763,EDDK,KEWR,26:23:47.20,31:35:56.93,56.542665,-8.369087,40062.0,157808.98967177368,88
262474301,262474301,eastbound,B788,KORD,LFPG,26:26:26.57,30:56:14.72,49.826457,-53.488612,42415.0,164260.6658428116,79
262474708,262474708,eastbound,B763,CYUL,LOWW,26:28:08.13,31:28:16.68,51.572563,-54.514134,40004.0,158754.57752052552,85
262474319,262474319,eastbound,B763,KORD,EGLL,26:30:22.91,30:51:10.20,51.974395,-55.127616,40805.0,152918.5304653164,75
262473020,262473020,eastbound,B77W,KSFO,EDDF,26:30:56.47,31:36:49.01,60.722663,-64.962911,39528.0,271929.817874199,70
262474389,262474389,eastbound,B77W,CYYZ,LFPG,26:32:30.62,31:11:29.29,45.033048,-52.735654,37881.0,265228.02795056097,82
262474588,262474588,eastbound,B763,KEWR,EGLL,26:34:07.10,31:05:44.82,44.895285,-52.327655,37614.0,152194.14899254442,78
262474612,262474612,eastbound,A359,KATL,EHAM,26:38:11.02,33:02:40.71,41.079686,-67.933509,38835.0,230535.24653324205,101
262474880,262474880,eastbound,A333,KIAD,EIDW,26:38:48.69,32:10:22.16,42.149014,-65.997261,38193.0,193240.44080025496,90
262474859,262474859,eastbound,B763,KBOS,EGPH,26:40:17.03,30:37:15.09,49.536507,-53.496206,41002.0,149877.0623449962,67
262474232,262474232,eastbound,B789,KORD,EGLL,26:40:37.71,30:49:34.00,50.65411,-54.2645,41368.0,184401.44780357584,75
262474340,262474340,eastbound,B788,KORD,EHAM,26:41:34.31,31:10:06.92,52.647029,-55.434747,42439.0,164661.27175002717,79
262474432,262474432,eastbound,A332,KORD,LYBE,26:42:13.31,32:55:25.32,42.554595,-64.27943,38207.0,206521.26017818076,81
262474605,262474605,eastbound,B772,KJFK,EGKK,26:42:53.84,31:06:52.27,44.682823,-52.721176,37950.0,214902.170626561,78
262474336,262474336,eastbound,B772,KIAH,EDDF,26:44:18.82,33:20:35.86,40.959594,-68.513353,38236.0,229675.04688002676,89
262474184,262474184,eastbound,B78X,KORD,EBBR,26:44:35.96,31:26:33.03,44.941583,-52.30173,37832.0,214649.50474989158,80
262474471,262474471,eastbound,A339,CYYZ,EDDF,26:45:42.28,31:44:44.75,48.726345,-52.850028,39885.0,202848.8987319381,85
262474805,262474805,eastbound,B77W,CYYZ,LIRF,26:45:56.96,32:18:50.99,42.947808,-61.943237,37797.0,281309.946234299,88
262474824,262474824,westbound,A332,LIMC,KCVG,26:46:24.10,31:39:59.19,53.897035,-9.497613,39107.0,203749.4963360254,78
262475098,262475098,eastbound,A359,KIAD,LFPG,26:48:50.00,33:06:25.96,42.005783,-67.496275,38586.0,227880.18566647882,108
262475236,262475236,eastbound,A333,KBOS,LSZH,26:48:55.21,33:17:09.84,42.470982,-64.775204,37928.0,196096.80168419928,106
262474637,262474637,eastbound,B77W,KORD,LSZH,26:54:17.99,32:51:13.71,42.624757,-63.929332,37872.0,277089.74319769884,92
262474453,262474453,eastbound,B789,KEWR,EPWA,26:54:39.81,32:08:45.91,45.167663,-51.788715,38047.0,193923.74113059856,86
262474327,262474327,eastbound,B752,KORD,EINN,26:55:30.73,30:47:29.19,44.86852,-52.919088,36687.0,86848.98966395229,65
262475553,262475553,eastbound,B772,KBOS,LFPG,26:55:38.03,32:42:44.86,42.683262,-64.267415,37130.0,226319.26753305673,102
262474477,262474477,eastbound,B752,KORD,EGPH,26:55:45.68,30:51:21.50,52.672327,-55.894183,40086.0,88711.89012042344,66
262473547,262473547,eastbound,B772,KLAS,EGKK,26:55:46.88,31:22:51.38,62.85839,-65.458086,38569.0,213937.69139944605,67
262475263,262475263,eastbound,B763,KJFK,LOWW,26:55:50.70,33:45:13.53,41.588053,-67.84242,37328.0,164712.24657515908,109
262474312,262474312,eastbound,B78X,KORD,EDDF,26:55:58.76,31:48:46.24,52.019774,-55.78309,40580.0,215924.36709957517,81
262474684,262474684,eastbound,A333,KCLE,EIDW,26:58:10.60,31:07:48.61,44.855675,-52.890213,38198.0,187894.36463746437,68
262475300,262475300,eastbound,B763,KEWR,EGLL,26:59:12.81,32:51:50.09,42.267098,-65.812123,37680.0,156863.0232611596,98
262474970,262474970,eastbound,A333,CYYZ,LFPG,26:59:16.15,32:52:14.83,43.069185,-61.65373,38449.0,191923.05598388182,96
262475112,262475112,westbound,B763,LFPG,KEWR,27:00:23.89,32:21:36.69,54.227921,-8.151279,40048.0,157637.55192224382,91
262475043,262475043,eastbound,A333,KBOS,EIDW,27:01:20.24,31:07:33.15,45.789452,-52.953763,38156.0,191675.99603436535,69
262474209,262474209,eastbound,B789,KAUS,EHAM,27:01:31.62,33:24:14.35,40.684982,-68.099371,39683.0,193685.3688477306,88
262474763,262474763,eastbound,B789,CYYZ,EGLL,27:01:44.38,31:09:06.70,49.821933,-53.521546,41393.0,186179.21596066692,75
262475119,262475119,westbound,B763,EDDP,KJFK,27:03:10.59,32:27:18.86,57.438778,-8.027897,40030.0,158284.94219559734,91
262474901,262474901,eastbound,B763,KEWR,EGLL,27:03:15.23,32:45:58.87,42.574205,-64.134217,37359.0,155855.03259898655,97
262474485,262474485,eastbound,B789,KAUS,EGLL,27:03:26.25,33:05:17.16,40.673413,-67.849444,39775.0,192468.05228188264,86
262473495,262473495,eastbound,B772,KSFO,LFPG,27:05:31.88,31:56:11.66,60.889342,-65.074774,38951.0,217274.72296626057,70
262475261,262475261,eastbound,B763,KEWR,EDDF,27:08:29.43,33:34:35.60,42.292077,-65.076753,37517.0,160198.95787626383,107
262474509,262474509,eastbound,A333,CYUL,LIMC,27:09:06.23,32:16:00.46,45.67719,-52.98868,38437.0,191327.51532689616,83
262475482,262475482,eastbound,B764,KJFK,LIRF,27:09:11.06,33:31:26.59,41.586428,-67.94828,34195.0,183187.39786601928,99
262474440,262474440,eastbound,B772,KCLT,LFPG,27:09:54.22,33:25:34.52,39.954186,-68.446277,38495.0,229643.63943588937,109
262473745,262473745,eastbound,A339,KSLC,EHAM,27:12:37.62,31:58:48.67,63.724932,-64.919745,38510.0,205220.85223163458,72
262474942,262474942,eastbound,A333,KJFK,EIDW,27:13:48.67,32:28:29.57,42.676995,-63.506564,38017.0,193901.55802046772,86
262474847,262474847,eastbound,B789,CYYZ,EIDW,27:14:07.04,30:53:06.02,50.360437,-54.018787,41608.0,183778.8766589118,65
262474133,262474133,eastbound,B789,CYVR,EIDW,27:14:37.45,31:02:12.41,64.528957,-63.401722,41360.0,180647.4341730723,65
262475147,262475147,eastbound,B772,KEWR,LFPG,27:16:17.55,33:13:31.51,42.445015,-65.85947,37256.0,226426.1040376347,104
262475700,262475700,eastbound,A339,KBOS,EGLL,27:16:55.70,33:31:17.96,41.621593,-67.724608,38083.0,203863.860948407,104
262474988,262474988,eastbound,B763,KCVG,EDDP,27:17:00.73,33:54:09.15,42.34655,-65.438751,37750.0,161503.96773884926,99
262475242,262475242,eastbound,A343,KEWR,LSZH,27:18:52.29,33:52:23.04,42.072466,-66.603504,37176.0,215236.40629596374,109
262475658,262475658,westbound,B763,EGNX,KPHL,27:19:04.09,32:48:04.94,54.635512,-8.059046,39908.0,158108.406108637,93
262475032,262475032,eastbound,A332,KDTW,EGLL,27:19:28.08,33:03:54.89,42.534435,-64.556101,38251.0,195992.11535170223,96
262475196,262475196,eastbound,B752,KEWR,EIDW,27:20:35.67,32:39:40.23,42.311242,-65.060845,36485.0,93514.5704196447,89
262474372,262474372,eastbound,B789,CYYC,EGKK,27:22:35.63,31:49:16.39,62.965944,-64.979934,39092.0,184527.03413983423,78
262474921,262474921,eastbound,B763,KBWI,EGUN,27:23:09.05,33:34:45.51,41.630732,-68.091419,37602.0,158585.82415324813,104
262475291,262475291,eastbound,A339,KJFK,EGLL,27:24:08.32,33:15:53.84,42.439505,-64.680251,37736.0,203033.51915153064,97
262474846,262474846,eastbound,B772,KMIA,EGLL,27:26:04.49,32:58:55.40,38.070141,-60.766423,38948.0,223586.48512156142,91
262474508,262474508,eastbound,B77W,MPTO,EHAM,27:26:08.15,34:07:54.28,28.079172,-60.776343,39014.0,285047.37774115865,89
262473564,262473564,eastbound,B744,KLAX,EBBR,27:27:10.19,32:12:14.13,61.271086,-64.647917,38669.0,297433.4308759253,68
262475370,262475370,eastbound,B77W,KJFK,EGLL,27:29:17.26,33:00:29.33,42.530449,-64.894634,37027.0,271765.1319634621,93
262474678,262474678,eastbound,A388,KDFW,EGLL,27:29:47.16,33:20:06.68,41.529611,-68.501036,38584.0,468861.6553509394,87
262474657,262474657,eastbound,B789,KORD,EGLL,27:30:07.05,31:38:21.16,50.31625,-53.922345,41371.0,184334.82353515454,75
262474823,262474823,eastbound,B77W,CYYZ,LSZH,27:30:54.29,32:25:12.69,46.451085,-52.892398,37703.0,270354.02380948217,85
262475818,262475818,eastbound,B789,KPHL,EGLL,27:32:39.53,33:38:19.91,41.385059,-68.408144,38430.0,198802.20438798674,104
262475443,262475443,eastbound,A346,KIAD,EDDM,27:33:00.76,34:07:49.87,41.508729,-68.09043,37505.0,291768.5637215845,108
262474503,262474503,eastbound,A333,KMCO,EDDF,27:35:03.87,34:45:38.60,38.694106,-69.137115,38833.0,190969.53330836672,99
262475076,262475076,eastbound,A332,CYUL,LFPG,27:36:04.33,32:09:43.53,48.292739,-52.605654,40195.0,192224.4370528177,80
262475053,262475053,eastbound,A333,CYUL,EDDF,27:37:29.77,32:38:45.86,51.095823,-54.170641,38834.0,191466.83426072367,85
262475794,262475794,eastbound,B772,KJFK,EGLL,27:38:20.85,33:34:31.04,41.665074,-68.46439,37854.0,227444.94643484388,103
262475733,262475733,eastbound,A35K,KJFK,EGLL,27:40:46.76,33:45:59.81,41.474675,-68.579997,38015.0,256466.56628531762,104
262474447,262474447,eastbound,B77W,KMIA,LSZH,27:45:19.53,33:43:50.16,37.244088,-60.934776,39081.0,282529.05083682714,89
262474311,262474311,eastbound,B772,KDEN,LFPG,27:45:24.26,32:32:14.45,60.826553,-64.037747,39257.0,216581.21536857277,74
262475045,262475045,eastbound,B763,KJFK,EIDW,27:47:22.75,31:51:28.18,44.809157,-52.630144,37707.0,149820.3926931504,69
262473730,262473730,eastbound,B748,KLAX,EDDF,27:47:41.20,32:41:58.87,62.235629,-65.196168,37982.0,367347.0124244298,67
262473656,262473656,eastbound,B77W,KSFO,LFPG,27:47:49.78,32:37:23.70,60.859423,-64.817449,39558.0,271331.7982163776,71
262474364,262474364,eastbound,B789,KDEN,EGLL,27:47:50.16,32:10:44.18,62.178312,-64.311752,40740.0,185516.75145943367,73
262475425,262475425,eastbound,B772,KIAD,EDDF,27:49:23.91,34:11:44.50,41.992734,-66.792426,37840.0,229910.162887768,110
262475497,262475497,eastbound,B77L,KATL,EDDF,27:49:28.92,34:22:18.33,40.177801,-68.308514,39274.0,250338.0492837635,101
262475507,262475507,westbound,B748,EDDK,KPHL,27:50:25.64,32:37:17.20,56.839338,-7.944429,37246.0,376509.99131946615,87
262475766,262475766,eastbound,B77W,KJFK,LFPG,27:51:19.62,34:02:27.73,41.587749,-68.384433,37249.0,278538.3671540185,110
262475528,262475528,eastbound,B764,KJFK,LFPG,27:51:32.45,33:58:09.45,42.326727,-65.156989,34791.0,175544.8182942784,104
262475175,262475175,eastbound,B77W,TNCC,EHAM,27:51:50.29,34:37:46.14,27.238755,-60.582173,39042.0,284299.3602538614,100
262474603,262474603,eastbound,B789,CYYC,LIRF,27:52:02.35,32:49:48.49,62.067807,-64.435587,39577.0,193459.22729734913,71
262475136,262475136,eastbound,B789,CYYZ,EKCH,27:55:20.69,32:44:47.75,52.293395,-55.336816,41102.0,190033.02696418046,87
262475876,262475876,eastbound,A359,KEWR,LFPO,27:58:22.30,34:15:03.29,41.949799,-67.220552,38137.0,227357.54137565402,108
262475316,262475316,eastbound,B772,CYUL,LFPG,27:58:33.20,32:34:00.38,46.650304,-52.981118,38557.0,217241.97246848478,82
262475326,262475326,eastbound,A343,KBOS,EDDF,27:58:43.83,33:10:00.08,45.380112,-52.468009,37749.0,207977.05261786503,87
262474855,262474855,eastbound,A333,KMSP,EHAM,27:59:21.41,32:56:43.89,60.462754,-64.960051,39463.0,187218.22854374693,83
262475311,262475311,eastbound,B77W,CYUL,EGLL,27:59:27.01,32:07:24.49,49.638581,-53.585513,40470.0,263094.4398450401,75
262475191,262475191,eastbound,B764,KATL,EGLL,27:59:57.51,34:06:51.78,41.275143,-68.177461,35176.0,177065.92067132783,100
262475183,262475183,eastbound,B763,KJFK,EKCH,28:00:43.93,33:07:56.58,49.206716,-53.192562,40328.0,155904.36388189904,89
262475782,262475782,eastbound,B763,KEWR,EGLL,28:00:53.68,33:56:18.40,42.129699,-65.954517,37450.0,156877.9265769482,98
262473924,262473924,eastbound,B77W,KLAX,LFPG,28:01:15.47,32:53:09.31,60.846103,-65.458518,39407.0,269331.83073468524,68
262474341,262474341,eastbound,A339,KSEA,EDDF,28:02:05.10,33:14:48.59,60.716458,-64.101826,39662.0,206487.7235949836,72
262475477,262475477,eastbound,B752,KIAD,EGPH,28:02:08.26,33:39:24.49,42.172883,-66.14483,36443.0,93934.26296548442,91
262475613,262475613,eastbound,B763,KBWI,EDDF,28:02:51.85,34:54:23.39,41.305078,-68.867778,37504.0,162054.4469187533,113
262475445,262475445,eastbound,A333,KDTW,EHAM,28:07:45.53,34:28:20.56,42.35911,-65.115988,38145.0,191909.4293307218,103
262475333,262475333,eastbound,B744,CYMX,EGNX,28:09:26.44,32:07:24.98,51.437136,-54.812158,39466.0,281318.6592933725,73
262475362,262475362,eastbound,A333,CYUL,EGKK,28:10:05.56,32:45:10.05,46.601249,-52.699783,38342.0,191256.12072861125,77
262474187,262474187,eastbound,B772,KSFO,EGLL,28:12:38.67,32:36:50.40,63.133581,-65.553338,38217.0,214471.92637138607,67
262475562,262475562,eastbound,B763,KATL,EGPH,28:13:44.87,34:12:21.76,40.118808,-68.666619,38565.0,158149.9090395118,98
262475836,262475836,eastbound,B772,KIAD,LFPG,28:14:31.16,34:30:52.56,41.341696,-68.463191,37973.0,229275.7492106127,111
262475361,262475361,eastbound,B764,KATL,LFPG,28:15:28.61,34:41:47.32,40.814417,-67.806657,35200.0,179208.9693607733,102
262475378,262475378,eastbound,B78X,CYUL,EGLL,28:15:41.62,32:22:41.12,49.02422,-52.958254,40024.0,220411.1401305378,75
262474887,262474887,eastbound,B772,MMUN,EGKK,28:17:28.69,33:50:44.12,38.113144,-61.664026,38851.0,224262.43038178873,83
262475008,262475008,eastbound,A333,CYUL,LSGG,28:17:35.85,33:26:48.49,46.343587,-52.844057,38378.0,191290.53776453223,84
262474591,262474591,eastbound,B789,MMMX,LFPG,28:18:10.62,34:42:14.25,39.549441,-68.674112,39810.0,193923.73613902886,81
262474840,262474840,eastbound,B763,MUHA,EDDF,28:18:33.27,34:41:25.69,37.588981,-60.776602,39396.0,162677.31158710385,86
262475452,262475452,eastbound,A332,CYUL,LFLL,28:20:47.19,33:12:52.18,46.920986,-52.790995,39353.0,194454.40628272784,82
262476064,262476064,eastbound,B763,KJFK,EGKK,28:21:19.29,34:17:10.89,42.254824,-65.901353,37007.0,156885.5272421792,98
262474886,262474886,eastbound,B789,KDFW,EIDW,28:22:15.12,33:50:50.02,40.839568,-68.183857,40419.0,189734.2306553637,86
262475933,262475933,eastbound,B752,KEWR,EINN,28:23:20.88,33:35:46.77,42.181783,-65.906867,36428.0,93129.68051377598,86
262475795,262475795,eastbound,A388,KIAD,EGLL,28:23:48.50,34:18:53.70,41.237758,-68.436321,38323.0,452532.9608857838,106
262475456,262475456,eastbound,B763,KORD,EGLL,28:28:31.45,34:17:55.31,42.370682,-65.085887,37953.0,156243.58799056808,94
262474953,262474953,eastbound,B772,MKJP,EGKK,28:29:36.25,34:09:08.78,35.572279,-60.671944,38906.0,224526.5640773755,87
262474382,262474382,eastbound,B764,KJFK,EGLL,28:29:59.40,34:18:20.56,42.323392,-65.240488,34966.0,173673.25769965618,98
262474091,262474091,eastbound,A35K,KLAX,EGLL,28:30:33.00,32:57:57.54,63.143995,-65.147005,38324.0,261271.88188597967,64
262473806,262473806,eastbound,A359,KLAX,LIRF,28:31:51.00,33:16:03.52,53.638049,-56.021219,39807.0,233341.99551122365,53
262475380,262475380,eastbound,B763,KJFK,EGPH,28:32:54.77,32:29:59.72,49.715712,-53.622187,40988.0,150201.19574193665,69
262474349,262474349,eastbound,B77W,KSFO,EGLL,28:34:20.79,33:04:54.25,61.638872,-65.450885,38692.0,268181.59916901245,69
262475473,262475473,eastbound,B772,TLPL,EGKK,28:34:27.45,33:57:20.27,26.27524,-46.719624,39030.0,223173.04234213865,93
262474451,262474451,eastbound,A343,KDEN,LSZH,28:37:13.72,33:48:52.68,59.424563,-62.828384,37932.0,216710.7798312929,70
262475560,262475560,eastbound,B77W,CYUL,LFPG,28:39:08.42,33:13:13.68,46.391661,-52.574447,37983.0,265095.1193931966,81
262474922,262474922,eastbound,A333,KMCO,EGCC,28:39:28.23,35:03:45.75,38.511649,-69.690218,38792.0,191253.50428740916,102
262475411,262475411,eastbound,A346,KORD,EDDM,28:39:53.98,34:58:02.22,42.381725,-65.567511,37856.0,291616.82623636414,93
262475563,262475563,eastbound,B77W,KATL,EHAM,28:40:31.72,34:57:01.70,40.325889,-67.686725,38342.0,279248.58647399914,103
262473951,262473951,eastbound,B77W,SPJC,EHAM,28:40:51.24,34:13:02.12,26.376884,-43.167699,39673.0,276105.2944227588,63
262474305,262474305,eastbound,B77W,KLAX,EGLL,28:45:49.81,33:08:34.72,63.121536,-65.137061,37957.0,265775.401724386,64
262475584,262475584,eastbound,A332,CYUL,LFML,28:46:04.40,33:35:55.62,46.72076,-52.745557,39254.0,195351.02155525694,81
262475655,262475655,eastbound,A339,KTPA,EGLL,28:46:15.92,35:24:09.31,38.311562,-69.713084,39074.0,209511.83648010367,102
262474986,262474986,eastbound,B77W,MMUN,LFPG,28:46:32.39,34:42:37.49,37.066443,-61.165039,39362.0,278513.49913508777,85
262475492,262475492,eastbound,B772,KATL,EGLL,28:47:24.08,34:47:07.99,40.033983,-68.255525,38568.0,226792.40266166485,102
262475978,262475978,eastbound,B772,KCLT,EGLL,28:48:46.78,34:48:14.24,39.900901,-68.578107,38599.0,227518.32432760453,106
262473939,262473939,eastbound,B772,CYVR,EGKK,28:49:17.17,33:12:20.20,62.934043,-64.291929,38298.0,213461.20819451145,71
262476025,262476025,eastbound,B763,KIAD,LSZH,28:51:24.49,35:45:45.24,40.834624,-68.683223,37618.0,162836.38875328284,112
262476257,262476257,eastbound,B772,KEWR,LFPG,28:51:35.83,34:57:51.51,41.997586,-67.283798,37452.0,228459.63640182273,108
262475368,262475368,eastbound,B763,KIAD,EGLL,28:51:39.09,34:52:13.10,42.05215,-66.891794,37438.0,157098.35063080722,99
262475149,262475149,eastbound,B763,KMSP,EDDF,28:51:44.92,34:02:07.83,56.814012,-61.410552,40396.0,157153.71942217264,80
262475638,262475638,eastbound,B764,KATL,LFMN,28:51:58.42,35:21:00.24,40.747761,-67.940763,35119.0,180872.70780163002,92
262475513,262475513,eastbound,B763,CYYZ,EGCC,28:52:48.12,32:59:52.93,50.409418,-54.359067,40907.0,151219.6400882971,70
262476207,262476207,eastbound,B752,KEWR,EGPH,28:53:09.64,34:29:10.75,42.218263,-65.768235,36255.0,94228.0412120875,93
262474039,262474039,eastbound,A35K,KLAX,EGLL,28:56:50.60,33:25:20.23,63.10935,-65.401095,38154.0,261415.29492192258,64
262475575,262475575,eastbound,B789,CYYZ,EPWA,28:58:17.66,33:54:54.11,52.233147,-55.795181,40759.0,194185.29285973703,84
262475643,262475643,eastbound,B772,CYYZ,EHAM,28:59:49.46,33:28:36.48,50.188569,-54.110971,39494.0,216873.40197311292,80
262475360,262475360,eastbound,A333,KMSP,EHAM,29:01:27.05,33:57:45.68,60.062655,-64.476295,39461.0,187315.66999858254,83
262474825,262474825,eastbound,B77W,CYVR,EHAM,29:02:16.92,33:38:52.24,63.06845,-64.595788,37795.0,264486.3720442705,72
262475295,262475295,eastbound,B789,CYYZ,EGLL,29:02:30.22,33:08:57.58,50.271197,-53.657626,41396.0,186281.70934292843,74
262475224,262475224,eastbound,B788,KORD,LFPG,29:04:26.50,33:35:36.50,49.752202,-53.661127,42406.0,164404.84219664903,79
262475041,262475041,eastbound,B789,CYYZ,EDDF,29:08:55.87,33:51:22.59,50.268513,-53.805688,41075.0,190063.71542892273,84
262478279,262478279,westbound,A359,EIDW,CYYZ,29:11:00.00,33:59:14.05,54.291944,-9.547222,39655.0,224950.8,86
262475726,262475726,eastbound,A333,KJFK,EFHK,29:13:30.46,34:41:26.66,50.517108,-54.11036,39010.0,190019.0439089033,91
262475051,262475051,eastbound,B789,KIAH,EGLL,29:13:38.14,35:15:19.20,40.20179,-67.986842,39957.0,192730.42715527883,88
262477166,262477166,eastbound,B789,KJFK,LIRF,29:16:15.90,35:29:04.02,41.895346,-67.323805,37927.0,206048.83926748447,101
262475349,262475349,eastbound,B789,KDFW,LFPG,29:17:45.73,35:37:31.10,40.450349,-68.344915,39960.0,194250.5946599989,90
262475644,262475644,eastbound,A332,CYYZ,EGKK,29:18:37.19,33:34:06.68,48.632815,-52.513075,40349.0,191399.97644494107,76
262474979,262474979,eastbound,B748,KMIA,EDDF,29:19:37.02,35:20:39.21,38.107311,-62.434814,36753.0,386272.3070196746,91
262475353,262475353,eastbound,B789,KFLL,ENGM,29:21:10.37,35:45:40.14,37.964406,-64.41885,40364.0,198240.37708180273,99
262477132,262477132,eastbound,B789,KJFK,LFPG,29:22:47.32,35:45:08.59,41.414441,-68.598005,38091.0,201049.43892599508,111
262475834,262475834,westbound,MD11,LFPG,KMEM,29:23:20.95,34:04:04.24,51.995547,-12.9966,34164.0,258167.88305881733,75
262477150,262477150,eastbound,B772,KJFK,LFPG,29:27:39.30,35:42:41.49,41.508827,-68.626352,37386.0,229704.28483388523,110
262478522,262478522,westbound,B788,EIDW,KORD,29:28:00.00,34:11:24.49,54.237778,-9.371111,41635.0,181668.6,85
262475459,262475459,eastbound,B789,KJFK,EPWA,29:30:24.15,34:26:04.22,49.761991,-53.442927,40746.0,194235.45680472546,84
262474491,262474491,eastbound,B78X,KLAX,EHAM,29:33:49.09,34:11:27.87,62.852498,-64.890886,38358.0,205866.48890018766,66
262475234,262475234,eastbound,B78X,KIAH,EGLL,29:33:59.88,35:32:05.73,39.958056,-67.776889,39403.0,215510.23510158484,87
262479183,262479183,westbound,B77W,EIDW,KIAD,29:38:00.00,34:33:54.12,54.552778,-10.1375,39521.0,277015.5,88
262475899,262475899,eastbound,B789,CYYZ,LFPG,29:38:03.99,34:04:50.24,48.633495,-52.69244,41251.0,187572.58309095577,81
262476052,262476052,eastbound,A333,KEWR,EKCH,29:39:50.84,34:52:01.91,47.903182,-52.275418,38980.0,189963.8205523925,88
262474945,262474945,eastbound,B789,MMMX,EHAM,29:40:21.70,36:06:49.55,39.600943,-68.117374,39890.0,193575.52157189694,81
262477033,262477033,westbound,B744,EDDK,KSDF,29:40:24.16,34:20:28.94,57.091689,-8.049762,38062.0,305710.47135204053,80
262476114,262476114,eastbound,A333,CYUL,LFBO,29:40:40.98,34:35:55.24,45.476234,-52.482764,38595.0,191107.83388667833,80
262474594,262474594,eastbound,B789,KSFO,EGLL,29:41:45.95,34:08:25.78,63.093757,-65.571124,38315.0,180366.21333605607,66
262475566,262475566,eastbound,B77W,KDFW,EGLL,29:42:35.01,35:35:15.44,41.103351,-67.892731,38512.0,275798.51535515755,88
262475270,262475270,eastbound,A333,KORD,EIDW,29:47:35.91,33:37:31.40,51.92193,-55.352574,39531.0,186571.03465500943,66
262475126,262475126,eastbound,B772,KDEN,EGLL,29:47:53.49,34:10:02.48,62.7702,-64.776991,38652.0,213635.00816434275,71
262475396,262475396,eastbound,B789,CYYC,EGLL,29:48:33.46,34:10:55.65,63.20735,-64.48601,38794.0,183958.0430939329,76
262474952,262474952,eastbound,A333,KSEA,EHAM,29:54:27.35,34:47:34.28,62.89776,-64.360333,38915.0,181539.44239464594,73
262474398,262474398,eastbound,B772,KSFO,LIRF,29:56:13.57,34:41:20.29,53.519512,-56.19818,38833.0,220619.38026257945,55
262476061,262476061,eastbound,A343,KORD,EDDF,29:56:32.62,36:28:40.42,42.350669,-65.517376,37141.0,214988.56532973208,97
262475884,262475884,eastbound,A333,KMSP,LFPG,30:03:32.42,35:04:38.12,58.804896,-62.866594,39489.0,187187.6759605836,83
262475752,262475752,eastbound,A333,KORD,EKCH,30:04:25.72,35:07:44.61,60.037616,-63.280229,39548.0,186573.79646859813,82
262475633,262475633,eastbound,B789,KORD,EPWA,30:05:25.90,35:01:30.92,59.641642,-63.810234,40755.0,192897.43807896654,76
262474619,262474619,eastbound,B77W,KLAX,EGLL,30:06:06.05,34:26:51.60,63.20468,-64.541023,37439.0,265075.9800787256,64
262475432,262475432,eastbound,A388,KORD,EGLL,30:08:20.12,34:11:12.64,48.958383,-52.598135,40034.0,450027.6545385785,74
262476134,262476134,eastbound,A333,CYUL,LFRS,30:09:21.44,34:44:57.85,45.866418,-52.419101,38565.0,191068.23476890317,76
262474863,262474863,eastbound,B772,KPHX,EGLL,30:09:54.34,34:34:00.08,62.97129,-65.481118,38320.0,212826.52880676708,65
262475145,262475145,eastbound,B789,CYYC,LFPG,30:10:37.65,34:57:27.90,61.889072,-64.380807,39453.0,186776.99507559196,81
262475118,262475118,eastbound,A359,CYVR,EDDM,30:10:38.81,35:15:22.87,59.977067,-64.081329,39739.0,230038.2072717989,69
262475277,262475277,eastbound,B789,CYYC,EIDW,30:12:13.30,34:02:33.13,64.229048,-64.01327,41289.0,182473.3011624494,71
262475941,262475941,eastbound,B788,KORD,EIDW,30:13:29.35,33:52:26.36,51.108085,-54.321245,42809.0,160420.66864361643,66
262474663,262474663,eastbound,B789,KLAX,EGLL,30:14:13.07,34:38:45.03,63.393105,-65.541915,40968.0,180047.33697535397,64
262475031,262475031,eastbound,A333,KSEA,LFPG,30:17:02.50,35:24:09.67,60.900556,-64.690059,39854.0,181836.19669832138,75
262475961,262475961,eastbound,A333,KMSP,EGLL,30:18:16.16,34:59:09.03,59.122597,-64.13338,39465.0,187394.33834405246,80
262476474,262476474,eastbound,B77L,CYYZ,EHAM,30:20:04.80,34:48:45.83,50.433862,-54.216879,42702.0,234823.57504087396,79
262475581,262475581,eastbound,B789,CYYC,EGLL,30:21:37.00,34:48:29.55,63.115817,-65.780529,38256.0,184811.61213811388,79
262476238,262476238,eastbound,A333,CYYZ,EIDW,30:22:00.12,34:11:20.60,48.822243,-52.931201,39137.0,188993.79758940343,65
262476229,262476229,eastbound,B763,KBOS,EGLL,30:22:04.67,34:52:58.87,45.743412,-52.834633,38690.0,151895.80041524654,76
262478133,262478133,westbound,A332,DAAG,CYUL,30:24:42.67,36:08:58.25,44.607901,-6.712363,39476.0,198997.1113987271,99
262475439,262475439,eastbound,B789,KDEN,EDDM,30:28:49.35,35:30:02.59,59.824518,-63.611314,40731.0,188476.61550158792,70
262476251,262476251,eastbound,A333,KJFK,EKCH,30:30:02.25,35:48:12.54,47.242576,-52.64614,38916.0,190389.29241642545,90
262475460,262475460,eastbound,B789,KDEN,EGLL,30:31:35.88,34:54:32.71,62.452589,-64.515243,41091.0,182913.72593665498,71
262474716,262474716,eastbound,A333,KSFO,EIDW,30:39:21.61,34:47:07.85,63.113905,-64.633742,39944.0,178053.3277934366,62
262476091,262476091,eastbound,B77W,MUHA,LFPG,30:41:36.87,36:28:54.17,37.451753,-60.957263,39459.0,277139.8679584945,88
262475253,262475253,eastbound,A332,KSEA,EIDW,30:46:30.27,34:48:18.03,63.134665,-65.273326,38475.0,193866.05336844397,66
262479680,262479680,eastbound,B744,KDOV,ETAR,30:50:29.38,37:22:59.12,40.456228,-68.718106,37482.0,302986.5795178093,116
262475247,262475247,eastbound,B748,MMMX,EDDF,30:51:14.12,37:21:54.40,39.869356,-68.115649,37542.0,377925.2393727452,79
262474987,262474987,eastbound,B77W,KLAX,EGLL,30:54:51.82,35:16:54.75,63.137563,-64.899115,37639.0,265736.10686805367,64
262475384,262475384,eastbound,B789,KSEA,EGLL,30:55:00.51,35:16:32.71,63.270861,-64.731628,41114.0,182333.23091800069,70
262478543,262478543,eastbound,B77L,KORD,EDDF,30:55:23.02,37:13:55.95,42.35361,-65.43886,38844.0,244569.41256438865,99
262475372,262475372,eastbound,B789,MMMX,EHAM,30:56:32.92,37:26:53.81,39.265215,-68.886352,40284.0,193392.045231563,81
262475935,262475935,eastbound,B789,KORD,EGLL,30:58:32.24,35:07:33.56,49.928818,-53.829237,41379.0,184275.68648546364,75
262474958,262474958,eastbound,A339,KLAX,LFPG,31:00:22.00,36:02:40.64,60.896112,-64.749996,39726.0,204986.719724847,67
262476290,262476290,eastbound,B789,KJFK,ENGM,31:01:08.93,35:37:36.04,50.312551,-54.222147,41181.0,189462.32308979402,83
262476300,262476300,eastbound,B77W,KDFW,EGLL,31:01:58.26,36:55:32.13,40.884075,-67.766794,38624.0,274731.4519683908,87
262475519,262475519,eastbound,A333,KSEA,EGLL,31:04:44.02,35:40:50.12,63.54799,-64.352698,39974.0,181540.58527335222,71
262479623,262479623,westbound,A359,EHAM,KDTW,31:07:37.18,35:53:44.53,56.951912,-8.099816,39433.0,229024.97449792514,85
262475030,262475030,eastbound,B77W,KLAX,LFPG,31:08:17.83,35:59:18.49,59.45099,-63.722092,39689.0,268679.91677891026,67
262475728,262475728,eastbound,A343,MRLB,LSZH,31:13:03.14,37:31:39.63,36.604109,-60.756692,37064.0,226385.10220188092,74
262475729,262475729,eastbound,B772,KPDX,EGLL,31:20:57.04,35:43:37.16,63.167516,-65.073164,37580.0,215227.677437319,72
262476124,262476124,eastbound,B77W,CYYZ,EGLL,31:21:30.92,35:28:45.36,49.673067,-53.411656,40416.0,263704.6280455337,73
262476872,262476872,eastbound,B77L,KRFD,EDDM,31:25:27.97,36:06:42.69,51.326577,-54.165779,42334.0,239853.37089018215,74
262481997,262481997,westbound,B772,EINN,KBWI,31:28:00.00,36:20:58.97,53.855,-11.7275,38979.0,226986.6,87
262475956,262475956,eastbound,B78X,KSEA,EGLL,31:32:16.48,35:54:01.81,63.357968,-64.667775,37237.0,211498.87416054055,74
262481122,262481122,westbound,B772,EGLL,KBOS,31:35:13.27,36:36:41.01,53.905534,-10.648158,39240.0,222568.0200338461,88
262480780,262480780,westbound,B77L,EBLG,KMEM,31:35:37.63,36:15:45.28,55.336065,-8.880004,41418.0,255039.30419555397,74
262476561,262476561,eastbound,B77W,MMUN,LFPG,31:38:45.99,37:28:28.32,38.084692,-62.012934,39227.0,277580.09930000786,83
262476977,262476977,eastbound,B77L,KORD,EHAM,31:39:45.97,36:06:20.88,51.394474,-54.446967,42707.0,234239.60355635016,78
262481712,262481712,westbound,MD11,LERT,KNGU,31:39:47.78,37:20:37.07,38.721687,-13.606877,33237.0,250177.64424928883,97
262480817,262480817,westbound,A333,EHAM,KATL,31:42:08.07,36:54:56.91,56.44107,-7.665796,38404.0,194278.72981990207,83
262477502,262477502,eastbound,B789,MMUN,LIRF,31:53:03.34,37:36:13.93,37.328053,-61.036869,40083.0,198309.5178893205,70
262482657,262482657,westbound,A333,EGPF,CYYZ,31:56:00.00,37:03:12.62,56.651944,-7.797222,37948.0,197329.4,87
262476450,262476450,eastbound,B789,MMMX,EGLL,31:57:52.82,38:10:24.65,38.75246,-69.666693,40481.0,192390.33635420876,80
262475717,262475717,eastbound,A332,KLAX,LEBL,32:01:31.67,38:22:37.02,42.160809,-67.610685,39006.0,196331.50475783585,68
262480346,262480346,westbound,B78X,EDDF,KORD,32:04:30.00,36:45:30.08,56.546808,-8.310124,39862.0,221698.80563144363,79
262475532,262475532,eastbound,B772,KPHX,EGLL,32:06:46.64,36:27:49.90,63.177999,-64.498536,38348.0,213106.89789293532,65
262481504,262481504,westbound,A333,EGLL,KBOS,32:07:08.86,37:23:07.14,53.900475,-10.501604,38283.0,195082.8551767272,88
262475318,262475318,eastbound,A35K,KSAN,EGLL,32:07:38.01,36:34:15.43,63.177881,-64.576183,37761.0,261209.67719652335,63
262480816,262480816,westbound,B77W,EDDF,KJFK,32:08:45.32,37:18:49.40,55.644356,-8.301723,39703.0,274554.9193218757,92
262482457,262482457,westbound,A332,EGVN,KMCI,32:11:57.32,36:54:02.24,53.767269,-10.708318,38773.0,205155.3825395126,79
262475484,262475484,eastbound,B77W,KLAX,LSZH,32:12:40.90,37:10:42.65,58.184165,-62.058107,39610.0,271756.45873461245,62
262482378,262482378,westbound,A333,EGLL,KJFK,32:12:58.74,37:42:55.70,54.835125,-7.959013,38215.0,195530.14590079957,93
262476388,262476388,eastbound,B789,MMMX,LFPG,32:14:49.66,38:45:58.74,38.890369,-69.353241,40273.0,194691.26985230128,82
262481503,262481503,westbound,B763,EGLL,KIAD,32:15:14.87,37:30:16.66,53.867158,-10.612647,39896.0,158728.20705986407,89
262480945,262480945,westbound,B772,LFPG,KLAX,32:18:50.57,36:56:52.42,53.971686,-9.827914,37282.0,249570.86916884713,57
262482333,262482333,westbound,B772,EGLL,KJFK,32:19:44.73,37:18:50.53,53.927445,-11.400105,39099.0,224443.30121334357,89
262482516,262482516,westbound,B789,GMMN,CYUL,32:27:52.70,37:43:46.03,39.4159,-14.14324,40874.0,196346.38265430045,93
262482135,262482135,westbound,B788,EBBR,MDPC,32:31:10.44,38:28:23.11,50.755346,-6.610293,41211.0,184314.31593677157,97
262479951,262479951,eastbound,B763,KMIA,EHAM,32:31:27.53,38:45:39.97,37.941318,-61.860798,39495.0,161089.72130768723,94
262480745,262480745,westbound,B77W,LFPG,KJFK,32:32:06.92,37:25:02.87,52.613222,-13.105379,39836.0,272463.99609151756,87
262482088,262482088,westbound,B772,EHAM,KEWR,32:34:34.68,37:38:05.27,56.057143,-8.136502,38993.0,225718.86714090593,90
262481577,262481577,eastbound,B763,KSDF,EIDW,32:36:34.33,38:19:58.28,41.497581,-68.217968,38319.0,156414.66417307509,95
262483439,262483439,westbound,B772,LEMD,KJFK,32:36:56.57,37:59:54.75,44.413799,-10.614771,38933.0,227050.30711369848,95
262476272,262476272,eastbound,A35K,CYVR,EGLL,32:38:14.81,37:08:41.90,63.41112,-65.42526,37493.0,256969.65951257717,71
262482447,262482447,westbound,B77W,LFPG,CYUL,32:38:34.32,37:24:50.21,52.882464,-12.856648,40029.0,269723.4176439464,83
262482534,262482534,westbound,B788,EGLL,CYYZ,32:39:08.55,37:27:11.33,53.959479,-10.550298,41980.0,176338.67951525492,86
262484068,262484068,westbound,B772,EIDW,KEWR,32:40:00.00,37:36:49.05,55.239444,-10.0,39043.0,226095.0,88
262481832,262481832,westbound,B77L,EDDP,KCVG,32:41:34.13,37:23:29.80,57.766702,-8.077099,41747.0,249828.06696276498,77
262482750,262482750,westbound,B77W,EGLL,KDFW,32:44:34.94,37:19:12.75,55.972913,-9.073435,38328.0,291808.01123565674,71
262483231,262483231,westbound,A359,EKCH,KLAX,32:44:37.79,37:24:52.04,60.445479,0.339568,37729.0,247955.56487664822,57
262484733,262484733,westbound,B752,EGPH,KEWR,32:47:10.30,38:04:11.84,57.360795,-8.056514,35350.0,96041.56734603456,90
262483764,262483764,westbound,A333,LFBD,CYUL,32:47:17.80,38:24:42.27,48.819415,-6.763386,38219.0,195505.68204391774,93
262484286,262484286,westbound,B788,EIDW,KORD,32:49:00.00,37:33:41.62,54.433889,-9.314444,41638.0,181668.6,85
262475748,262475748,eastbound,B772,KSFO,LFPG,32:53:09.32,37:43:40.54,59.453514,-63.609017,38942.0,217718.41239142296,70
262476297,262476297,eastbound,A339,KSLC,EGLL,32:55:52.44,37:27:22.26,63.497263,-64.217985,39845.0,203817.88143214368,70
262478014,262478014,eastbound,B789,MMMX,EGLL,32:56:34.59,39:04:14.75,39.126035,-68.846791,40430.0,192529.6581223919,80
262482128,262482128,eastbound,B748,KSDF,EDDK,32:57:53.97,39:20:35.56,41.73408,-68.091278,36808.0,383327.2238583657,106
262481578,262481578,westbound,A359,LFPG,KATL,32:57:55.28,37:43:34.71,53.494005,-12.957305,39115.0,233064.0638812488,80
262483868,262483868,westbound,B789,EGLL,KORD,32:58:44.45,37:43:10.26,53.978128,-9.461624,40415.0,202059.67440725904,85
262482838,262482838,westbound,B788,LEBL,KPHL,33:00:26.77,38:41:24.62,45.440517,-6.57851,41722.0,178721.915924833,101
262481559,262481559,westbound,A333,LIMC,KJFK,33:04:03.26,38:15:00.55,53.659867,-12.238929,38908.0,190881.555577665,88
262482974,262482974,westbound,A332,LFPG,CYUL,33:05:02.67,37:52:35.19,53.377646,-13.147468,39940.0,194156.0895329257,82
262482272,262482272,westbound,B763,LSGG,KEWR,33:05:46.15,38:12:00.29,53.74777,-11.508452,40166.0,157278.99136943885,87
262482237,262482237,westbound,A333,LFSB,CYUL,33:06:11.36,38:20:25.11,54.02086,-8.639653,38674.0,192424.29966879854,87
262482597,262482597,westbound,A339,EDDF,KLAS,33:07:18.80,37:50:07.55,56.846041,-7.999531,38160.0,220582.29053347788,57
262484109,262484109,westbound,A332,EGLL,KMSP,33:07:47.97,37:55:00.65,54.003974,-8.586946,39010.0,202602.56346271592,85
262477185,262477185,eastbound,A346,SKBO,EDDF,33:08:56.28,38:59:35.02,26.302185,-44.72904,39165.0,300342.6652956005,72
262483337,262483337,westbound,B78X,EHAM,KLAX,33:13:04.97,37:42:53.71,57.744523,-7.907095,39706.0,223002.9329669262,56
262483885,262483885,westbound,A333,EHAM,KDTW,33:16:34.69,38:22:45.41,56.335065,-7.769825,38393.0,194254.13834450647,87
262484120,262484120,westbound,B763,ESSA,KJFK,33:17:13.70,39:13:07.51,63.007585,2.100242,39751.0,160155.99633417258,101
262485416,262485416,westbound,B789,EIDW,CYYZ,33:18:00.00,38:07:14.56,54.353333,-9.305833,40759.0,199548.9,86
262484038,262484038,westbound,A359,LEMD,MMMX,33:19:00.95,38:43:39.20,42.391205,-12.561441,37670.0,248648.43138336908,68
262484000,262484000,westbound,B789,EGLL,KJFK,33:19:45.68,38:18:42.94,53.776043,-11.404922,40881.0,196422.95209026118,89
262485582,262485582,westbound,B752,EINN,KORD,33:21:00.00,38:06:28.36,54.052222,-12.537222,38537.0,98659.4,82
262482979,262482979,westbound,B772,LFPG,KEWR,33:22:20.59,38:34:58.98,54.039447,-8.955379,39025.0,225159.76122130355,88
262484915,262484915,westbound,B763,LEMD,KJFK,33:22:25.29,39:07:53.95,44.316397,-10.729966,39962.0,158201.81617069032,93
262483354,262483354,westbound,B77W,EDDF,CYYZ,33:23:12.57,38:14:26.52,56.259826,-7.758121,39594.0,276017.41634373064,87
262482682,262482682,westbound,A333,EDDF,MMUN,33:27:52.98,38:55:48.16,55.551463,-7.928741,38631.0,192796.7030278707,68
262481963,262481963,westbound,A359,LIRF,KLAX,33:28:00.69,38:40:37.74,49.981368,-6.568811,37807.0,249331.44774982485,57
262484341,262484341,westbound,B789,EGLL,CYUL,33:29:23.22,38:20:35.75,53.955863,-10.441436,41023.0,194930.95876849708,85
262484954,262484954,westbound,A333,ESSA,KEWR,33:29:31.33,39:29:56.44,62.876424,6.299419,38272.0,195185.93386613252,102
262483134,262483134,westbound,A333,LSZH,KORD,33:29:37.98,38:33:52.50,54.220786,-8.096512,38713.0,192148.32746089413,81
262482693,262482693,westbound,B763,EDDM,KEWR,33:29:51.27,38:45:54.33,56.496675,-8.272214,40074.0,158192.4581140337,88
262484567,262484567,westbound,B772,EGLL,KPHX,33:32:08.80,38:09:20.52,55.896925,-8.187853,37238.0,247475.8541716234,62
262485317,262485317,westbound,B763,LPPT,KJFK,33:32:47.63,39:13:18.77,41.534019,-13.483598,39996.0,157535.92626893162,91
262485337,262485337,eastbound,B763,KEWR,LFPG,33:33:23.75,39:57:29.19,41.985844,-66.945796,37255.0,158995.0610074303,107
262483112,262483112,westbound,B763,EDDB,KEWR,33:34:29.03,38:45:12.16,57.765288,-8.310156,40037.0,158437.24164664664,88
262483168,262483168,westbound,A359,EDDM,KORD,33:34:51.41,38:13:47.05,56.9561,-7.816065,39252.0,232660.83682672714,76
262485138,262485138,westbound,A339,LPPT,KSFO,33:36:36.27,38:54:47.72,41.936296,-13.56993,37686.0,224110.6678511772,65
262484543,262484543,westbound,B77W,EGLL,KIAH,33:37:04.07,38:12:52.31,55.928497,-8.762078,38066.0,293547.2017317339,70
262485273,262485273,westbound,F900,LEBB,KHPN,33:37:25.18,39:50:36.86,44.16564,-6.615606,38186.0,18612.144040148396,99
262485274,262485274,eastbound,B772,BIKF,LEBL,33:38:15.00,36:26:24.70,62.340833,-19.936944,40243.0,209499.1,50
262483049,262483049,westbound,B763,LSZH,KORD,33:38:24.46,38:35:33.15,55.995751,-7.864533,39592.0,162237.10075967017,79
262480319,262480319,westbound,A332,LYBE,KJFK,33:39:28.03,38:54:56.95,55.275375,-8.793387,39631.0,200326.77114611462,82
262484342,262484342,westbound,B744,EBLG,KJFK,33:40:42.24,38:57:42.25,54.485688,-7.873197,38657.0,294819.7838011541,92
262484570,262484570,westbound,A333,EBBR,KJFK,33:42:24.32,39:11:17.42,54.649451,-8.085971,38413.0,194201.8897401086,93
262483642,262483642,westbound,A339,EHAM,KSLC,33:42:47.80,38:16:58.11,57.97881,-8.328709,38356.0,217926.07373026674,63
262485202,262485202,westbound,B764,EGLL,KBOS,33:43:20.17,39:06:05.78,53.897007,-9.240566,35705.0,172407.45936818738,90
262486466,262486466,westbound,B763,EGPH,KJFK,33:44:36.60,39:11:22.14,56.471977,-7.728674,40034.0,156965.52596908854,92
262485842,262485842,westbound,B788,EGNT,KMLB,33:45:12.89,38:55:37.98,56.183138,-7.631956,41230.0,185243.23646417522,85
262482961,262482961,westbound,A333,LIRF,KATL,33:46:00.43,39:20:37.63,50.136042,-6.73567,38942.0,190789.34233891216,77
262484119,262484119,westbound,B789,EDDF,CYUL,33:49:11.30,38:47:07.94,56.079289,-7.880579,40952.0,194057.6004749738,87
262484546,262484546,westbound,B77W,EBBR,CYUL,33:51:06.39,38:49:28.51,55.262537,-8.101124,39892.0,271733.73168710177,87
262485559,262485559,westbound,B772,LEMD,KCLT,33:52:45.97,39:18:49.23,44.235378,-10.0869,38448.0,233898.24683046422,95
262483683,262483683,westbound,B763,LSZH,KEWR,33:53:00.85,39:10:57.49,55.281762,-8.363057,40063.0,158156.1063990686,90
262476277,262476277,eastbound,B77W,KLAX,EGLL,33:53:05.99,38:15:08.99,63.300003,-64.772348,37649.0,266881.8768679625,65
262476797,262476797,eastbound,B772,KLAX,LFPG,33:53:16.42,38:41:10.33,60.879647,-64.281945,38981.0,216516.5614391211,68
262485020,262485020,westbound,A35K,LFPO,TFFR,33:53:56.16,39:47:02.45,48.535394,-6.34253,38050.0,264909.39814193104,102
262484871,262484871,westbound,B77W,EGLL,KJFK,33:53:58.16,38:51:25.24,53.866693,-11.729954,39811.0,272850.3853516167,88
262485181,262485181,westbound,B788,EHAM,KPHL,33:54:00.05,38:58:34.13,56.000032,-8.204113,41919.0,176222.32411407793,90
262483983,262483983,westbound,B772,LFPG,KATL,33:54:33.93,38:41:59.13,53.594904,-11.924654,38457.0,232941.6438584763,80
262484670,262484670,westbound,A333,EGKK,CYYZ,33:54:42.61,38:55:09.39,53.852363,-10.564823,38312.0,194863.0988661374,85
262485773,262485773,westbound,B764,LEMD,KIAD,33:55:49.57,39:30:31.14,43.838288,-11.446282,34067.0,177637.30493986484,93
262480187,262480187,eastbound,B772,KAFW,EDDN,33:55:54.67,40:34:10.77,40.610531,-68.497402,38404.0,230131.13377111728,85
262485889,262485889,westbound,B772,LEBL,KIAD,33:58:00.46,39:34:35.61,45.811432,-6.593461,38599.0,231444.4131390412,99
262481589,262481589,westbound,B763,LIRN,KEWR,34:00:31.66,38:55:19.17,52.197297,-13.935402,40250.0,157953.59068782255,76
262485744,262485744,westbound,A333,ENGM,KEWR,34:00:45.06,39:51:33.53,62.222818,2.38311,38143.0,196038.96751293543,99
262483611,262483611,westbound,B789,EDDF,KAUS,34:01:03.72,38:34:19.50,56.940432,-8.87754,39637.0,208997.36091649072,65
262483852,262483852,westbound,A339,LFPG,KMSP,34:01:17.60,38:51:56.41,55.014872,-8.414933,39045.0,210378.28310763105,81
262484698,262484698,westbound,A333,EHAM,KMSP,34:02:06.65,38:55:04.74,56.78642,-7.80152,38414.0,194162.45650458586,82
262484611,262484611,westbound,A333,EHAM,KATL,34:02:21.29,39:08:48.18,56.455841,-8.115845,38413.0,194199.69044755082,80
262483404,262483404,westbound,B748,EDDF,KIAH,34:02:31.53,38:30:57.95,57.15808,-8.999718,35923.0,398689.57112139143,64
262483793,262483793,westbound,A333,LSZH,KJFK,34:02:50.36,39:24:50.96,53.93487,-9.902269,38771.0,191763.1511700987,91
262483822,262483822,westbound,A359,LFPG,KIAH,34:03:50.50,38:44:38.60,55.05994,-9.051789,38400.0,240672.52186088602,67
262475985,262475985,eastbound,A339,KLAX,EGLL,34:03:53.61,38:40:22.33,63.424548,-65.420982,39123.0,204867.99112657152,64
262485761,262485761,westbound,B763,LEMD,KATL,34:05:21.38,39:53:17.72,43.003876,-12.106418,39227.0,164664.7480961246,94
262484023,262484023,westbound,B772,EDDF,KCLT,34:05:32.81,39:02:06.62,56.217819,-7.719014,38527.0,231908.38088624823,80
262484973,262484973,westbound,B77L,LEBL,MMMX,34:05:44.73,39:53:13.13,45.584101,-6.990328,40133.0,274371.3392495877,71
262485857,262485857,westbound,B77W,EGLL,KDFW,34:06:06.04,38:41:21.20,56.344866,-8.794337,38092.0,292410.59237407224,72
262485645,262485645,westbound,B788,EGCC,MMPR,34:06:11.81,38:47:20.46,55.410528,-8.088443,40075.0,197034.32268425982,61
262485140,262485140,westbound,A333,EHAM,KJFK,34:07:14.47,39:33:23.06,56.085774,-8.253756,38413.0,194213.21444552852,92
262485475,262485475,westbound,B772,EGLL,KCLT,34:07:27.01,39:05:39.97,53.865154,-9.809885,38572.0,231953.60850218264,87
262484685,262484685,westbound,A332,EDDF,KJFK,34:10:03.97,39:27:59.14,55.87475,-8.249388,39580.0,198109.06938192973,92
262481469,262481469,westbound,FA7X,LIBG,KBGR,34:10:47.45,39:00:23.07,52.655633,-13.528164,46183.0,15798.753635170033,75
262486586,262486586,westbound,B763,EIDW,KJFK,34:11:00.00,39:29:01.69,54.224167,-10.420278,40084.0,156505.3,90
262482602,262482602,westbound,A332,LIRF,KJFK,34:11:04.23,39:10:50.07,52.267843,-13.215713,39741.0,198531.68002264082,84
262483253,262483253,westbound,B772,LOWW,KLAX,34:11:37.36,38:45:07.02,57.566364,-8.518893,37425.0,247366.23800204723,51
262485814,262485814,westbound,B764,LFPG,KRDU,34:11:47.56,39:52:58.30,50.458399,-6.505705,33846.0,180321.94680515293,96
262484443,262484443,westbound,B77W,LFPG,KJFK,34:12:09.85,39:04:58.09,52.604311,-13.122209,39835.0,272457.59513074777,87
262484275,262484275,westbound,A333,LFPO,KEWR,34:14:12.59,39:15:48.01,53.556045,-12.891689,38582.0,193038.8508564307,85
262485928,262485928,westbound,B789,LEMD,MMMY,34:15:06.73,39:42:09.57,42.834448,-12.248251,39274.0,215130.231066954,74
262483709,262483709,westbound,A332,LIRF,KJFK,34:15:09.14,39:51:59.92,50.354689,-6.058566,39420.0,200768.35275389315,94
262483403,262483403,westbound,B789,LIRF,KDFW,34:15:12.03,39:21:13.01,50.333976,-7.048512,39609.0,208472.72232989434,66
262484001,262484001,westbound,B789,LFPG,KDFW,34:15:19.69,38:51:39.16,54.990902,-8.59569,39764.0,208480.46076380927,68
262484678,262484678,westbound,B763,EDDS,KATL,34:15:33.43,39:24:11.07,55.984334,-8.924663,39297.0,164722.02941585946,77
262485757,262485757,westbound,A35K,EGLL,KLAX,34:15:46.13,38:52:54.42,55.898385,-8.404174,36960.0,279749.9626482707,58
262484718,262484718,westbound,A333,LFPG,KDTW,34:16:50.82,39:12:12.83,53.688641,-11.563379,38528.0,193311.44314160637,84
262485626,262485626,westbound,B772,EGLL,KRDU,34:17:05.40,39:18:43.88,53.941335,-10.738229,38703.0,229998.5764786131,88
262485538,262485538,westbound,B789,EGLL,KMIA,34:17:31.85,39:28:36.47,53.775667,-12.961714,40124.0,204819.6323396919,87
262484642,262484642,westbound,B77W,LFPG,KLAX,34:18:28.09,38:55:31.13,54.872058,-8.451842,37553.0,303610.106950738,57
262484182,262484182,westbound,B764,EDDM,KATL,34:19:04.88,39:25:23.73,57.503321,-8.749482,32797.0,180711.6707892782,74
262486465,262486465,westbound,A333,LEMD,KORD,34:19:18.21,39:52:50.76,44.284573,-9.381841,38218.0,195559.63992729195,95
262486405,262486405,westbound,GLEX,EGHI,CYUL,34:19:27.13,39:26:08.25,54.754872,-8.01511,46966.0,32320.964294779584,88
262487100,262487100,westbound,A359,EIDW,KATL,34:20:00.00,39:17:33.90,53.909444,-9.675833,38991.0,232256.1,87
262485982,262485982,westbound,B789,LEMD,MMMX,34:21:31.88,39:48:17.33,42.520171,-12.195683,39056.0,217781.90429572845,69
262485299,262485299,westbound,B763,EGLL,KEWR,34:21:56.98,39:31:28.89,53.938787,-10.769055,40099.0,156865.51757496357,88
262483982,262483982,westbound,B763,EDDB,KJFK,34:22:33.15,39:46:16.90,57.42125,-8.152216,40041.0,158261.62684582226,91
262485180,262485180,westbound,A333,EHAM,KIAH,34:23:08.48,39:09:49.43,57.847751,-8.324882,38482.0,193728.95000153585,65
262486295,262486295,westbound,B764,LFPG,KJFK,34:23:24.85,40:04:33.54,50.449733,-6.416878,34295.0,176182.1432569602,97
262486540,262486540,westbound,A333,LPPT,CYYZ,34:23:32.00,39:48:11.27,41.775062,-13.317849,38121.0,196227.2018274458,92
262483786,262483786,westbound,B789,LIRF,KPHL,34:24:18.16,39:54:10.46,50.061106,-6.379089,40579.0,197278.1573533511,91
262485567,262485567,westbound,B763,EBBR,KJFK,34:24:29.72,39:53:00.04,54.682318,-7.992481,40021.0,157777.43754042088,93
262485515,262485515,westbound,B764,LFMN,KATL,34:25:11.01,39:58:44.62,49.844068,-7.035903,33494.0,182443.31633475397,82
262483851,262483851,westbound,A333,EDDF,KATL,34:25:18.43,39:29:11.52,56.562265,-9.104924,38688.0,192348.09942328895,76
262486125,262486125,westbound,B78X,LPPT,KEWR,34:25:56.12,39:48:06.83,41.663098,-13.380551,39408.0,225380.41950493408,90
262484422,262484422,westbound,B748,EDDF,KLAX,34:29:42.59,38:55:11.45,57.105694,-8.754606,35911.0,398799.96501938417,54
262485965,262485965,westbound,B77L,EHAM,KLAX,34:30:01.15,38:53:42.46,57.056417,-8.516719,40487.0,268817.7425144044,54
262486334,262486334,westbound,B77W,EGLL,KJFK,34:30:24.51,39:30:33.77,53.922615,-11.180714,39770.0,273304.6906504876,89
262486070,262486070,westbound,A359,EFHK,KDFW,34:31:36.56,39:24:13.79,65.265439,9.576994,38145.0,243332.78471982604,69
262485812,262485812,westbound,B78X,EBBR,KORD,34:31:45.60,39:17:00.77,55.361034,-8.102791,39659.0,223214.65019459443,86
262484773,262484773,westbound,B789,EDDF,KDTW,34:31:57.94,39:20:40.60,56.278639,-7.892334,40539.0,198802.42798360204,85
262487189,262487189,westbound,A333,EGCC,KMCO,34:32:19.29,39:58:24.48,54.387331,-8.000116,38047.0,196623.5742793746,88
262476254,262476254,eastbound,A339,KLAX,EDDF,34:33:07.56,39:51:09.41,61.513003,-65.405835,39607.0,204999.73232882872,67
262487467,262487467,westbound,E550,EINN,KILG,34:33:40.82,39:52:26.97,53.315147,-13.034115,43453.0,15654.842043800074,88
262485780,262485780,westbound,B772,EHAM,KIAH,34:34:15.39,39:12:25.83,56.817855,-8.331718,37815.0,242165.1150887997,68
262485815,262485815,westbound,B772,EGLL,MYNN,34:34:23.14,39:56:50.43,53.106938,-12.624916,38345.0,235036.89221451397,90
262486408,262486408,westbound,B772,EGLL,KIAH,34:34:23.50,39:14:57.15,54.037526,-8.904009,37798.0,242799.15428704114,71
262487602,262487602,westbound,B772,EIDW,KCLT,34:35:00.00,39:34:37.19,54.055,-9.543611,38569.0,232654.2,88
262485607,262485607,westbound,B789,EGLL,KPHL,34:35:21.18,39:31:07.46,53.863689,-10.533293,40777.0,197747.1642919307,88
262480495,262480495,eastbound,B748,KSEA,ELLX,34:36:47.68,39:29:06.07,61.537625,-64.93327,37446.0,375405.0187856122,76
262484926,262484926,westbound,A333,LFPG,CYQB,34:37:08.47,39:24:02.34,53.416998,-12.860499,38584.0,193036.05389568376,64
262486602,262486602,westbound,A35K,EGLL,KLAX,34:37:42.46,39:14:36.07,55.826813,-8.696251,36960.0,279753.69441896916,58
262484296,262484296,westbound,A333,EDDF,KIAD,34:37:47.57,39:57:28.55,56.167168,-7.952922,38637.0,192692.79964506748,90
262483703,262483703,westbound,A339,LFPG,KSLC,34:38:33.65,39:21:19.95,55.559086,-8.291251,38273.0,218748.58454492694,64
262486252,262486252,westbound,A333,EHAM,KBOS,34:39:30.16,40:03:35.17,56.072991,-8.27758,38405.0,194197.3271499529,90
262487403,262487403,westbound,B789,LPPT,KPHL,34:40:06.75,39:57:42.80,41.735389,-13.305054,40732.0,199119.74416845746,94
262484131,262484131,eastbound,MD11,KMEM,LFPG,34:40:57.55,40:59:05.61,41.355132,-68.418169,35225.0,254656.7534744741,98
262486355,262486355,westbound,B788,EHAM,KDFW,34:41:02.13,39:08:16.00,57.843431,-8.932482,40984.0,185405.29926329738,66
262486590,262486590,westbound,B77W,EBBR,KEWR,34:41:03.65,39:46:54.40,54.489014,-7.982225,39672.0,274901.84196989686,91
262485854,262485854,westbound,A333,EBBR,KATL,34:41:58.80,39:57:15.35,55.864217,-8.024216,38445.0,193976.1786638154,83
262485727,262485727,westbound,B764,EDDB,KIAD,34:42:04.54,39:52:20.30,57.824428,-8.293829,32734.0,177714.35160600307,86
262484461,262484461,westbound,A333,LOWW,CYYZ,34:42:20.55,39:50:38.51,56.710587,-7.821033,39055.0,189982.70479463285,82
262485583,262485583,eastbound,B744,KCVG,EBBR,34:42:30.80,40:58:25.72,41.515764,-68.138241,37947.0,299956.85102154786,107
262485252,262485252,westbound,A333,LFPO,CYUL,34:44:08.75,39:43:02.67,53.4579,-12.994554,38580.0,193040.8339352149,82
262484620,262484620,eastbound,B77L,KMEM,EDDK,34:45:58.98,41:21:11.45,40.520585,-68.225517,40069.0,248692.66349525706,100
262486753,262486753,westbound,B788,LEBL,KORD,34:46:12.43,40:06:57.09,46.236656,-6.76856,41318.0,182744.5063470814,89
262486768,262486768,westbound,B77W,EGLL,KORD,34:46:13.16,39:30:05.61,55.864723,-8.130143,38800.0,280509.7778932115,86
262486831,262486831,westbound,A339,EGLL,KATL,34:46:42.53,39:58:00.51,55.281553,-8.262907,38878.0,211667.81557031663,87
262485436,262485436,westbound,A332,EDDF,KATL,34:46:51.96,39:45:02.73,56.422567,-8.862896,38852.0,205778.2699951865,77
262486357,262486357,westbound,B77W,LFPG,CYUL,34:47:10.66,39:27:05.13,53.441611,-13.267286,40054.0,269263.3868798372,82
262485952,262485952,westbound,A339,LFPG,KBOS,34:47:59.39,39:51:02.82,52.951761,-13.161702,39873.0,201782.94887614695,86
262484298,262484298,westbound,B772,LIRF,KIAD,34:49:06.97,40:14:37.75,50.157016,-6.677789,38677.0,229276.08766442948,88
262484687,262484687,westbound,B772,LOWW,KEWR,34:50:32.87,39:52:22.05,57.10367,-8.08199,38995.0,224706.8188178609,87
262487763,262487763,westbound,A359,EGCC,KIAH,34:51:47.52,39:34:40.81,55.472529,-8.349307,38354.0,239807.0900055285,73
262484955,262484955,eastbound,B748,KSDF,EDDK,34:52:10.26,41:17:24.32,41.695013,-68.332987,36803.0,383426.06147454184,106
262485146,262485146,westbound,B788,EDDF,KDFW,34:52:32.54,39:22:50.66,56.929951,-8.833366,40947.0,184901.5699573711,64
262485714,262485714,westbound,A332,DAAG,CYUL,34:52:56.92,40:30:37.23,44.422394,-7.280139,39509.0,198896.01408977906,98
262486158,262486158,westbound,B763,LEBL,KATL,34:54:15.01,40:38:23.69,44.04064,-11.825498,39289.0,164920.63544277597,87
262486500,262486500,westbound,B789,EGKK,MMUN,34:56:05.22,39:36:06.53,53.976706,-12.042687,39661.0,209985.6781166375,65
262487631,262487631,westbound,B789,EGBB,MKJS,34:58:03.62,40:33:17.76,54.225202,-10.752859,39827.0,208969.12852503345,87
262486930,262486930,westbound,B77W,LEBL,CYYZ,34:58:36.18,40:26:24.63,46.461935,-6.583795,39322.0,279978.72136053815,98
262485960,262485960,westbound,B789,EDDF,KDEN,34:58:47.71,39:28:57.77,56.975586,-8.633421,39855.0,206451.50347609285,65
262488159,262488159,westbound,A332,EIDW,KORD,35:00:00.00,39:50:24.61,54.370278,-9.425833,39115.0,200765.3,85
262487203,262487203,westbound,B789,EGLL,KORD,35:01:17.09,39:47:57.92,53.903887,-8.94141,40391.0,202498.4014771686,86
262488107,262488107,westbound,B752,EGPH,KORD,35:03:00.00,39:55:42.37,56.825,-8.964167,38368.0,99471.3,84
262486902,262486902,westbound,B788,LFPG,KORD,35:03:11.32,39:48:42.98,54.696439,-8.102637,41588.0,179502.00936164788,86
262484768,262484768,westbound,A332,LIRF,KMIA,35:03:14.99,40:56:11.09,49.906454,-6.322842,38761.0,207617.35520387496,79
262487768,262487768,westbound,A332,LEMD,KSFO,35:03:50.89,40:22:26.28,44.323316,-10.019494,38101.0,212063.72451838944,63
262484276,262484276,westbound,B772,LIRF,KJFK,35:06:00.72,39:58:17.62,52.185943,-13.303737,39136.0,222238.6437364778,84
262487220,262487220,westbound,A339,EHAM,KJFK,35:06:50.57,40:29:59.87,55.999612,-8.231271,39553.0,204869.37302495734,92
262487232,262487232,westbound,B78X,EHAM,KLAS,35:07:01.73,39:31:26.81,57.610745,-7.918017,39683.0,223134.02585940703,58
262487424,262487424,westbound,B789,EGLL,KDEN,35:07:50.76,39:37:27.01,55.881683,-8.792649,39848.0,208191.0629181321,70
262488521,262488521,westbound,A333,EIDW,KBOS,35:08:00.00,40:27:45.01,54.466666,-10.116667,37948.0,197329.4,90
262489110,262489110,westbound,B763,EGPH,KATL,35:08:00.00,40:21:36.36,55.4625,-8.737778,39207.0,163918.8,88
262485900,262485900,westbound,B748,EDDF,KORD,35:08:40.30,39:45:41.56,56.821894,-7.780009,36786.0,384361.9577446972,82
262477880,262477880,eastbound,B763,KPHX,EDDF,35:08:40.44,40:22:57.22,61.625939,-64.566366,39080.0,154004.47805540432,68
262487593,262487593,westbound,B764,EGLL,KJFK,35:08:54.39,40:13:18.30,52.749137,-13.493258,34876.0,173223.50270055057,86
262488279,262488279,westbound,A333,EIDW,KJFK,35:10:00.00,40:32:04.71,54.382778,-9.516111,37948.0,197329.4,91
262485932,262485932,westbound,B788,EHAM,KORD,35:11:54.23,39:56:59.70,56.302244,-8.13815,41596.0,179612.12823581457,85
262485047,262485047,westbound,B763,LIRF,KJFK,35:12:00.95,40:57:03.61,50.316633,-6.071473,39865.0,159911.31624262023,94
262479800,262479800,eastbound,A359,KSFO,LFPO,35:13:19.02,40:07:53.54,60.501745,-65.014287,39525.0,230985.1938357243,69
262483945,262483945,westbound,A332,LIRF,KBOS,35:13:33.10,40:13:54.92,52.695962,-13.046794,39936.0,196424.50339368675,84
262486250,262486250,westbound,A333,LFBO,CYUL,35:13:56.08,40:53:14.05,48.956901,-6.335592,38353.0,194592.54721341762,94
262487825,262487825,westbound,B772,EGLL,KEWR,35:14:39.17,40:19:10.52,55.101193,-8.234239,39032.0,225525.13639791898,91
262484421,262484421,westbound,A333,LIRF,KBOS,35:14:40.60,40:22:03.23,52.558894,-13.481061,39276.0,188424.5479616834,87
262484373,262484373,westbound,B772,LOWW,KORD,35:14:49.03,39:44:20.55,57.153036,-9.099565,38651.0,229571.6004256561,72
262485674,262485674,westbound,B772,LIMC,KJFK,35:15:19.92,40:15:09.56,53.828103,-11.267003,39073.0,223633.38491523662,89
262485096,262485096,westbound,B748,EDDF,KMIA,35:16:08.19,40:25:41.61,56.352521,-8.881431,36236.0,393479.741583911,78
262488492,262488492,westbound,A333,LPPT,KBOS,35:16:12.61,40:46:45.20,41.776865,-12.868664,38088.0,196435.5882733236,92
262487770,262487770,westbound,A359,LEMD,KJFK,35:16:25.22,40:40:50.56,44.393936,-10.875754,39647.0,226209.15892171138,96
262487960,262487960,westbound,B789,LEMD,KDFW,35:17:06.41,40:27:05.18,44.617969,-10.593445,39598.0,211360.79549685822,76
262486738,262486738,westbound,A332,EDDF,KJFK,35:19:13.78,40:37:31.92,55.818034,-8.181243,39581.0,198098.44934026213,92
262486199,262486199,westbound,B78X,EDDM,KORD,35:21:15.44,39:57:56.57,57.101979,-8.297368,40040.0,220247.78691187577,74
262487575,262487575,westbound,B77W,EGLL,KLAX,35:21:44.19,39:55:05.17,55.978569,-8.421532,36785.0,302393.21239832,58
262487880,262487880,westbound,A333,LPPT,CYUL,35:21:44.41,40:48:35.49,41.893401,-13.021193,38124.0,196213.6568969722,90
262486865,262486865,westbound,B772,EHAM,CYYZ,35:21:46.19,40:09:39.49,56.679156,-8.420485,38932.0,226235.00098748464,86
262486313,262486313,westbound,B764,EDDM,KDTW,35:22:37.82,40:26:03.27,57.423813,-7.618716,32841.0,178997.4537963729,82
262487310,262487310,westbound,B772,EGKK,KMCO,35:22:37.94,40:40:41.93,55.007965,-8.778368,38272.0,236029.86329813476,85
262487725,262487725,westbound,A35K,LFPO,TFFF,35:23:41.72,41:08:07.69,48.486551,-6.276286,38000.0,265619.8434634379,99
262487292,262487292,westbound,B763,LFPG,KCVG,35:24:33.87,40:16:24.44,53.603145,-12.441087,39648.0,161201.66571927362,82
262487807,262487807,eastbound,B763,KJFK,EGNX,35:25:39.32,41:32:54.42,41.367434,-67.874796,37675.0,157149.11248790077,102
262477938,262477938,eastbound,A359,KLAX,LFPO,35:26:05.02,40:07:36.82,45.437151,-52.190764,40347.0,227671.18630141948,58
262488581,262488581,westbound,A333,EGCC,KATL,35:26:34.18,40:42:42.40,54.586692,-8.44605,38083.0,196420.49633076685,88
262483690,262483690,westbound,B78X,LIRF,KORD,35:26:36.87,40:35:51.75,50.252704,-6.535279,40079.0,220005.5883615714,78
262486857,262486857,westbound,B77W,EDDF,KEWR,35:28:11.66,40:31:23.01,56.087662,-7.957057,39675.0,274695.7392524644,90
262486862,262486862,westbound,A333,LSGG,KJFK,35:29:34.50,40:48:00.70,53.777556,-10.701599,38745.0,191958.32606578473,90
262488420,262488420,westbound,B788,LEMD,KPHL,35:29:41.58,40:48:29.32,44.444498,-11.471146,41884.0,177412.7228476776,94
262488244,262488244,westbound,A333,LPPT,CYYZ,35:30:26.57,40:55:39.42,41.904473,-13.038752,38121.0,196232.2951922461,93
262488292,262488292,westbound,B77W,EGLL,KJFK,35:33:00.37,40:37:16.37,53.949395,-10.28206,39739.0,273739.17328197457,90
262487311,262487311,westbound,B772,EGKK,KLAS,35:33:06.96,40:06:49.49,56.189876,-8.944705,37499.0,246842.072751854,61
262487303,262487303,westbound,B789,LFPG,KDFW,35:34:28.89,40:14:18.09,55.002803,-8.821151,39763.0,208467.13934720718,69
262489083,262489083,westbound,B752,EIDW,KORD,35:35:00.00,40:34:20.88,54.180833,-9.673056,38377.0,99213.6,86
262489899,262489899,westbound,B752,EINN,KEWR,35:35:33.09,40:36:46.95,53.104464,-13.07551,39106.0,95133.13088523792,85
262482182,262482182,westbound,A333,LGAV,KJFK,35:37:58.74,40:42:24.23,52.580922,-13.237315,39948.0,184012.06338318894,71
262487057,262487057,westbound,B764,EHAM,KIAD,35:37:59.75,40:55:34.55,56.854327,-8.023823,32427.0,177333.82308306845,89
262487251,262487251,westbound,A332,EDDF,KLAS,35:38:13.69,40:20:32.59,56.939309,-8.060706,38512.0,209194.13961704014,57
262488163,262488163,westbound,A333,EGKK,CYUL,35:38:45.25,40:43:35.39,53.737403,-10.646416,38312.0,194856.90504036166,85
262489722,262489722,eastbound,B772,KBOS,EGLL,35:40:47.26,41:36:58.34,41.684373,-67.770188,37708.0,226479.2607151697,103
262484396,262484396,eastbound,B77L,KIND,LFPG,35:41:44.10,40:45:27.07,43.966787,-56.857756,41551.0,238040.86552960408,88
262488527,262488527,westbound,B764,EGLL,KATL,35:42:25.77,40:55:42.02,56.301985,-8.086017,32207.0,181473.3510017678,86
262490101,262490101,westbound,B752,LPPR,KEWR,35:42:34.69,41:30:57.89,42.446753,-11.666791,36830.0,96761.34844163581,92
262486856,262486856,westbound,A333,EDDM,CYYZ,35:43:20.40,40:52:48.11,55.313777,-8.098565,38846.0,191293.02517879152,86
262477587,262477587,eastbound,A333,KLAX,EIDW,35:43:46.73,39:53:19.83,63.865248,-64.499573,40434.0,177402.95054202987,61
262488036,262488036,westbound,B77W,EBBR,KIAD,35:44:53.30,40:51:52.06,54.493328,-8.254449,39432.0,278387.01133975864,91
262488746,262488746,westbound,A333,EGLL,KJFK,35:45:48.42,41:05:11.27,53.803405,-9.894449,38250.0,195287.4422333316,90
262488560,262488560,westbound,A332,EGLL,KDTW,35:45:59.19,40:43:48.64,53.846828,-9.003654,39268.0,199980.8890355802,87
262486630,262486630,westbound,B772,EDDM,KCLT,35:46:27.23,40:41:17.29,56.47166,-8.686433,38571.0,230926.07019883997,77
262489018,262489018,westbound,A333,LEMD,KBOS,35:46:59.69,41:19:44.81,44.34962,-10.710867,38260.0,195321.8554166615,93
262486611,262486611,westbound,B763,LSGG,KIAD,35:48:28.00,40:59:36.11,53.859342,-11.527468,39952.0,159117.55686367478,88
262487733,262487733,westbound,A333,EKCH,CYYZ,35:48:28.01,40:48:05.48,60.702268,-7.70469,38666.0,192578.17178478348,85
262488397,262488397,westbound,B77W,EGLL,KLAX,35:48:43.19,40:19:47.39,56.431964,-8.75792,36823.0,302367.9135104511,58
262487426,262487426,westbound,B789,LFPG,KLAX,35:48:48.85,40:20:14.96,55.239896,-8.835674,39179.0,215132.59276555965,56
262486082,262486082,westbound,B772,LIMC,KEWR,35:48:56.40,40:50:32.21,53.692516,-11.607403,39087.0,223350.02218355026,84
262489946,262489946,westbound,B789,EGCC,KMLB,35:51:08.68,41:04:48.37,54.31768,-7.909351,40046.0,207176.77782556997,86
262485586,262485586,westbound,B789,LIRF,KORD,35:51:24.54,40:18:23.20,52.595844,-14.008848,40517.0,196194.69504604407,67
262488483,262488483,westbound,B78X,EHAM,KORD,35:53:19.90,40:34:34.25,57.208754,-7.750353,39657.0,223242.54977600175,85
262487085,262487085,westbound,A332,EDDF,KDTW,35:53:45.33,40:49:19.67,56.282149,-7.985295,39272.0,201267.7802218544,85
262488586,262488586,westbound,B772,LEBL,KJFK,35:54:24.73,41:33:32.85,46.171598,-6.322266,38798.0,228706.5022412052,100
262488200,262488200,westbound,B772,LFPG,KJFK,35:54:35.72,40:47:47.81,53.023306,-13.013078,39147.0,223151.9446258858,87
262488641,262488641,westbound,A35K,EGLL,KAUS,35:54:48.59,40:33:34.74,56.010462,-9.060538,37477.0,272917.83150329214,68
262486962,262486962,westbound,A359,EDDM,KDEN,35:55:07.15,40:24:42.13,57.256899,-8.302644,38596.0,240121.7644593385,62
262487465,262487465,westbound,B77W,LFPG,MMMX,35:55:34.57,40:38:45.62,55.010318,-8.747986,37658.0,304049.56852322014,60
262482354,262482354,eastbound,B77L,MMMX,LFPG,35:55:56.84,42:25:20.48,38.619457,-69.686395,40353.0,249717.03119301697,82
262488965,262488965,westbound,A333,EGKK,KJFK,35:57:41.78,41:09:23.29,53.709371,-11.567776,38353.0,194610.1497650749,88
262487346,262487346,westbound,A346,EDDF,KJFK,35:58:14.88,41:12:24.91,55.812537,-8.230624,39390.0,283466.57221422985,92
262485511,262485511,westbound,B78X,LIRF,KEWR,36:00:09.13,40:47:09.55,52.469962,-13.059049,40362.0,217809.69103343834,82
262490076,262490076,westbound,A333,EIDW,KIAD,36:01:00.00,41:15:24.17,54.466667,-10.116667,37947.0,197329.4,89
262488294,262488294,westbound,A333,EHAM,KMSP,36:01:05.41,40:52:56.56,56.754084,-8.031938,38411.0,194159.27055397106,82
262486744,262486744,westbound,B788,LSZH,KPHL,36:01:29.27,40:58:09.36,53.990843,-10.500949,41946.0,173947.5436076706,88
262489195,262489195,westbound,A333,LPPT,KIAD,36:02:03.21,41:34:06.35,41.7055,-13.341171,38127.0,196191.27386661153,93
262486754,262486754,westbound,B763,LIMC,KATL,36:02:41.94,41:08:28.01,53.94226,-10.825521,39353.0,164447.13710443274,75
262489588,262489588,westbound,A333,LPPT,KEWR,36:04:51.32,41:34:26.54,41.73426,-13.323569,38124.0,196205.6872647437,93
262487743,262487743,westbound,A333,LFPG,CYYZ,36:04:59.82,41:00:39.60,53.651067,-11.684295,38540.0,193295.02339484193,84
262488979,262488979,westbound,A333,LEBL,CYUL,36:05:26.17,41:55:39.24,45.164907,-6.48624,38392.0,194424.25164894378,97
262487767,262487767,westbound,B772,EDDM,KIAD,36:05:50.25,41:06:12.95,56.476402,-8.120235,38838.0,227120.09870464558,85
262484154,262484154,eastbound,B77L,KIND,EGSS,36:06:16.08,40:17:39.65,48.916645,-53.161746,42793.0,232256.29128502787,76
262489823,262489823,westbound,B752,EGPH,KIAD,36:07:35.22,41:24:03.64,56.698701,-8.127381,38660.0,97680.30991820716,89
262490426,262490426,westbound,A333,EINN,KJFK,36:08:00.00,41:18:56.15,53.975278,-12.051111,37944.0,197329.4,88
262489430,262489430,westbound,B763,EGCC,CYYZ,36:09:15.29,41:14:57.49,55.192102,-8.281061,39949.0,157904.46199550602,87
262487771,262487771,westbound,B77W,EDDF,KIAD,36:11:38.30,41:12:46.99,55.973173,-8.368094,39481.0,277709.5855994711,89
262487013,262487013,westbound,B763,EDDM,KIAH,36:11:43.40,40:57:39.88,57.30343,-8.573229,39126.0,166730.74320479837,61
262489254,262489254,westbound,A333,EGKK,KBOS,36:14:21.42,41:23:56.27,53.7386,-12.010991,38350.0,194630.8769728536,86
262489196,262489196,westbound,B77W,EGLL,CYYZ,36:15:23.14,41:07:35.89,53.893415,-9.186837,39584.0,275713.0736082637,87
262487755,262487755,westbound,A332,LFPG,CYUL,36:16:36.82,41:06:35.61,53.288093,-13.449537,39941.0,194181.85533866822,82
262489272,262489272,westbound,A333,LEMD,CYYZ,36:16:48.99,41:48:22.72,44.333094,-10.207752,38254.0,195334.43751093806,95
262489483,262489483,westbound,B772,EGLL,KCLT,36:17:31.34,41:15:48.77,53.852146,-9.838633,38572.0,231944.2776145043,87
262486475,262486475,westbound,B763,LIPZ,KATL,36:18:25.02,41:19:05.72,54.04871,-11.854023,39446.0,164354.5205417423,71
262488571,262488571,westbound,MD11,EBOS,KRSW,36:19:48.02,41:28:19.16,55.657025,-8.585642,33546.0,259136.0192391941,77
262488934,262488934,westbound,GLEX,EDDK,KMIA,36:20:04.94,41:41:49.83,54.269251,-8.506734,45226.0,35807.689317814526,81
262489419,262489419,westbound,A333,EHAM,TNCA,36:20:17.47,42:20:25.16,50.795018,-7.017939,38366.0,194671.16208338962,86
262488869,262488869,eastbound,B752,KEWR,EIDW,36:21:18.41,41:52:05.61,42.214463,-65.903713,36394.0,93781.80317218133,90
262488206,262488206,westbound,B789,EPWA,KORD,36:21:56.81,41:06:50.74,60.593036,0.039249,40274.0,201329.7900994113,77
262487800,262487800,westbound,A339,EDDF,KLAX,36:22:22.20,40:55:05.53,57.526083,-8.528003,38187.0,220286.9421525187,53
262489962,262489962,westbound,A359,LEMD,MMMX,36:22:22.59,41:43:36.99,42.381657,-12.718644,37667.0,248624.8070534858,68
262489620,262489620,westbound,A359,LFPO,SOCA,36:22:22.77,41:36:52.34,47.753863,-6.521537,38797.0,235586.93533084684,85
262488181,262488181,westbound,A333,EKCH,KEWR,36:22:34.84,41:37:16.39,60.294305,-7.988351,38666.0,192571.72690699899,89
262486688,262486688,westbound,B77W,LIRF,CYYZ,36:22:59.54,40:53:28.80,53.617099,-13.35545,39748.0,273895.95599805005,75
262488400,262488400,westbound,B789,EKCH,CYYZ,36:23:07.34,41:06:55.60,60.684966,-7.76728,40760.0,196252.66704450033,85
262483692,262483692,westbound,A339,LGAV,KBOS,36:23:12.39,41:21:39.99,53.25006,-13.691032,39908.0,205694.2537382241,73
262487289,262487289,westbound,GLEX,LIMJ,CYUL,36:23:12.78,41:11:29.53,53.742266,-12.371948,46914.0,31370.333218696687,82
262489896,262489896,westbound,B788,LEMD,KPHL,36:23:45.65,41:42:43.60,44.40344,-11.451163,41885.0,177403.75862436893,94
262487734,262487734,westbound,A359,EDDM,KLAX,36:24:02.97,40:51:23.11,57.481458,-7.653356,37836.0,248681.66260795077,52
262488431,262488431,westbound,A359,EKCH,KIAD,36:25:36.67,41:16:02.95,60.520406,-7.899282,39507.0,229020.57109832647,86
262488344,262488344,westbound,B763,ETAR,KBWI,36:25:54.34,41:44:20.29,55.376975,-8.19246,39850.0,159586.36405401267,90
262488532,262488532,westbound,B78X,EDDF,KORD,36:26:32.41,41:13:19.89,56.38436,-7.75173,39825.0,221887.90866922782,81
262489261,262489261,westbound,B789,EGKK,KMLB,36:27:23.53,41:20:49.61,53.707137,-13.336648,40230.0,203393.10489196886,79
262489466,262489466,westbound,B772,EGLL,KIAD,36:29:35.13,41:27:35.78,53.964709,-10.612685,38876.0,227637.74604530912,88
262490416,262490416,westbound,A333,LPPT,CYYZ,36:31:32.29,41:57:02.41,41.83,-13.145758,38121.0,196225.78514383905,93
262489975,262489975,westbound,B772,EGKK,KTPA,36:31:47.65,41:31:25.14,55.319067,-8.931249,38211.0,236948.35318978477,79
262491796,262491796,westbound,A333,EINN,KBOS,36:32:00.00,41:43:09.46,53.94,-11.611389,37926.0,197329.4,86
262488233,262488233,westbound,A359,EDDM,KSAN,36:32:29.89,40:55:00.55,57.758831,-8.688929,37853.0,248713.93020547915,51
262487672,262487672,westbound,A333,LIMC,CYUL,36:33:17.72,41:40:51.30,53.920623,-10.39294,38839.0,191299.1463403571,87
262491128,262491128,westbound,B763,EIDW,KBOS,36:34:00.00,41:49:02.21,54.475278,-10.565,40265.0,154828.9,87
262490955,262490955,eastbound,B763,KPHL,LFPG,36:34:07.04,43:10:39.32,41.144901,-68.754223,38188.0,159989.8472697763,110
262480456,262480456,eastbound,B772,KLAX,EGLL,36:35:58.46,41:00:44.15,63.249238,-65.66444,37989.0,212563.67241522,64
262487871,262487871,westbound,B772,LFPG,KIAD,36:36:55.72,41:40:37.27,54.374737,-8.5243,38842.0,227705.85735390676,90
262485001,262485001,eastbound,B77L,KIND,EDDK,36:39:42.67,41:23:51.85,47.925504,-52.433513,42472.0,236945.35542815202,82
262489939,262489939,westbound,B763,EGLL,KEWR,36:41:02.39,41:43:46.55,53.60937,-12.357615,40175.0,156435.49390573098,86
262490183,262490183,westbound,B772,EGLL,CYHZ,36:41:09.75,40:55:14.18,53.780053,-12.198056,39654.0,216637.9139047309,75
262487785,262487785,westbound,B763,LOWW,KIAD,36:41:30.74,42:00:17.18,56.968306,-7.625733,39816.0,160994.27590403712,83
262489747,262489747,westbound,A333,EGLL,KMIA,36:42:04.00,42:14:56.13,53.816571,-11.447072,38313.0,194891.02728933012,89
262485100,262485100,westbound,B788,LGAV,KIAD,36:42:29.72,42:02:50.10,49.970396,-7.063694,41655.0,173580.00454910306,75
262490203,262490203,westbound,A332,EGKK,CYYZ,36:43:33.56,41:35:15.69,53.763516,-10.766048,39560.0,197317.17670381675,85
262489459,262489459,westbound,B789,EHAM,KLAX,36:43:59.18,41:07:55.06,58.189437,-7.833483,39252.0,214359.0876524403,55
262490515,262490515,westbound,A333,LFRS,CYUL,36:44:22.15,42:18:40.82,49.24169,-6.567938,38081.0,196431.88988175234,94
262485692,262485692,westbound,B77W,LGAV,CYUL,36:45:54.83,41:41:07.67,55.229149,-9.13586,39974.0,271466.78923313686,73
262491109,262491109,westbound,B763,LPPT,KBOS,36:46:56.79,42:18:13.77,41.382658,-13.257757,40171.0,155959.92005950512,92
262491139,262491139,westbound,A333,EIDW,CYYZ,36:47:00.00,41:51:15.82,54.353333,-9.305833,37948.0,197329.4,87
262488661,262488661,westbound,B763,LSGG,KJFK,36:47:14.87,41:55:51.09,53.725372,-12.614104,40219.0,156877.76224430875,87
262489660,262489660,eastbound,B77L,KCVG,EDDP,36:47:26.98,43:27:14.81,41.716008,-67.743622,39136.0,252445.44748095365,108
262491728,262491728,westbound,B763,EGPH,KBOS,36:47:33.88,42:11:41.85,55.899658,-8.053703,40205.0,155295.31383659455,90
262489299,262489299,westbound,B772,LFPG,KEWR,36:47:34.72,41:52:28.51,54.328366,-8.48542,39013.0,225130.39689583075,91
262490529,262490529,eastbound,B772,KJFK,EGLL,36:47:38.48,42:42:41.31,41.255488,-67.671888,38475.0,226891.15010882795,104
262489626,262489626,westbound,B77W,LFPG,KLAX,36:48:12.18,41:18:35.73,55.676161,-8.777925,37740.0,302831.25198614213,56
262490684,262490684,eastbound,A333,KJFK,EGLL,36:49:40.52,43:12:00.08,40.834833,-67.95696,38105.0,196116.50438697607,105
262479493,262479493,eastbound,B789,KLAX,EGLL,36:50:20.43,41:14:43.53,63.358109,-65.410347,40966.0,179642.1693276688,64
262489756,262489756,westbound,A359,LFPG,CYYZ,36:51:44.79,41:33:26.30,53.591102,-11.861824,39709.0,226233.69910276253,84
262490800,262490800,westbound,B789,EGLL,KPHL,36:52:11.91,41:47:50.39,53.886018,-10.542856,40778.0,197766.10039859547,88
262490095,262490095,westbound,B77W,EGLL,KMIA,36:52:29.97,42:12:13.25,53.166528,-13.313378,38888.0,286400.8313637099,85
262490868,262490868,westbound,B763,EGLL,KORD,36:52:31.26,41:51:52.36,53.91858,-8.76171,39491.0,161653.14694926506,86
262489926,262489926,westbound,A333,EHAM,KDTW,36:52:52.60,41:58:21.35,56.463874,-7.882032,38404.0,194238.48162440062,87
262488917,262488917,westbound,A332,LFLL,CYUL,36:53:25.47,41:51:17.45,53.709768,-10.77292,39870.0,195296.48940625208,85
262486833,262486833,westbound,A359,LGAV,KATL,36:54:50.99,42:25:37.13,48.184236,-6.480095,38832.0,240896.71413119766,70
262491098,262491098,eastbound,B763,KJFK,EDDP,36:55:46.92,44:00:26.32,41.351704,-68.307826,37730.0,162492.1447986782,116
262490281,262490281,westbound,B789,EGLL,MKJS,36:56:58.19,42:17:51.61,52.79034,-13.493831,39908.0,207342.26263872412,82
262488753,262488753,westbound,A332,LIMC,KJFK,36:57:24.98,42:00:38.21,53.793868,-12.2472,39722.0,197555.08693600516,88
262491954,262491954,eastbound,B763,KPHL,EGNX,36:57:36.61,43:03:41.99,41.343285,-67.712948,37837.0,157984.88921584238,102
262491782,262491782,westbound,A332,LPPR,CYYZ,36:58:29.39,42:22:22.16,42.265297,-11.672945,39316.0,198872.82733562126,94
262490844,262490844,westbound,B772,EGLL,KIAD,36:59:00.31,42:03:20.62,55.255776,-8.044894,38834.0,228100.09941808588,90
262490538,262490538,westbound,B772,EHAM,KJFK,36:59:51.82,42:10:18.25,56.093779,-8.157235,39004.0,225530.40346376042,92
262489641,262489641,westbound,B748,EDDF,KIAD,37:00:21.93,41:59:29.51,56.122365,-8.022789,37074.0,379573.68091517786,90
262489799,262489799,westbound,A359,LFPG,KBOS,37:03:35.14,41:57:02.56,52.833256,-13.005535,40043.0,222653.6029216871,85
262490378,262490378,westbound,A332,EHAM,KIAD,37:04:55.13,42:15:02.27,56.152749,-8.02436,39351.0,199734.555865021,90
262487648,262487648,westbound,B788,LIPZ,KPHL,37:05:38.15,42:12:43.73,54.137519,-8.689373,41886.0,173777.3569099282,87
262491752,262491752,westbound,A35K,EGCC,KMCO,37:06:10.14,42:28:43.66,54.335817,-7.908555,37874.0,266349.77417027426,89
262489709,262489709,westbound,A343,EDDF,KBOS,37:06:53.57,42:31:24.26,55.904008,-8.028025,38113.0,209086.51741988712,90
262489360,262489360,westbound,A359,EHAM,KATL,37:07:16.35,42:08:10.64,56.088256,-7.934015,38946.0,234314.1212659397,84
262490270,262490270,westbound,B789,EGLL,KLAX,37:07:18.00,41:39:05.20,55.90764,-8.232318,39196.0,215855.80195383285,58
262490636,262490636,westbound,A332,LEBL,KSFO,37:07:49.66,42:32:21.18,46.680254,-6.889806,38270.0,210925.83066224097,61
262490226,262490226,westbound,B763,EKCH,KJFK,37:08:41.63,42:31:56.05,60.364737,-7.488387,40052.0,158051.23127355656,91
262489280,262489280,westbound,A333,EDDF,KPHL,37:13:19.42,42:29:47.54,56.047003,-8.21304,38639.0,192654.45558174534,89
262489420,262489420,westbound,A343,LSZH,CYUL,37:13:38.42,42:26:03.43,54.390176,-8.569667,38140.0,209197.74964586776,87
262490047,262490047,westbound,B77W,LFPG,CYYZ,37:14:38.06,41:51:20.34,53.587009,-13.00962,39736.0,273817.71089372964,83
262490715,262490715,westbound,B77W,LFPG,CYUL,37:15:57.98,41:57:23.37,53.396719,-13.048181,40057.0,269290.0917034091,84
262492678,262492678,westbound,A333,EIDW,CYYZ,37:16:00.00,42:19:22.11,54.297778,-9.399167,37944.0,197329.4,86
262491313,262491313,eastbound,A333,KJFK,EGLL,37:16:57.51,43:40:09.77,41.323295,-68.304733,38074.0,196344.91908473536,102
262490590,262490590,westbound,B77W,EGLL,KDFW,37:18:38.34,41:56:45.69,55.764988,-8.856811,38472.0,292082.2301555026,72
262489380,262489380,westbound,B789,EDDF,KDEN,37:18:45.63,41:43:13.73,57.1051,-8.661148,39858.0,206454.23442283022,64
262489191,262489191,westbound,B788,EPWA,KJFK,37:18:48.91,42:28:42.35,59.789604,-7.813013,41984.0,172278.49209803977,88
262487690,262487690,westbound,A332,LIRF,CYUL,37:21:34.11,42:16:11.70,53.821574,-11.414615,39884.0,196729.93468998146,84
262491406,262491406,eastbound,B763,KIAD,EGLL,37:21:42.74,43:42:06.29,40.928165,-68.815178,38379.0,158609.41708791934,104
262491076,262491076,westbound,B772,EGLL,KJFK,37:23:22.71,42:27:04.78,53.859633,-10.495166,39069.0,224876.00803711652,90
262490014,262490014,westbound,B77W,LFPG,KJFK,37:25:03.78,42:18:28.92,52.893898,-12.974231,39839.0,272469.9649569435,87
262487642,262487642,westbound,B763,LDDU,KEWR,37:25:28.81,42:18:45.79,53.923791,-13.608209,40239.0,158336.73603005396,74
262490017,262490017,westbound,B763,LSZH,KJFK,37:25:46.12,42:42:51.36,53.959808,-10.71205,40145.0,157499.60274273268,90
262488607,262488607,westbound,B772,LIRF,KCLT,37:26:35.32,42:07:04.56,52.086672,-14.048345,38719.0,228233.96707961697,70
262489318,262489318,eastbound,B748,CYMX,ELLX,37:26:46.92,42:06:05.14,48.630177,-52.647308,37940.0,366809.2066953543,83
262490493,262490493,westbound,B77W,LFPG,KIAD,37:29:32.63,42:16:08.32,53.256843,-13.280308,39643.0,275317.135879071,85
262490663,262490663,westbound,B788,EHAM,CYUL,37:29:41.34,42:29:04.48,56.082755,-8.041552,42178.0,173539.3203171852,87
262491966,262491966,westbound,B763,LEBL,KJFK,37:30:38.20,43:36:28.30,45.062471,-6.405364,39774.0,159921.5958838699,99
262492670,262492670,eastbound,B763,KPHL,EGSS,37:32:35.79,43:58:57.50,41.082996,-68.900287,38052.0,159231.23558257878,108
262491972,262491972,westbound,A35K,EGLL,KJFK,37:32:48.10,42:40:00.55,53.957808,-10.511369,38782.0,255175.45477256982,90
262489819,262489819,westbound,B77W,LSZH,KMIA,37:32:48.53,42:45:46.13,55.676165,-8.328588,38831.0,287370.7060468998,72
262493114,262493114,westbound,B788,EIDW,KPHL,37:33:23.87,42:30:28.26,54.00008,-10.498143,42011.0,177689.40707987332,88
262489734,262489734,westbound,A333,LSZH,KBOS,37:35:11.82,42:57:50.22,53.898568,-9.284902,38744.0,191925.80582357987,89
262490236,262490236,westbound,A359,EDDM,KCLT,37:37:50.60,42:36:22.82,56.105167,-8.947944,39210.0,233139.1165414798,78
262492166,262492166,westbound,A333,LFBO,CYUL,37:38:10.63,43:12:17.29,48.828768,-6.61218,38351.0,194637.03619260405,93
262489862,262489862,westbound,A332,LFML,CYUL,37:38:15.19,42:24:40.21,53.129295,-13.504614,39973.0,194904.11476290476,82
262490093,262490093,westbound,A333,LSZH,KJFK,37:38:42.83,43:04:26.93,53.928466,-9.140575,38741.0,191955.78058576668,92
262489517,262489517,westbound,A333,LIRF,KATL,37:38:52.12,43:13:46.39,50.487219,-6.555973,38944.0,190740.42214332338,77
262490144,262490144,westbound,B772,LFPG,KORD,37:39:19.22,42:22:59.84,54.824674,-8.028712,38577.0,231389.89680547745,86
262490096,262490096,westbound,B748,EDDF,MMMX,37:40:51.96,42:15:35.07,57.003526,-8.454961,35853.0,399091.1566652102,57
262490546,262490546,westbound,B744,EDDF,CYYZ,37:42:14.38,42:28:50.15,56.181238,-8.054324,38579.0,296688.9409287632,87
262493609,262493609,westbound,B789,EIDW,CYYC,37:43:00.00,41:55:58.03,54.864444,-8.904444,40068.0,207409.9,74
262491673,262491673,westbound,B78X,LEBL,KEWR,37:43:14.24,43:23:57.61,45.856682,-6.787768,39624.0,223632.84221624176,96
262490055,262490055,westbound,B763,LIPZ,KJFK,37:43:42.05,42:59:44.89,53.761895,-10.961988,40152.0,157904.2560057005,89
262493001,262493001,westbound,A333,EGCC,KMCO,37:44:35.45,43:19:51.11,54.458046,-8.075651,38052.0,196606.82824765515,89
262487447,262487447,westbound,B77W,LGAV,CYYZ,37:45:03.05,42:32:38.66,54.484981,-8.237008,39692.0,275762.8332429145,67
262490252,262490252,westbound,B772,LFPG,KCLT,37:46:10.64,42:53:12.09,54.299168,-8.160956,38553.0,231807.41567785232,88
262490805,262490805,westbound,A359,LFPG,KATL,37:46:28.74,42:35:55.96,54.733159,-8.696302,39000.0,233865.0486519785,78
262492955,262492955,eastbound,B772,KJFK,EGLL,37:46:32.74,43:43:00.25,41.360139,-67.774226,38416.0,226902.34435372215,102
262493280,262493280,westbound,A333,EIDW,KEWR,37:47:00.00,43:02:39.75,54.304167,-9.331111,37940.0,197329.4,89
262489505,262489505,westbound,A333,LSGG,CYUL,37:48:01.53,42:57:53.45,53.903636,-9.632595,38708.0,192180.86457019617,84
262491399,262491399,westbound,A388,EGLL,KDFW,37:48:18.77,42:23:21.06,55.816035,-8.880679,38112.0,477397.3448962004,72
262491164,262491164,westbound,B77W,LFPG,KMIA,37:50:55.25,42:56:04.75,52.550689,-14.135981,38932.0,285789.74634038657,81
262489353,262489353,westbound,B772,LIRF,KEWR,37:52:05.63,42:46:51.33,53.140901,-13.233555,39139.0,221959.24946276212,82
262492093,262492093,westbound,B788,LEBL,KORD,37:52:10.97,43:12:56.15,46.181168,-6.825812,41316.0,182749.47821389805,89
262492098,262492098,westbound,A333,EHAM,KBOS,37:52:22.61,43:16:08.52,56.040741,-8.310599,38411.0,194203.79651434495,90
262492161,262492161,westbound,B77W,EGLL,KPHL,37:52:54.07,42:56:10.89,53.886782,-11.316311,39722.0,274232.69871234853,90
262486401,262486401,westbound,B788,LGAV,KORD,37:52:54.59,42:30:38.26,52.268278,-13.267904,41661.0,171829.79110626655,61
262492205,262492205,westbound,B789,EGLL,CYYZ,37:54:40.14,42:46:17.74,55.283765,-8.169737,40744.0,198300.65762624773,87
262491276,262491276,westbound,B789,EDDF,CYUL,37:54:49.67,42:51:47.84,55.84531,-8.243339,40949.0,194103.11515864893,87
262490492,262490492,westbound,A343,EDDF,MROC,37:55:32.97,44:12:07.29,51.09879,-6.923123,35427.0,236417.28331642662,74
262493575,262493575,westbound,A333,EIDW,KBDL,37:56:00.00,43:18:04.10,54.194722,-9.611667,37946.0,197329.4,88
262490005,262490005,eastbound,B763,KCVG,EBBR,37:56:17.40,44:34:56.11,41.801449,-68.097461,38430.0,160102.9822464317,106
262493250,262493250,westbound,A333,EIDW,KMCO,37:57:00.00,43:08:54.24,54.304722,-11.405278,37946.0,197329.4,86
262490190,262490190,westbound,B77W,LSZH,KORD,37:57:56.23,42:39:54.68,55.893895,-7.663881,39275.0,280499.7633358269,78
262489662,262489662,westbound,B77W,LSZH,CYYZ,37:58:06.51,42:52:51.75,54.056702,-8.01485,39568.0,276211.9720128253,88
262488669,262488669,westbound,A333,LIRF,KJFK,37:58:08.51,43:05:41.56,52.184526,-13.264139,39260.0,188570.66583330702,84
262492342,262492342,westbound,A332,LEBL,CYUL,37:58:26.78,43:35:34.35,46.255525,-6.431742,39514.0,198039.61977509744,96
262490761,262490761,eastbound,B772,KCLT,EGLL,37:58:45.69,44:06:27.01,39.454977,-68.874914,38714.0,227918.7122597055,106
262492037,262492037,westbound,B789,EGKK,KJFK,37:58:48.93,42:51:28.09,53.508863,-12.968094,40938.0,195327.99059925682,87
262491265,262491265,westbound,B77W,LFPG,CYUL,37:59:58.70,42:43:45.68,53.07354,-13.400628,40057.0,269289.34721886134,82
262490467,262490467,westbound,A333,LIMC,KEWR,38:01:22.16,43:13:51.46,53.757933,-11.790526,38912.0,190803.2475874525,88
262489617,262489617,westbound,B77W,LIRF,CYUL,38:01:47.59,42:46:51.60,53.629054,-12.024129,40005.0,269924.2352448254,83
262491973,262491973,eastbound,B772,KEWR,EGLL,38:04:14.27,43:58:33.07,41.924978,-67.249262,38266.0,226077.01380919528,101
262492156,262492156,westbound,B772,EHAM,MMMX,38:05:39.43,42:41:18.62,56.820128,-8.83575,37204.0,250773.318937122,59
262492207,262492207,westbound,B764,EGLL,KATL,38:07:31.30,43:08:54.79,53.129418,-13.448407,34649.0,180750.99588314118,85
262493587,262493587,westbound,A35K,EGCC,KJFK,38:09:23.63,43:27:02.19,54.338991,-8.038915,38689.0,255394.50252720757,93
262491977,262491977,westbound,B788,LFPG,KPHL,38:10:27.52,43:05:53.04,52.712268,-13.194645,42055.0,173975.51558054198,88
262493220,262493220,westbound,B772,EGKK,MMUN,38:11:15.75,43:37:52.52,55.106009,-8.868824,37739.0,243554.7284840103,77
262491242,262491242,westbound,B763,EDDP,CYHM,38:11:30.28,43:14:26.30,57.580899,-8.134519,39928.0,159326.21524995385,86
262491816,262491816,westbound,B789,EGLL,KIAH,38:14:49.77,42:48:28.80,55.880924,-8.909971,39722.0,209649.9059408983,69
262492807,262492807,eastbound,B748,KPHL,EDDK,38:14:59.68,44:41:02.40,41.309376,-68.27842,36798.0,381670.7763761801,114
262492669,262492669,westbound,B789,EGLL,CYUL,38:16:33.45,43:08:24.18,53.935801,-11.285854,41048.0,194530.84327675463,84
262493376,262493376,westbound,A333,EGCC,KJFK,38:17:27.83,43:44:35.15,54.510593,-8.464445,38081.0,196428.0873559341,92
262492454,262492454,westbound,B77L,EHAM,CYYZ,38:18:49.75,43:06:44.42,56.878629,-8.102694,42128.0,244703.99497198572,86
262492343,262492343,westbound,B763,EGLL,KEWR,38:19:45.85,43:29:22.50,53.88119,-10.76731,40098.0,156876.51486836132,88
262491211,262491211,westbound,B77W,LSZH,KLAX,38:20:12.44,42:52:24.85,56.878273,-8.470544,37857.0,301576.8644121014,53
262493216,262493216,westbound,B763,EGKK,KJFK,38:22:12.26,43:30:44.24,53.600205,-12.62423,40170.0,156469.19106009524,87
262492317,262492317,westbound,B744,ELLX,CYMX,38:25:25.35,43:20:18.73,54.490362,-8.298299,38890.0,290773.62848528614,87
262494225,262494225,westbound,GLEX,EGGW,CYHU,38:25:43.21,43:27:29.31,54.966759,-8.099987,46933.0,32448.478591025312,88
262494080,262494080,westbound,B789,EIDW,KDFW,38:27:00.00,43:03:44.06,54.424167,-9.895833,39761.0,210892.8,77
262493355,262493355,westbound,B77W,EHAM,TNCC,38:27:25.22,44:12:31.93,50.709237,-6.863238,38416.0,293380.37304325425,87
262493565,262493565,westbound,A333,EGLL,KDTW,38:29:50.25,43:35:42.97,53.900991,-8.947179,38213.0,195537.2688868957,87
262492724,262492724,westbound,GLEX,EGGW,KVNY,38:29:50.29,42:54:53.67,56.184654,-8.582205,44027.0,38776.41996919968,57
262493509,262493509,westbound,B77W,EGLL,KJFK,38:29:56.37,43:40:53.63,55.024925,-8.318105,39749.0,273743.36092542135,92
262493554,262493554,westbound,B789,LEMD,KJFK,38:31:31.66,43:49:06.83,44.433064,-11.445485,40749.0,198155.99451791204,94
262488963,262488963,eastbound,B77L,KCVG,EGNX,38:32:12.75,42:34:23.51,49.870859,-53.936533,42873.0,231485.82164800286,73
262493139,262493139,westbound,A333,EHAM,KMSP,38:34:42.90,43:25:53.44,56.892393,-7.817105,38414.0,194134.27647578155,82
262494757,262494757,westbound,B752,EGPH,KEWR,38:35:02.71,43:50:56.54,56.751153,-8.415605,38923.0,96071.68204578628,90
262491275,262491275,westbound,B789,EPWA,CYYZ,38:36:51.95,43:18:33.42,60.615515,-7.685442,40766.0,194486.19684978653,79
262487940,262487940,westbound,B788,LGAV,KPHL,38:38:11.87,43:23:04.04,52.325923,-13.218606,42029.0,167704.9178359393,67
262493132,262493132,westbound,B789,EGKK,KMCO,38:39:14.17,43:44:10.32,53.33318,-13.378265,40221.0,203515.42100152816,83
262492070,262492070,westbound,A35K,EGLL,KSAN,38:40:20.57,43:16:45.30,56.204597,-8.298038,36932.0,280135.7101432416,59
262493632,262493632,westbound,A35K,EGLL,KJFK,38:41:39.93,43:48:18.51,53.935423,-10.618965,38779.0,255185.45243720678,90
262490837,262490837,westbound,B789,EGLL,KORD,38:41:56.55,43:24:56.66,55.546858,-8.495472,40437.0,201653.4750799896,85
262491598,262491598,westbound,B764,LFPG,KJFK,38:46:49.90,43:52:41.38,52.351609,-13.51172,36382.0,173543.5597096734,87
262490910,262490910,westbound,B772,EDDF,KIAH,38:47:49.16,43:18:09.51,56.973572,-8.189741,37819.0,241681.07199692304,64
262493920,262493920,westbound,B78X,EGLL,KIAH,38:48:59.19,43:27:06.04,54.145573,-9.838881,39503.0,224415.064858117,71
262494231,262494231,westbound,B772,EGKK,KMCO,38:49:41.07,44:04:36.32,55.024695,-8.579561,38277.0,236022.7465818021,84
262493377,262493377,westbound,A333,EFHK,KORD,38:52:30.29,44:13:05.39,65.628294,9.658393,38432.0,194072.07482032673,85
262493959,262493959,westbound,B789,EGLL,KDEN,38:52:47.29,43:29:22.72,54.067397,-8.776763,39801.0,209217.43970864074,72
262494842,262494842,eastbound,A333,BIKF,GCTS,38:53:55.00,43:04:55.46,61.393611,-19.892778,38365.0,193402.6,69
262494226,262494226,westbound,B772,EGKK,KJFK,38:57:52.66,44:10:52.99,54.91248,-7.900934,39031.0,225556.26062563964,93
262493126,262493126,westbound,B789,LFPG,KDFW,39:00:16.81,43:34:34.87,55.833375,-8.903064,39830.0,207208.97949214332,67
262491572,262491572,westbound,A343,LOWW,KIAH,39:01:57.29,43:53:30.14,57.875384,-8.633454,36353.0,229812.3538654593,60
262494187,262494187,eastbound,B772,CYHZ,EGLL,39:04:23.95,43:15:02.63,47.482392,-52.674015,39663.0,216351.72924867258,75
262491212,262491212,westbound,B788,LIRF,KDFW,39:04:28.00,43:38:57.25,52.622513,-13.037974,41016.0,181446.01362048267,59
262495683,262495683,eastbound,A333,BIKF,LPPR,39:04:32.00,41:52:48.08,61.685278,-18.719167,39278.0,184774.6,50
262494689,262494689,westbound,B772,EGLL,KJFK,39:10:13.09,44:13:17.72,53.832449,-10.542343,39065.0,224897.6274818073,90
262492545,262492545,westbound,B763,LKPR,KJFK,39:14:16.01,44:40:16.86,56.461246,-7.877891,40013.0,158704.57026249834,92
262494001,262494001,westbound,B789,LFPG,MMMX,39:15:23.40,43:49:43.00,53.845843,-11.920735,39191.0,214727.957946198,58
262494351,262494351,westbound,B772,EGLL,KMIA,39:15:42.38,44:32:06.22,52.899506,-13.979264,38323.0,235258.85029536573,84
262494766,262494766,westbound,A333,LEMD,KDFW,39:16:32.02,44:53:43.08,42.647617,-12.256682,38321.0,194956.915738321,77
262493946,262493946,westbound,A333,EKCH,KORD,39:17:27.49,43:58:41.77,60.633848,-6.515318,38627.0,192784.57996108377,77
262494448,262494448,westbound,A388,EGLL,KBOS,39:19:01.10,44:14:13.68,53.798422,-11.318233,39585.0,443171.3049110632,87
262494106,262494106,westbound,B772,EGLL,KDEN,39:20:47.60,43:52:34.59,56.049303,-8.53229,38006.0,239762.75835879057,71
262494856,262494856,westbound,A333,EFHK,KJFK,39:21:34.59,45:38:02.71,64.675072,8.448338,38434.0,194120.5519785664,106
262494780,262494780,westbound,B788,EGLL,KBNA,39:23:21.47,44:16:46.78,55.164783,-7.966466,41405.0,182607.29867263878,84
262493662,262493662,eastbound,A332,KCVG,LIMC,39:23:34.34,46:04:18.26,41.749691,-68.460874,38592.0,204528.5644633777,97
262493451,262493451,westbound,B789,LFPG,MMMX,39:24:30.52,44:04:06.37,55.15922,-8.627445,39118.0,215868.9220541965,59
262494389,262494389,westbound,B788,LFPG,KORD,39:26:40.25,44:06:06.30,53.621048,-11.781486,41666.0,178068.57454937565,82
262494181,262494181,westbound,B77W,EGLL,KDFW,39:28:33.91,43:59:47.55,56.355744,-8.863281,38483.0,292091.87726463244,71
262493765,262493765,westbound,A339,LFPG,KLAX,39:30:01.35,44:16:37.21,54.065867,-9.723402,37993.0,221692.86634860537,57
262494844,262494844,westbound,A333,LEMD,KJFK,39:30:02.63,45:08:51.59,44.458735,-11.480534,38294.0,195071.92828188816,92
262492274,262492274,westbound,FA7X,EDDM,KDEN,39:31:39.87,44:14:10.76,57.214157,-8.840491,43744.0,22172.62851628211,61
262493589,262493589,westbound,A333,LFPG,KMSP,39:32:23.17,44:24:23.53,53.833609,-9.444676,38456.0,193844.5286060896,81
262494151,262494151,westbound,A333,EDDF,KRSW,39:32:40.43,44:52:23.36,55.899129,-8.577945,38647.0,192579.0118885236,73
262496335,262496335,eastbound,A333,BIKF,LEAL,39:36:00.00,42:33:40.38,61.5,-18.383334,38920.0,188164.9,51
262496857,262496857,westbound,A333,EIDW,KLAX,39:38:00.00,44:27:13.51,54.850833,-8.896111,37947.0,197329.4,62
262492685,262492685,westbound,B764,LFMN,KJFK,39:39:03.47,44:46:01.58,53.753629,-13.017574,36971.0,174263.8664186306,87
262495015,262495015,westbound,B744,EHAM,KMIA,39:41:04.15,45:11:17.92,54.691777,-8.573878,37689.0,311944.4306155031,88
262494902,262494902,westbound,A333,EGLL,KSEA,39:45:34.97,43:54:54.05,57.392329,-8.580525,38339.0,194615.8635591859,63
262490006,262490006,westbound,B78X,LGAV,KEWR,39:46:25.71,44:45:27.92,53.846671,-12.034748,40918.0,213359.13416518696,72
262493138,262493138,westbound,A346,EDDM,KORD,39:47:17.21,44:19:38.27,57.261811,-8.172899,38945.0,292400.04786643904,76
262492586,262492586,westbound,A333,EDDF,KMCO,39:47:23.26,45:08:22.23,55.841172,-8.401069,38627.0,192667.90564404477,75
262493438,262493438,westbound,B748,EDDF,KEWR,39:48:42.19,44:49:43.48,55.977936,-8.222857,37314.0,375531.1811257212,92
262494716,262494716,westbound,A359,LFPG,KDTW,39:52:11.90,44:31:34.74,53.558459,-12.5512,39534.0,228341.25110891348,83
262495653,262495653,westbound,B789,GMMN,KJFK,39:54:45.28,45:24:17.07,39.598804,-14.057696,40818.0,196937.50783343666,91
262494843,262494843,westbound,B763,EGLL,KORD,39:56:47.54,44:48:44.48,55.7231,-8.173303,39567.0,161453.6673955268,85
262495446,262495446,westbound,A35K,EGLL,KMCO,39:57:24.45,45:12:44.41,54.082765,-10.464999,37974.0,266068.0801114854,85
262497422,262497422,westbound,A333,EIDW,KPHL,39:59:00.00,45:21:58.59,54.048889,-9.527778,37943.0,197329.4,91
262493070,262493070,westbound,B764,LIRF,KJFK,39:59:52.43,45:06:48.15,52.43524,-13.217808,36940.0,175211.63452953528,84
262493477,262493477,westbound,A388,EDDM,KBOS,40:03:29.28,45:09:09.46,55.925123,-8.283427,39498.0,452969.75653260143,89
262495984,262495984,westbound,B789,EGLL,MMMX,40:05:08.37,44:43:48.86,55.74589,-8.054927,39111.0,216860.28101265302,61
262493198,262493198,westbound,A332,LIRF,KJFK,40:07:12.67,45:08:15.13,52.113006,-12.987812,39746.0,198522.0101108945,84
262495073,262495073,westbound,B77W,LFPG,KJFK,40:10:51.67,45:04:30.29,52.732592,-12.964668,39839.0,272496.49510531774,87
262496099,262496099,westbound,B763,EGLL,KEWR,40:12:46.42,45:22:14.42,53.835726,-10.80296,40111.0,156876.2603268584,88
262496103,262496103,westbound,B77W,EGLL,KLAX,40:17:04.27,44:52:47.62,55.980936,-8.223543,37752.0,302608.19440714014,59
262492962,262492962,eastbound,B789,KORD,EGLL,40:17:31.85,46:20:57.71,42.094837,-66.742972,38822.0,192890.54418268765,97
262495985,262495985,westbound,B788,EGLL,KMSY,40:20:50.52,45:09:03.97,55.25396,-8.521218,41037.0,186160.60468674314,74
262491127,262491127,westbound,A332,LIRF,CYYZ,40:22:13.02,45:06:20.63,53.742976,-11.892478,39601.0,199878.70278775398,77
262496109,262496109,westbound,GLEX,LFPB,KTEB,40:24:16.67,45:22:54.93,52.81085,-13.341426,46772.0,32293.320773178846,87
262491610,262491610,westbound,B763,LGAV,KJFK,40:25:52.26,45:24:12.26,52.816803,-13.893729,40315.0,158804.99716203078,70
262496488,262496488,westbound,A339,EGLL,KSLC,40:27:01.35,45:08:36.10,55.860617,-8.634242,38285.0,218048.5576621906,65
262493774,262493774,westbound,A346,EDDM,KEWR,40:27:05.20,45:41:09.62,55.860748,-7.781818,39383.0,285218.4508925206,92
262494484,262494484,westbound,A388,LIMC,KJFK,40:29:12.79,45:18:52.35,53.659429,-13.023031,39431.0,455748.08821529616,87
262494401,262494401,westbound,B789,EDDM,KDEN,40:29:14.54,44:57:26.30,57.342506,-8.105531,39863.0,205578.50722099666,62
262496497,262496497,westbound,B772,EGLL,KJFK,40:29:53.71,45:40:00.77,55.067123,-8.496232,39048.0,225323.7403813831,92
262496213,262496213,westbound,A388,EGLL,KORD,40:30:36.41,45:04:15.49,55.824642,-8.361081,38876.0,459216.83078110975,84
262498053,262498053,westbound,A333,EIDW,KBOS,40:32:00.00,45:52:06.22,54.051944,-9.5425,37947.0,197329.4,89
262496198,262496198,westbound,B788,EGLL,KCVG,40:35:50.19,45:24:55.40,54.050436,-9.547705,41599.0,180353.7671726278,86
262496171,262496171,westbound,B789,EDDF,CYYZ,40:36:05.82,45:27:44.70,55.920208,-8.39392,40701.0,196765.5746544844,87
262497943,262497943,westbound,A339,LPPT,KJFK,40:37:36.21,46:17:24.32,41.607751,-12.691327,39538.0,204265.25069122287,92
262496258,262496258,westbound,B77L,EDDF,KATL,40:37:49.65,45:28:50.46,55.977244,-9.027167,41537.0,252948.37280628385,78
262493405,262493405,westbound,B764,LFPG,KATL,40:41:38.08,45:42:09.85,52.23433,-12.919832,34430.0,181371.57489400092,80
262492624,262492624,westbound,B772,LGAV,KJFK,40:43:20.57,45:29:06.09,52.793697,-13.565007,39183.0,220725.85507765945,70
262496375,262496375,westbound,A339,EGLL,KTPA,40:43:35.92,45:46:19.36,54.145366,-10.547596,38711.0,213528.4167494817,78
262496594,262496594,westbound,A339,EGLL,KLAX,40:45:19.67,45:31:25.62,55.855345,-8.44719,37808.0,223118.0648803514,59
262494829,262494829,westbound,A346,EDDM,KIAD,40:45:24.21,45:53:10.19,55.796996,-8.301381,39166.0,288522.3961467482,87
262496707,262496707,westbound,B789,EGLL,KJFK,40:48:38.04,45:48:16.71,53.909217,-11.320853,40880.0,196440.09721338807,89
262494698,262494698,westbound,B763,EDDF,CYHZ,40:49:02.64,45:31:03.64,55.267674,-8.253551,40632.0,152776.2852411315,80
262496226,262496226,westbound,B772,EGLL,KATL,40:50:22.18,45:48:00.51,53.907174,-9.756908,38377.0,234682.8600785074,87
262497231,262497231,westbound,F2TH,LFPB,KBGR,40:50:39.88,45:42:55.66,52.88771,-13.099025,41484.0,13549.947133596483,76
262496356,262496356,westbound,B789,EGLL,KLAX,40:55:00.63,45:26:07.25,55.95696,-8.599501,39194.0,215893.00836753676,58
262496880,262496880,westbound,B764,LFPG,KJFK,40:55:43.01,46:03:05.35,52.473428,-13.145006,36913.0,173831.41284513075,87
262496249,262496249,westbound,A343,EDDF,KJFK,40:59:36.77,46:23:44.39,55.974666,-8.486454,37883.0,211293.7732590974,92
262499346,262499346,westbound,A333,EIDW,KORD,41:00:00.00,46:00:53.32,54.316111,-9.465556,37941.0,197329.4,86
262497139,262497139,westbound,B763,EGLL,KIAD,41:00:00.53,46:11:18.09,53.783796,-10.893638,39895.0,158742.73838773766,88
262495013,262495013,westbound,B763,LOWW,KJFK,41:00:59.04,46:28:52.58,55.718485,-7.729485,40050.0,158850.61461295997,90
262498342,262498342,westbound,A333,LPPT,KBOS,41:01:03.75,46:32:47.75,41.627814,-12.641456,38054.0,196633.45094543535,92
262493971,262493971,westbound,A359,EDDM,CYYZ,41:01:26.51,45:53:33.68,56.22788,-7.909129,39601.0,228505.18918593827,86
262497744,262497744,westbound,B789,EGLL,KLAS,41:03:03.39,45:35:14.07,56.037359,-8.984767,39404.0,213351.812196783,61
262496625,262496625,westbound,B772,EGLL,TXKF,41:04:35.23,46:23:55.40,52.723244,-12.944796,39155.0,223657.96895555116,95
262496312,262496312,westbound,B772,EDDF,KIAD,41:06:40.66,46:07:58.94,55.931983,-8.457478,38805.0,227720.9003127329,90
262497910,262497910,westbound,B772,EGLL,CYYZ,41:06:47.79,45:57:54.80,55.278128,-8.191793,38953.0,226619.73394061148,87
262497663,262497663,westbound,B77W,EGLL,KJFK,41:09:11.28,46:09:13.27,53.789917,-11.212144,39782.0,273332.8965351492,89
262495649,262495649,westbound,A359,EDDM,CYUL,41:13:27.56,46:12:56.32,56.08447,-7.962395,39890.0,225169.44792693094,87
262499401,262499401,westbound,A333,LPPR,KEWR,41:15:38.19,46:50:40.93,42.323489,-11.846455,37983.0,197100.68910912416,95
262497348,262497348,westbound,B772,LFPG,KIAD,41:15:39.22,46:21:56.24,54.224697,-7.990596,38813.0,228128.17544907157,91
262487098,262487098,eastbound,B789,KLAX,EGLL,41:17:18.27,45:38:35.72,63.755959,-64.395893,40206.0,178689.155223278,62
262498063,262498063,westbound,B77W,EGLL,KLAX,41:20:24.22,45:57:21.17,55.889719,-8.368589,37751.0,302535.0125436338,59
262496654,262496654,westbound,B763,EDDF,KEWR,41:21:45.33,46:40:50.98,55.807845,-7.881237,40009.0,158194.57885636625,91
262496191,262496191,westbound,B772,EHAM,KATL,41:25:34.62,46:24:48.62,56.991261,-7.85997,38355.0,234407.65253676387,83
262497838,262497838,westbound,B78X,EGLL,KBOS,41:27:51.68,46:21:45.83,53.780205,-12.217804,39588.0,223847.43850677507,86
262497589,262497589,westbound,B772,LFPG,CYUL,41:28:01.35,46:07:46.24,53.502677,-13.24737,39335.0,220456.97097524718,82
262497071,262497071,westbound,A333,LSZH,KBOS,41:29:31.62,46:52:25.68,53.932016,-9.259097,38741.0,191915.41255687544,89
262496907,262496907,westbound,A333,EDDF,CYUL,41:31:31.83,46:42:27.19,56.088267,-8.296974,38634.0,192601.13858558255,87
262498358,262498358,westbound,A333,EHAM,KBOS,41:32:08.23,46:56:53.21,57.004846,-7.860455,38443.0,193977.87611833305,88
262497299,262497299,westbound,A333,LSZH,KEWR,41:33:32.67,47:00:19.85,53.954666,-9.247757,38746.0,191913.63784730225,87
262496939,262496939,westbound,A343,EDDF,KORD,41:35:26.52,46:24:44.29,56.966521,-7.98452,37313.0,217174.69757934858,81
262498084,262498084,westbound,A339,EGLL,KBOS,41:36:28.39,46:49:46.54,53.915686,-10.679521,39802.0,201916.73539530617,88
262497449,262497449,westbound,B77W,EGLL,CYYZ,41:36:35.96,46:23:40.61,53.863347,-9.916795,39650.0,275302.7806606333,86
262498406,262498406,westbound,B788,EGLL,KPIT,41:39:52.69,46:36:28.39,53.861547,-9.680566,41815.0,178205.92416033635,88
262496978,262496978,westbound,B789,EPWA,CYYZ,41:40:53.35,46:23:01.72,60.72741,-7.590343,40766.0,194486.59889881453,79
262498567,262498567,westbound,B789,LEMD,MMGL,41:43:26.28,46:57:20.67,44.381247,-10.324977,38871.0,219824.1451701755,66
262500915,262500915,westbound,F900,EIKY,KUGN,41:45:00.00,46:39:41.62,52.5,-14.0,38182.0,19123.4,83
262498568,262498568,westbound,A388,EGLL,KIAD,41:46:03.37,46:40:16.65,53.896983,-10.564913,39155.0,452849.09168153745,88
262497121,262497121,westbound,B789,EPWA,KJFK,41:50:18.33,46:59:58.37,59.908068,-7.347441,40796.0,194304.4468229472,88
262498459,262498459,westbound,B77W,LFPG,KBOS,41:50:38.68,46:46:10.71,52.616033,-12.984778,40011.0,269793.1655542269,87
262498123,262498123,westbound,A333,EKCH,KEWR,41:50:42.60,47:02:23.29,60.69309,-7.642784,38668.0,192571.93842070893,88
262497301,262497301,westbound,B77L,EDDF,MMMX,41:50:50.13,46:26:50.12,57.214115,-8.418882,40334.0,270590.5092827918,57
262497925,262497925,westbound,B77L,EDDF,KORD,41:51:52.06,46:30:11.65,56.970887,-7.827428,41793.0,248934.7233537539,81
262499006,262499006,westbound,A339,EGLL,KJFK,41:53:21.25,47:17:30.40,55.067316,-8.437902,39596.0,204012.02367336073,92
262498307,262498307,westbound,B772,LFPG,KLAX,41:54:44.56,46:31:23.36,53.946816,-9.574017,37283.0,249586.73928822612,57
262499267,262499267,westbound,B789,EGLL,KLAX,41:58:11.20,46:35:34.40,55.817752,-8.338352,39195.0,215870.37520078657,59
262499347,262499347,westbound,B763,EGLL,KEWR,41:59:32.40,47:17:49.53,55.164801,-8.299839,40079.0,157072.23142209905,90
262500024,262500024,westbound,A339,LPPT,KEWR,42:00:44.16,47:32:56.38,41.635296,-12.722747,39525.0,204430.14960181047,94
262499185,262499185,westbound,B789,EGLL,CYYZ,42:00:47.73,46:52:50.46,55.192853,-8.169177,40744.0,198285.35516390935,87
262498344,262498344,westbound,B772,GCTS,BIKF,42:02:12.73,44:58:31.37,41.000183,-14.321876,40263.0,207044.88001845632,53
262500411,262500411,westbound,B789,ENGM,KJFK,42:08:47.18,47:49:46.44,61.27094,1.820177,40562.0,200927.9120934492,101
262499778,262499778,westbound,B789,EGLL,KORD,42:10:52.94,47:00:53.63,54.032095,-8.005131,40365.0,202930.73283730383,87
262499250,262499250,westbound,B763,EGLL,KBOS,42:13:42.61,47:32:16.76,54.011137,-10.535984,40258.0,155510.32939874963,90
262499546,262499546,westbound,A35K,EGLL,KLAS,42:14:33.36,46:49:36.04,56.129814,-9.003077,37189.0,276785.12114074716,61
262500917,262500917,westbound,B763,EGNX,KSDF,42:15:16.34,47:20:59.55,55.553378,-8.081831,39379.0,162727.83698187064,87
262497577,262497577,eastbound,A332,CYUL,DAAG,42:16:20.98,47:18:59.25,44.092666,-57.566663,39489.0,198726.34515190797,84
262499663,262499663,westbound,A333,LEBL,KJFK,42:18:03.10,48:20:01.38,46.484611,-6.729667,38393.0,194345.05592091323,97
262498062,262498062,westbound,B788,EPWA,KEWR,42:24:49.67,47:25:28.09,59.673198,-7.522939,41976.0,172503.20239528824,83
262495270,262495270,westbound,B77W,LGAV,KEWR,42:27:35.26,47:10:03.49,52.617765,-13.842417,39830.0,273623.65725905483,68
262499248,262499248,westbound,A359,LFPG,KATL,42:27:36.75,47:09:00.25,53.418011,-13.447752,39143.0,232892.26415915953,79
262499460,262499460,westbound,A359,LFPO,KEWR,42:28:54.01,47:18:14.56,53.043121,-12.996175,39844.0,224887.9040831092,86
262499925,262499925,westbound,B772,EGLL,KJFK,42:30:28.48,47:30:06.23,53.829732,-11.317263,39096.0,224478.48411390407,89
262499210,262499210,westbound,B789,LFPG,CYYZ,42:32:49.51,47:07:01.55,53.560271,-13.240093,40843.0,195465.06855796822,82
262498993,262498993,westbound,B78X,EHAM,KJFK,42:35:18.08,47:44:55.37,55.995666,-8.271459,39634.0,223348.17232296642,92
262501479,262501479,westbound,A333,EIDW,KJFK,42:43:31.28,48:01:42.93,53.875248,-10.491586,37980.0,197109.40525290972,90
262499098,262499098,westbound,B789,EPWA,KORD,42:45:49.11,47:29:22.10,60.676998,-1.850364,40328.0,200457.04309545897,76
262500385,262500385,westbound,B788,EGLL,CYUL,42:47:55.08,47:44:57.27,53.881857,-9.674835,42213.0,174032.2041117026,86
262499213,262499213,westbound,FA7X,LSGG,KIAD,42:48:31.24,47:54:51.18,53.702222,-13.299851,45397.0,20047.76384330592,85
262500049,262500049,westbound,B772,EGLL,KCLT,42:48:43.59,47:43:01.63,53.988901,-10.581438,38599.0,231530.39539691425,86
262500071,262500071,westbound,B772,LFPG,KEWR,42:49:24.67,47:40:35.55,52.922484,-12.863549,39133.0,223479.09724407713,87
262500076,262500076,westbound,B772,LFPG,KJFK,42:55:40.28,47:49:03.62,52.762409,-13.004983,39144.0,223271.8403657182,87
262500420,262500420,westbound,GLEX,LFPB,KSEA,42:57:00.15,47:18:21.13,53.906413,-9.409247,44824.0,36763.99640283343,60
262499773,262499773,westbound,A333,EKCH,KJFK,42:58:18.70,48:21:50.71,60.576105,-7.712673,38669.0,192583.26935934467,91
262501041,262501041,westbound,B78X,EGLL,KEWR,42:59:06.04,48:13:02.75,55.081299,-8.232099,39514.0,224448.19541795127,88
262500358,262500358,westbound,B748,EDDK,KSDF,42:59:12.12,47:35:27.48,56.980324,-8.229938,36632.0,386115.5731634645,80
262500966,262500966,westbound,B772,EGLL,KJFK,43:00:29.45,48:00:12.50,53.832111,-11.274307,39100.0,224475.58701722056,89
262499325,262499325,westbound,A359,LFPG,KIAD,43:02:24.30,47:54:30.96,53.039306,-13.103866,39640.0,227217.65777288997,86
262500253,262500253,westbound,A35K,EGLL,KJFK,43:03:36.52,48:11:03.17,53.959034,-10.542371,38775.0,255194.0356305263,90
262499591,262499591,westbound,B77L,EBLG,KIND,43:06:56.81,47:58:06.10,55.173798,-7.785614,41706.0,250558.77079567555,85
262500609,262500609,eastbound,A332,KJFK,LYBE,43:15:00.29,49:59:15.24,40.845467,-68.087065,38252.0,208538.5837670003,101
262500755,262500755,westbound,B788,GMMN,CYUL,43:17:39.55,48:36:57.40,39.450604,-14.021731,42089.0,174847.55671349887,91
262501623,262501623,westbound,A333,EGLL,KIAD,43:23:30.19,48:40:14.52,53.937811,-9.75107,38244.0,195307.47370845033,89
262500162,262500162,westbound,B744,EBLG,KJFK,43:24:29.21,48:31:24.33,54.882411,-8.395246,38685.0,294325.0226074437,92
262499068,262499068,westbound,B789,LIRF,KJFK,43:26:15.21,48:20:51.99,51.94891,-12.912708,40900.0,192142.6539616618,84
262500474,262500474,westbound,B77L,EDDP,KCVG,43:31:48.58,48:21:00.56,57.699457,-8.239671,41785.0,249218.41564229864,82
262500886,262500886,westbound,B789,LFPG,KJFK,43:33:54.81,48:37:05.76,52.443456,-13.194136,40923.0,194743.2854670891,85
262501280,262501280,eastbound,B748,KSDF,EDDK,43:40:25.84,50:04:51.34,41.65716,-68.099168,36779.0,383525.2443538723,106
262502988,262502988,westbound,B752,EIDW,KEWR,43:46:00.00,49:00:28.76,54.761111,-9.415833,39000.0,96001.0,89
262500742,262500742,westbound,B77L,LIMC,KMEM,43:48:49.14,48:24:15.88,54.132548,-10.945501,41458.0,253936.20910206457,68
262502484,262502484,westbound,B772,EGLL,KBOS,44:01:59.81,49:03:08.39,53.907705,-10.735134,39237.0,222597.2252536868,88
262503395,262503395,westbound,A333,LPPR,BIKF,44:03:44.04,46:54:28.16,43.737435,-9.182772,39304.0,184546.36672342813,50
262500064,262500064,eastbound,B744,KMIA,EHAM,44:04:27.45,50:00:24.64,38.131221,-62.109038,38178.0,302163.5367974075,94
262501673,262501673,westbound,B77L,LFPG,KMEM,44:05:57.10,48:36:56.51,53.26887,-13.092695,41526.0,253384.67301170173,73
262502573,262502573,westbound,A333,EGLL,KJFK,44:09:37.00,49:27:27.85,53.993002,-10.5246,38282.0,195111.44716652404,90
262501022,262501022,westbound,B77W,LFPG,KJFK,44:14:25.11,49:07:34.58,52.783553,-12.985061,39847.0,272169.9280717,87
262501896,262501896,westbound,B789,LFPG,CYQB,44:17:15.34,48:54:57.59,53.01781,-13.085132,41201.0,191510.9179009152,63
262502713,262502713,eastbound,A333,KIAD,EDDF,44:18:17.31,51:27:26.22,40.998901,-68.057773,38295.0,194673.20522572042,115
262502010,262502010,westbound,B77L,EDDK,KMEM,44:24:01.30,48:56:59.52,57.233898,-8.464047,41434.0,254490.44857366578,72
262496571,262496571,westbound,A339,EDDF,MMUN,44:24:12.95,50:01:16.70,54.909485,-8.737563,38168.0,220422.8031228365,71
262503258,262503258,westbound,B763,EGSS,KSDF,44:34:02.80,49:31:07.67,55.682665,-8.277402,39453.0,162411.16854237524,85
262502412,262502412,westbound,B744,EBBR,KCVG,44:37:23.16,49:32:32.80,54.904614,-7.988553,38142.0,303790.183492982,89
262502943,262502943,westbound,B772,EGLL,KLAX,44:43:14.77,49:20:48.70,55.781003,-8.47807,37294.0,249698.68055968298,59
262502730,262502730,westbound,B77L,EDDK,KIND,44:45:21.68,49:26:21.48,56.923948,-7.903311,41730.0,250141.19811995374,81
262503860,262503860,westbound,B77L,EGSS,KMEM,45:05:50.83,49:50:39.41,54.028786,-8.628679,41400.0,255395.20712107047,80
262499106,262499106,eastbound,B77L,MPTO,EBLG,45:17:03.17,51:42:03.00,31.612445,-60.566813,41647.0,250073.1918515678,85
262502339,262502339,westbound,B77L,EDDF,KMEM,45:18:12.82,49:51:09.95,57.122393,-8.442482,41362.0,255537.15983091242,72
262503653,262503653,westbound,B77L,LFPG,KORD,45:21:02.10,49:54:38.80,53.609668,-11.733705,41858.0,248399.06869809167,83
262504853,262504853,westbound,A333,EIDW,KIAD,45:28:00.00,50:44:21.76,54.060556,-9.586389,37948.0,197329.4,89
262504643,262504643,westbound,B77L,EGNX,KCVG,45:32:27.31,50:23:02.83,55.599535,-8.373626,41740.0,250677.11207540886,87
262503944,262503944,westbound,B789,EHAM,MMMX,45:40:30.91,50:16:49.14,57.312086,-8.588234,39110.0,215955.22015196364,59
262503872,262503872,westbound,B77L,ELLX,MMMX,45:50:18.90,50:26:53.25,56.758968,-8.109672,40327.0,271131.91020138044,58
262504796,262504796,westbound,B77L,EGSS,KIND,45:54:24.66,50:39:07.91,53.973709,-9.693362,41772.0,249809.9789150233,86
262502151,262502151,eastbound,B77W,SMJP,EHAM,46:09:41.57,51:37:11.58,26.471085,-42.609913,39655.0,274242.289623738,86
262502413,262502413,eastbound,B77L,KCVG,EDDP,46:20:07.45,51:14:21.55,45.512971,-51.950142,42334.0,238280.729442295,78
262504527,262504527,westbound,A333,GCTS,BIKF,46:36:12.22,49:36:21.99,42.031353,-13.099007,39252.0,187453.59926135742,49
262505043,262505043,westbound,B789,EGLL,MMMX,46:56:27.90,51:40:02.80,55.535941,-8.298096,39109.0,216946.75044876835,62
262505064,262505064,westbound,B77L,EBLG,KORD,47:00:22.99,51:43:14.15,55.461325,-8.303482,41768.0,249676.6158327463,83
262504312,262504312,westbound,A333,LEAL,BIKF,47:00:42.69,48:35:56.87,53.646962,-10.286574,39899.0,181063.86785349654,28
262505189,262505189,westbound,A359,LEMD,MMMX,47:01:00.21,52:17:49.43,41.571258,-13.679514,37719.0,248258.08793085662,66
262505026,262505026,westbound,B772,EGLL,KJFK,47:03:03.27,52:02:23.65,53.843601,-11.240804,39048.0,225432.00843656535,89
262505824,262505824,westbound,B77L,LEZG,KJFK,47:11:14.75,52:53:08.37,44.337225,-6.484598,41991.0,247250.04608165892,102
262506097,262506097,eastbound,B733,BIKF,LPPT,47:26:00.00,50:44:27.97,61.534166,-18.445555,35763.0,54852.1,53
262505097,262505097,westbound,B788,LIRF,MMMX,47:27:41.80,53:23:16.73,45.588919,-6.514542,40058.0,194029.48880500242,66
262505644,262505644,westbound,B789,LEMD,MMMX,47:34:16.49,52:51:51.77,44.260897,-9.797393,39000.0,218329.1220750762,67
