identifier,base_fid,direction,actype,origin,destination,spawn_time,del_time,spawn_lat,spawn_lon,spawn_alt_ft,spawn_mass_kg,n_waypoints
262145517,262145517,eastbound,B744,KATL,EBLG,17:55:53.85,24:16:59.69,39.378451,-68.295292,36687.0,303664.8431180891,106
262128830,262128830,eastbound,B77L,KCVG,EDDP,19:48:43.57,24:44:32.56,46.3699,-52.784016,41441.0,254530.25254318625,89
262124737,262124737,eastbound,A333,KIAD,EDDF,20:21:43.65,27:13:39.47,40.663665,-67.984731,37347.0,194632.65235268828,113
262138722,262138722,eastbound,A346,KJFK,EDDF,20:29:47.19,26:59:01.42,41.149139,-67.854242,36161.0,286828.19276782626,113
262155515,262155515,eastbound,A333,KBOS,LIRF,20:43:02.46,27:16:30.47,41.437614,-67.700686,36397.0,197075.71962343203,106
262145628,262145628,eastbound,B77L,KCVG,EDDP,20:47:57.98,25:32:33.88,49.813772,-53.293058,42343.0,239027.8817644783,77
262144471,262144471,eastbound,A333,KATL,EHAM,20:58:16.14,27:48:40.08,38.725583,-69.055374,38261.0,191771.9637438136,107
262156053,262156053,eastbound,A339,KJFK,EDDF,20:59:34.00,27:48:01.69,41.296184,-67.913056,36468.0,208887.44030560288,113
262142018,262142018,eastbound,A333,KJFK,LSZH,21:03:24.26,27:51:18.33,40.623834,-67.892742,36678.0,196057.66631116558,113
262138096,262138096,eastbound,B763,KJFK,LIRF,21:13:04.23,27:42:11.68,40.615825,-68.104395,35671.0,165206.50281621114,103
262146723,262146723,eastbound,A333,KBOS,LSZH,21:20:56.18,28:04:44.01,41.739293,-67.77052,36373.0,197082.23430884836,111
262143879,262143879,eastbound,B77W,KJFK,LFPG,21:23:11.24,27:33:17.04,40.764787,-67.882024,35749.0,277882.94763114164,110
262130494,262130494,eastbound,A359,KATL,LFPG,21:25:28.60,27:58:02.83,38.425566,-69.480176,38619.0,232109.9498430492,108
262126327,262126327,eastbound,B763,KJFK,EDDB,21:30:32.03,28:26:54.71,41.369968,-67.829467,35816.0,162417.63789512325,116
262129674,262129674,eastbound,B772,KJFK,LIRF,21:31:31.45,27:46:51.32,41.307625,-67.776243,35927.0,237037.93211267225,103
262143791,262143791,eastbound,B772,KCLT,EIDW,21:39:05.66,27:07:49.72,39.567576,-68.164598,37469.0,223870.95999416025,99
262124920,262124920,eastbound,A333,KORD,LSZH,21:39:59.93,28:26:58.13,41.205408,-67.836177,38415.0,191105.5022935529,97
262123660,262123660,eastbound,B772,KCLT,EDDM,21:41:16.17,28:14:20.52,39.289564,-68.382245,37079.0,234809.30112436393,103
262150206,262150206,eastbound,A333,KATL,EDDF,21:41:47.58,28:53:03.55,38.55786,-69.432364,38207.0,191980.67123488197,106
262139962,262139962,eastbound,A332,KBOS,LIRF,21:44:00.72,28:09:33.59,41.180291,-68.155421,36024.0,204915.5397729444,106
262131941,262131941,westbound,A333,LPPT,BIKF,21:48:38.27,24:37:27.03,43.866229,-9.724928,39315.0,184943.8885672872,49
262153668,262153668,eastbound,B772,KCLT,EDDF,22:01:15.68,28:41:08.92,39.40269,-68.254052,37100.0,232449.70415811043,110
262129872,262129872,eastbound,B772,KBOS,LFPG,22:04:44.60,27:45:07.03,42.675118,-62.812543,35682.0,225323.69684252059,101
262153283,262153283,eastbound,B788,MDPC,EGCC,22:08:02.23,28:04:52.45,30.985122,-60.841974,41784.0,175313.3548509861,102
262137632,262137632,eastbound,B772,KJFK,LFPG,22:08:14.61,28:21:58.93,40.812324,-67.989305,35800.0,229130.41298536028,111
262149847,262149847,eastbound,B789,KJFK,EHAM,22:10:41.95,28:19:01.10,41.48518,-67.803534,36664.0,200577.29813910727,110
262135608,262135608,westbound,B748,ESSA,CYMX,22:12:01.47,27:36:48.61,62.700976,4.707897,37175.0,376639.6992886084,97
262124668,262124668,eastbound,B77W,KJFK,LFPG,22:12:40.65,28:21:38.38,41.185191,-67.908377,35821.0,277961.0599592356,109
262138092,262138092,eastbound,B763,KEWR,EDDM,22:12:54.23,28:59:10.65,41.707274,-67.837372,35904.0,162830.7889644431,113
262155160,262155160,eastbound,A346,KJFK,EDDM,22:15:47.14,28:48:16.32,41.345597,-67.911894,35961.0,289697.49948107504,114
262123573,262123573,eastbound,B763,CYYT,EBLG,22:21:00.00,26:54:19.89,48.226945,-49.366111,40258.0,151136.2,79
262150939,262150939,eastbound,A332,CYUL,DAAG,22:21:11.58,27:19:25.11,44.246298,-56.778905,39527.0,198434.6659133879,84
262125737,262125737,eastbound,A333,KIAD,EIDW,22:21:22.77,28:03:09.64,40.725262,-67.949596,37441.0,194656.34213487516,91
262147671,262147671,eastbound,B764,KJFK,LFMN,22:22:13.22,28:53:15.82,40.81211,-67.972835,33718.0,180256.24035087437,111
262144207,262144207,eastbound,B763,KIAD,LOWW,22:22:58.23,29:16:09.93,40.869784,-68.242001,36240.0,165555.37702583632,106
262142566,262142566,eastbound,B78X,KORD,EDDF,22:23:42.75,27:25:57.55,58.135103,-63.156751,40509.0,216852.39112724506,83
262135323,262135323,westbound,A333,LEBL,BIKF,22:24:11.12,24:01:56.60,53.562361,-9.131331,39890.0,180681.6299092801,30
262133296,262133296,eastbound,A333,KIAD,EHAM,22:24:16.08,29:00:00.52,40.53656,-67.756811,37330.0,194599.85160182024,110
262132369,262132369,eastbound,B772,KIAD,LFPG,22:24:37.55,28:39:11.48,40.321328,-68.075337,36504.0,229065.0707168194,111
262131469,262131469,eastbound,B789,KDTW,EDDF,22:25:54.36,27:13:08.16,50.203306,-53.687194,41079.0,188821.57480764945,83
262139750,262139750,eastbound,B77W,KIAD,EDDF,22:29:58.26,29:05:50.09,40.837871,-68.345468,36358.0,282032.69699974713,115
262146409,262146409,eastbound,A332,KCVG,LIMC,22:30:11.69,29:11:02.35,40.155535,-68.236098,37487.0,204361.5237981036,98
262129023,262129023,eastbound,A359,KIAD,EKCH,22:30:41.04,29:13:56.60,40.830765,-67.894169,37001.0,231003.35163675892,117
262123734,262123734,eastbound,B789,KORD,LIRF,22:31:16.47,28:44:57.96,41.166504,-68.559638,39556.0,202351.20002364597,87
262146058,262146058,eastbound,B763,KEWR,LSGG,22:32:19.15,28:53:16.75,42.203186,-65.29082,36011.0,160321.25883988722,106
262125850,262125850,eastbound,B77W,KJFK,EGLL,22:38:12.53,28:28:24.65,41.545971,-68.074512,35673.0,276226.5860650304,105
262133243,262133243,eastbound,B763,KIAD,LSGG,22:38:34.13,29:19:23.51,40.523013,-67.856258,36467.0,161896.3303884736,112
262152780,262152780,eastbound,B77L,KIAH,EDDF,22:38:55.56,28:59:43.29,38.117912,-63.667223,40508.0,248935.11674068365,90
262136042,262136042,eastbound,A359,KDTW,EHAM,22:39:32.63,27:09:14.34,50.501185,-54.103442,40268.0,222664.30511903492,81
262152464,262152464,eastbound,B772,KIAD,EDDM,22:40:31.69,29:11:05.90,40.290062,-68.191591,36493.0,234132.67178214478,108
262150298,262150298,eastbound,A333,KJFK,EBBR,22:43:21.92,29:19:32.73,40.797398,-67.846296,36657.0,196059.24017586172,112
262139376,262139376,eastbound,B772,KEWR,LOWW,22:44:59.63,29:01:19.54,42.129828,-65.738071,36066.0,234689.45058097097,104
262153025,262153025,eastbound,A333,KIAH,EHAM,22:45:28.07,29:43:53.78,38.170819,-69.963757,38545.0,188623.33879565806,97
262147412,262147412,eastbound,B763,KIAD,LSZH,22:45:53.98,29:31:02.57,40.240969,-68.331506,36388.0,162650.7504024475,111
262131573,262131573,eastbound,B789,KMSP,EHAM,22:46:23.20,27:29:53.15,59.686171,-64.547387,41087.0,188284.74479564995,83
262124472,262124472,eastbound,B77W,KIAD,EBBR,22:48:28.78,29:04:34.20,40.75141,-68.134117,36360.0,279734.7391907291,112
262151308,262151308,eastbound,A359,KATL,LFPG,22:51:15.91,29:25:46.76,38.278837,-69.699623,38607.0,232121.86409041064,108
262156160,262156160,eastbound,B78X,KORD,LIRF,22:52:09.98,28:59:17.35,41.380296,-67.952589,37494.0,220123.48842281816,86
262130234,262130234,westbound,A333,LEAL,BIKF,22:53:18.06,25:05:59.56,49.242118,-7.289586,39608.0,183441.6140107893,38
262152542,262152542,eastbound,B78X,KEWR,LGAV,22:54:08.71,28:46:44.47,42.170143,-65.944637,36061.0,224144.43093335655,83
262152585,262152585,eastbound,A35K,KJFK,EGLL,22:54:11.24,28:50:41.82,41.238302,-67.829566,36406.0,256168.3612581294,104
262150815,262150815,eastbound,A333,KATL,LIRF,22:55:06.50,29:10:01.80,38.274267,-62.742796,38884.0,189508.22743087402,83
262129521,262129521,westbound,B789,EGLL,MMMX,22:55:07.57,27:29:54.43,53.956845,-12.692015,39191.0,215576.26687517556,59
262152789,262152789,eastbound,A343,KBOS,EDDF,22:57:26.14,28:42:40.40,43.627505,-58.370921,36020.0,210187.87139108987,97
262123705,262123705,eastbound,B788,KMLB,EGPF,22:57:31.86,28:23:20.31,38.010394,-64.210506,41435.0,171800.21681496553,100
262139963,262139963,eastbound,B772,KIAD,EGLL,22:58:41.12,28:51:26.36,40.686621,-68.204214,36851.0,226839.14992351946,104
262131235,262131235,eastbound,B764,KIAD,EHAM,23:00:44.03,29:29:15.34,40.880259,-67.700941,34056.0,177477.51148282297,110
262141683,262141683,eastbound,B77W,CYUL,LFPG,23:03:09.67,27:30:28.63,48.216335,-52.601618,40191.0,266522.0434451319,81
262130510,262130510,eastbound,A333,KJFK,EIDW,23:03:35.56,26:55:22.67,47.258193,-52.360009,38918.0,190188.62857102812,64
262137916,262137916,eastbound,B77W,CYYZ,EDDF,23:04:40.84,27:52:38.25,51.007285,-54.469635,40014.0,269902.0434537395,85
262145018,262145018,westbound,A359,LEMD,MMMX,23:05:15.17,28:13:57.55,44.596318,-11.750553,37652.0,248633.30698352572,63
262126914,262126914,eastbound,A333,KBOS,EHAM,23:06:34.06,27:49:15.55,48.051527,-52.50568,38776.0,191395.2802449332,81
262145146,262145146,eastbound,A332,TTPP,EHAM,23:06:48.71,29:33:56.31,26.298433,-53.337689,39199.0,203555.42273120576,98
262125524,262125524,eastbound,B764,KRDU,LFPG,23:06:54.40,29:33:30.93,40.026103,-67.670764,35042.0,178348.36104468358,113
262129113,262129113,eastbound,B772,KEWR,EGLL,23:06:54.52,28:32:05.80,42.413863,-64.035356,36288.0,223656.32070328368,96
262151559,262151559,eastbound,B763,KORD,LSZH,23:09:44.89,29:49:58.01,41.537987,-68.133392,36964.0,161533.8378885095,97
262145418,262145418,eastbound,B77W,KJFK,EGLL,23:10:42.55,28:58:16.44,41.373494,-67.855367,35880.0,275243.06327521155,103
262136626,262136626,eastbound,B77L,MPTO,EBBR,23:11:12.03,29:11:00.74,36.174709,-61.07756,41525.0,245941.27727689935,81
262124226,262124226,westbound,B788,LIRF,MMMX,23:11:28.67,28:26:31.96,49.838301,-6.444437,40091.0,193022.9884658842,58
262154929,262154929,eastbound,A333,KIAD,EGLL,23:11:59.65,29:24:36.64,40.476742,-67.854442,37364.0,194617.50948034835,103
262154255,262154255,westbound,B744,LIMC,CYMX,23:12:33.38,27:50:07.66,52.072233,-13.352328,38972.0,289890.16222309496,82
262142526,262142526,eastbound,A339,KBOS,LFPG,23:13:02.06,29:38:15.06,41.445763,-67.86231,36251.0,205730.84239642028,109
262130199,262130199,eastbound,B789,KDFW,LIRF,23:14:51.29,29:03:05.78,38.190899,-62.064309,39956.0,195766.13430846285,71
262127476,262127476,eastbound,B789,KJFK,EHAM,23:14:52.72,29:24:07.42,41.46236,-67.870572,36529.0,200551.4076635483,109
262143005,262143005,eastbound,B763,KJFK,EBBR,23:15:01.79,29:43:15.07,41.350204,-67.739341,35571.0,160084.25208198186,111
262131244,262131244,eastbound,A333,CYYZ,EKCH,23:15:46.59,28:19:25.04,52.423009,-55.230355,39152.0,189337.7881484577,85
262154806,262154806,eastbound,B772,CYYZ,EHAM,23:15:47.93,27:42:24.16,51.864605,-54.890814,39512.0,216863.32651649666,80
262128163,262128163,eastbound,B77W,KJFK,EGLL,23:16:17.61,29:04:05.88,41.475621,-68.007769,35666.0,276215.95369799354,103
262150024,262150024,eastbound,B748,KEWR,EDDF,23:21:28.36,29:14:32.35,42.429425,-64.022908,36218.0,379153.3866877464,106
262138707,262138707,eastbound,A333,KATL,EHAM,23:22:26.03,30:11:24.12,38.987984,-68.884402,38155.0,191270.9222117739,105
262134098,262134098,eastbound,B77W,KIAD,LFPG,23:23:09.91,29:33:47.80,40.412524,-67.981898,36348.0,278298.4206007917,110
262142420,262142420,eastbound,B763,KATL,EDDS,23:23:33.70,30:19:34.95,38.772444,-69.180213,36985.0,164808.7269032913,103
262139310,262139310,eastbound,A333,KSTL,EDDF,23:24:29.22,30:18:03.75,40.444168,-67.965041,38294.0,190047.47541109577,97
262151299,262151299,eastbound,B748,KIAD,EDDF,23:24:42.47,29:47:55.10,40.550084,-67.810009,36328.0,383549.1911615357,115
262154455,262154455,eastbound,B77W,KDFW,EGLL,23:25:53.24,29:35:10.58,38.500177,-69.490736,38261.0,276105.6421657251,91
262129663,262129663,eastbound,B764,KIAD,EDDB,23:27:24.86,30:25:18.47,40.976061,-68.362431,34011.0,181057.77370147628,113
262123661,262123661,eastbound,B789,KPHL,LIRF,23:28:27.17,29:43:50.79,41.259927,-68.098302,37124.0,206379.11739681012,101
262140213,262140213,eastbound,B77W,KIAH,EGLL,23:28:57.35,29:40:21.66,38.025849,-69.64504,37923.0,280285.62169355183,95
262141061,262141061,eastbound,A332,KJFK,EDDF,23:28:58.85,30:09:33.67,40.856053,-67.922215,36223.0,201430.54608757613,115
262138423,262138423,eastbound,A333,KEWR,ESSA,23:29:08.63,28:44:58.47,50.67168,-53.841284,38992.0,189942.25073529454,90
262124173,262124173,eastbound,B772,KCLT,LIRF,23:29:45.02,29:47:37.85,39.07682,-68.941303,37301.0,238141.9251860162,94
262124729,262124729,eastbound,A333,CYUL,LFPO,23:30:06.34,28:12:39.24,48.982455,-53.210425,38821.0,191289.37717004665,82
262143525,262143525,eastbound,B763,KJFK,LIPZ,23:30:50.47,30:04:06.56,41.481531,-67.829724,35697.0,164200.11963265954,108
262143053,262143053,eastbound,A333,KEWR,EIDW,23:31:37.82,27:28:16.29,46.290684,-52.472126,38895.0,190114.84174185264,65
262142981,262142981,eastbound,A333,KDTW,LIRF,23:32:44.56,30:08:25.68,41.508426,-68.330599,38173.0,192876.63327771318,91
262128351,262128351,eastbound,B789,KMIA,EGLL,23:34:03.93,29:08:43.79,38.149073,-61.397957,40327.0,193159.9660335555,95
262150110,262150110,eastbound,B77W,KPHL,EGLL,23:34:46.48,29:25:36.89,41.11986,-68.311481,36190.0,275693.15918573155,104
262138744,262138744,eastbound,B764,KDTW,EDDM,23:36:08.16,30:01:53.00,42.338267,-64.414512,33988.0,179258.44667456162,98
262126748,262126748,eastbound,A333,KDTW,LFPG,23:37:57.44,30:07:12.02,41.741201,-67.871232,38152.0,192742.28895587646,106
262153948,262153948,eastbound,A339,KJFK,EHAM,23:38:12.27,28:25:44.98,46.792324,-52.85414,39961.0,201066.62533720137,83
262123516,262123516,eastbound,B77W,CYUL,EBBR,23:38:22.48,28:09:44.89,51.311916,-54.872923,40239.0,266689.57385136833,81
262150940,262150940,eastbound,B763,KATL,LIMC,23:38:24.32,30:26:59.03,38.553933,-69.289632,37136.0,165417.7018603711,99
262155696,262155696,eastbound,B772,KMCO,EGKK,23:38:44.16,29:22:01.93,38.126837,-63.559499,38741.0,225158.59483300385,99
262125438,262125438,eastbound,A333,KEWR,LFPO,23:39:36.12,29:56:28.30,42.085151,-66.069386,36900.0,195183.22100855247,106
262138058,262138058,eastbound,B78X,KEWR,LFPG,23:39:41.45,29:21:48.30,42.560181,-63.303633,36123.0,223250.16004910454,102
262152459,262152459,eastbound,A333,KBDL,EIDW,23:42:04.10,27:33:19.82,47.304901,-52.323249,38826.0,190886.42191355437,64
262155404,262155404,eastbound,B772,KEWR,LIPZ,23:42:13.25,30:04:02.89,40.580161,-68.193765,35916.0,235599.49491452184,107
262140640,262140640,eastbound,A35K,KJFK,EGLL,23:42:13.59,29:38:09.30,41.2328,-67.724442,36388.0,256165.59684100767,104
262154484,262154484,eastbound,B772,KIAD,EGLL,23:42:45.16,29:37:24.32,40.849197,-68.195089,36427.0,226833.1114450466,105
262142666,262142666,eastbound,A333,KATL,EGCC,23:43:23.14,29:54:45.19,38.153877,-67.641382,38587.0,191352.1749932668,104
262130759,262130759,eastbound,A333,KBOS,EGKK,23:43:32.08,29:12:50.89,42.99147,-61.359867,36402.0,194801.44155265205,92
262137520,262137520,eastbound,B77W,KJFK,LFPG,23:43:36.14,29:50:48.25,41.377419,-67.827225,35883.0,277962.25905196834,109
262126028,262126028,eastbound,B748,KMIA,EDDF,23:46:22.41,29:58:56.32,38.161543,-64.969492,36465.0,387775.59047401923,98
262134740,262134740,eastbound,B789,CYUL,EKCH,23:46:37.53,28:37:06.25,53.280885,-56.685709,41093.0,191932.7455687847,86
262141499,262141499,eastbound,B789,CYUL,EDDF,23:47:47.25,28:34:04.55,51.883065,-54.832656,41090.0,191707.56645428343,83
262150749,262150749,eastbound,B772,KRDU,EGLL,23:48:51.72,29:48:25.36,39.463999,-68.154844,36821.0,227593.77428012993,108
262155442,262155442,eastbound,A333,KMCO,EGCC,23:51:19.71,29:49:01.16,38.036601,-64.873848,38768.0,190219.78161812242,101
262151776,262151776,eastbound,B763,KEWR,LDDU,23:51:32.84,30:22:08.66,40.799915,-68.190762,35519.0,167647.51234963074,97
262124393,262124393,eastbound,B77W,KJFK,EGLL,23:51:47.89,29:41:27.45,41.48979,-67.842727,35824.0,275231.2226473652,104
262146083,262146083,eastbound,B789,KJFK,EPWA,23:51:52.72,28:48:33.06,49.779172,-53.591099,40679.0,195112.37785098955,85
262128903,262128903,eastbound,A359,KCLT,EDDM,23:53:38.95,30:46:33.28,38.214502,-68.905988,38504.0,235408.44170543135,106
262140603,262140603,eastbound,A333,KBOS,EIDW,23:53:43.28,27:46:40.12,47.290384,-52.572462,38742.0,191514.16578019116,67
262125188,262125188,eastbound,B763,KEWR,EDDB,23:56:51.96,29:12:01.75,46.643482,-52.424737,40183.0,156410.93051201044,91
262150495,262150495,eastbound,A333,KBOS,EKCH,23:57:26.41,29:04:57.24,49.493741,-52.970943,38805.0,191147.0525900592,88
262129957,262129957,eastbound,B748,KIAH,EDDF,23:59:00.51,30:36:55.00,38.658251,-69.467464,36638.0,387986.4959693786,92
262138536,262138536,eastbound,B764,KATL,EDDM,24:01:58.59,31:01:18.04,39.161074,-68.73094,34892.0,181550.00434101478,101
262140510,262140510,eastbound,A333,KBOS,EGLL,24:02:27.94,29:11:39.38,43.538943,-58.413146,36868.0,193754.728042633,89
262129770,262129770,eastbound,A333,KJFK,EGKK,24:02:48.40,30:15:35.61,41.301048,-67.814493,36396.0,196091.58093466106,105
262143151,262143151,eastbound,A333,KEWR,EKCH,24:02:50.31,29:11:56.16,49.865273,-53.650431,38963.0,190087.36847171205,89
262143565,262143565,eastbound,B788,KPHL,LSZH,24:03:19.17,30:29:31.51,40.921756,-68.015796,37102.0,181376.44210663502,113
262150689,262150689,eastbound,A333,KJFK,EINN,24:03:32.45,27:53:06.87,45.918265,-52.796733,38865.0,190300.72219565618,67
262154868,262154868,eastbound,B789,KDFW,EDDF,24:03:37.94,30:33:36.97,38.041699,-66.175395,39871.0,194516.91392031458,87
262153467,262153467,eastbound,A332,CYYZ,EIDW,24:03:58.79,27:45:05.84,51.068601,-54.166064,40635.0,188637.75463732422,65
262152841,262152841,eastbound,B788,KPHL,EIDW,24:09:32.77,27:55:34.89,46.686918,-52.57214,42730.0,163408.3850270199,69
262137844,262137844,eastbound,B789,MDPC,EGBB,24:16:36.53,30:14:03.26,31.13503,-61.049829,40593.0,197067.35223303438,102
262128069,262128069,eastbound,B764,KJFK,LFPG,24:16:39.22,30:37:14.19,41.536048,-67.694909,34037.0,177003.9618848788,109
262123845,262123845,eastbound,B772,KCLT,EGLL,24:17:23.91,30:18:53.71,39.411112,-68.2621,37138.0,227685.6072171965,109
262126057,262126057,eastbound,GLEX,KTEB,LFMN,24:17:46.35,29:06:25.83,45.110728,-52.60046,46632.0,31906.01637249308,85
262129137,262129137,eastbound,B788,KPHL,LIPZ,24:19:07.78,30:43:21.85,39.718042,-68.156987,37740.0,183017.798647579,104
262130707,262130707,eastbound,B78X,KORD,EHAM,24:19:20.39,28:45:30.63,51.500988,-54.569125,40639.0,215607.53853242,78
262136186,262136186,eastbound,GLEX,KTEB,ESSA,24:19:21.55,29:26:15.96,51.445647,-55.170478,46818.0,31542.319313954078,91
262156209,262156209,eastbound,B764,KATL,EGLL,24:22:18.05,30:33:48.45,40.103193,-67.882968,34830.0,178536.28676635434,107
262146879,262146879,eastbound,B763,KATL,LFPG,24:22:59.79,30:52:37.18,38.131679,-66.457496,38497.0,161260.65594530373,105
262149919,262149919,eastbound,A359,KIAH,LFPG,24:23:00.71,30:31:29.39,38.234953,-64.279563,39258.0,232223.2425083044,87
262131605,262131605,eastbound,B772,KJFK,EGLL,24:23:38.00,30:13:55.05,41.445982,-68.000741,36014.0,226900.3784439726,104
262155024,262155024,eastbound,B763,CYUL,LOWW,24:23:51.10,29:28:56.94,52.062342,-55.436515,39988.0,158756.8202646909,86
262153793,262153793,eastbound,B772,KORD,LOWW,24:24:58.08,29:21:53.17,59.200923,-62.592598,38969.0,224267.08022697535,74
262126859,262126859,eastbound,B789,KPHL,EGLL,24:26:28.95,30:22:12.71,40.748098,-67.96722,36680.0,198640.41454065085,106
262132942,262132942,eastbound,B763,KEWR,EGLL,24:28:24.84,28:59:31.12,45.878625,-52.548712,40688.0,151847.78649330122,80
262131105,262131105,eastbound,A333,KTPA,EDDF,24:28:33.25,31:08:40.14,38.222228,-63.575828,38897.0,189122.75466019136,97
262132033,262132033,eastbound,B77L,KMIA,EBLG,24:30:34.23,30:31:03.26,38.049485,-61.950127,40915.0,247652.7831672824,100
262155054,262155054,eastbound,B763,KJFK,LKPR,24:30:39.88,31:19:24.18,41.060237,-67.710529,35625.0,163229.4336025607,114
262131241,262131241,eastbound,B763,KJFK,ESSA,24:31:28.87,29:50:46.86,48.643248,-52.875913,40118.0,156109.49920159782,93
262130179,262130179,westbound,B748,EDDK,KSDF,24:31:38.07,29:09:46.61,55.940245,-8.215537,36587.0,386924.6002691033,81
262144441,262144441,eastbound,B763,KJFK,LIMC,24:32:56.26,31:07:37.39,40.635134,-68.081761,35784.0,162515.70827880074,112
262146071,262146071,eastbound,B788,KDFW,EHAM,24:33:12.39,30:52:13.38,38.184279,-66.293325,41031.0,170252.08599475404,89
262129892,262129892,eastbound,B77W,CYUL,LFPG,24:33:22.17,29:02:52.77,50.983141,-54.500486,40251.0,266439.7452939584,81
262138831,262138831,eastbound,B789,KJFK,EGKK,24:33:57.63,28:53:09.69,46.337803,-52.461994,41283.0,187643.1367311245,80
262135362,262135362,eastbound,B788,TNCB,EHAM,24:35:09.12,31:23:16.09,26.894728,-60.354991,41410.0,178393.84243143004,101
262139271,262139271,eastbound,B772,KEWR,EHAM,24:35:19.02,29:12:01.87,45.963516,-52.333191,39385.0,217153.10451583492,85
262129754,262129754,eastbound,B77W,KEWR,EDDF,24:36:12.44,31:01:58.44,40.510738,-68.053567,35852.0,280758.6170940046,114
262139313,262139313,eastbound,B789,KPHL,EGLL,24:37:19.74,30:28:22.12,41.641454,-67.831577,36736.0,198271.74784529192,104
262129517,262129517,eastbound,B789,KAUS,EDDF,24:37:35.06,31:04:47.79,38.028934,-65.554504,39854.0,194207.6651890729,85
262145463,262145463,eastbound,B763,CYEG,EDDF,24:38:50.04,29:25:09.85,65.115555,-59.334361,39250.0,155876.89763770436,72
262147985,262147985,eastbound,B77L,TJBQ,EHAM,24:39:05.55,31:11:27.76,29.295745,-60.377654,41695.0,250395.05224312845,107
262123832,262123832,eastbound,A339,KMSP,LFPG,24:40:44.77,29:41:39.14,59.688185,-64.138339,39887.0,203801.63092615295,84
262183560,262183560,eastbound,A333,KJFK,EGCC,24:40:55.01,30:37:35.09,41.280801,-67.76423,36330.0,196083.87670193714,101
262152700,262152700,eastbound,B788,TNCC,EHAM,24:41:02.08,31:28:38.15,26.918305,-60.453628,41394.0,178644.99582364835,101
262134550,262134550,eastbound,B77W,KDFW,EGLL,24:41:46.54,30:44:01.07,38.129106,-67.439438,38672.0,274634.64645809657,89
262134884,262134884,eastbound,B77L,MPTO,EHAM,24:42:43.51,30:37:37.56,37.14824,-61.05863,41521.0,245209.15659639807,80
262150661,262150661,eastbound,A388,KMIA,EGLL,24:42:47.06,30:21:07.97,38.025217,-63.254082,39002.0,464166.5237988746,97
262154177,262154177,eastbound,B772,KIAH,EGLL,24:43:29.32,30:44:01.42,38.070724,-67.003631,38571.0,224135.6125353288,89
262147136,262147136,eastbound,B788,CYYZ,EGLL,24:44:16.76,28:57:26.65,51.272,-54.897403,42578.0,165440.06495161558,76
262128793,262128793,eastbound,A339,KATL,EGLL,24:47:05.79,31:00:42.04,38.110512,-66.565422,38979.0,207353.47996518319,103
262153932,262153932,eastbound,A359,CYYZ,LFPG,24:47:10.58,29:19:44.99,47.574371,-52.860283,40241.0,221942.72474825615,82
262125818,262125818,eastbound,B789,CYUL,EGLL,24:48:47.53,28:56:17.97,50.761466,-53.99318,41411.0,187704.47445216548,74
262140288,262140288,eastbound,A333,KBOS,EINN,24:49:31.60,28:27:48.72,48.580145,-52.865466,38780.0,191451.3819021226,64
262139940,262139940,eastbound,B789,CYUL,EDDF,24:49:49.60,29:31:43.83,51.656111,-54.698627,41089.0,191702.86888015203,84
262148120,262148120,eastbound,B772,CYYZ,EGLL,24:52:09.04,29:03:40.70,50.917217,-54.780685,39638.0,214902.4761535184,76
262136037,262136037,eastbound,B77W,CYUL,LFPG,24:52:18.16,29:19:24.83,48.114362,-52.495097,40216.0,266065.2253588766,81
262150775,262150775,eastbound,B788,KDFW,EDDF,24:52:32.94,31:30:23.46,37.998859,-66.189947,40906.0,172265.19711441768,89
262146553,262146553,eastbound,A332,KJFK,LYBE,24:53:18.60,31:35:43.96,41.349891,-68.190018,36080.0,208503.11515335477,102
262147135,262147135,eastbound,B772,CYVR,LFPG,24:54:54.65,29:42:22.05,61.999272,-64.912164,38682.0,218127.10930558568,73
262128877,262128877,eastbound,B77L,KMIA,EHAM,24:56:30.73,31:06:22.83,37.923223,-64.557127,40517.0,247471.2649570221,101
262144217,262144217,eastbound,A333,KBOS,EHAM,24:56:52.30,29:38:48.17,49.075365,-53.172315,38786.0,191429.56021871712,82
262176167,262176167,eastbound,B772,KJFK,EGKK,24:57:41.43,30:51:27.51,41.293785,-67.930362,35920.0,227127.10882920274,105
262137611,262137611,eastbound,B772,KEWR,LIMC,24:58:49.02,30:56:06.56,42.468223,-63.913782,36239.0,230399.82785600424,105
262133324,262133324,eastbound,B748,KORD,EDDF,24:58:52.91,29:52:31.77,59.833519,-64.893525,37577.0,374555.88291907747,83
262128487,262128487,eastbound,B763,KIAH,EDDM,24:58:55.13,31:59:11.14,37.985177,-67.016767,38695.0,161992.15032092007,85
262131354,262131354,eastbound,B772,KCLT,LFPG,25:00:11.21,31:14:28.05,38.299328,-67.251933,38375.0,229215.59157532355,110
262152040,262152040,eastbound,B764,KBOS,EGLL,25:00:11.82,29:32:27.04,44.868966,-52.782549,34785.0,169029.66129445424,80
262143554,262143554,eastbound,A333,KEWR,ENGM,25:00:44.48,29:49:18.11,50.815903,-54.179267,38990.0,189963.79187258994,83
262133883,262133883,eastbound,B788,KPHL,EHAM,25:01:18.08,29:37:07.47,46.850774,-52.675584,42344.0,167473.17936974036,84
262185426,262185426,eastbound,B77W,KJFK,EGLL,25:01:31.76,30:48:47.52,41.341174,-67.864075,35835.0,275272.0180297917,104
262154629,262154629,eastbound,A332,KMSP,EGLL,25:04:33.89,29:37:33.12,60.065204,-64.787966,40104.0,194350.3416272465,81
262161298,262161298,eastbound,B772,TXKF,EGLL,25:07:32.57,30:46:39.78,35.721823,-60.746362,38940.0,226752.00250981541,103
262155890,262155890,eastbound,B772,KIAH,EHAM,25:10:30.37,31:28:15.38,38.15276,-66.846214,38455.0,226187.5653159499,90
262131551,262131551,eastbound,B772,KTPA,EGKK,25:10:42.78,30:57:08.25,38.233448,-64.3623,38696.0,225471.7439658357,98
262150517,262150517,eastbound,FA7X,KGRB,LIPO,25:12:52.12,30:27:33.64,54.866425,-59.363762,45460.0,17900.006771209624,79
262127659,262127659,eastbound,B789,MMUN,EGCC,25:14:33.82,30:50:10.23,38.065397,-64.341697,40162.0,191847.1301740627,88
262149721,262149721,eastbound,A333,KMSP,EHAM,25:14:57.77,30:14:17.07,60.477071,-64.944694,39397.0,187231.54051221703,83
262140599,262140599,eastbound,A333,CYHZ,EDDF,25:15:07.66,30:20:07.80,47.222044,-52.794256,38338.0,194545.05305065462,87
262130970,262130970,eastbound,A333,KDTW,EHAM,25:15:39.56,29:56:56.21,50.246418,-53.799689,39363.0,187575.88397987105,81
262127576,262127576,eastbound,B772,KSFO,EGLL,25:16:41.69,29:40:25.48,62.452788,-65.120518,38489.0,214580.2583612784,62
262150254,262150254,eastbound,B789,KSEA,EGLL,25:16:53.79,29:40:40.92,63.383578,-65.397719,41170.0,183024.59033683958,68
262181020,262181020,eastbound,B763,KJFK,LSZH,25:17:02.26,31:58:04.78,40.732536,-67.991262,35692.0,161935.11766569063,113
262132123,262132123,eastbound,B788,MMUN,EGKK,25:17:20.79,30:52:52.30,38.133405,-61.48362,41358.0,168881.70458818902,86
262168644,262168644,eastbound,A339,KJFK,EGLL,25:17:28.73,31:23:41.41,41.437193,-67.946004,36313.0,204792.85183193188,102
262143790,262143790,eastbound,B789,MKJS,EGKK,25:17:41.83,30:49:42.94,37.749892,-60.860607,40569.0,191713.93150583812,88
262151072,262151072,eastbound,A332,KATL,EDDF,25:19:09.38,32:03:02.68,38.018777,-67.034214,38830.0,204545.30351952682,102
262171394,262171394,eastbound,B764,KJFK,LFPG,25:19:11.98,31:40:48.36,41.475359,-67.950475,34274.0,176778.01086916306,109
262144376,262144376,eastbound,B77W,KEWR,EBBR,25:20:56.81,30:04:16.93,44.801495,-52.613925,38936.0,266844.92392706656,87
262143460,262143460,eastbound,A333,CYYZ,LOWW,25:21:40.31,30:33:19.97,56.628784,-61.082423,39133.0,189837.13837321138,80
262143898,262143898,eastbound,A332,KDTW,EGLL,25:21:55.26,29:37:14.87,49.584441,-53.572829,40352.0,192069.97977342448,76
262152941,262152941,eastbound,B789,KLAX,EGLL,25:22:09.17,29:46:29.43,61.649784,-64.691682,40695.0,180526.0979600806,61
262158826,262158826,eastbound,B789,KIAD,EGKK,25:24:03.66,31:21:01.71,40.799187,-68.212561,36889.0,198325.39332931803,105
262167696,262167696,eastbound,B77W,KJFK,EDDF,25:24:33.23,31:52:40.67,40.919469,-67.981161,35498.0,282097.16649955616,115
262125154,262125154,eastbound,A332,KDTW,EDDF,25:24:36.97,30:18:03.25,49.361014,-53.057277,39974.0,196093.19990548957,83
262172391,262172391,eastbound,B744,KJFK,EBBR,25:25:46.35,31:34:02.14,41.268068,-68.102032,35806.0,298605.05740396405,111
262159818,262159818,eastbound,B772,KCLT,EGLL,25:29:05.46,31:36:13.11,38.201746,-68.351593,38424.0,227740.26686067216,110
262140890,262140890,eastbound,B789,KDFW,LFPG,25:32:18.98,31:47:29.12,38.042734,-66.577782,39889.0,192994.74855223042,89
262134269,262134269,eastbound,B78X,KORD,EGLL,25:33:06.00,29:40:40.38,48.855198,-53.014642,40568.0,215176.469229925,73
262161023,262161023,eastbound,A333,KJFK,EGLL,25:34:42.31,31:43:15.75,41.304857,-67.822651,36325.0,196097.18010579032,104
262141119,262141119,eastbound,A332,CYYZ,EGPF,25:35:03.06,29:21:45.64,51.739611,-55.239027,40597.0,189033.67121874844,67
262156054,262156054,eastbound,B789,KORD,LFPG,25:38:31.90,30:08:40.05,47.499528,-52.775682,41240.0,185400.04661234462,79
262163116,262163116,eastbound,GLEX,KRDU,LIRP,25:38:46.38,32:08:43.95,40.141745,-67.952095,45427.0,35266.20858635757,99
262179393,262179393,westbound,A333,EINN,KFTW,25:40:00.00,30:26:04.12,53.572222,-11.979167,37929.0,197329.4,75
262135398,262135398,eastbound,B788,CYYZ,EPWA,25:40:22.02,30:38:56.10,53.350546,-56.548814,41961.0,172300.8493295196,82
262178049,262178049,westbound,B763,EDDP,KCVG,25:41:44.68,30:42:48.21,56.52084,-8.261481,39519.0,162826.18761456665,81
262130413,262130413,eastbound,B789,KLAX,LFPG,25:42:29.23,30:29:47.02,60.495149,-64.211537,40880.0,182681.75281621682,64
262175147,262175147,eastbound,B744,KGSP,EDFH,25:42:46.52,32:16:08.11,38.20931,-67.968351,37748.0,304822.67439761374,109
262158355,262158355,eastbound,B77W,KJFK,EGLL,25:45:08.78,31:32:29.68,41.353348,-67.881939,35571.0,276236.86414610397,103
262177787,262177787,eastbound,B789,KJFK,EGLL,25:46:36.43,31:36:23.65,41.311646,-67.91488,36480.0,198762.6042305405,102
262165387,262165387,eastbound,B763,KJFK,LSGG,25:46:59.40,32:27:06.40,40.723688,-67.929369,35715.0,161341.8940967287,113
262165288,262165288,eastbound,A333,KJFK,LSZH,25:49:42.83,32:35:39.31,40.854329,-67.869195,36370.0,196097.0732439526,113
262148089,262148089,eastbound,B788,MMUN,EGNT,25:50:01.15,31:28:15.65,37.972529,-64.161012,41253.0,169730.50324417965,88
262137979,262137979,eastbound,A333,KJFK,EGCC,25:50:36.35,30:09:52.14,45.424145,-52.261169,38865.0,190110.37122078423,76
262146452,262146452,eastbound,B763,KATL,LIPZ,25:51:52.21,32:23:12.60,38.13968,-66.017551,38671.0,165405.65832221057,91
262137778,262137778,eastbound,A343,MROC,LSZH,25:52:47.92,32:26:18.53,38.019465,-64.43505,37040.0,225098.61275402762,76
262175590,262175590,eastbound,B788,KPHL,LFPG,25:52:55.48,32:05:57.66,41.00235,-68.162005,37259.0,178810.02630186468,110
262179247,262179247,eastbound,A333,KIAD,EIDW,25:54:17.29,31:36:06.82,40.84607,-68.169729,36647.0,194705.6930367915,94
262178825,262178825,eastbound,A388,KBOS,EDDM,25:55:21.17,30:40:29.56,47.410605,-52.689446,39396.0,453369.86777413543,87
262161046,262161046,eastbound,A333,KJFK,EIDW,25:57:14.90,31:35:54.10,41.41593,-67.949038,36261.0,196124.86757181853,94
262153930,262153930,eastbound,B77W,KMIA,EGLL,25:58:43.57,31:48:22.64,37.998891,-64.694654,39071.0,276976.447868308,100
262134084,262134084,eastbound,A332,KMIA,LIRF,25:58:47.52,31:55:17.57,38.202135,-62.426929,38803.0,205482.81327795467,81
262146570,262146570,eastbound,B78X,KSFO,EHAM,25:59:52.16,30:38:40.94,62.430519,-65.341343,40159.0,208242.81101080682,65
262179003,262179003,eastbound,B763,KJFK,EIDW,26:00:10.76,31:32:44.70,41.456912,-67.897719,35877.0,155292.45421699178,93
262128338,262128338,eastbound,A359,KATL,EIDW,26:01:15.50,31:36:02.82,38.174564,-66.886436,39285.0,225987.305346557,98
262175728,262175728,eastbound,B78X,KJFK,EHAM,26:01:18.07,32:10:18.91,41.454772,-67.906794,35728.0,225250.46035982508,110
262151008,262151008,eastbound,B78X,KORD,EBBR,26:02:11.67,30:32:09.84,49.628645,-53.377107,40606.0,215360.0392805702,79
262138217,262138217,eastbound,B77W,CYYZ,LFPG,26:02:29.41,30:29:28.00,49.518007,-52.984942,40264.0,265808.6812806806,81
262175289,262175289,eastbound,A333,KJFK,LIRF,26:03:33.49,32:41:07.46,40.736425,-68.229882,36450.0,196294.08717813867,103
262183481,262183481,eastbound,B772,KJFK,EGLL,26:03:38.81,31:57:22.62,41.246922,-68.63008,35830.0,227416.9670966924,104
262176999,262176999,eastbound,A333,CYQB,LFPG,26:05:33.73,30:45:49.83,50.02505,-53.779296,38669.0,192469.8092511802,81
262169242,262169242,eastbound,A359,KATL,LFPG,26:05:46.04,32:25:55.68,38.043427,-66.581078,39123.0,230981.6177669612,104
262159502,262159502,eastbound,A388,KBOS,EGLL,26:07:09.88,30:22:53.99,45.301491,-52.763873,39899.0,439898.70789016254,80
262158429,262158429,eastbound,A333,KBOS,LSZH,26:07:56.62,32:49:37.94,41.745033,-67.734329,36174.0,197081.27806988114,111
262181976,262181976,eastbound,A333,KEWR,LFMN,26:09:29.08,32:44:09.55,41.772104,-67.98221,36495.0,195926.21488642754,108
262183792,262183792,eastbound,A333,CYUL,LSGG,26:09:53.37,31:05:18.07,48.843603,-53.024156,38823.0,191299.02162836946,84
262136136,262136136,eastbound,A333,KMCO,EDDF,26:11:12.53,32:58:45.80,38.059184,-65.027769,38782.0,190162.0518841702,100
262162800,262162800,eastbound,GLEX,KTEB,LSZH,26:12:15.41,31:03:28.82,47.267278,-52.83595,46757.0,31628.65821899069,86
262163728,262163728,eastbound,A333,KBOS,EHAM,26:12:32.97,30:53:50.63,48.700342,-52.780706,38776.0,191449.68471338038,82
262127845,262127845,eastbound,B77W,KMIA,LSZH,26:13:15.63,32:27:08.62,37.948653,-64.154596,38880.0,283178.2517672656,95
262128226,262128226,eastbound,A333,KJFK,EHAM,26:14:38.00,31:11:15.08,45.273632,-52.688831,38842.0,190287.74405316677,86
262153646,262153646,eastbound,B789,KORD,EGLL,26:16:06.34,30:29:07.50,47.802969,-52.712738,41406.0,183442.50745341694,76
262152116,262152116,eastbound,B78X,KLAX,EHAM,26:16:19.70,30:53:05.83,62.3048,-64.790672,40514.0,206531.90762285222,62
262154904,262154904,eastbound,B77L,KCVG,EDDP,26:17:21.83,31:02:56.18,49.105241,-52.170893,42372.0,238471.81032054947,78
262142350,262142350,eastbound,A333,CYYZ,EGKK,26:17:41.22,30:43:10.85,48.769099,-53.132832,39141.0,189057.09858803885,77
262160415,262160415,eastbound,B763,KBOS,EIDW,26:18:12.79,30:16:43.05,45.869652,-52.807944,40785.0,149619.0416185593,70
262134557,262134557,eastbound,B789,KDEN,EDDF,26:18:39.95,31:19:34.85,60.974796,-64.631775,40467.0,187389.6879883533,73
262130377,262130377,eastbound,B788,KORD,EHAM,26:20:34.22,31:00:23.41,57.986736,-62.22974,42316.0,167392.10928666237,81
262184539,262184539,eastbound,F2TH,CYQX,EINN,26:22:00.00,29:53:42.40,49.609445,-51.571389,41486.0,15508.7,60
262162984,262162984,eastbound,A333,KATL,LIRF,26:22:14.31,32:52:10.31,38.167416,-65.618721,38773.0,190575.4821761672,86
262159342,262159342,eastbound,B77W,KJFK,LFPG,26:22:44.91,32:34:19.46,41.480967,-68.921069,35728.0,278996.51262885303,111
262173872,262173872,eastbound,B763,KEWR,EGLL,26:23:44.62,30:54:05.16,45.686751,-52.426482,40562.0,151807.20138378182,80
262184409,262184409,eastbound,B788,KEWR,EPKK,26:25:07.02,31:23:57.90,49.752836,-53.245886,41858.0,173125.5690736936,85
262131534,262131534,eastbound,B772,KEWR,EIDW,26:26:25.62,30:15:36.37,45.631554,-52.598651,39747.0,211745.9558946443,68
262172314,262172314,eastbound,A332,KJFK,LIMC,26:26:38.89,32:56:29.35,40.318127,-67.735059,36325.0,202676.27121372725,111
262166277,262166277,eastbound,B77W,KORD,LSZH,26:27:01.07,32:39:40.67,41.907264,-66.784874,36703.0,278663.7733119314,95
262126965,262126965,eastbound,B789,SKCG,EHAM,26:30:04.11,32:36:26.66,34.785215,-60.63513,40506.0,193288.57997474988,84
262172873,262172873,eastbound,B744,KIND,ELLX,26:30:19.71,32:51:02.31,40.974703,-68.353295,36502.0,301181.2637337142,105
262170731,262170731,eastbound,B772,KBWI,LROP,26:30:46.94,32:55:26.46,41.12539,-68.161501,36027.0,243101.66712344956,92
262124800,262124800,eastbound,B788,KORD,LFPG,26:31:30.71,31:01:22.79,50.939548,-54.144227,42437.0,164471.2948706999,79
262180440,262180440,eastbound,A359,KIAD,LFPG,26:31:55.62,32:52:02.95,39.78841,-67.984673,38213.0,228807.35920565936,111
262171446,262171446,eastbound,B77W,KMIA,LFPG,26:32:47.97,32:35:08.80,38.002903,-64.535642,38980.0,279621.0104359344,101
262135206,262135206,eastbound,A333,KMCO,EGLL,26:33:16.56,32:45:49.00,38.006525,-65.09518,38775.0,190281.86594834566,101
262143430,262143430,eastbound,B78X,KORD,EDDF,26:34:15.58,31:37:30.05,58.748324,-63.843682,39701.0,216659.82080841713,83
262131969,262131969,eastbound,B772,CYVR,EGKK,26:35:05.12,31:00:43.42,63.030305,-65.105973,38968.0,214354.05016827918,69
262182350,262182350,eastbound,A359,KATL,EHAM,26:36:13.36,33:03:40.52,38.271026,-67.333728,38948.0,230810.00545661282,103
262185498,262185498,eastbound,A333,KEWR,LSZH,26:36:41.31,33:22:46.20,40.760974,-67.766791,36421.0,195850.8507490785,113
262151772,262151772,eastbound,B78X,KORD,EDDM,26:38:58.89,31:21:54.70,51.749507,-54.716977,40641.0,215567.2063482597,74
262172937,262172937,westbound,B763,EDDK,KEWR,26:40:22.42,31:52:09.57,54.117079,-10.025114,40067.0,157755.51698249576,89
262155094,262155094,eastbound,B789,KMIA,EPWA,26:41:01.38,33:22:45.33,37.83932,-65.199591,39583.0,203811.92992755194,93
262156029,262156029,eastbound,B772,KSFO,LSZH,26:42:23.75,31:39:57.17,59.505239,-63.179747,39063.0,220150.21439877147,61
262172007,262172007,eastbound,B772,KBOS,EGLL,26:43:25.57,31:04:33.22,45.533972,-52.820511,39554.0,215519.00739699334,80
262135376,262135376,eastbound,B752,KORD,EGPH,26:44:00.70,30:51:42.38,59.211249,-64.050325,38729.0,89777.77179445814,70
262164876,262164876,eastbound,B763,KJFK,LOWW,26:45:08.93,33:30:39.59,41.436228,-67.75043,35510.0,164921.5357262394,110
262161748,262161748,eastbound,B77W,KJFK,EGLL,26:46:28.11,32:38:53.30,41.486961,-68.429418,35638.0,275800.31002647546,104
262124457,262124457,eastbound,A359,KDEN,EDDM,26:47:00.98,31:44:01.42,59.591039,-62.906525,39680.0,231704.52206984325,68
262149239,262149239,eastbound,B772,KIAH,EDDF,26:47:03.51,33:28:18.01,37.924044,-67.23147,38444.0,229193.85185345725,90
262183730,262183730,eastbound,B763,KBOS,EGPH,26:50:13.50,30:49:13.33,48.115485,-52.381798,40977.0,149678.39820310677,68
262161085,262161085,eastbound,A346,KEWR,EDDM,26:50:24.55,31:51:18.60,45.080149,-52.699604,38921.0,284005.44229821285,90
262164000,262164000,eastbound,GLEX,KBED,LIMJ,26:51:08.99,31:41:04.52,47.781818,-52.680927,46691.0,32055.297996035464,85
262164800,262164800,eastbound,B752,KEWR,EGPH,26:51:23.31,30:58:46.59,46.42022,-52.559702,39529.0,89156.1168600876,71
262161686,262161686,eastbound,GLEX,KTEB,LFSB,26:51:41.15,31:43:58.72,47.025516,-52.556842,46818.0,31474.97437420906,86
262181708,262181708,eastbound,A333,KJFK,LIMC,26:53:14.03,33:37:07.48,40.551369,-68.015685,36621.0,196121.29953315412,112
262151016,262151016,eastbound,A35K,KAUS,EGLL,26:55:37.70,32:59:12.92,38.199387,-66.176529,38520.0,263124.06597820035,86
262170007,262170007,eastbound,A339,KJFK,EGLL,26:57:08.74,33:08:45.80,41.268074,-68.618614,36366.0,205062.9382259402,105
262171974,262171974,eastbound,B789,CYYZ,EGLL,27:01:07.40,31:12:29.91,51.192869,-55.02392,41377.0,186888.93456617172,76
262137789,262137789,eastbound,A333,KORD,EIDW,27:01:21.03,30:50:01.32,49.822942,-53.65952,39567.0,186174.2341815256,65
262151616,262151616,eastbound,B788,KDFW,LIRF,27:02:31.80,33:03:25.68,38.102574,-64.134907,40784.0,174979.99431501134,73
262153051,262153051,eastbound,B763,KORD,EGLL,27:03:57.63,31:25:22.11,51.145807,-54.706117,40872.0,152602.2573365563,75
262134011,262134011,eastbound,B752,KORD,EINN,27:04:07.31,30:38:46.52,49.36363,-52.887459,40155.0,87240.00858716837,60
262134464,262134464,eastbound,A359,KIAH,EGCC,27:05:10.25,32:56:11.34,38.043774,-66.360562,39340.0,229588.1721655384,87
262130875,262130875,eastbound,A333,CYYZ,LIPZ,27:08:03.24,32:07:16.92,48.835799,-53.07549,39147.0,189085.15424739607,80
262172618,262172618,eastbound,A333,KBOS,EIDW,27:12:16.26,31:14:19.52,45.371411,-52.555781,38684.0,191567.4638967624,70
262173625,262173625,eastbound,A339,KBOS,EGLL,27:13:53.32,33:18:58.58,41.616931,-67.770844,36197.0,203861.93036540682,103
262183609,262183609,eastbound,A359,CYYZ,EDDM,27:14:24.27,32:05:01.09,51.308295,-54.598415,39879.0,226462.36395743332,84
262181856,262181856,eastbound,B789,CYYZ,LSZH,27:14:25.82,31:57:09.28,49.139253,-53.133524,41012.0,190676.64635689522,84
262177599,262177599,eastbound,B772,KBOS,EGLL,27:14:44.37,31:34:03.65,45.073976,-52.701564,39123.0,215380.8899076151,79
262124608,262124608,eastbound,B788,MMUN,EBBR,27:15:39.49,33:23:12.99,37.925575,-63.746083,41091.0,172058.91812417828,90
262182509,262182509,eastbound,B763,KEWR,EGLL,27:16:18.43,31:49:07.97,45.568026,-52.51383,39979.0,151753.18425728206,81
262177961,262177961,eastbound,B789,KORD,EGLL,27:16:42.34,31:26:46.21,51.252833,-54.782444,41395.0,184499.59387332122,75
262169320,262169320,eastbound,A332,CYYZ,LIPZ,27:19:06.71,32:38:05.78,43.938391,-56.909797,38807.0,200071.59296714267,84
262153928,262153928,eastbound,B789,CYVR,EIDW,27:20:42.95,30:56:28.31,65.448555,-60.136703,41507.0,178701.29396623312,60
262157261,262157261,eastbound,B77W,TNCC,EHAM,27:21:14.23,33:53:36.08,29.500829,-60.487557,39160.0,282250.5963089845,97
262184861,262184861,eastbound,A346,KIAD,EDDM,27:21:50.73,33:56:12.91,40.749559,-67.939323,36239.0,291745.340247995,109
262184005,262184005,eastbound,B764,KATL,LFMN,27:22:06.80,34:00:45.95,38.103276,-67.488153,35978.0,181535.3857965814,97
262184392,262184392,eastbound,A333,CYYZ,EDDM,27:23:20.66,32:28:14.14,51.508022,-54.658758,39134.0,189386.42474381468,85
262156812,262156812,eastbound,B748,CYYZ,EDDF,27:25:32.83,32:05:51.98,51.556923,-54.608471,37789.0,370292.4207949139,83
262160760,262160760,eastbound,A388,KDFW,EGLL,27:26:18.48,33:20:53.38,38.158128,-66.884513,38887.0,468592.0600658113,88
262176243,262176243,eastbound,A333,KPHL,EIDW,27:28:22.95,33:10:06.51,41.469249,-68.499193,36647.0,195686.6543770664,93
262173713,262173713,eastbound,B764,KIAD,EIDW,27:28:37.98,33:02:41.62,40.793142,-67.685667,34467.0,172819.45683448893,95
262170504,262170504,eastbound,A388,KJFK,LIMC,27:29:24.37,33:43:42.76,40.247097,-67.710486,36203.0,460942.79850798164,111
262184926,262184926,eastbound,B764,KATL,EGLL,27:31:24.10,33:48:22.11,38.762946,-68.835859,35099.0,177989.3983957992,105
262174022,262174022,eastbound,B763,KIAD,EGLL,27:32:23.64,31:59:09.14,46.97662,-52.570977,39853.0,158857.8239263047,78
262174652,262174652,eastbound,B788,CYUL,EHAM,27:32:31.23,32:03:12.63,51.61585,-55.140175,42463.0,168578.3059763926,81
262160562,262160562,eastbound,A35K,KJFK,EGLL,27:32:37.97,33:33:08.98,41.259223,-68.617876,36270.0,256461.53501198732,105
262167093,262167093,eastbound,B77W,KJFK,EGLL,27:33:12.11,33:26:14.41,41.332096,-68.85306,35600.0,276756.9957505564,105
262163759,262163759,eastbound,F900,KBGR,LIMJ,27:34:13.20,32:44:24.73,45.505594,-52.204169,38186.0,14565.790017474004,86
262132737,262132737,eastbound,B77W,KLAX,LFPG,27:34:51.30,32:22:40.90,60.471563,-64.360691,38821.0,271156.4052382133,65
262139821,262139821,eastbound,B772,SPJC,EHAM,27:37:16.59,34:15:47.98,28.413529,-60.483106,38654.0,226571.89984013417,74
262154776,262154776,eastbound,B77W,KSFO,EDDF,27:39:03.47,32:38:31.64,61.79305,-64.914318,38381.0,272039.3978845711,64
262162259,262162259,eastbound,B764,KJFK,LFPG,27:40:40.40,34:02:41.16,41.380988,-67.997398,34076.0,176808.6470785417,109
262178398,262178398,eastbound,A333,KCLE,EIDW,27:42:15.21,31:32:24.12,48.974105,-53.323036,39296.0,187928.21481772498,66
262175277,262175277,eastbound,B772,KIAD,EDDF,27:42:20.18,34:07:18.07,40.768908,-67.723151,36436.0,231469.81477021903,112
262149263,262149263,eastbound,B789,KDEN,EGLL,27:42:36.53,32:09:03.53,60.864262,-64.926818,41073.0,184135.52492312578,71
262170577,262170577,eastbound,A333,CYYZ,EHAM,27:44:31.63,32:29:11.42,49.209414,-53.27992,39148.0,189052.32607221795,82
262183235,262183235,eastbound,A333,CYYZ,LFPG,27:44:52.28,32:31:17.39,47.232531,-53.040083,39120.0,189124.63029791453,81
262160528,262160528,eastbound,B763,MUHA,EDDF,27:44:53.54,34:28:39.15,38.05578,-64.559736,39040.0,163602.0970668384,95
262172831,262172831,eastbound,B764,KJFK,EGLL,27:46:40.98,33:50:24.48,41.512347,-68.456912,34087.0,175218.7042547006,101
262169920,262169920,eastbound,B752,KEWR,EIDW,27:52:29.70,31:54:41.62,45.094467,-52.75995,37376.0,88862.201181341,71
262166637,262166637,eastbound,A332,CYUL,LFPG,27:52:33.00,32:26:42.29,50.917529,-54.076094,40180.0,192507.27889242247,81
262160459,262160459,eastbound,B788,CYYZ,EDDF,27:52:53.45,32:39:59.33,51.071673,-54.185522,42268.0,168536.62721977456,85
262170703,262170703,eastbound,A35K,KMCO,EGLL,27:54:05.33,33:53:57.60,38.034083,-65.223911,38396.0,261294.1208362695,101
262140403,262140403,eastbound,B789,KAUS,EGLL,27:55:49.44,33:47:56.77,38.097648,-65.567299,40125.0,190396.9271191341,85
262157902,262157902,eastbound,B78X,KEWR,EGLL,27:55:53.77,32:16:31.95,44.89492,-52.900084,37798.0,219406.36624019078,81
262178102,262178102,eastbound,B772,MKJP,EGKK,27:57:06.46,33:28:28.29,37.677192,-60.76184,38860.0,223236.30348091674,87
262150996,262150996,eastbound,B789,KDEN,EDDF,27:58:04.14,32:58:47.95,60.972057,-64.599941,40627.0,187479.59851792458,73
262175442,262175442,eastbound,B789,CYYZ,EIDW,27:58:25.96,31:38:06.97,51.125951,-54.804635,41600.0,184248.18504439062,66
262180188,262180188,eastbound,B772,CYUL,LFPG,28:00:18.24,32:25:11.70,48.729234,-52.396034,39532.0,216719.33753659378,80
262181131,262181131,eastbound,B763,KJFK,EKCH,28:00:29.80,33:16:02.74,46.513467,-52.375064,39996.0,155286.31385708894,90
262125476,262125476,eastbound,B772,KLAS,EGKK,28:00:45.08,32:28:23.87,61.957373,-65.272392,38505.0,214613.64430845864,64
262178099,262178099,eastbound,B763,KJFK,EGKK,28:00:50.38,34:09:23.43,41.463702,-68.48325,35860.0,158153.44804097613,103
262168168,262168168,eastbound,B789,CYUL,EGLL,28:00:57.25,32:12:31.42,51.512183,-55.247662,41392.0,188312.41785231,76
262183942,262183942,eastbound,B772,KATL,EGLL,28:02:27.83,33:56:47.40,38.264294,-66.284991,38764.0,225756.7197453614,102
262164579,262164579,eastbound,B788,KORD,EPKK,28:02:54.99,32:56:27.43,59.24607,-62.580153,41901.0,171143.87625726,73
262157673,262157673,eastbound,B763,KATL,LFPG,28:03:10.84,34:32:30.74,38.139225,-66.509461,38760.0,161391.3428882407,105
262162527,262162527,eastbound,A333,CYUL,EGKK,28:03:38.57,32:24:14.72,49.006869,-52.635518,38855.0,191072.53403327614,75
262158474,262158474,eastbound,B772,KJFK,LFPG,28:04:14.61,34:16:54.99,41.297404,-68.688282,35881.0,229761.94050521703,110
262145586,262145586,eastbound,A359,KLAX,LIRF,28:04:56.81,32:50:48.14,53.462412,-56.38419,39895.0,234063.9583839913,53
262160221,262160221,eastbound,F900,KMSN,EGLF,28:05:09.89,32:49:42.12,59.527039,-64.07049,38187.0,9898.868485305258,79
262169666,262169666,eastbound,B789,CYUL,EGLL,28:06:16.14,32:15:45.41,50.668926,-54.197364,41410.0,187797.7705999718,76
262166505,262166505,eastbound,B772,MYNN,EGLL,28:06:20.91,33:51:35.51,38.039205,-64.060695,38754.0,225604.89464316762,99
262166528,262166528,eastbound,B788,KBNA,EGLL,28:07:12.59,34:10:35.50,38.186451,-67.152953,40815.0,173070.77184201876,101
262144630,262144630,eastbound,B77W,MPTO,EHAM,28:09:17.53,34:01:58.71,38.001565,-61.276663,39307.0,277786.10304584564,80
262139424,262139424,eastbound,B772,KDEN,LFPG,28:09:31.96,32:57:29.83,60.119032,-64.255885,39179.0,217917.1110581102,74
262171766,262171766,eastbound,B772,CYYZ,EGLL,28:11:41.79,32:22:17.06,51.314061,-54.982247,39643.0,215084.44441396603,76
262159540,262159540,eastbound,B77W,KATL,EHAM,28:12:43.65,34:31:13.53,38.125941,-67.06061,38514.0,280148.39185298275,106
262185027,262185027,eastbound,A333,CYUL,LFLL,28:13:54.50,33:06:37.68,49.42669,-53.119986,38831.0,191371.39086417417,83
262147030,262147030,eastbound,A35K,KLAX,EGLL,28:14:28.32,32:42:18.96,62.218473,-64.725426,38390.0,261645.23171173144,61
262165143,262165143,eastbound,B763,KJFK,EGPH,28:17:11.43,32:23:20.08,46.453934,-52.424686,40520.0,150234.53469140915,72
262174765,262174765,eastbound,A343,KBOS,EDDF,28:18:07.13,33:28:37.38,45.094415,-52.389504,37805.0,207881.65328136,90
262142768,262142768,eastbound,B772,KSFO,LFPG,28:19:24.68,33:08:07.27,60.782919,-64.752131,39047.0,217287.0678306711,65
262172479,262172479,westbound,B77L,LFPG,KMEM,28:19:50.41,32:52:52.71,53.805006,-12.750777,41524.0,253228.9547432881,73
262168590,262168590,eastbound,B789,CYYC,EGKK,28:21:04.36,32:45:12.79,62.903024,-64.501954,41136.0,185034.97462281413,74
262178590,262178590,eastbound,B772,KEWR,LFPG,28:21:09.02,33:02:01.64,44.947129,-52.631278,38582.0,217357.5917347225,86
262172665,262172665,eastbound,B748,KORD,ELLX,28:21:42.05,34:29:52.36,41.933469,-66.775963,36648.0,379088.57202149247,100
262168213,262168213,eastbound,B789,KFLL,EGKK,28:23:28.76,34:11:38.49,38.032502,-64.436909,40205.0,195291.54620228853,99
262162962,262162962,eastbound,A333,KMSP,EHAM,28:24:01.10,33:21:21.70,60.311377,-64.5011,39401.0,187219.15712345028,83
262148171,262148171,eastbound,A35K,KLAX,EGLL,28:24:24.29,32:52:11.56,62.223357,-64.712403,38388.0,261649.21729894838,61
262160197,262160197,eastbound,A333,KJFK,LEBL,28:25:54.37,35:03:20.15,40.870402,-68.519501,36698.0,196399.13699498735,110
262157480,262157480,eastbound,A332,KDTW,EGLL,28:26:36.46,32:42:44.28,49.686025,-53.737438,40355.0,192089.5548082183,76
262130217,262130217,eastbound,B77W,KSFO,EGLL,28:26:52.66,32:51:45.48,62.456425,-65.536689,38516.0,268710.496332846,63
262143112,262143112,eastbound,B789,KSFO,EHAM,28:28:08.73,33:02:44.89,62.997327,-64.692308,40910.0,182306.84326265892,63
262147863,262147863,eastbound,B789,KLAS,EHAM,28:28:12.13,33:07:18.60,62.071174,-65.189371,40819.0,182855.04047303993,65
262144555,262144555,eastbound,B744,KLAX,ELLX,28:28:13.70,33:21:52.64,61.272593,-64.376153,38309.0,300114.0263339961,66
262173420,262173420,eastbound,B789,KJFK,EPWA,28:28:59.16,33:27:31.68,49.720916,-53.933023,40682.0,195106.32166580544,85
262165686,262165686,eastbound,A343,KJFK,EDDF,28:29:20.19,33:38:19.19,44.921036,-52.547586,37576.0,208959.0336785096,89
262160099,262160099,eastbound,A359,KDTW,LFPG,28:31:07.43,33:06:40.93,45.378794,-51.859661,40229.0,222387.13350075216,82
262171601,262171601,eastbound,A333,KMCO,EIDW,28:31:23.05,34:11:31.77,38.216132,-65.321281,38854.0,189915.87383790687,97
262171631,262171631,eastbound,B763,KEWR,EGLL,28:31:24.57,33:02:49.38,45.566715,-52.344176,38883.0,151718.85586030633,80
262126874,262126874,eastbound,A359,SPJC,LFPG,28:32:08.33,34:59:16.10,26.200363,-57.023812,39600.0,236068.8246829927,73
262135525,262135525,eastbound,B77W,KLAX,EGLL,28:33:03.89,32:57:05.81,62.2105,-65.101188,38420.0,266724.1435743538,61
262176846,262176846,eastbound,B77W,CYYZ,EGLL,28:35:10.58,32:45:54.75,50.40334,-54.35923,40425.0,263635.1040495713,76
262136794,262136794,eastbound,B789,KSEA,EGLL,28:35:14.41,32:57:21.68,63.336467,-64.795623,41201.0,182116.0600299441,67
262182491,262182491,eastbound,B789,MMMX,LFPG,28:35:39.22,34:45:20.97,37.950358,-65.332203,40055.0,192460.46162698042,80
262163222,262163222,eastbound,A343,KDEN,LSZH,28:36:46.94,33:49:52.88,59.305938,-63.313994,37921.0,217239.46316415304,70
262168412,262168412,eastbound,B772,KCLT,EGLL,28:37:00.41,34:41:30.77,38.109409,-67.812925,38424.0,227361.1109755595,109
262168191,262168191,eastbound,B772,KMCO,EGKK,28:37:07.62,34:29:26.59,37.94034,-65.359294,38687.0,226668.90955916647,101
262176141,262176141,eastbound,B789,KIAH,EGLL,28:39:40.61,34:34:58.09,38.01776,-65.948286,40059.0,191577.7603481563,87
262145485,262145485,eastbound,B772,SEGU,EHAM,28:45:56.11,34:42:29.85,37.476074,-61.596967,38852.0,221896.32117774693,70
262170414,262170414,eastbound,B789,KDFW,EIDW,28:46:25.93,34:13:06.60,38.245756,-65.952564,40162.0,188188.6061135078,83
262135765,262135765,eastbound,B772,KSFO,EGLL,28:48:23.47,33:12:23.70,62.42013,-65.188698,38492.0,214494.79498582214,62
262165082,262165082,eastbound,B788,CYYZ,EPWA,28:50:05.32,33:49:38.62,53.081165,-56.315568,41957.0,172225.51584662715,82
262180356,262180356,eastbound,B772,MMUN,EGKK,28:51:30.27,34:44:17.17,37.820469,-65.427285,38555.0,226668.89028806926,91
262181747,262181747,eastbound,A359,KEWR,LFPO,28:53:38.91,34:16:31.33,43.274061,-59.71211,39517.0,224655.45837485316,96
262170125,262170125,eastbound,B772,CYYZ,EHAM,28:53:46.51,33:22:43.02,51.556182,-55.262003,39497.0,217243.84034762884,81
262176511,262176511,eastbound,B789,KJFK,LFPG,29:00:03.77,35:14:08.25,41.372123,-68.639436,37364.0,201129.7489600303,110
262182113,262182113,eastbound,A339,KTPA,EGLL,29:03:02.20,35:11:30.03,38.078412,-64.849912,39259.0,207842.83241114664,98
262179223,262179223,eastbound,B763,KEWR,EDDF,29:03:13.20,34:18:54.51,45.046825,-52.627906,37909.0,155501.6763946908,91
262183064,262183064,eastbound,B78X,KIAH,EGLL,29:04:20.35,34:57:50.72,37.965487,-65.785196,39783.0,215003.36596767994,87
262166425,262166425,eastbound,B77W,MMMX,LFPG,29:04:39.88,35:10:15.15,37.899658,-65.123812,39097.0,279174.8969118449,80
262165400,262165400,eastbound,A333,KMSP,EHAM,29:04:53.74,34:05:38.26,60.080133,-65.259102,39369.0,187466.66698848145,84
262167849,262167849,eastbound,B748,KORD,ELLX,29:05:56.21,33:52:16.00,44.973277,-52.28786,37594.0,368407.0969439918,82
262172362,262172362,eastbound,A359,CYUL,EDDM,29:06:14.30,33:56:23.82,50.52255,-54.126233,39888.0,225178.3598338079,86
262179943,262179943,eastbound,B77L,CYYZ,EHAM,29:06:44.41,33:35:51.08,51.143351,-54.95046,42678.0,235496.1025742742,79
262175235,262175235,eastbound,B772,KMIA,EGLL,29:07:02.38,34:58:44.86,38.027904,-65.162738,38679.0,226425.40225549796,100
262165645,262165645,eastbound,B788,KPIT,EGLL,29:07:38.90,33:25:15.09,45.838847,-52.445083,42517.0,164099.7433687999,78
262176684,262176684,eastbound,B789,KPHL,EGLL,29:09:22.16,33:30:27.57,45.836757,-52.761299,41245.0,187447.59825119725,80
262161152,262161152,eastbound,A35K,KMCO,EGCC,29:10:25.18,34:56:09.00,38.157184,-65.136044,38504.0,259938.22301957675,100
262163648,262163648,eastbound,B744,KDOV,ETAR,29:11:40.73,34:05:07.77,44.994848,-52.445221,37697.0,292034.4518865983,90
262170371,262170371,eastbound,A333,KDTW,EHAM,29:12:53.59,34:01:48.27,46.890986,-52.666494,39335.0,187380.22206533272,80
262179693,262179693,eastbound,B789,KORD,EGLL,29:14:29.58,33:25:04.33,48.04497,-52.724854,41413.0,183390.42208452296,74
262158192,262158192,eastbound,A333,CYUL,LFML,29:14:35.34,34:08:40.20,47.239037,-53.061915,38827.0,191256.1926507957,82
262160541,262160541,westbound,B788,EIDW,KORD,29:15:00.00,33:56:16.74,54.276389,-9.497222,41640.0,181668.6,84
262156851,262156851,eastbound,A333,KJFK,EFHK,29:16:09.30,34:40:14.81,51.481364,-54.741065,39011.0,189993.3099842882,90
262179926,262179926,eastbound,B763,KBOS,EGLL,29:17:02.91,33:48:31.83,45.741413,-52.511417,38985.0,151433.13390692748,80
262168726,262168726,westbound,A333,EDDK,KJFK,29:17:56.35,34:41:51.40,54.323043,-8.816426,38551.0,193298.09819164363,92
262169885,262169885,eastbound,B789,KFLL,ENGM,29:18:45.58,35:46:55.35,37.94638,-65.330544,39986.0,198785.49243068794,102
262158476,262158476,eastbound,B772,KJFK,LFPG,29:19:06.22,35:33:03.86,41.211484,-68.73684,35597.0,229783.01905813874,111
262148824,262148824,eastbound,B78X,KLAX,EHAM,29:23:33.46,34:00:22.56,62.116112,-64.500953,40469.0,207147.6564946914,63
262177198,262177198,westbound,B763,EGNX,KPHL,29:24:59.48,34:56:26.93,54.299007,-8.222228,39936.0,158113.87003119892,86
262146174,262146174,eastbound,B772,KSFO,EDDM,29:28:24.58,34:30:14.09,59.901415,-64.26257,39004.0,220725.41077067866,61
262165811,262165811,eastbound,A333,KEWR,EKYT,29:29:37.84,34:23:31.32,50.494965,-53.897774,38997.0,189975.78461554332,85
262171691,262171691,eastbound,B789,KDFW,LFPG,29:31:06.20,35:43:26.22,38.086431,-65.942683,40052.0,192664.56352283654,88
262159454,262159454,eastbound,A332,CYUL,LFRS,29:32:41.45,33:55:32.89,46.886441,-52.884598,40282.0,191094.9847621659,77
262156368,262156368,eastbound,B763,KORD,EGLL,29:34:50.70,33:55:35.53,50.428584,-54.178949,40872.0,152487.88818135575,75
262162494,262162494,eastbound,A388,KORD,EGLL,29:35:14.02,33:57:38.80,58.770272,-63.417328,39701.0,451455.78432038095,79
262167028,262167028,eastbound,A359,KLAX,EDDM,29:35:36.87,34:42:58.96,59.867295,-64.418435,39667.0,234889.49810798638,61
262136700,262136700,eastbound,B77W,KSFO,LFPG,29:36:01.83,34:23:55.99,60.648972,-64.435678,38723.0,271603.8315955945,66
262162872,262162872,westbound,B763,EDDK,KPHL,29:37:02.27,34:42:59.06,53.979707,-10.785909,40016.0,158249.3836439209,87
262183509,262183509,eastbound,B788,KCVG,EGLL,29:38:12.24,33:57:28.69,45.727273,-52.744358,42483.0,163046.1473113149,78
262178173,262178173,eastbound,B788,MMMX,EHAM,29:38:27.47,35:49:09.11,38.035953,-64.188745,41100.0,167438.53483575923,79
262183854,262183854,eastbound,B789,CYYC,EGLL,29:43:50.06,34:04:31.17,63.000914,-64.409388,41162.0,184344.27325448388,73
262178453,262178453,eastbound,B789,KLAX,EGLL,29:44:17.99,34:08:17.19,61.470993,-64.773321,41156.0,180610.88292797486,61
262160749,262160749,eastbound,B788,KMSY,EGLL,29:44:29.20,35:33:40.05,38.190509,-64.568224,41163.0,170502.89217022582,91
262159552,262159552,eastbound,B789,CYQB,LFPG,29:44:44.69,34:13:35.28,51.324139,-54.531601,41264.0,190440.45867775468,81
262172886,262172886,eastbound,B772,KMIA,LFPG,29:45:03.11,35:48:37.62,38.123869,-64.910747,38560.0,228067.59229343318,100
262174628,262174628,eastbound,B789,KSFO,EGLL,29:45:44.07,34:07:26.07,62.496232,-64.580113,40983.0,180738.66930811026,61
262160569,262160569,westbound,B744,ELLX,MMMX,29:47:48.33,34:31:35.70,54.224396,-9.165129,36238.0,333632.1897630874,58
262163925,262163925,eastbound,B764,KJFK,LIRF,29:47:49.33,36:14:57.16,40.812209,-67.909026,33856.0,183139.6732969183,103
262177339,262177339,eastbound,GLEX,KLAX,LFPB,29:48:10.50,34:40:44.96,60.281688,-64.255563,46723.0,29402.701440432313,64
262179066,262179066,eastbound,B77W,KDFW,EGLL,29:49:16.59,35:52:46.92,38.086907,-67.686817,38622.0,275983.79064699326,90
262176576,262176576,eastbound,B772,KDEN,EGLL,29:51:13.55,34:16:09.87,61.495918,-64.975264,38452.0,215045.84842797875,71
262184784,262184784,eastbound,A346,KORD,EDDM,29:53:11.76,34:39:19.06,51.780432,-54.654667,39623.0,287653.72201840446,74
262180622,262180622,eastbound,B772,KPHX,EGLL,29:54:13.99,34:19:01.50,61.934101,-65.15507,38155.0,213795.0344523494,63
262171086,262171086,eastbound,A332,CYUL,LFBO,29:57:33.52,34:41:10.71,45.773059,-52.791945,40035.0,193572.6097621891,82
262166499,262166499,eastbound,B764,KIAD,EGPH,29:58:06.65,35:41:57.72,41.212339,-67.655526,34068.0,173827.64756934086,96
262177578,262177578,eastbound,A332,CYYZ,EGKK,29:58:13.96,34:18:28.46,47.204057,-52.578398,40334.0,191424.31716857437,77
262161390,262161390,westbound,B77W,EIDW,KIAD,30:00:00.00,34:51:51.67,53.884722,-11.701944,39539.0,277015.5,87
262177015,262177015,eastbound,B744,CYMX,EGNX,30:00:38.34,33:58:44.79,51.858955,-55.210752,39500.0,280798.4293316389,73
262165395,262165395,eastbound,A333,KORD,EIDW,30:02:47.75,33:52:00.82,51.482671,-54.791089,39575.0,186352.86473987214,66
262184206,262184206,eastbound,A343,KTPA,LSZH,30:03:34.96,36:43:51.09,37.818306,-66.354088,36897.0,221490.53528435456,95
262173429,262173429,eastbound,A333,KMSP,LFPG,30:04:46.98,35:07:30.72,59.617704,-63.826705,39415.0,187189.6676667005,84
262178004,262178004,eastbound,B789,KDEN,EDDM,30:07:23.90,35:01:19.64,59.284554,-62.607714,40645.0,191318.39215730797,70
262166007,262166007,eastbound,A333,KORD,EKCH,30:07:32.04,35:17:15.71,60.067996,-64.643462,39503.0,186877.08618747047,82
262183411,262183411,eastbound,B752,KORD,EIDW,30:08:55.73,33:57:12.82,50.374847,-54.25193,40250.0,88221.44274608251,65
262179059,262179059,eastbound,B789,KDEN,EGLL,30:08:57.61,34:32:52.21,60.489343,-63.991794,41039.0,186358.35840441496,73
262165279,262165279,eastbound,A333,KJFK,EKCH,30:09:37.74,35:18:33.16,50.126214,-54.001211,38966.0,190157.58228938055,89
262180899,262180899,eastbound,B744,KIAH,EGPK,30:09:59.66,35:44:02.24,38.171781,-66.798124,38400.0,294976.1533727276,86
262172997,262172997,eastbound,B752,KEWR,EINN,30:10:26.37,33:58:53.68,45.58752,-52.354127,37363.0,87993.92838096082,68
262179418,262179418,eastbound,B763,KEWR,EGLL,30:15:03.01,34:45:23.29,44.938578,-52.445558,38083.0,151984.82051879397,80
262159576,262159576,eastbound,B789,KLAX,EGLL,30:16:52.98,34:40:53.86,61.644978,-64.794376,41148.0,180664.11507041345,61
262169703,262169703,eastbound,A359,MMMX,EDDM,30:18:56.19,36:52:32.76,37.790373,-65.436687,38872.0,239535.0540174368,74
262183690,262183690,eastbound,B77W,CYUL,LFPG,30:19:18.06,34:49:22.61,50.689801,-54.444177,40256.0,266448.8796720659,82
262173554,262173554,eastbound,B788,KORD,EIDW,30:26:37.89,34:04:31.36,50.670075,-53.863025,42835.0,159922.5035838121,63
262179777,262179777,westbound,B763,LFPG,KPHL,30:28:07.25,35:37:45.24,52.087347,-13.222996,40102.0,157374.27329970032,88
262165076,262165076,eastbound,B789,MMMX,EHAM,30:30:00.94,36:45:55.47,37.859999,-65.751413,40072.0,191755.90920761935,80
262159561,262159561,eastbound,A332,KSEA,EIDW,30:32:17.50,34:15:42.52,65.878246,-60.661136,40518.0,193315.20713829188,60
262171888,262171888,eastbound,B789,MYNN,EGLL,30:35:58.09,36:19:08.60,38.171165,-63.228998,40468.0,194621.48938633368,98
262173433,262173433,eastbound,B748,MMMX,EDDF,30:38:29.95,37:00:28.68,37.819926,-65.688002,37471.0,376211.0903971149,79
262173118,262173118,eastbound,A333,KSFO,EIDW,30:38:30.61,34:47:58.83,62.281172,-65.00405,40608.0,178597.0166974288,59
262170996,262170996,eastbound,B77W,KLAX,LFPG,30:38:58.44,35:26:05.41,60.303352,-64.10945,38353.0,270964.3216211334,65
262182236,262182236,westbound,A359,EIDW,CYYZ,30:39:00.00,35:26:44.75,54.301667,-9.485278,39655.0,224950.8,86
262162493,262162493,eastbound,B789,KJFK,ENGM,30:40:44.32,35:12:55.95,51.151208,-54.257598,41188.0,189179.98958369982,80
262166418,262166418,eastbound,B77W,KLAX,EGLL,30:41:55.84,35:06:23.37,62.060336,-65.12073,38292.0,266588.9506803933,61
262174073,262174073,eastbound,B748,KJFK,ELLX,30:46:39.23,37:05:52.30,40.874901,-68.605811,35895.0,381317.00739549496,115
262179986,262179986,eastbound,B77W,CYYZ,EGLL,30:46:53.60,34:55:44.55,50.707109,-54.278324,40408.0,264052.657296613,75
262128835,262128835,eastbound,B772,KSFO,LIRF,30:46:58.67,35:35:33.85,54.370138,-57.888382,38954.0,222130.11811062836,54
262172272,262172272,eastbound,B77W,KDFW,EGLL,30:56:01.04,36:58:17.71,38.038527,-67.676425,38640.0,276019.45616451936,89
262159942,262159942,eastbound,A343,KORD,EDDF,31:01:37.11,36:15:52.33,59.932178,-63.645326,38241.0,211648.87250719935,82
262161592,262161592,westbound,A359,EHAM,KDTW,31:03:12.41,35:53:37.59,55.509584,-8.419527,39405.0,229233.12003499104,87
262168985,262168985,eastbound,B77W,CYVR,EGLL,31:04:12.59,35:24:54.15,63.391585,-64.593704,39420.0,265909.19606018317,69
262175892,262175892,eastbound,B77W,KLAX,EGLL,31:05:56.76,35:30:48.54,62.056327,-65.234494,38196.0,267855.5614447726,62
262167751,262167751,eastbound,B763,MUVR,EDDF,31:06:46.55,37:52:21.97,37.885994,-64.692995,39198.0,163895.9394842939,96
262158211,262158211,eastbound,B77W,KEWR,LFPG,31:10:30.78,35:45:37.58,44.864005,-52.058546,37505.0,266052.22502754914,85
262165946,262165946,eastbound,B772,KPDX,EGLL,31:14:25.34,35:36:23.76,62.993488,-64.879982,38814.0,215809.2574154879,67
262164845,262164845,westbound,FA50,LFRH,BGSF,31:18:32.78,34:27:21.28,53.746982,-9.253272,41175.0,11824.191882837324,50
262184124,262184124,eastbound,B77L,KJFK,EDDF,31:18:57.25,37:45:35.08,41.467383,-68.812135,39901.0,250993.67989382785,114
262171230,262171230,eastbound,B752,KEWR,EGPH,31:19:53.89,35:31:32.74,45.671245,-52.84663,36848.0,89266.04846410392,73
262168507,262168507,eastbound,B744,KMIA,EHAM,31:20:01.12,37:28:31.67,37.886407,-65.485723,38088.0,303656.4995973787,101
262169029,262169029,eastbound,B763,KATL,EGPH,31:25:58.12,37:40:14.23,38.15372,-66.291467,38873.0,157478.57635246922,102
262166781,262166781,eastbound,B788,SKBO,EGLL,31:31:06.23,37:52:33.01,27.808776,-60.577393,41590.0,172796.68842877328,86
262173273,262173273,westbound,B772,EGLL,KBOS,31:36:58.31,36:27:48.78,53.843508,-12.96196,39072.0,222398.71397599837,85
262175842,262175842,eastbound,A343,KLAX,EDDF,31:37:03.60,36:53:46.15,61.148096,-65.151505,37367.0,219750.03306196953,64
262183502,262183502,eastbound,B772,KPHX,EGLL,31:43:50.23,36:08:56.87,61.657193,-65.022581,38087.0,214747.49181015254,64
262157255,262157255,eastbound,A339,KPDX,EDDF,31:44:22.77,36:58:59.83,60.704767,-64.490651,39851.0,206986.46515560022,68
262177276,262177276,eastbound,B788,KORD,LFPG,31:45:06.01,36:15:26.72,49.856827,-53.880228,42433.0,164273.9089902155,79
262169704,262169704,westbound,A333,EHAM,KATL,31:46:10.72,37:00:59.67,54.950035,-7.665855,38348.0,194521.25111288446,85
262166415,262166415,westbound,A333,EGLL,KBOS,31:46:15.07,36:50:22.11,53.700001,-13.444495,38381.0,194400.28606757382,87
262160200,262160200,eastbound,A35K,KSAN,EGLL,31:49:33.71,36:18:06.47,61.750187,-64.79007,38529.0,261800.95039967602,61
262185056,262185056,westbound,B78X,EDDF,KORD,31:51:10.23,36:32:47.90,55.283661,-7.805487,39405.0,222023.28694335997,82
262163308,262163308,westbound,B744,EBBR,KORD,31:51:43.16,36:33:09.81,54.149515,-8.497866,37802.0,303487.8170881515,84
262174999,262174999,westbound,B77W,EDDF,KJFK,31:57:39.49,36:58:11.48,54.01794,-10.884671,39768.0,273526.86480772635,90
262159492,262159492,eastbound,B77L,KORD,EIDW,32:04:11.00,35:44:59.49,50.172505,-53.873624,43068.0,227716.75755980492,66
262183351,262183351,eastbound,A388,KSFO,EGLL,32:04:12.77,36:23:14.35,62.458018,-64.594765,39163.0,474260.38739487424,61
262171850,262171850,westbound,A332,EGPF,CYYZ,32:08:00.00,37:05:29.22,56.631389,-7.881389,39509.0,196746.7,87
262164444,262164444,westbound,B763,EGLL,KIAD,32:08:58.20,37:11:34.89,53.725777,-12.66891,38569.0,158367.25401465513,86
262175689,262175689,westbound,B788,EGLL,CYYZ,32:09:51.82,37:03:46.80,54.453609,-7.87993,41933.0,177248.41774016275,88
262164987,262164987,westbound,B788,GMMN,CYUL,32:14:07.55,37:36:24.37,38.925954,-13.925264,42057.0,175268.22859998746,92
262174127,262174127,westbound,B772,EHAM,KEWR,32:14:25.92,37:18:48.47,54.556325,-8.251312,38898.0,226122.36625299908,91
262165765,262165765,eastbound,A359,KLAX,LFPO,32:14:31.99,37:02:33.07,59.96027,-63.549065,39977.0,231247.23503744428,64
262163859,262163859,eastbound,B789,MMMX,LFPG,32:17:37.12,38:27:35.64,37.796666,-65.431285,40105.0,191502.57896321267,79
262164033,262164033,eastbound,B788,KSJC,EGLL,32:20:23.23,36:45:25.59,62.659303,-65.419696,42312.0,159531.07883438008,62
262164405,262164405,westbound,B788,EHAM,MKJS,32:21:46.64,38:17:28.85,51.050397,-6.626201,40849.0,187846.4918344275,85
262159724,262159724,eastbound,B789,KSFO,EGLL,32:24:28.35,36:48:29.13,62.334726,-65.129885,40992.0,181664.89063570747,62
262158497,262158497,westbound,B772,EGLL,KJFK,32:27:25.71,37:17:55.46,53.461924,-13.359168,39157.0,223381.47143077833,87
262159586,262159586,westbound,B788,EIDW,KORD,32:32:00.00,37:13:18.37,54.334722,-9.471667,41640.0,181668.6,84
262174891,262174891,westbound,A333,LPPT,CYUL,32:32:06.78,38:00:30.35,41.499363,-13.490687,38119.0,196202.74693962114,90
262181794,262181794,westbound,A359,LEMD,MMMX,32:33:02.99,37:42:40.07,42.118716,-13.35925,37681.0,248450.44431168906,61
262159349,262159349,westbound,B744,EBLG,KATL,32:39:37.32,37:24:04.17,53.837604,-11.128226,37496.0,307344.5319675135,80
262175309,262175309,eastbound,B772,KSFO,LFPG,32:40:15.88,37:28:10.46,60.538611,-64.409835,39176.0,218338.62541089044,66
262184382,262184382,westbound,B772,LEMD,KJFK,32:41:29.02,38:03:35.32,44.299464,-10.973077,38955.0,226590.85469450624,95
262178999,262178999,eastbound,B744,CYMX,LIMC,32:41:30.33,37:22:51.37,50.509737,-54.116421,38908.0,291585.8310265043,85
262166783,262166783,westbound,A333,EGLL,KJFK,32:42:18.58,37:46:42.61,53.669434,-13.238854,38382.0,194389.77170394766,87
262177071,262177071,westbound,B772,LFPG,KSFO,32:42:24.26,37:12:58.98,53.898369,-8.404863,36912.0,249446.30911851794,59
262162759,262162759,westbound,B77W,EDDF,CYYZ,32:43:45.61,37:34:02.66,54.745319,-8.151755,39365.0,276314.8118599488,87
262176353,262176353,westbound,B752,LEMG,KEWR,32:44:13.76,38:19:46.65,42.043844,-12.718121,38859.0,96396.09259248084,94
262185029,262185029,westbound,B788,EGPF,MMUN,32:45:05.69,37:33:55.93,56.369029,-8.954504,40704.0,190691.46451061036,71
262183376,262183376,westbound,B788,LEBL,KPHL,32:46:29.02,38:30:26.38,44.807456,-6.850197,41722.0,178842.32419228338,101
262170535,262170535,westbound,B752,EINN,KORD,32:47:00.00,37:28:55.04,54.235556,-12.769444,37576.0,98659.4,80
262182757,262182757,eastbound,B789,MMMX,EGLL,32:47:33.94,38:38:21.46,37.698257,-64.412988,40349.0,188326.5948255137,77
262164255,262164255,eastbound,A359,SKBO,LFPG,32:47:52.36,39:25:40.77,27.768033,-60.557694,39163.0,236472.22706018854,88
262184219,262184219,westbound,A333,GMMN,CYUL,32:53:11.35,38:19:08.34,40.964408,-13.99432,38499.0,193760.88000323073,91
262156574,262156574,westbound,B788,LEMD,KMIA,32:53:46.13,38:09:59.59,42.218645,-13.585934,41320.0,182867.88993622854,82
262158998,262158998,westbound,B789,EHAM,SKBO,32:54:08.06,38:27:04.22,50.575979,-6.964434,39215.0,215452.5465600343,72
262173077,262173077,westbound,B772,EGLL,KEWR,32:56:26.45,37:40:14.04,53.642531,-13.381207,39143.0,223547.6525020235,85
262174728,262174728,westbound,B772,EDDF,KCLT,32:59:17.36,37:55:50.45,54.04079,-10.558425,38387.0,231030.13159078223,83
262180922,262180922,eastbound,B77W,KSFO,EDDF,33:00:29.78,37:59:43.21,61.574847,-64.485968,38754.0,271928.8242586788,64
262184753,262184753,westbound,B763,LSGG,KEWR,33:00:52.97,38:01:08.13,52.466678,-13.190852,40198.0,156961.15416180054,86
262181499,262181499,westbound,B77W,LFPG,CYUL,33:01:49.96,37:43:41.35,52.241016,-13.252371,40026.0,269614.50146506913,83
262178887,262178887,westbound,B772,EIDW,KEWR,33:03:00.00,37:58:26.79,54.49,-10.371111,39041.0,226095.0,88
262168421,262168421,westbound,B772,EHAM,SEQM,33:04:45.29,40:49:21.66,49.898105,-6.733662,36935.0,254837.4601606659,45
262171666,262171666,westbound,B763,ESSA,KJFK,33:07:47.52,39:06:01.82,61.757962,2.080729,39744.0,160383.38616239143,101
262174966,262174966,westbound,B788,EHAM,KDFW,33:08:03.55,37:54:24.02,55.366115,-8.206002,40902.0,186915.1934116134,69
262185160,262185160,eastbound,B789,KLAS,EGLL,33:08:18.40,37:30:38.03,61.551864,-64.286184,41178.0,181415.4819427112,63
262156328,262156328,westbound,A359,EDDM,KORD,33:09:45.74,37:55:06.40,54.996128,-7.703563,39182.0,233111.77616394614,79
262167036,262167036,westbound,B78X,LFPG,KEWR,33:10:35.09,37:56:04.62,52.324258,-13.478369,39794.0,222216.45517525254,86
262176018,262176018,eastbound,B772,KLAX,LFPG,33:11:53.50,38:01:32.12,60.128813,-64.734,39007.0,219805.96860825742,67
262181382,262181382,westbound,B763,EIDW,KJFK,33:12:00.00,38:32:15.93,54.394167,-9.6725,40086.0,156505.3,91
262181113,262181113,westbound,B789,EGLL,KORD,33:13:05.78,37:49:54.65,53.950211,-10.619241,40440.0,201633.32740807594,83
262180479,262180479,eastbound,A333,KLAX,EIDW,33:14:01.31,37:24:46.15,60.903075,-64.687069,40641.0,178118.05210189047,59
262167968,262167968,westbound,B752,EGPH,KEWR,33:15:00.00,38:29:01.62,56.803056,-8.838611,38238.0,96504.0,89
262173001,262173001,westbound,A332,LIRF,KJFK,33:15:52.79,38:53:57.39,49.29501,-6.369998,39420.0,200854.43727636893,94
262174621,262174621,westbound,B772,EDDM,KCLT,33:16:23.27,38:01:34.37,54.014477,-11.874117,38560.0,229765.3430967759,76
262167488,262167488,westbound,B77W,EBBR,CYUL,33:17:49.02,38:10:15.37,54.020487,-10.285611,39750.0,270811.2541813615,83
262179224,262179224,westbound,B789,EGLL,CYUL,33:19:10.27,38:21:13.05,54.423018,-7.810791,40975.0,195841.92898450652,86
262168723,262168723,westbound,B789,EDDF,CYUL,33:19:17.80,38:20:29.64,54.415308,-8.010537,40930.0,194547.0950130774,86
262159298,262159298,eastbound,B788,MMMX,EGLL,33:19:45.10,39:09:54.82,38.034191,-64.170969,41078.0,166298.8776902249,76
262178749,262178749,westbound,A332,EGLL,KMSP,33:19:48.60,38:03:00.46,53.881126,-9.080739,37462.0,202515.4295871887,83
262165920,262165920,westbound,B789,EGBB,MMUN,33:21:01.34,38:19:35.89,54.342824,-8.139512,39540.0,212670.96246382903,72
262176752,262176752,westbound,B763,EDDM,KEWR,33:21:11.44,38:32:12.42,54.003799,-10.187212,40092.0,158092.7289352527,88
262177586,262177586,westbound,A359,LIRF,KLAX,33:23:33.67,38:30:57.47,49.438918,-6.601179,37799.0,249417.98454959525,56
262156779,262156779,westbound,B77W,EGLL,KDFW,33:24:06.06,37:57:58.02,54.121779,-10.659774,36361.0,292849.524399608,70
262171607,262171607,westbound,A339,EHAM,KSLC,33:29:08.51,37:51:17.62,56.588195,-8.915355,38316.0,218220.02960045915,62
262161380,262161380,westbound,B763,EDDB,KEWR,33:32:47.17,38:49:42.70,55.704396,-8.300611,39990.0,158599.57918714147,90
262180832,262180832,eastbound,E550,KILG,EINN,33:32:50.19,39:08:24.02,41.266067,-68.300821,43476.0,14156.613763270496,94
262184226,262184226,westbound,A333,EHAM,KIAH,33:33:13.08,38:27:31.35,55.684826,-8.307687,38397.0,194262.91220598973,67
262161291,262161291,eastbound,B77L,KIAH,EDDF,33:33:21.62,40:06:40.56,38.153115,-66.460804,40213.0,249574.56237925027,89
262168181,262168181,westbound,B763,LSZH,KORD,33:33:44.78,38:29:59.95,54.214933,-8.551926,38168.0,162716.43032616665,78
262178831,262178831,eastbound,B77W,KLAX,EGLL,33:33:56.25,37:57:31.09,61.801667,-64.716514,38127.0,267837.54965874105,62
262176075,262176075,westbound,A333,ESSA,KEWR,33:34:24.14,39:18:03.89,62.601519,2.042942,38423.0,194347.31673899875,98
262168329,262168329,eastbound,B77L,KORD,EDDF,33:35:45.57,38:22:52.98,50.467524,-53.864527,42466.0,237499.88220563173,80
262184812,262184812,westbound,B772,EGKK,TAPA,33:37:18.38,39:17:59.04,50.330869,-6.224357,38346.0,235505.09724795222,101
262163030,262163030,westbound,A333,EHAM,KATL,33:37:20.20,38:51:31.78,54.966639,-7.710868,38336.0,194511.57382929692,85
262171054,262171054,eastbound,A332,KSFO,EDDF,33:37:50.12,38:48:19.95,61.68079,-65.296988,40551.0,194723.8225005328,64
262162253,262162253,westbound,B77W,EBBR,KEWR,33:38:15.10,38:26:44.58,53.901654,-12.057105,38852.0,272925.81707479607,87
262163176,262163176,westbound,A35K,EGLL,KJFK,33:39:02.01,38:32:34.44,53.501779,-13.316511,38866.0,254443.23004129136,87
262176802,262176802,westbound,A333,ESSA,KORD,33:39:42.53,39:00:58.44,62.767107,5.984143,38293.0,195141.42218614428,91
262157506,262157506,westbound,B763,EGPH,KJFK,33:40:00.00,39:01:50.34,55.950278,-8.864444,39918.0,157184.6,91
262181135,262181135,westbound,B764,LEMD,KEWR,33:40:28.90,39:22:15.11,44.297537,-10.845743,33748.0,175609.57177864888,91
262157791,262157791,westbound,A333,LIRF,KATL,33:40:44.05,39:14:00.27,49.29324,-6.713035,38919.0,190938.94514858778,77
262165552,262165552,westbound,FA7X,EBMB,KFTW,33:41:08.89,38:39:39.64,54.241723,-8.896931,43473.0,24584.963726207185,68
262179844,262179844,westbound,A333,LSZH,KORD,33:41:13.52,38:30:36.90,53.668128,-10.529601,38743.0,191675.62057758193,78
262176771,262176771,westbound,A339,LFPG,KMSP,33:43:06.36,38:34:10.22,53.962041,-8.405235,39003.0,210636.44141516567,82
262157760,262157760,westbound,A333,LFPO,KEWR,33:43:21.20,38:53:18.56,52.043291,-13.107822,38554.0,193271.36285303126,88
262171833,262171833,westbound,B763,LPPT,KJFK,33:43:23.72,39:21:18.02,41.522287,-12.838818,39960.0,157742.22963965387,94
262159600,262159600,westbound,B77W,LFPG,KSFO,33:44:23.77,38:10:33.71,54.346833,-8.999997,36345.0,302531.5622204727,59
262173313,262173313,westbound,B763,LEMD,KJFK,33:46:27.76,39:24:11.20,44.315581,-10.987244,39734.0,157911.9751556021,95
262185009,262185009,westbound,B772,LEMD,KCLT,33:46:50.01,39:06:46.40,44.403246,-10.938304,38431.0,232952.1734565679,94
262176429,262176429,westbound,B748,EDDF,KIAH,33:47:29.36,38:20:55.06,54.881582,-8.82053,35842.0,399699.67684645986,64
262179106,262179106,westbound,B789,EDDF,KDFW,33:48:18.34,38:25:25.82,55.564314,-8.953832,39717.0,208398.16253684027,65
262171221,262171221,westbound,A359,LFPG,KLAX,33:48:56.81,38:20:54.96,54.105993,-8.256445,37516.0,248126.55421641853,57
262170596,262170596,westbound,B788,EHAM,KPHL,33:50:13.25,39:04:54.61,54.698088,-7.990793,41903.0,176690.93843474422,94
262164379,262164379,westbound,A333,EHAM,KMSP,33:50:19.34,38:36:25.86,55.957064,-8.342071,38412.0,194202.4927773161,81
262182124,262182124,westbound,B78X,LIRF,KORD,33:50:55.89,38:59:43.44,49.426836,-7.090565,40088.0,219959.09382053616,77
262171906,262171906,westbound,A35K,EGLL,KLAX,33:51:43.36,38:21:41.30,54.031312,-9.371894,36721.0,280083.83415705676,58
262158713,262158713,westbound,A333,ENGM,KEWR,33:52:52.85,39:38:21.30,61.147628,1.850429,38148.0,196078.80092719189,98
262183911,262183911,westbound,A333,EGKK,CYYZ,33:53:32.52,38:41:10.77,53.678831,-13.372743,38415.0,194118.09598068293,82
262165702,262165702,westbound,B789,EGLL,KSEA,33:54:24.83,38:09:29.53,54.517335,-8.693259,39705.0,210225.98117858008,65
262163977,262163977,westbound,E35L,EGGW,KTEB,33:54:50.15,39:37:05.90,54.238941,-9.432141,38612.0,18290.86617353579,87
262178937,262178937,westbound,B789,LEMD,MMMX,33:55:37.60,39:08:57.04,44.401643,-10.822117,39047.0,217640.19385142284,64
262184249,262184249,westbound,A333,EDDF,KATL,33:55:37.87,39:02:58.38,54.455702,-8.836462,38626.0,192758.10608614955,77
262157542,262157542,westbound,B789,LFPG,KDFW,33:56:15.16,38:33:28.90,54.085241,-10.033525,39769.0,208364.01009976468,67
262161325,262161325,westbound,B772,EGLL,KJFK,33:57:35.50,38:47:33.58,53.526451,-13.463627,39151.0,223342.22436924433,87
262172045,262172045,westbound,A339,LFPG,KSLC,33:58:56.63,38:32:37.83,54.582973,-8.791212,37999.0,219043.13651587995,63
262161745,262161745,westbound,B789,EGCC,KMLB,33:59:22.95,39:03:10.23,54.249555,-9.441521,40090.0,206382.63584377497,90
262166442,262166442,westbound,B763,LEMD,KATL,34:00:26.60,39:37:01.99,44.233713,-10.380644,37983.0,164920.98148641642,91
262173794,262173794,westbound,A333,EHAM,KDTW,34:02:30.46,39:05:26.95,55.512339,-7.851084,38363.0,194437.04411131938,86
262161810,262161810,westbound,A333,LSZH,KJFK,34:02:37.95,39:09:48.38,52.713275,-13.112958,38869.0,191094.2778187178,88
262167073,262167073,westbound,A359,LFPG,KIAH,34:03:16.24,38:41:31.53,54.097076,-11.212929,38353.0,240319.24997295096,66
262174031,262174031,westbound,B789,LEMD,MMMY,34:04:26.77,39:12:23.13,44.552839,-11.135621,39252.0,215215.36304187612,68
262181568,262181568,westbound,B789,EGLL,KMIA,34:05:38.61,38:52:10.89,53.761722,-13.5298,40139.0,204550.0413650601,76
262180614,262180614,westbound,B763,LSZH,KEWR,34:06:25.01,39:12:57.68,53.873237,-11.320225,38826.0,157724.99818518653,88
262163027,262163027,westbound,B763,LIRN,KEWR,34:07:57.05,39:40:27.63,49.85429,-7.167285,39940.0,160052.78435920825,85
262183859,262183859,westbound,B772,LOWW,KLAX,34:09:00.90,38:35:04.53,55.76386,-8.205543,37343.0,247964.50082440014,51
262173950,262173950,westbound,B772,LEBL,KIAD,34:09:35.66,39:48:38.80,44.423963,-6.90548,36870.0,231937.27963597336,100
262163214,262163214,westbound,B763,LIRF,KJFK,34:10:09.88,39:58:13.88,49.298676,-5.989316,39877.0,160141.21469886682,95
262163921,262163921,westbound,B77W,LFPG,KLAX,34:10:23.79,38:39:24.40,54.27401,-8.5661,36455.0,304355.54501651425,57
262182531,262182531,westbound,B789,EGBB,MKJS,34:11:46.82,39:36:08.15,51.93944,-13.953176,39954.0,206836.39782722577,82
262166746,262166746,westbound,B789,LIRF,KPHL,34:11:47.31,39:42:38.41,49.256032,-6.54725,40577.0,197516.49147061954,91
262160956,262160956,westbound,A333,EDDF,KIAD,34:12:06.02,39:23:02.81,54.129301,-10.032057,38647.0,192427.895513365,89
262172536,262172536,westbound,B772,LFPG,KATL,34:12:59.57,38:57:53.97,52.712271,-13.269305,38485.0,232409.9077165116,81
262184477,262184477,eastbound,A339,MMUN,EDDF,34:14:26.38,40:53:02.67,37.906816,-63.873071,38758.0,213646.34892840206,87
262181835,262181835,westbound,B789,EDDF,KDTW,34:14:28.27,39:06:00.22,54.776896,-7.975528,40518.0,199245.5555271144,86
262183287,262183287,westbound,B764,LFPG,KJFK,34:14:44.63,39:55:45.07,50.251869,-6.604335,34550.0,176425.51773790084,97
262181542,262181542,westbound,B789,EIDW,CYYZ,34:15:00.00,39:01:05.77,54.336944,-9.513056,40759.0,199548.9,86
262164053,262164053,eastbound,A35K,KLAS,EGLL,34:17:16.42,38:48:07.27,61.715157,-65.329252,38327.0,260621.22424006902,64
262168547,262168547,westbound,B788,EGNT,KMLB,34:17:56.32,39:24:24.23,55.886626,-7.665152,41231.0,185277.9271621999,85
262176128,262176128,westbound,B764,LFMN,KATL,34:18:54.10,39:52:22.25,48.605905,-6.757258,34041.0,182810.10827565053,83
262178965,262178965,westbound,B789,LFPG,KSEA,34:19:46.30,38:35:10.54,55.067058,-9.018251,39720.0,208924.13409112362,63
262158493,262158493,westbound,B789,EGLL,KPHL,34:19:50.30,39:14:28.37,53.733402,-13.135979,40853.0,196420.39762069698,88
262181841,262181841,westbound,A332,LIRF,KBOS,34:20:02.90,39:57:16.87,49.415991,-6.189459,39599.0,198956.3605773263,96
262181274,262181274,westbound,B772,EGLL,KPHX,34:20:18.82,38:53:51.59,53.881702,-9.219824,36302.0,248172.21919219106,62
262184432,262184432,westbound,A333,EBBR,KIAD,34:20:50.60,39:20:50.95,53.997795,-11.664454,38542.0,193307.24436196126,86
262169720,262169720,westbound,B788,EDDF,KDFW,34:22:41.32,39:06:45.17,54.956563,-8.337104,40892.0,185896.0268106255,66
262158954,262158954,westbound,B789,EGLL,KPHL,34:22:50.17,39:17:29.07,53.676834,-13.160024,40853.0,196420.9295001706,88
262159661,262159661,westbound,A333,LFPG,KDTW,34:22:55.66,39:12:31.16,52.742014,-13.185905,38572.0,193114.5211473534,83
262182440,262182440,westbound,B78X,EBBR,KORD,34:22:55.77,39:10:46.33,54.108965,-8.657488,37493.0,223272.12455888715,85
262181287,262181287,westbound,B77W,LFPG,CYUL,34:24:31.28,39:06:40.02,52.237056,-13.185078,40030.0,269660.1351012914,83
262167567,262167567,westbound,B763,EDDS,KATL,34:24:33.37,39:19:51.34,54.001617,-12.479487,38667.0,163764.35174019134,75
262168893,262168893,westbound,B77W,LFPO,TFFF,34:24:39.85,39:59:41.29,48.176577,-6.266389,38901.0,286196.9979227865,98
262183832,262183832,westbound,B772,EHAM,KIAH,34:24:46.46,39:08:55.07,55.539275,-8.28055,37613.0,242615.8361342666,68
262183303,262183303,westbound,A333,LFPO,CYUL,34:24:51.48,39:19:15.60,52.464466,-13.311209,38574.0,193118.8576888288,83
262168144,262168144,westbound,A359,EIDW,KATL,34:25:00.00,39:21:45.36,54.199722,-9.516389,38992.0,232256.1,88
262168708,262168708,westbound,B789,EGKK,KMLB,34:25:57.78,39:18:25.04,52.893738,-12.892352,40205.0,203828.61811217855,85
262174743,262174743,westbound,B772,EGLL,KRDU,34:26:07.83,39:33:48.54,54.236143,-8.918584,38506.0,230506.13763500383,92
262180227,262180227,westbound,A332,LIRF,KJFK,34:26:47.19,40:04:46.13,49.38235,-6.335729,39420.0,200860.72041002143,94
262181819,262181819,westbound,B77L,LEBL,MMMX,34:28:21.99,39:57:28.83,43.065495,-11.510993,40116.0,271868.959423194,62
262158518,262158518,westbound,B763,EBLG,CYYZ,34:28:35.30,39:35:38.52,54.116714,-8.104957,38828.0,158848.999783147,88
262171898,262171898,westbound,B77W,LFPG,KJFK,34:29:13.50,39:21:36.04,52.009063,-13.456358,39844.0,272385.92749647953,87
262171021,262171021,westbound,A332,LIMC,KCVG,34:29:42.28,39:11:11.41,52.875748,-12.744885,39187.0,203102.2736426801,74
262158623,262158623,westbound,B763,EGLL,KEWR,34:31:30.65,39:31:18.90,53.688265,-12.873548,39609.0,156266.47277649574,86
262178291,262178291,westbound,A333,EBBR,KJFK,34:31:45.09,39:38:57.20,53.899931,-12.608797,38579.0,193064.95821918588,88
262161133,262161133,westbound,B763,EBBR,KJFK,34:32:09.54,39:41:39.08,53.872479,-12.242073,39208.0,156735.50498387028,88
262166623,262166623,westbound,B763,LEBL,KATL,34:32:21.88,40:16:15.91,44.663098,-7.5136,36396.0,166319.52938561002,88
262170079,262170079,westbound,B764,LEMD,KIAD,34:32:25.89,40:07:50.70,44.437577,-10.920421,33800.0,177452.90294087658,94
262170019,262170019,westbound,B772,EGLL,KCLT,34:32:36.49,39:17:12.76,53.791982,-12.653349,38495.0,230426.23925815278,85
262159823,262159823,westbound,B77W,LFPG,KJFK,34:32:40.11,39:26:58.03,52.090021,-12.990965,39840.0,272476.99324732035,88
262169524,262169524,westbound,A333,EGCC,KMCO,34:33:30.36,39:49:05.75,54.179285,-8.974754,38034.0,196363.8641081561,85
262158543,262158543,westbound,B752,EGPH,KORD,34:34:00.00,39:21:37.56,56.401667,-8.906944,37797.0,99471.3,82
262180352,262180352,westbound,B772,EIDW,KCLT,34:34:04.52,39:27:28.43,53.988961,-11.294147,37818.0,231728.46207997252,87
262157288,262157288,westbound,B789,LPPT,KPHL,34:34:06.69,39:55:47.95,41.424242,-13.079991,40709.0,199499.33908161035,94
262184977,262184977,westbound,B788,EHAM,KORD,34:34:10.33,39:21:05.88,55.195869,-7.839438,41573.0,180081.61094975326,85
262175266,262175266,westbound,A333,LIRF,KBOS,34:34:16.85,40:19:44.89,49.395538,-6.498129,38923.0,190962.46053150945,98
262157114,262157114,westbound,B772,LIMC,KJFK,34:34:45.33,40:02:22.86,50.316367,-6.263887,38834.0,227696.05255358148,98
262178015,262178015,westbound,B764,EDDM,KATL,34:34:50.33,39:24:27.21,53.939354,-13.020232,34321.0,180006.6974792673,72
262182692,262182692,westbound,B77W,EGLL,KJFK,34:35:03.49,39:26:35.53,53.52552,-13.123671,39595.0,272583.6783756163,87
262159998,262159998,westbound,B772,EGLL,KSFO,34:35:34.25,39:03:16.52,54.056653,-9.002697,36310.0,249322.28017024824,61
262175061,262175061,westbound,B748,EDDF,KORD,34:36:24.22,39:10:29.82,55.51336,-8.144904,36755.0,384407.22656676173,81
262177873,262177873,westbound,B764,EDDB,KIAD,34:36:44.94,39:58:32.26,54.579308,-7.850964,34557.0,178289.2425190194,90
262182395,262182395,westbound,A333,LFPG,CYQB,34:37:10.99,39:26:34.12,51.815026,-12.865016,38546.0,193340.92368586658,63
262179433,262179433,westbound,A333,LPPT,CYYZ,34:37:23.78,40:08:23.04,41.308291,-13.075697,38084.0,196433.3964057149,93
262156506,262156506,westbound,A332,EDDF,KATL,34:37:54.85,39:41:14.33,54.419133,-8.401753,38705.0,206280.73806810973,80
262178103,262178103,westbound,A333,LEMD,KORD,34:38:41.19,40:09:17.76,44.352672,-10.331068,38254.0,195301.3699206709,91
262161929,262161929,westbound,B764,EGLL,KBOS,34:39:00.70,39:42:05.78,53.792939,-12.852026,34485.0,171905.0871597408,85
262166097,262166097,westbound,A332,EDDF,KJFK,34:39:03.54,39:49:59.10,54.184058,-10.130484,39614.0,197858.87414723367,91
262175699,262175699,westbound,B788,LEBL,KORD,34:39:13.19,40:07:30.34,44.965152,-6.670465,41283.0,183375.15877170808,90
262166906,262166906,westbound,B772,LIRF,KIAD,34:39:35.85,40:04:58.07,49.495994,-6.95574,38684.0,229459.21573701766,88
262185340,262185340,westbound,A333,EIDW,KJFK,34:39:39.63,39:55:37.79,54.158141,-10.371334,37912.0,197100.60807964473,90
262184185,262184185,westbound,A333,EHAM,KBOS,34:39:41.13,40:04:37.61,54.58199,-8.179613,38380.0,194426.4920837231,89
262168260,262168260,westbound,B788,LFPG,KORD,34:40:27.01,39:22:34.96,54.022657,-9.533177,41617.0,179093.3427917868,84
262157555,262157555,westbound,A35K,EGLL,KLAX,34:42:56.88,39:12:24.18,53.968138,-9.419321,36610.0,280067.63942299946,58
262181307,262181307,westbound,A333,LEMD,KMIA,34:43:10.23,40:16:12.54,42.494878,-12.982864,38355.0,194737.89538520662,84
262183228,262183228,westbound,B78X,LPPT,KEWR,34:43:16.74,40:05:42.13,41.472021,-13.563999,39399.0,225358.3834529722,90
262159535,262159535,westbound,B772,EGLL,KORD,34:43:17.69,39:26:31.12,53.913544,-9.425425,36818.0,231804.47518718924,85
262168615,262168615,westbound,A359,EFHK,KDFW,34:43:51.58,39:46:48.38,64.617021,7.513277,38210.0,242995.52693166188,69
262168814,262168814,westbound,B772,EGLL,KIAH,34:44:09.87,39:20:13.60,54.125402,-10.827121,36866.0,241990.6675893531,69
262156769,262156769,westbound,B772,EGKK,MDPC,34:45:27.99,40:32:47.84,50.341825,-6.505041,38169.0,237927.0722734107,95
262175247,262175247,westbound,B772,LIRF,KJFK,34:45:41.57,40:16:35.57,49.301392,-6.026103,38846.0,227182.97875821457,93
262162909,262162909,westbound,B772,LOWW,KORD,34:46:30.56,39:21:13.79,55.785657,-8.75188,38522.0,230249.62535789082,73
262169870,262169870,westbound,B772,EGKK,KMCO,34:48:08.38,39:41:19.75,53.200498,-13.314395,38363.0,234454.64615070913,81
262174850,262174850,westbound,A339,LFPG,KBOS,34:48:51.74,40:25:59.08,50.295433,-6.480475,39599.0,204010.28683072203,96
262178761,262178761,westbound,B752,EIDW,KORD,34:51:00.00,39:41:32.03,54.969444,-9.239444,35618.0,99213.6,83
262183174,262183174,westbound,B789,LIRF,KDFW,34:51:25.96,39:26:49.31,52.18938,-13.422267,39868.0,203995.53638007122,58
262175768,262175768,westbound,A332,DAAG,CYUL,34:51:26.22,40:29:54.83,44.341778,-7.649528,39535.0,198807.63586205323,97
262185295,262185295,westbound,B789,EGLL,CYYC,34:51:46.43,39:00:07.65,56.386964,-9.028285,40122.0,205104.77395341554,70
262169437,262169437,westbound,B788,EGKK,MDPC,34:52:18.98,40:46:07.73,50.381689,-6.427352,41205.0,185402.2382968438,100
262167979,262167979,westbound,B77W,LEBL,CYYZ,34:52:36.52,40:25:33.34,44.651053,-6.508201,36910.0,280910.6986406578,99
262160164,262160164,westbound,A333,EGLL,TBPB,34:52:47.36,40:49:45.52,50.3081,-6.171464,38073.0,196469.77043657197,100
262168757,262168757,westbound,A333,LPPT,CYUL,34:53:11.49,40:20:03.92,41.594821,-13.416658,38119.0,196195.9968017637,92
262179218,262179218,westbound,A333,EDDF,KJFK,34:53:16.50,40:11:06.64,54.046895,-10.240523,38676.0,192411.5314990977,91
262182323,262182323,westbound,A332,LIRF,KIAD,34:53:49.50,40:27:23.15,49.529545,-6.927023,39209.0,203115.12707069088,88
262184918,262184918,westbound,B789,EGKK,MMUN,34:54:27.24,39:37:50.69,52.995212,-13.350563,39708.0,209424.26693713374,66
262162297,262162297,eastbound,B744,KLAX,ELLX,34:55:03.29,39:54:17.46,60.728493,-65.619541,37031.0,300619.5393629892,67
262178764,262178764,westbound,A359,LFPG,KATL,34:55:23.49,39:36:50.02,52.369965,-13.279689,39106.0,233159.58509410932,80
262161867,262161867,westbound,A332,LIRF,KMIA,34:55:33.57,40:55:03.30,45.331522,-6.98062,38743.0,208041.53096088947,77
262184023,262184023,westbound,B772,LOWW,KEWR,34:56:00.53,39:51:09.55,53.982511,-10.62281,38939.0,223801.27695824028,86
262178064,262178064,eastbound,A35K,KSFO,EGLL,34:57:00.59,39:22:49.30,62.43647,-64.437238,38681.0,261077.30549548354,61
262170067,262170067,westbound,B789,EDDF,KDEN,34:57:37.15,39:25:17.64,55.590952,-8.592884,39833.0,206981.97651021025,64
262167645,262167645,westbound,B764,LFPG,KRDU,34:59:13.82,40:02:51.32,53.358859,-13.296767,33761.0,177617.35950746393,87
262178257,262178257,westbound,A332,DTTA,CYUL,34:59:58.41,40:41:17.34,44.977089,-6.531538,39514.0,200172.0041348905,94
262168724,262168724,westbound,B772,EHAM,CYYZ,35:00:21.79,39:50:18.11,55.505136,-8.395656,38925.0,226671.02606278026,87
262180881,262180881,westbound,B789,EGLL,KDEN,35:00:50.08,39:32:09.34,55.09657,-8.573769,39827.0,208702.15264508722,70
262183760,262183760,westbound,B78X,LIRF,KEWR,35:02:12.20,40:35:24.87,49.371063,-6.295888,40071.0,220152.9485542839,94
262165276,262165276,westbound,B77W,EGLL,KSFO,35:02:16.64,39:27:47.85,53.966953,-8.834745,35976.0,302514.4265613482,60
262175184,262175184,westbound,B764,EHAM,KIAD,35:03:52.54,40:22:24.80,54.20939,-8.680508,34496.0,177543.88961659285,91
262164784,262164784,westbound,B763,LOWW,KIAD,35:05:40.48,40:14:47.26,54.020315,-10.653497,38562.0,160159.9230863315,81
262161403,262161403,westbound,A333,LIRF,KDTW,35:06:19.22,40:32:15.97,49.768246,-6.493665,38922.0,190910.37208138188,81
262169421,262169421,westbound,B772,EGLL,MYNN,35:06:24.25,40:05:11.89,53.524145,-12.619804,38223.0,234826.96470602002,83
262185068,262185068,westbound,A333,LGAV,KJFK,35:07:15.67,40:10:39.14,52.340204,-13.597981,39925.0,184040.55287657352,71
262163884,262163884,westbound,B763,LOWW,CYUL,35:07:57.89,40:20:46.19,54.926193,-8.236404,40210.0,157345.26615530183,85
262174397,262174397,westbound,A333,EGCC,KATL,35:08:08.55,40:23:05.47,54.171542,-7.872146,37684.0,196633.35545608297,89
262162750,262162750,westbound,B772,LFPG,KJFK,35:08:16.63,40:37:39.44,50.385761,-5.949312,38859.0,228082.2130010247,98
262183968,262183968,westbound,B77W,EGLL,KIAH,35:09:17.26,39:44:58.00,54.142539,-11.009398,36939.0,293425.4736917671,69
262177744,262177744,westbound,B78X,LEBL,KEWR,35:10:38.47,40:47:02.25,44.506629,-6.855617,36284.0,223976.37787221183,100
262165230,262165230,westbound,A332,LEMD,KSFO,35:11:08.73,40:25:45.70,44.5241,-10.727636,38132.0,211791.58425074906,63
262157554,262157554,westbound,B789,LFPG,KLAX,35:11:22.16,39:40:28.77,54.325224,-8.096909,39120.0,215961.2174041405,57
262173812,262173812,westbound,B789,LFPG,KDFW,35:11:31.01,39:36:23.31,53.200992,-13.683447,39865.0,206797.42484688753,64
262160759,262160759,westbound,A333,EIDW,KBOS,35:12:13.49,40:21:34.26,53.981186,-11.451945,38015.0,196878.1694136543,87
262174803,262174803,westbound,B772,EGLL,KEWR,35:12:24.32,39:59:44.12,53.802406,-12.515739,39018.0,223918.47840705162,86
262167743,262167743,westbound,B77W,EBBR,KIAD,35:12:46.67,40:05:21.57,53.942017,-12.166324,38816.0,275927.32420746435,88
262176212,262176212,westbound,B77W,EDDF,KEWR,35:13:17.06,40:17:07.30,54.197362,-8.414942,39513.0,275056.853089581,91
262177901,262177901,westbound,B77W,EGLL,KDFW,35:14:24.35,39:48:20.70,54.126996,-10.748277,36787.0,292802.94717919535,70
262179155,262179155,eastbound,MD11,KMEM,LFPG,35:15:35.99,41:38:38.21,38.287253,-68.484599,34878.0,254843.83288204033,100
262183269,262183269,westbound,A339,LFPO,TFFR,35:16:12.88,41:07:07.96,48.369418,-6.189812,38860.0,211867.92017997307,97
262177908,262177908,westbound,B789,LEMD,KDFW,35:17:39.52,40:29:05.28,44.419865,-10.651715,39604.0,211288.80461119566,74
262176143,262176143,eastbound,GLEX,CYYT,EGAE,35:19:00.00,38:43:31.43,48.869444,-50.263333,48337.0,29755.9,59
262183565,262183565,westbound,A35K,EGLL,KAUS,35:19:03.19,39:56:53.80,55.169721,-8.769148,37344.0,273224.4230414712,69
262173856,262173856,westbound,B763,LFPG,KCVG,35:19:25.68,40:11:45.59,52.352442,-13.320925,39668.0,161181.37127703903,82
262157381,262157381,westbound,A359,LEMD,KJFK,35:20:43.56,40:51:22.16,44.359593,-11.063299,39645.0,226189.76691799366,92
262165816,262165816,westbound,B764,EDDM,KDTW,35:21:33.63,40:19:32.38,53.882833,-10.615243,34528.0,178506.07089819905,80
262160137,262160137,westbound,B789,EGLL,KORD,35:22:34.72,40:06:13.77,54.83835,-8.510092,40413.0,202080.75214534192,85
262175879,262175879,westbound,B77W,EGLL,KLAX,35:22:47.87,39:49:59.99,54.194716,-9.323142,36089.0,303106.0227099561,58
262161803,262161803,westbound,B763,EGPH,KATL,35:24:00.00,40:31:15.77,56.046944,-8.665,38847.0,163918.8,87
262184800,262184800,westbound,A332,EDDF,KDTW,35:24:22.82,40:22:17.15,54.824716,-8.240793,39243.0,201478.68478432603,86
262159770,262159770,westbound,B763,LSGG,KIAD,35:24:38.34,40:22:11.84,52.662239,-13.458454,40013.0,158722.7329086977,85
262183069,262183069,westbound,B763,LFMN,KEWR,35:24:39.96,41:03:58.59,49.342078,-6.512871,39852.0,159694.5874711614,96
262159033,262159033,westbound,B764,EIDW,KIAD,35:27:00.00,40:40:21.91,54.289722,-9.865833,33824.0,175700.4,89
262156859,262156859,westbound,B772,EHAM,KORD,35:28:15.50,40:13:37.23,55.50464,-7.772596,38471.0,231878.78890643452,85
262183161,262183161,westbound,B788,LSZH,KPHL,35:29:07.62,40:31:09.21,53.87273,-11.568213,41976.0,173615.8928665037,90
262163055,262163055,westbound,B772,EDDM,KSFO,35:29:20.05,39:50:29.83,56.167792,-8.323005,37343.0,246946.9084925082,54
262180806,262180806,westbound,B764,EGLL,KJFK,35:29:53.95,40:32:50.54,53.547162,-13.225399,33830.0,173049.45125560978,87
262168505,262168505,eastbound,B772,KBOS,EGLL,35:32:00.00,41:29:23.87,41.6925,-68.426667,36440.0,226967.2,105
262181943,262181943,westbound,A333,EHAM,CYYZ,35:32:17.27,40:40:44.27,55.274965,-7.807031,38379.0,194452.7927997313,88
262172271,262172271,westbound,B789,EGLL,KLAX,35:32:27.88,39:59:31.44,54.190624,-9.332673,37495.0,216396.63790372017,59
262156820,262156820,westbound,A388,EGLL,KMIA,35:32:53.06,40:25:56.12,52.94182,-13.219814,38515.0,469423.03274637455,81
262179518,262179518,westbound,A333,LPPT,KBOS,35:33:18.38,41:01:19.62,41.535108,-13.649047,38121.0,196185.07286730566,91
262175046,262175046,westbound,A333,LSGG,KJFK,35:33:40.58,40:39:57.49,52.235845,-13.402511,38814.0,191518.67331231636,87
262183018,262183018,westbound,B772,LEBL,KJFK,35:33:46.84,41:15:37.10,44.519415,-6.876185,36546.0,229067.93288865453,101
262174697,262174697,westbound,B789,EGCC,MMUN,35:34:53.39,40:30:40.79,54.270973,-8.610752,39528.0,212899.6211952688,71
262177837,262177837,westbound,A333,EIDW,KORD,35:35:00.00,40:29:00.93,54.520278,-9.777778,37847.0,197329.4,84
262182006,262182006,westbound,B772,LIMC,KEWR,35:36:06.11,40:57:44.36,50.538577,-6.24088,38847.0,227444.3855334854,96
262162579,262162579,westbound,B77W,LIRF,CYYZ,35:36:52.85,40:52:09.53,49.726028,-6.262515,39401.0,279173.3369186819,87
262171067,262171067,eastbound,F900,KPHL,LIRA,35:39:42.16,42:09:02.53,40.924335,-68.475213,38187.0,18667.50881805043,95
262157264,262157264,westbound,A332,EDDF,KJFK,35:40:14.19,40:51:39.17,54.134376,-10.090602,39609.0,197848.97801322734,91
262164276,262164276,eastbound,B77L,KMEM,LFPG,35:40:37.24,42:02:14.80,38.182843,-68.236577,39288.0,247129.72602810865,100
262183562,262183562,westbound,B772,EGKK,TLPL,35:41:04.58,41:20:48.42,50.324697,-6.085383,38213.0,237352.13301268994,101
262157128,262157128,westbound,A339,EGLL,KATL,35:42:00.43,40:38:00.15,53.738094,-12.420994,38921.0,210957.04471049766,85
262182946,262182946,westbound,A333,EKCH,CYYZ,35:42:00.56,40:34:08.25,59.924227,-7.645218,38686.0,192626.9654648007,83
262184208,262184208,westbound,A333,LOWW,CYYZ,35:42:21.09,40:49:15.14,54.487911,-7.802084,38968.0,190315.1247272553,82
262174118,262174118,eastbound,MD11,KMEM,LFPG,35:42:29.58,42:06:26.42,38.327489,-68.647779,34947.0,254918.76355792547,100
262167919,262167919,westbound,B752,LPPR,KEWR,35:43:38.43,41:28:56.91,42.492722,-11.556355,34972.0,96752.0479243952,92
262180812,262180812,westbound,A359,EDDM,KDEN,35:44:42.48,40:15:45.75,55.48341,-8.78503,38558.0,240343.7538666553,62
262170419,262170419,westbound,B763,EDDM,KIAH,35:45:48.55,40:47:07.44,54.402599,-8.117789,37838.0,167369.90294430294,63
262172014,262172014,eastbound,B772,KLAX,EGLL,35:46:17.98,40:11:11.40,61.903509,-65.137573,38673.0,213811.44270648505,61
262157375,262157375,westbound,B789,EKCH,CYUL,35:47:04.99,40:38:54.59,59.778906,-8.018844,41014.0,193515.28359636842,82
262175507,262175507,westbound,B789,EGLL,KSFO,35:47:44.23,40:08:29.89,54.272736,-8.836158,37336.0,215635.08007413027,60
262174549,262174549,westbound,A333,LEBL,CYUL,35:48:15.75,41:38:43.26,44.806817,-6.419497,38300.0,194947.37532268427,99
262179101,262179101,westbound,B78X,EHAM,KLAS,35:48:49.37,40:04:48.99,56.693489,-8.393372,39626.0,223205.9556848662,58
262184516,262184516,westbound,B772,LIPZ,KEWR,35:49:02.76,40:35:00.96,52.752062,-13.203864,39110.0,222726.12191105232,85
262181529,262181529,westbound,B77W,EGLL,KJFK,35:49:37.94,40:41:47.91,53.644021,-12.945777,39652.0,272115.4718417514,87
262178214,262178214,westbound,A332,LFPO,MMUN,35:50:40.30,41:18:29.38,50.447887,-6.684519,38098.0,212010.6259303064,74
262171124,262171124,westbound,B763,LSZH,KIAD,35:51:16.46,40:56:18.61,54.015578,-11.312443,38566.0,159543.25524948686,87
262166602,262166602,westbound,B789,LIRF,KORD,35:51:16.68,40:19:53.92,52.235011,-13.847202,40512.0,196365.08925684908,67
262159178,262159178,westbound,B77W,LFPG,MMMX,35:51:37.36,40:29:06.75,53.256533,-13.1634,37743.0,302204.62270292355,57
262185383,262185383,westbound,B77W,EGLL,KDFW,35:52:03.75,40:28:14.40,54.059647,-10.527919,36647.0,293376.0991607716,71
262182577,262182577,westbound,A333,LIMC,KJFK,35:52:08.08,41:35:39.56,50.283957,-6.399953,38613.0,192911.90820237147,98
262164142,262164142,westbound,B78X,EDDM,KORD,35:53:49.76,40:33:06.52,55.49257,-7.872298,39874.0,221228.85776427196,79
262160368,262160368,westbound,B772,EGLL,TBPB,35:53:58.34,41:32:49.65,50.306897,-6.071324,38240.0,236993.0986443933,101
262172765,262172765,westbound,B77W,EHAM,MPTO,35:54:26.99,41:37:05.99,50.915497,-6.295131,37757.0,302680.3319361914,73
262179348,262179348,westbound,B763,LKPR,KJFK,35:54:37.30,41:23:16.90,54.615095,-7.789348,39958.0,159077.8891125672,93
262180478,262180478,westbound,A359,LEMD,KLAX,35:55:07.62,41:03:12.40,44.562915,-10.862697,37412.0,251023.2159063867,62
262165299,262165299,westbound,A333,LEMD,KBOS,35:55:17.28,41:34:02.71,44.199431,-10.239009,38253.0,195321.8808786259,94
262184552,262184552,westbound,A333,EINN,KJFK,35:55:17.89,41:00:38.48,53.487717,-12.920102,37982.0,197106.63605275276,87
262164981,262164981,westbound,A333,EHAM,KMSP,35:55:19.28,40:40:48.42,56.001707,-8.313376,38394.0,194202.38754318678,81
262165731,262165731,eastbound,B77L,KMEM,EDDK,35:55:24.60,42:34:37.27,38.241983,-68.110213,39237.0,248668.20027280663,101
262182897,262182897,westbound,B788,LGAV,KIAD,35:55:31.88,41:19:20.29,49.590959,-6.392582,41660.0,173448.87281698018,75
262178531,262178531,westbound,A332,EGLL,KDTW,35:55:57.67,40:57:16.58,54.608731,-7.769698,39263.0,199982.65925844578,88
262169166,262169166,westbound,A333,EGKK,CYUL,36:00:23.78,40:49:22.83,53.293349,-13.405025,38414.0,194196.78944983234,82
262172227,262172227,westbound,A332,EDDF,MDPC,36:00:25.62,41:50:36.70,48.97917,-6.600252,38632.0,207544.9984167654,87
262170546,262170546,westbound,B77W,EGLL,KLAX,36:00:34.06,40:28:34.58,54.192752,-8.757327,36043.0,303797.4865681758,59
262160603,262160603,westbound,B752,EINN,KEWR,36:00:34.21,41:01:39.46,53.598567,-12.770814,39140.0,95132.06702956575,86
262164572,262164572,westbound,B763,LIMC,KATL,36:02:21.49,40:54:50.01,52.363491,-13.422061,39436.0,164012.45810447025,73
262165602,262165602,westbound,B763,LIPZ,KATL,36:03:04.22,40:52:08.64,53.648601,-13.969355,39463.0,164163.35091452816,70
262172043,262172043,westbound,A333,EKCH,KEWR,36:03:48.57,41:18:12.64,59.531003,-7.951683,38691.0,192582.66706248408,89
262165401,262165401,westbound,B78X,EHAM,KLAX,36:03:53.42,40:15:46.39,57.049797,-8.697278,39627.0,223072.43949802613,55
262165562,262165562,westbound,B772,EGKK,CYVR,36:03:57.33,40:13:20.95,56.014369,-8.358075,37735.0,240453.70542890826,64
262184682,262184682,westbound,A346,EDDM,KJFK,36:04:34.71,41:09:22.05,54.032325,-10.740712,39327.0,284528.55215334217,90
262180558,262180558,eastbound,B789,KLAX,EGLL,36:04:46.94,40:29:35.19,61.466099,-64.90209,41155.0,180681.5043426729,61
262159384,262159384,westbound,B763,EGLL,KEWR,36:05:18.23,41:09:48.68,53.909886,-11.79459,39309.0,156968.16067674218,87
262158137,262158137,westbound,B788,EHAM,TNCC,36:05:21.58,41:47:05.90,50.657413,-6.830687,40902.0,187288.67111673794,84
262178637,262178637,westbound,A333,EGKK,KJFK,36:06:28.81,41:11:05.01,53.014941,-13.375125,38416.0,194189.80404550963,87
262165080,262165080,westbound,A333,EIDW,KIAD,36:06:38.55,41:18:08.19,54.145648,-10.261245,37968.0,197101.9786263869,89
262163975,262163975,westbound,A332,LIRF,CYUL,36:06:40.65,41:29:09.59,49.76207,-6.688639,39596.0,198912.14679808784,93
262156663,262156663,westbound,B763,EDFH,KBWI,36:06:52.75,41:18:38.50,54.121934,-10.040708,38075.0,159190.70789210591,89
262157299,262157299,westbound,A359,LEMD,MMMX,36:07:07.73,41:23:12.52,42.257818,-13.142702,37683.0,248445.3688765375,63
262173292,262173292,westbound,A333,LFPG,CYYZ,36:07:27.37,40:57:45.21,52.676132,-13.229758,38575.0,193139.16207685068,83
262156755,262156755,westbound,GLEX,LEBL,MMUN,36:08:19.36,41:51:17.75,44.932683,-6.876587,44389.0,37955.66597778586,76
262180057,262180057,westbound,B748,EDDF,KMIA,36:08:21.46,41:00:56.06,54.132802,-10.568741,36249.0,393195.280394503,73
262183761,262183761,westbound,A333,EKCH,KBOS,36:09:44.78,41:30:01.48,58.271482,-7.895075,38655.0,192780.40939881507,89
262182217,262182217,westbound,B763,LIMC,KJFK,36:10:48.69,41:55:20.63,50.409672,-6.173623,39854.0,159631.66190606848,98
262173644,262173644,westbound,A359,EDDM,KLAX,36:12:02.03,40:34:40.31,55.864495,-8.615636,37825.0,248745.67975380152,52
262167848,262167848,westbound,A339,LGAV,KBOS,36:12:24.74,41:09:54.48,52.56257,-13.989098,39894.0,205698.89536691018,73
262180526,262180526,westbound,B789,EGLL,KORD,36:12:35.85,40:56:33.70,54.842718,-8.394077,40415.0,202077.90719306463,85
262167536,262167536,westbound,B772,EGLL,KCLT,36:12:54.98,41:01:08.35,53.820584,-11.764238,38487.0,230916.9836878383,86
262166624,262166624,westbound,B789,EGLL,KSEA,36:13:23.31,40:27:17.17,54.609252,-8.770584,38064.0,210140.84804612692,67
262180472,262180472,westbound,A332,EHAM,KIAD,36:13:46.44,41:27:07.46,54.928337,-8.055586,39323.0,199931.77726681836,91
262180419,262180419,westbound,B77W,EGLL,CYYZ,36:15:41.48,41:06:28.45,54.685211,-8.146329,37189.0,275592.77545509883,87
262175195,262175195,westbound,A339,EHAM,KJFK,36:15:48.26,41:40:13.92,54.704127,-7.87708,39499.0,205297.8503917511,93
262181477,262181477,westbound,A333,LFLL,CYUL,36:16:08.55,41:50:30.80,49.184068,-6.608817,38445.0,194083.26678706758,94
262168312,262168312,westbound,A333,EHAM,TNCA,36:19:34.37,42:14:25.26,50.708926,-6.964629,38345.0,194677.1659328409,82
262164062,262164062,westbound,A333,EGKK,KBOS,36:22:08.55,41:23:30.27,52.824478,-13.51019,38416.0,194209.37192152158,85
262160495,262160495,westbound,A333,LPPT,KIAD,36:23:37.53,41:57:41.60,41.448473,-13.612444,38123.0,196167.5703867648,93
262159679,262159679,westbound,A333,LSGG,CYUL,36:23:49.03,41:19:47.69,52.710957,-12.89905,38805.0,191573.46764815078,83
262158938,262158938,westbound,A359,EKCH,KIAD,36:24:36.59,41:12:28.94,59.840967,-7.618116,39522.0,229082.62865224818,85
262175603,262175603,westbound,A333,EIDW,KEWR,36:25:00.00,41:38:08.87,54.247778,-9.423611,37897.0,197329.4,89
262168184,262168184,westbound,B78X,EDDF,KORD,36:26:27.21,41:07:57.82,55.276463,-8.115543,39678.0,222014.1478026939,82
262178428,262178428,westbound,B77W,EGLL,KMIA,36:27:11.50,41:22:14.67,53.822928,-12.924582,38662.0,286989.54170210025,82
262166111,262166111,westbound,A359,EDDM,KSAN,36:27:22.20,40:50:07.19,56.198799,-8.489583,37808.0,249045.11779515614,54
262177153,262177153,westbound,B772,EGLL,KIAD,36:27:58.46,41:13:54.15,53.9161,-12.389717,38899.0,226608.36940328512,86
262179042,262179042,westbound,B748,EDDF,KLAX,36:29:46.17,40:53:06.31,55.403559,-8.247681,35837.0,399797.7627139621,55
262182620,262182620,westbound,A333,EIDW,KSFO,36:31:00.00,41:06:19.48,54.308611,-9.317778,37731.0,197329.4,62
262169111,262169111,westbound,B763,EIDW,KBOS,36:32:00.00,41:43:40.99,54.410556,-11.418611,40291.0,154828.9,85
262160589,262160589,westbound,A359,EDDM,KCLT,36:34:14.35,41:32:32.95,54.609325,-8.652104,39176.0,233368.49978442542,79
262156943,262156943,westbound,B789,EPWA,KJFK,36:34:16.30,41:45:43.23,56.197086,-7.829473,40784.0,194307.33714565626,89
262174292,262174292,westbound,B77W,LFPG,KJFK,36:34:19.75,42:01:18.66,50.38203,-6.465888,39538.0,276910.6980657978,97
262181608,262181608,westbound,B789,EHAM,KAUS,36:34:45.79,41:16:47.50,55.600393,-8.572231,39603.0,210652.83837863756,66
262159229,262159229,westbound,A359,LFPG,KBOS,36:34:53.27,42:00:16.35,50.531639,-6.569599,39751.0,224866.44200709168,95
262161690,262161690,westbound,A359,EHAM,KATL,36:36:09.08,41:36:17.04,55.08104,-7.644156,38912.0,234580.85787873945,85
262178566,262178566,westbound,B772,LIRF,KCLT,36:36:47.37,41:57:49.18,49.644859,-6.558912,38379.0,233882.63935147898,81
262165745,262165745,westbound,B789,EGLL,KLAX,36:37:27.79,41:04:32.30,54.178816,-9.317608,37559.0,216395.54751990564,59
262175924,262175924,westbound,A333,EDDM,CYYZ,36:37:40.14,41:43:35.60,54.615263,-8.261333,38753.0,191526.7522141028,86
262175630,262175630,westbound,A332,LFPG,CYUL,36:37:40.53,41:26:56.07,52.206523,-13.17283,39938.0,194240.46893054948,83
262179835,262179835,eastbound,A333,KJFK,EGLL,36:38:31.29,42:58:20.24,40.960898,-68.699854,37438.0,196428.85507822112,105
262167249,262167249,westbound,A343,LSZH,MMUN,36:39:22.38,41:34:18.09,53.845108,-13.727822,36340.0,228587.50215556833,61
262181092,262181092,westbound,B789,EGLL,KLAS,36:40:14.47,41:09:56.02,54.041574,-8.952252,37541.0,214399.7444725886,62
262157009,262157009,westbound,B788,LIPZ,KPHL,36:40:22.08,41:33:20.62,53.495537,-13.208706,42027.0,171428.2536931477,83
262175788,262175788,westbound,B789,LFPG,KORD,36:41:31.78,41:22:50.62,54.086625,-9.543569,40419.0,200948.21639362368,84
262164764,262164764,eastbound,B772,KJFK,EGLL,36:41:48.32,42:40:19.04,41.268886,-68.488502,36636.0,227525.78558748102,105
262184403,262184403,eastbound,B763,KCVG,EGNX,36:42:42.52,42:48:03.76,40.907298,-68.720117,37917.0,158348.61821475267,101
262158852,262158852,westbound,B752,EIDW,KEWR,36:43:00.00,41:57:34.58,54.177778,-9.579722,35591.0,96001.0,89
262175253,262175253,westbound,A333,LFPO,TFFF,36:43:12.48,42:31:13.49,48.301678,-6.678121,38250.0,195379.54758211703,97
262175827,262175827,westbound,B763,LSGG,KJFK,36:43:31.77,41:50:33.70,52.118966,-13.363664,40215.0,156913.2424647497,87
262172200,262172200,eastbound,B77L,KDFW,EDDF,36:43:33.04,43:28:02.39,38.106865,-68.263474,39738.0,249741.37601123564,92
262180933,262180933,westbound,B789,EDDF,KDEN,36:44:30.05,41:11:55.58,55.76615,-8.338279,39832.0,206997.4999423969,64
262181447,262181447,westbound,B772,EGLL,KIAD,36:45:02.85,41:32:14.10,53.579867,-13.457708,38958.0,226248.7937619274,86
262163307,262163307,westbound,B788,EHAM,TNCA,36:46:19.21,42:24:29.77,50.635077,-6.812611,40879.0,187536.92568666668,83
262173315,262173315,westbound,A333,EGCC,KJFK,36:46:45.86,42:09:40.85,54.234821,-8.909058,37932.0,196407.2243212136,92
262184186,262184186,westbound,A333,EHAM,KDTW,36:47:43.28,41:48:19.96,55.47026,-8.442756,38406.0,194237.02742731615,86
262184607,262184607,westbound,B772,EGKK,KTPA,36:48:04.82,41:37:36.07,52.881664,-12.73027,38296.0,235615.16025168344,79
262159269,262159269,westbound,A359,LGAV,KATL,36:49:02.80,42:22:50.38,48.319425,-6.182794,38811.0,240950.86664957655,71
262167483,262167483,eastbound,B78X,KEWR,EGLL,36:49:27.62,42:16:23.50,42.53025,-63.868048,36418.0,223536.72713987983,97
262181030,262181030,westbound,A333,EINN,KBOS,36:50:31.83,41:53:59.43,53.01554,-13.045825,37981.0,197108.77405814285,85
262185304,262185304,westbound,A332,EIDW,CYYZ,36:52:00.00,41:47:37.89,54.066389,-9.615556,39519.0,196590.9,86
262163089,262163089,westbound,B772,LIRF,KEWR,36:53:24.24,42:16:19.42,49.64005,-6.426877,38850.0,227149.2715302958,92
262162311,262162311,westbound,B788,LEBL,KMIA,36:54:49.63,42:19:00.87,43.251111,-11.772778,41240.0,182881.95990944983,79
262159715,262159715,westbound,B77W,LFPG,KLAX,36:55:07.65,41:25:48.18,54.340009,-8.453934,36274.0,303586.3378568343,57
262166625,262166625,westbound,A388,EGLL,KDFW,36:55:31.17,41:23:50.76,53.992871,-11.61085,38063.0,476954.8899304358,68
262175239,262175239,westbound,A333,EGLL,KMIA,36:55:41.13,41:56:16.06,53.9457,-13.671125,38404.0,194239.79838463748,76
262166089,262166089,westbound,B763,EGLL,KORD,36:56:00.24,41:49:08.94,53.877174,-9.178837,36636.0,161504.2203412989,84
262160870,262160870,eastbound,GLEX,KHPN,EGLF,36:56:30.86,41:11:33.29,49.411021,-52.875029,47461.0,30043.18920164798,76
262168932,262168932,westbound,B764,EGLL,KATL,36:57:31.96,41:57:38.27,53.829121,-11.693304,33550.0,181119.59011149098,86
262176885,262176885,eastbound,A333,KJFK,EGLL,36:58:24.09,43:16:31.70,41.253297,-68.595126,37883.0,196439.68841076814,105
262161610,262161610,westbound,A332,LFRS,CYUL,36:59:16.47,42:27:10.12,48.611185,-6.17863,39570.0,196474.91732340478,95
262162816,262162816,westbound,B748,EDDF,KIAD,37:00:31.91,41:55:50.64,54.170021,-9.191533,36890.0,379545.15584709414,91
262170049,262170049,westbound,A333,EHAM,KJFK,37:00:41.60,42:26:09.25,54.618324,-8.264833,38380.0,194425.64779939174,93
262176579,262176579,westbound,B772,LFPG,KEWR,37:01:15.83,41:48:08.59,53.74716,-12.669503,39130.0,223366.70135661363,86
262184327,262184327,westbound,A359,LFPG,CYYZ,37:01:33.91,41:41:17.13,52.254468,-13.346774,39742.0,226050.11098389627,83
262158988,262158988,westbound,B789,EGKK,KJFK,37:03:52.23,41:55:31.46,52.965834,-13.312091,40938.0,195321.04888984846,87
262167048,262167048,westbound,B77W,EDDF,KIAD,37:04:06.80,42:09:23.67,54.322351,-7.717985,39187.0,278538.58555769006,91
262161123,262161123,westbound,A343,LSZH,MDPC,37:04:10.63,42:59:14.00,47.064632,-6.247313,36787.0,222382.29654874172,89
262160208,262160208,westbound,B77W,EDDF,KSFO,37:04:51.25,41:23:26.90,56.261795,-8.442479,37488.0,301074.57806925755,56
262159671,262159671,westbound,B763,LPPT,KBOS,37:05:06.02,42:39:33.68,41.686027,-13.19128,40176.0,155950.57264285744,92
262168731,262168731,westbound,B788,EHAM,CYUL,37:05:06.18,42:06:07.85,54.936793,-7.937871,42157.0,173983.5622650673,88
262170958,262170958,westbound,B789,EGLL,KPHL,37:05:45.43,42:00:35.81,53.649021,-13.107559,40853.0,196431.22243150853,88
262170581,262170581,westbound,B77W,EGLL,KJFK,37:06:16.28,41:58:50.20,53.650767,-12.855491,39813.0,272186.1357071781,87
262168123,262168123,westbound,A333,LPFR,CYYZ,37:08:08.90,42:40:10.55,41.365424,-13.023385,38220.0,195514.5359557624,93
262183051,262183051,westbound,A343,EDDF,KBOS,37:08:42.04,42:28:49.20,54.192715,-9.318258,37899.0,209032.53256128848,90
262168696,262168696,westbound,B763,LEBL,KJFK,37:09:01.30,43:07:33.44,44.620636,-6.770572,36138.0,159807.0125214076,101
262163482,262163482,westbound,B77W,LFPG,CYUL,37:09:02.97,41:51:11.26,52.40955,-13.125789,40056.0,269407.9308984583,83
262172427,262172427,westbound,B788,EIDW,KPHL,37:09:52.53,42:12:32.70,53.993036,-11.198961,42030.0,177254.69942016955,90
262175322,262175322,westbound,A333,LIPZ,CYYZ,37:10:05.74,42:08:28.78,53.836562,-10.297898,38944.0,190453.8609115083,82
262185076,262185076,westbound,A333,LSZH,KBOS,37:11:44.76,42:18:04.89,51.869918,-12.88162,38847.0,191329.04867878382,86
262157399,262157399,westbound,B77W,LSZH,KMIA,37:12:21.00,42:07:44.59,54.000232,-11.944081,38577.0,286785.1506968536,71
262168270,262168270,westbound,B763,EGLL,KEWR,37:14:19.82,42:19:44.22,53.801051,-11.618152,39930.0,156544.59650229284,87
262172091,262172091,westbound,B772,EGLL,CYHZ,37:14:45.56,41:26:10.17,52.48271,-13.079831,39682.0,216178.04726196063,74
262166489,262166489,westbound,A343,EDDF,MROC,37:14:58.57,43:17:12.11,49.578831,-6.088267,35350.0,236707.61637873817,69
262172769,262172769,westbound,B77W,LSZH,KLAX,37:14:59.49,41:45:06.40,54.760385,-8.290586,36816.0,303209.60376763507,54
262159182,262159182,westbound,A333,LIRF,KJFK,37:15:10.70,43:00:34.94,49.724733,-6.377212,38923.0,190969.230080339,94
262179411,262179411,westbound,A333,LPPR,CYYZ,37:15:45.70,42:46:19.80,44.205432,-10.357831,38047.0,196661.330869369,93
262160198,262160198,westbound,A333,LEMD,CYUL,37:16:12.84,42:52:25.10,44.208088,-9.935642,38213.0,195576.3238304213,94
262160188,262160188,westbound,B772,EGLL,KSFO,37:16:35.51,41:43:36.25,54.172333,-8.803582,36293.0,249311.79934899168,61
262185401,262185401,westbound,B788,EPWA,KMIA,37:17:16.27,42:25:11.74,57.377891,-7.925938,41121.0,181571.54030175455,70
262163524,262163524,westbound,A332,LIMC,KJFK,37:18:52.24,42:53:25.92,50.432173,-6.533183,39415.0,199775.28938844395,97
262178769,262178769,westbound,B763,EKCH,KJFK,37:19:34.69,42:44:03.22,57.562223,-7.818918,40056.0,158058.39583409115,92
262172908,262172908,westbound,G280,EINN,KPWM,37:20:39.66,42:26:52.12,53.051997,-13.230958,43614.0,16369.90822972163,85
262161881,262161881,westbound,A35K,EGLL,KJFK,37:20:54.15,42:14:09.09,53.558715,-13.271162,38864.0,254524.44271830484,87
262185436,262185436,westbound,B772,EGLL,CYYZ,37:22:37.95,42:10:13.68,53.913869,-9.884302,38309.0,226440.78416383525,86
262184566,262184566,westbound,A333,EDDF,KMCO,37:23:46.11,42:33:37.31,54.291666,-9.726296,38665.0,192502.4642490933,74
262180552,262180552,westbound,A35K,EGCC,KMCO,37:24:45.67,42:32:02.70,54.229736,-8.841281,37588.0,266110.5651434062,88
262173604,262173604,westbound,B77W,LSZH,KORD,37:26:02.72,42:12:17.19,54.389462,-8.105598,37532.0,282293.59069643816,81
262184598,262184598,westbound,B763,LSZH,KJFK,37:26:28.42,42:32:27.92,52.639173,-13.431019,40215.0,157089.26529466533,87
262159589,262159589,westbound,A333,EIDW,KBDL,37:27:00.00,42:37:57.24,54.517222,-11.416667,37947.0,197329.4,84
262175347,262175347,westbound,B772,LFPG,KCLT,37:27:01.44,42:16:59.58,51.71235,-12.908364,38626.0,230794.0931787895,86
262170819,262170819,westbound,A333,LFML,CYUL,37:27:06.02,43:04:43.57,47.96663,-6.175889,38483.0,193894.82991277426,95
262164413,262164413,eastbound,B77L,MMMX,LFPG,37:27:57.36,43:14:44.26,37.49583,-61.054141,41016.0,243842.70383624543,76
262165014,262165014,westbound,A333,LIRF,KATL,37:28:01.41,43:02:18.84,49.478339,-6.613637,38925.0,190920.43333211145,77
262169086,262169086,westbound,A332,LEBL,KLAX,37:28:33.52,43:01:01.75,45.121326,-6.857755,36530.0,211279.15186129438,63
262166794,262166794,westbound,B772,EGKK,MMUN,37:28:52.04,42:14:36.03,52.395695,-13.677535,37842.0,242044.01094597633,68
262176492,262176492,westbound,B78X,LGAV,KEWR,37:30:21.70,42:13:45.01,52.947617,-13.590904,40977.0,213097.43228039765,69
262174205,262174205,westbound,B748,EDDF,KEWR,37:30:40.76,42:23:41.89,54.204058,-9.232447,37104.0,375528.3514291996,90
262169414,262169414,westbound,B764,LFPG,KJFK,37:31:14.37,43:12:39.63,50.157817,-6.459292,34182.0,175991.9083501104,97
262168800,262168800,westbound,A333,LPPT,KEWR,37:33:47.38,43:09:39.33,41.322073,-13.066725,38086.0,196407.83077538578,94
262167900,262167900,westbound,A332,LEBL,KSFO,37:34:43.38,43:05:17.43,45.164524,-7.001112,36539.0,211333.3113614579,64
262164452,262164452,westbound,B764,LFMN,KJFK,37:34:50.63,43:20:13.80,49.136758,-6.180616,33899.0,177179.75226235055,98
262178608,262178608,westbound,A332,EGKK,CYYZ,37:35:50.22,42:17:35.43,53.562895,-13.09627,39653.0,196675.8233780804,82
262173971,262173971,westbound,A343,EDDF,KLAX,37:36:56.33,42:20:01.92,55.215256,-8.579687,35533.0,235448.7085672688,55
262177391,262177391,westbound,A333,LEMD,CYYZ,37:36:56.78,43:11:05.35,44.280498,-10.231541,38248.0,195344.1278496125,94
262180858,262180858,westbound,B772,LSZH,KSFO,37:37:10.76,41:59:57.68,55.193752,-8.935249,37039.0,247794.75452229835,55
262179443,262179443,westbound,A333,LSZH,KJFK,37:37:45.66,42:45:25.78,52.311907,-13.120375,38873.0,191143.89695573997,88
262164935,262164935,westbound,B763,LDDU,KEWR,37:37:49.33,42:32:38.94,53.067433,-13.719329,40190.0,158568.27999750111,75
262174277,262174277,westbound,B752,EGPH,KEWR,37:38:37.51,42:58:06.31,56.111264,-7.83293,36644.0,96276.39918113012,91
262165851,262165851,westbound,A359,LEMD,MMUN,37:41:59.65,42:57:10.38,42.173606,-13.731221,38394.0,240669.16831106454,73
262171943,262171943,westbound,B748,EDDF,MMMX,37:42:26.59,42:21:40.35,55.47094,-7.943539,35861.0,399570.60446550057,56
262163271,262163271,westbound,B789,EGLL,CYUL,37:44:17.84,42:44:37.27,54.454008,-7.936522,40975.0,195826.25472326908,88
262167686,262167686,westbound,B772,EHAM,KJFK,37:44:36.21,42:56:22.60,54.642703,-8.051639,38933.0,225938.31659092882,93
262165924,262165924,westbound,B744,EDDF,CYYZ,37:46:06.57,42:33:05.48,54.932994,-8.087346,38238.0,297091.4689163591,87
262156762,262156762,westbound,B789,LEMD,MMGL,37:47:15.62,43:08:50.93,42.334609,-12.830639,38941.0,218945.40067393385,64
262176253,262176253,westbound,B789,EGLL,KIAH,37:48:05.65,42:26:05.76,54.014749,-11.19417,39731.0,209615.22221101992,69
262170740,262170740,westbound,B772,LFPG,KIAD,37:49:29.39,42:38:39.92,52.024016,-13.476387,38927.0,226474.54422871248,86
262174750,262174750,eastbound,B77L,KCVG,EDDF,37:49:44.40,44:28:14.14,39.417123,-68.712408,38886.0,248728.8425215081,104
262179294,262179294,westbound,A333,EGLL,KJFK,37:49:59.64,42:54:43.14,53.755791,-13.13556,38384.0,194407.0240887,87
262180059,262180059,westbound,B789,EHAM,MMMX,37:50:41.20,42:42:55.93,55.383755,-7.782451,39038.0,217163.05897853177,60
262179182,262179182,westbound,B764,EGLL,KATL,37:51:03.37,42:53:54.29,53.832455,-11.110894,33248.0,181599.0483491661,87
262163298,262163298,eastbound,B77L,KMEM,EDDK,37:51:05.27,44:36:16.52,38.252153,-69.147112,38910.0,249447.36580582635,102
262177248,262177248,westbound,B789,LSZH,CYYZ,37:51:35.26,42:42:10.28,54.184185,-8.605264,40676.0,196980.70916165144,87
262174684,262174684,westbound,A333,LIMC,KJFK,37:52:05.76,43:35:53.30,50.457969,-6.291141,38614.0,192913.76575107806,98
262183482,262183482,westbound,A332,LFBO,CYUL,37:52:10.34,43:21:45.35,47.564016,-6.586303,39566.0,197334.32776698985,95
262158298,262158298,westbound,A333,EIDW,KMCO,37:52:16.06,42:59:47.72,53.991588,-11.193386,38010.0,196875.78126401556,87
262183158,262183158,westbound,B77W,LFPG,KIAD,37:53:33.95,42:41:30.40,52.14865,-13.341249,39642.0,275443.5033337562,86
262168902,262168902,westbound,B77W,EGLL,KDFW,37:55:43.77,42:33:45.89,54.04072,-9.313729,36406.0,292754.478622285,70
262157424,262157424,westbound,B77L,EHAM,CYYZ,37:56:02.31,42:48:45.10,54.171095,-8.035502,42155.0,244302.88157016304,88
262157872,262157872,westbound,B772,EDDF,KIAH,37:56:57.36,42:42:49.05,55.098071,-8.750405,37531.0,242047.91682418715,65
262183584,262183584,westbound,B788,LEBL,KORD,37:57:30.62,43:25:48.31,45.25048,-6.387504,41282.0,183462.4212803884,92
262161198,262161198,westbound,B788,LGAV,KPHL,37:57:42.85,43:27:43.19,49.622557,-6.429008,41703.0,173398.916242824,79
262170372,262170372,westbound,B788,EBBR,MDPC,37:57:49.22,43:52:37.18,50.70501,-6.589154,41209.0,184232.3150163865,95
262171576,262171576,westbound,B772,EGLL,KSEA,37:59:33.18,42:17:29.08,54.55457,-8.967241,36539.0,241977.32034488846,66
262175869,262175869,westbound,B77W,LFPG,KMIA,37:59:53.50,42:53:26.28,53.910221,-12.607147,38864.0,286074.73492648476,77
262172456,262172456,westbound,B763,LIPZ,KJFK,38:00:43.85,43:08:20.98,53.024198,-12.989174,40218.0,157544.96762595957,87
262184767,262184767,westbound,B77W,LSZH,KSFO,38:01:16.07,42:24:23.82,55.14103,-8.686019,36982.0,301473.06401656417,55
262171148,262171148,eastbound,B763,KIAD,EGLL,38:01:51.18,44:16:23.42,40.537979,-68.524619,37253.0,158699.33878889517,105
262175095,262175095,westbound,A359,LFPO,KLAX,38:02:06.01,42:28:41.57,54.588673,-8.680612,37603.0,247849.50218905037,56
262180459,262180459,westbound,A35K,EGLL,KSAN,38:02:27.29,42:38:07.54,53.984894,-8.098218,36750.0,280781.1337929011,60
262181756,262181756,westbound,A359,LFPG,KATL,38:02:29.06,42:49:07.33,52.137095,-13.403136,39111.0,233153.89406222306,81
262161828,262161828,westbound,A332,LEBL,CYUL,38:02:53.66,43:43:23.44,44.964822,-6.763946,37116.0,198206.3030752276,97
262160666,262160666,eastbound,B772,KEWR,EGLL,38:02:56.95,43:16:51.29,42.965472,-61.598412,37467.0,221813.37524329295,91
262181513,262181513,westbound,B789,EGLL,KSFO,38:04:10.27,42:24:16.47,55.525095,-8.230407,39254.0,215274.66358243086,60
262164174,262164174,westbound,B77W,LFPG,CYUL,38:04:17.63,42:47:00.82,52.250362,-13.197175,40033.0,269759.1024859149,84
262171437,262171437,westbound,B763,EDDP,KORD,38:05:23.89,42:54:44.48,55.849184,-7.921215,39369.0,162407.74654904296,76
262159497,262159497,westbound,A332,LIPZ,CYYZ,38:05:29.26,42:51:33.08,53.859158,-11.837857,39578.0,199549.211741633,80
262174486,262174486,eastbound,B772,KJFK,EGLL,38:05:37.95,44:03:49.97,41.220486,-68.779066,37854.0,227530.71918287763,106
262168022,262168022,westbound,A333,EHAM,KBOS,38:05:46.05,43:31:25.27,55.082864,-7.951432,38382.0,194420.40943293672,89
262181139,262181139,westbound,B789,LFPG,CYYC,38:07:33.21,42:20:38.17,55.41892,-8.633231,40069.0,204907.0276249629,68
262183759,262183759,westbound,B789,EGLL,CYYC,38:07:45.85,42:14:32.28,56.352719,-9.033991,40121.0,205106.00834840196,70
262169156,262169156,westbound,B788,LFPG,KPHL,38:08:51.93,43:04:37.91,51.875102,-12.992368,42034.0,174425.44311107992,88
262181281,262181281,westbound,B77W,LGAV,CYYZ,38:12:02.45,42:47:37.26,54.016734,-11.26033,39641.0,275991.2857128465,66
262173979,262173979,westbound,B789,EIDW,KDFW,38:13:00.00,42:49:08.52,54.473889,-9.211667,39763.0,210892.8,73
262165166,262165166,westbound,GLEX,LIRA,KBCT,38:13:29.61,43:47:15.72,49.38072,-7.005313,45180.0,35528.0711648561,76
262175865,262175865,westbound,B789,EDDF,CYUL,38:13:38.69,43:13:22.10,54.41518,-8.091762,40932.0,194503.86783530418,88
262162530,262162530,westbound,B789,EGKK,KMCO,38:14:52.42,43:14:35.73,52.790237,-12.858418,40187.0,204071.30734075065,82
262176527,262176527,westbound,A333,EGCC,KJFK,38:15:40.88,43:39:29.73,54.205397,-8.713736,38080.0,196414.61376940255,92
262182970,262182970,westbound,B789,LFPG,MMMX,38:15:41.65,43:00:34.27,54.219148,-9.808107,39090.0,215719.87433411318,58
262174914,262174914,westbound,A359,LFPO,KMIA,38:16:20.10,43:45:16.26,50.644963,-6.695956,38625.0,237389.78689185882,86
262165654,262165654,westbound,B789,EGKK,CYYC,38:17:24.36,42:36:18.05,54.113798,-9.240817,40076.0,205773.71483343467,72
262171857,262171857,westbound,A333,EDDF,KGSP,38:19:10.59,43:32:05.33,54.856983,-8.974642,38607.0,192669.11723685422,81
262181398,262181398,westbound,B789,EHAM,KSFO,38:21:40.82,42:20:53.73,57.87302,-8.757703,39351.0,213259.38259800113,55
262177221,262177221,westbound,B77W,LIRF,CYUL,38:23:55.41,43:41:16.52,50.126132,-6.466544,39735.0,274244.89535167103,93
262183965,262183965,westbound,B772,EGKK,KMCO,38:25:04.26,44:27:55.01,50.640259,-6.584778,38130.0,238529.84296714113,91
262160766,262160766,westbound,B77W,LFPG,MMUN,38:25:38.98,43:13:05.46,51.901749,-13.948525,38399.0,293486.9962041006,66
262163418,262163418,westbound,A332,EHAM,CYUL,38:27:11.90,43:33:00.30,55.163936,-7.987653,39770.0,195365.95545507348,88
262183010,262183010,westbound,B788,LIRF,KDFW,38:27:26.82,43:04:51.40,52.02948,-13.026661,41031.0,181347.07218501944,58
262161946,262161946,eastbound,GLEX,KFOK,EIKY,38:28:41.23,42:10:03.44,45.604183,-52.816807,47815.0,29243.020911953416,66
262185464,262185464,westbound,A332,EIDW,KSEA,38:29:00.00,42:51:59.98,54.466667,-10.116667,38127.0,209853.8,70
262176926,262176926,westbound,B788,EPKK,KEWR,38:29:13.94,43:32:50.51,56.169336,-7.652199,41941.0,172819.41483936875,84
262176595,262176595,westbound,A333,EDDF,KPHL,38:29:41.09,43:47:29.35,54.195929,-8.385297,38610.0,192882.50544929347,91
262174632,262174632,westbound,B789,EPWA,CYYZ,38:29:48.13,43:08:53.38,58.967964,-7.720446,40744.0,194874.13847129996,79
262172958,262172958,westbound,B789,LIRF,CYYC,38:33:20.52,42:48:39.29,54.696533,-8.335853,40054.0,202251.25937811905,59
262181588,262181588,westbound,B77W,LFPG,TFFR,38:33:30.70,44:07:39.22,47.669011,-6.580374,38979.0,285123.2302426384,99
262164763,262164763,westbound,B789,EGLL,KORD,38:33:36.68,43:17:37.13,54.933468,-8.406342,40414.0,202076.47590281334,85
262163072,262163072,westbound,B789,LEMD,KJFK,38:34:15.37,43:53:37.67,44.412044,-11.402732,40746.0,198190.87205930968,94
262159871,262159871,westbound,A332,LYBE,KJFK,38:35:17.38,43:50:44.73,54.08056,-9.215476,39517.0,200837.20013248015,85
262174026,262174026,westbound,B772,EGLL,KMIA,38:36:06.64,43:31:22.75,53.769782,-13.291779,38297.0,235591.74574747283,81
262168682,262168682,westbound,A333,EFHK,KORD,38:36:16.13,43:57:44.11,64.000136,7.95724,38452.0,194077.77176529155,87
262161057,262161057,westbound,A333,EIDW,KLAX,38:37:00.00,43:15:14.47,54.328611,-9.378889,37919.0,197329.4,61
262175000,262175000,westbound,A333,EDDF,KRSW,38:37:06.18,43:49:57.82,54.254304,-9.112332,38611.0,192675.50155827298,73
262161785,262161785,westbound,B789,EGLL,KJFK,38:38:25.75,43:30:47.81,53.645581,-13.011779,40930.0,195580.46074584173,87
262171734,262171734,westbound,B772,EDDM,KIAD,38:38:59.75,43:39:06.73,54.140076,-9.638614,38678.0,228641.55280484792,89
262173793,262173793,westbound,B77W,EHAM,TNCC,38:39:34.59,44:19:14.49,50.61884,-6.642849,38399.0,293489.1736692546,84
262168355,262168355,westbound,B789,EGLL,KDEN,38:39:42.60,43:09:52.45,54.091292,-9.707387,39829.0,208717.10504719827,70
262157471,262157471,westbound,B77W,EGLL,CYVR,38:40:12.66,42:49:47.19,55.931797,-8.356187,36882.0,291795.1554041417,64
262158690,262158690,westbound,B763,EGKK,KJFK,38:41:31.50,43:47:45.72,53.136024,-13.278725,40205.0,156268.1357812346,87
262167150,262167150,westbound,A333,EHAM,KMSP,38:42:46.35,43:28:13.86,55.850607,-7.863112,38380.0,194425.97960941028,81
262156297,262156297,westbound,B763,EDDF,MDPC,38:42:47.33,44:49:03.70,50.160472,-6.696618,39116.0,166015.85214501678,89
262173781,262173781,eastbound,F900,KTEB,EGPE,38:43:30.87,42:52:01.00,46.085016,-51.774998,38186.0,11155.997503979297,69
262158109,262158109,westbound,A388,EGLL,KSFO,38:46:30.58,43:10:00.43,54.327281,-8.822763,36680.0,492007.2624980113,60
262170018,262170018,westbound,B77W,EGLL,KJFK,38:48:41.57,43:38:57.29,53.614226,-13.440889,39881.0,271991.7925873845,86
262162371,262162371,westbound,B752,LPPT,KBOS,38:50:49.13,44:27:34.32,41.485521,-12.787409,38165.0,95083.23022793654,92
262157236,262157236,westbound,B772,EGLL,KDEN,38:52:00.82,43:22:55.19,54.127913,-8.745599,36751.0,240719.05909820186,72
262164228,262164228,westbound,B744,ELLX,KHSV,38:52:03.38,43:37:42.33,54.763466,-8.977111,37366.0,309366.63692694844,76
262177618,262177618,westbound,A332,LEMD,KDFW,38:54:46.93,44:13:58.61,44.637011,-10.829808,38121.0,211814.86336806853,74
262167151,262167151,westbound,B788,EPKK,KORD,38:54:59.01,43:18:32.83,58.536881,-8.798445,41652.0,175406.52708464174,69
262165555,262165555,westbound,B77L,EDDF,KLAX,38:57:52.61,43:18:35.48,56.128197,-8.827638,40482.0,268854.03967463644,54
262157040,262157040,westbound,B763,EDDF,KPHX,39:00:42.59,43:41:48.62,56.206439,-8.094253,38446.0,168453.75203991745,57
262158193,262158193,westbound,B763,EDDF,CYHZ,39:04:19.41,43:45:29.24,54.25451,-9.204314,40643.0,152663.63112634516,80
262166059,262166059,eastbound,B772,CYHZ,EGLL,39:04:58.80,43:15:14.08,47.463091,-52.560304,39667.0,216149.481761785,75
262176341,262176341,westbound,A388,EGLL,KBOS,39:05:57.66,43:56:16.39,53.732293,-13.055799,39645.0,442721.68788123265,87
262176269,262176269,westbound,B77W,LGAV,CYUL,39:06:16.93,43:43:21.31,53.604748,-13.769853,40027.0,270241.5124717466,71
262167574,262167574,westbound,B764,EGPH,KIAD,39:08:28.41,44:27:15.18,56.058431,-7.819006,33987.0,176205.92949692035,91
262165916,262165916,westbound,A339,EGLL,KSLC,39:08:36.86,43:42:44.58,54.445204,-9.014943,38215.0,218390.72352813973,66
262172499,262172499,westbound,B744,EGNX,CYMX,39:09:13.39,44:06:15.83,54.628963,-8.119137,37213.0,289233.7807033371,86
262157958,262157958,westbound,A339,LFPG,KLAX,39:09:36.86,43:50:11.58,54.481249,-7.969595,37763.0,222098.45526394434,57
262162073,262162073,westbound,A332,LIRF,KJFK,39:11:16.81,44:49:31.52,49.279149,-6.313932,39420.0,200893.03930513424,94
262160663,262160663,westbound,A359,LFPG,SKBO,39:11:52.95,44:41:07.27,48.06521,-6.635565,37840.0,246200.94937399172,72
262184564,262184564,westbound,B772,EGLL,KPHX,39:14:00.99,43:47:12.93,54.145033,-8.70307,36457.0,248188.61711102104,62
262160944,262160944,westbound,B78X,EGLL,KIAH,39:14:34.02,43:56:38.17,54.053199,-10.363884,38995.0,224260.46417858268,70
262162807,262162807,westbound,B772,LFPG,KSFO,39:15:48.11,43:39:28.90,54.750871,-8.838042,36891.0,248821.6909789198,58
262162310,262162310,westbound,B763,EGLL,KORD,39:16:57.04,44:14:06.89,54.024591,-8.181562,36782.0,161753.24009277174,85
262179056,262179056,westbound,B77W,LFPG,CYYZ,39:19:47.31,44:07:30.43,54.066536,-9.255541,38554.0,275363.8290138731,86
262168617,262168617,westbound,A333,EFHK,KJFK,39:21:38.20,45:32:41.93,63.575728,6.695354,38457.0,194035.27413677654,105
262184426,262184426,westbound,B788,LIMC,KORD,39:22:18.15,44:00:03.75,54.015466,-10.413568,41650.0,176232.42221777755,73
262175650,262175650,westbound,B788,EGLL,KSJC,39:22:53.62,43:44:55.35,54.279226,-8.686415,40383.0,193184.32225438018,59
262164250,262164250,westbound,B763,EGPH,KBOS,39:24:00.00,44:45:12.24,56.052222,-8.662778,40207.0,155511.3,88
262170396,262170396,eastbound,A333,BIKF,LEAL,39:26:00.00,42:22:57.63,62.133333,-19.545278,38915.0,188164.9,51
262161161,262161161,westbound,B772,EGKK,KJFK,39:26:29.34,44:18:18.88,52.846605,-13.312636,39164.0,223420.7713937982,87
262171202,262171202,westbound,B77W,EGLL,KJFK,39:27:19.74,44:19:11.51,53.830518,-13.023923,39879.0,272038.497621012,87
262159481,262159481,westbound,B789,EGKK,KIAD,39:28:14.03,44:16:40.98,53.035851,-12.791361,40729.0,197912.93857797913,86
262181170,262181170,westbound,B789,LFPG,KDFW,39:28:30.67,43:55:57.40,52.817661,-13.589235,39870.0,206797.51957704365,64
262174446,262174446,westbound,B772,EGLL,KPDX,39:29:02.55,43:50:17.48,54.392681,-8.874224,36645.0,243465.2284672357,66
262171851,262171851,westbound,A346,EDDM,KORD,39:29:20.63,44:11:15.56,55.459186,-7.88081,38640.0,292778.4979693445,77
262179234,262179234,westbound,A333,EKCH,KORD,39:29:38.76,44:21:56.29,58.915377,-7.691515,38649.0,192791.16166625053,79
262168751,262168751,westbound,A333,EIDW,KIAD,39:32:09.51,44:40:06.13,53.986717,-11.140389,38015.0,196882.51969008334,88
262174879,262174879,westbound,A333,LEMD,KMIA,39:32:48.70,45:13:04.41,44.561675,-10.951942,38294.0,195049.36925520073,85
262163285,262163285,westbound,A388,EDDM,KBOS,39:33:45.84,44:37:57.68,54.157505,-9.023143,39477.0,453150.2874845074,90
262176144,262176144,westbound,A333,EGLL,KSEA,39:34:15.51,44:02:04.71,54.832598,-8.723585,38177.0,195386.80604880335,65
262169673,262169673,westbound,B748,ELLX,KLAX,39:35:07.95,43:55:02.03,54.742042,-8.916365,35771.0,400427.8721792453,55
262156680,262156680,westbound,A333,LFPG,KMSP,39:35:51.03,44:26:59.63,54.459924,-7.997882,38377.0,194122.3515587559,81
262162653,262162653,westbound,B77W,LFPG,KJFK,39:37:42.39,45:04:17.89,50.287222,-6.540885,39574.0,276470.87739109073,97
262160838,262160838,westbound,A35K,EGLL,KMCO,39:41:03.66,44:32:19.94,53.72019,-13.005883,38059.0,265434.8008035611,81
262166795,262166795,westbound,A388,LIMC,KJFK,39:41:18.98,45:06:59.35,50.319038,-6.503475,39140.0,458014.06239160337,98
262168783,262168783,eastbound,F2TH,KBGR,LECO,39:44:31.27,43:56:52.31,45.829056,-52.855954,41480.0,12901.762476896165,71
262171319,262171319,westbound,A346,EDDM,KEWR,39:45:37.65,45:03:11.94,54.342117,-8.320665,39289.0,285250.9329896441,89
262184639,262184639,westbound,B77L,EGNX,CYMX,39:46:01.27,44:42:18.47,54.381242,-8.119405,42443.0,240584.12671038162,88
262167811,262167811,westbound,A359,LFPG,KDTW,39:47:06.89,44:25:40.86,52.37469,-13.014554,39531.0,228411.10923249746,83
262171875,262171875,westbound,B77W,EGLL,CYYZ,39:49:38.93,44:40:34.65,54.810258,-8.06093,38006.0,275626.2062773894,87
262176080,262176080,westbound,A388,EGLL,KORD,39:50:31.32,44:29:18.34,53.905778,-9.672533,38853.0,459417.98860157555,84
262179490,262179490,westbound,A333,EIDW,KPHL,39:51:09.33,45:07:44.76,53.969136,-11.268893,38014.0,196883.03356057176,90
262157414,262157414,westbound,B789,EDDM,KDEN,39:52:28.68,44:12:58.40,56.27164,-8.712087,39864.0,205687.90805840655,58
262178486,262178486,westbound,B788,LFPG,KORD,39:56:59.31,44:29:44.12,52.643147,-13.27666,41698.0,177769.9589614673,80
262156861,262156861,westbound,B772,LFPG,MMMX,40:00:49.67,44:38:27.83,52.003497,-13.823089,37314.0,249273.21215624272,57
262177054,262177054,westbound,B763,EGLL,KEWR,40:02:43.13,45:05:02.57,53.864221,-12.260951,40114.0,156879.66580871277,86
262182349,262182349,westbound,B788,LGAV,KORD,40:03:21.74,44:30:01.56,53.027199,-13.729234,41694.0,171151.31568942562,59
262169202,262169202,westbound,A339,EDDF,CYYZ,40:05:27.76,45:10:52.71,54.885454,-7.985988,39426.0,206694.08716419368,88
262169509,262169509,westbound,B77L,EDDF,CYYZ,40:06:13.00,44:54:05.61,55.331825,-8.491644,42109.0,244763.27119545516,86
262167957,262167957,westbound,B77W,LFPG,MUHA,40:06:55.21,46:02:41.88,48.418911,-7.022795,38372.0,293816.4262047537,84
262158525,262158525,westbound,A333,EIDW,KJFK,40:11:08.33,45:24:34.37,53.970053,-11.157128,38016.0,196883.9208189912,89
262159772,262159772,westbound,B763,EDDP,CYHM,40:11:18.74,45:16:07.73,56.068117,-7.898959,39802.0,159338.96302905618,87
262168541,262168541,westbound,B78X,EGLL,KSEA,40:11:31.68,44:28:04.92,54.768249,-8.631925,36297.0,224506.34464115274,67
262160123,262160123,westbound,B772,EGLL,KJFK,40:14:07.24,45:06:00.75,53.619544,-13.059109,39154.0,223623.5837918914,87
262183836,262183836,westbound,B789,EGLL,KLAX,40:15:11.82,44:43:20.11,54.056322,-8.856938,39149.0,216640.5580918577,59
262168565,262168565,westbound,B772,GCTS,BIKF,40:17:25.70,43:56:24.32,35.285798,-15.22799,39923.0,212491.2205030136,65
262179770,262179770,westbound,B772,LIRF,KSFO,40:18:01.92,45:30:53.15,48.669334,-6.199477,37141.0,251738.22833079594,58
262169135,262169135,westbound,B789,EGLL,KJFK,40:18:06.93,45:09:34.62,53.523056,-13.264171,40928.0,195620.63156606132,87
262172361,262172361,westbound,B77W,EGLL,KLAX,40:20:11.48,44:49:01.04,54.358847,-8.83357,35046.0,303120.6153667524,59
262174758,262174758,westbound,B772,EGLL,KATL,40:20:37.37,45:02:13.27,53.717562,-13.167099,38455.0,233486.3742400499,84
262160181,262160181,westbound,A333,LPPT,CYYZ,40:21:21.05,45:54:48.44,41.543729,-12.613776,38083.0,196436.61782482767,94
262168895,262168895,westbound,A339,EGLL,KTPA,40:21:59.61,45:21:13.78,53.363459,-13.196531,38801.0,212874.3501911409,79
262163555,262163555,westbound,B763,LGAV,KJFK,40:22:39.24,45:23:33.94,51.97556,-13.696939,40283.0,158946.8546690396,71
262166360,262166360,westbound,A333,EIDW,KORD,40:24:00.00,45:20:30.55,53.787778,-9.818889,37948.0,197329.4,84
262172109,262172109,westbound,A333,EIDW,KBOS,40:24:04.98,45:34:23.41,53.974522,-11.330008,38015.0,196887.06693192676,87
262173054,262173054,westbound,B789,EGLL,MMMX,40:24:19.65,45:18:19.59,54.828645,-8.037891,39072.0,217350.0828001832,62
262162219,262162219,westbound,A346,EDDM,KIAD,40:25:15.34,45:37:24.23,54.202208,-8.076031,39137.0,288787.20477505605,89
262162748,262162748,westbound,B788,EDDF,CYYZ,40:27:41.85,45:21:04.52,54.890122,-7.813816,41884.0,175649.3799049455,87
262172405,262172405,westbound,B77W,EHAM,KATL,40:27:43.12,45:26:52.76,55.456379,-8.295598,38595.0,285583.73248189705,85
262165118,262165118,westbound,B789,GMMN,KJFK,40:28:27.94,45:54:26.15,38.987429,-14.001018,40786.0,197389.16747488856,95
262184741,262184741,westbound,B77L,EDDK,KMEM,40:28:50.95,45:11:17.19,54.699292,-9.08488,41405.0,255139.82795107446,73
262176658,262176658,westbound,B772,EGLL,TXKF,40:30:16.41,45:57:59.12,51.170131,-11.734269,39117.0,224341.00475930632,97
262159895,262159895,westbound,B744,EDFH,KGSP,40:30:18.91,45:26:34.56,54.143088,-9.373483,37895.0,305799.75645604567,83
262178631,262178631,eastbound,B789,KORD,EGLL,40:30:42.58,44:45:18.48,47.127117,-52.549603,41401.0,183364.50919261348,76
262163104,262163104,westbound,B763,EGLL,KIAD,40:31:49.51,45:35:47.79,53.754446,-12.3434,39894.0,158753.8868344188,86
262178146,262178146,westbound,B763,LOWW,KJFK,40:32:27.38,46:01:09.44,54.654194,-7.764813,39829.0,159626.77238880657,93
262162028,262162028,westbound,A339,EGLL,KLAX,40:33:39.54,45:12:14.84,54.390258,-8.828371,37743.0,223482.62944298697,59
262164312,262164312,westbound,B77L,EDDF,KATL,40:34:24.21,45:30:58.08,54.602116,-8.980781,41537.0,253182.91472318448,80
262173523,262173523,westbound,B764,LFPG,KJFK,40:37:36.83,46:17:46.48,50.463066,-6.679442,34201.0,176229.38653717647,97
262165823,262165823,westbound,B748,LIMC,CYMX,40:39:21.51,45:15:04.28,52.011105,-13.452037,37699.0,370750.63929991156,83
262179047,262179047,westbound,A343,EDDF,KJFK,40:41:12.22,46:07:17.94,54.285501,-8.438767,37779.0,211565.3538510146,93
262166714,262166714,westbound,A35K,EGLL,KLAS,40:42:39.95,45:15:23.23,54.295434,-8.598385,37086.0,277433.0953123893,62
262177072,262177072,westbound,A333,LFPG,KSEA,40:43:36.88,45:12:40.48,55.219282,-8.296339,38428.0,193885.23345934792,62
262176402,262176402,westbound,B772,EHAM,KJFK,40:44:30.30,45:56:11.01,54.870091,-8.023304,38960.0,225951.5744094499,93
262161956,262161956,westbound,B764,LIRF,KJFK,40:46:35.64,46:35:49.09,48.240174,-6.372433,34645.0,178083.34698928654,95
262182958,262182958,eastbound,GLEX,KMTN,LFPB,40:48:43.62,45:31:49.60,45.475851,-52.718536,47038.0,30689.57156759206,84
262180458,262180458,westbound,B78X,EHAM,KJFK,40:50:27.15,46:02:23.27,54.995308,-7.938665,39349.0,223613.32885422325,93
262163815,262163815,westbound,B763,LFPG,KATL,40:51:57.08,46:31:01.25,50.418079,-6.160207,39054.0,165768.88471520544,92
262172971,262172971,westbound,B788,EGLL,KMSY,40:52:12.93,45:27:48.38,53.782776,-12.670236,41127.0,184726.18921068087,71
262164180,262164180,westbound,B78X,EGLL,KEWR,40:56:09.58,45:41:10.89,53.743484,-13.121207,39622.0,223637.35091513576,85
262174357,262174357,westbound,A359,EDDM,CYUL,40:58:00.82,45:59:04.48,54.692107,-7.967119,39868.0,225440.73302159825,88
262170136,262170136,westbound,B772,EHAM,CYYZ,40:58:26.61,45:48:23.79,55.691485,-8.33072,38928.0,226660.75882256794,87
262169501,262169501,westbound,B77W,EGLL,KJFK,40:58:48.93,45:50:59.83,53.676076,-12.995703,39846.0,272486.8456123002,87
262163766,262163766,westbound,B789,EPWA,KORD,40:59:00.10,45:25:47.48,59.403313,-7.527926,40455.0,198274.8797657142,71
262183649,262183649,westbound,B772,LGAV,KJFK,41:00:31.31,45:49:15.96,51.935947,-13.298686,39096.0,222014.47090963006,72
262179189,262179189,westbound,A339,EDDF,MMUN,41:02:42.18,46:10:25.58,55.377513,-8.074294,38143.0,220671.384726924,64
262176958,262176958,westbound,B763,EDDF,KEWR,41:03:26.28,46:22:28.17,54.744898,-8.221889,39930.0,158280.50793374088,91
262173406,262173406,westbound,A359,LFPG,KATL,41:03:29.19,45:50:49.02,52.202548,-13.314531,39111.0,233156.78643758755,81
262169538,262169538,westbound,A343,EDDF,KBOS,41:04:49.52,46:29:01.64,54.349026,-8.376958,38041.0,209274.6316922248,91
262161634,262161634,eastbound,B763,KSDF,EDDK,41:06:02.61,48:03:30.05,39.426171,-68.659605,37933.0,161833.72545636355,107
262185379,262185379,westbound,B772,EGLL,KCLT,41:06:09.42,45:52:05.59,53.428074,-13.216544,38678.0,230312.71549275483,85
262166443,262166443,westbound,B77W,EGLL,KLAX,41:06:15.68,45:32:14.71,54.492063,-8.751697,34804.0,303108.57375245873,58
262162628,262162628,westbound,B77L,EDDF,MMMX,41:06:49.06,45:59:02.65,54.897477,-7.845173,40173.0,271785.40916591627,58
262158803,262158803,westbound,B772,LFPG,KIAD,41:07:53.29,45:58:52.17,51.973504,-13.201129,38922.0,226551.92647959327,87
262176276,262176276,westbound,B788,EGLL,CYYZ,41:08:20.64,45:50:23.06,53.870711,-11.562242,42006.0,175938.08611662386,84
262172951,262172951,westbound,B788,GMMN,CYUL,41:11:41.46,46:31:50.28,39.113243,-13.899322,42059.0,175225.5597955987,94
262168706,262168706,westbound,A339,EGLL,KBOS,41:11:54.47,46:14:20.03,53.442451,-13.065845,39881.0,201273.91728511287,85
262167273,262167273,westbound,B78X,EGLL,KBOS,41:12:10.73,46:04:40.86,53.740557,-13.014271,39615.0,223635.73097947772,83
262167745,262167745,westbound,B763,EDDF,KBWI,41:13:16.68,46:34:34.27,55.160007,-8.049067,39600.0,159554.83565387287,91
262172911,262172911,westbound,A35K,EGLL,KSFO,41:14:58.79,45:42:06.25,54.334609,-8.594479,36978.0,279089.13116782584,60
262177820,262177820,westbound,B789,EPWA,CYYZ,41:16:02.68,45:55:23.58,59.094023,-7.503578,40748.0,194841.84447929842,79
262162448,262162448,westbound,A339,LPPT,KJFK,41:19:19.51,46:58:32.72,41.504055,-13.549737,39562.0,204037.25420742814,91
262175623,262175623,eastbound,A333,CYUL,LIMC,41:20:17.87,46:21:32.59,51.010223,-54.477004,38836.0,191480.56323387913,85
262175382,262175382,westbound,B789,EGLL,KLAX,41:22:00.42,45:49:51.85,54.019022,-8.863659,39152.0,216664.50653710015,59
262174451,262174451,westbound,B772,EDDF,KIAD,41:24:31.78,46:32:38.71,54.269301,-8.419026,38787.0,228258.8592845729,92
262176013,262176013,westbound,B788,EPWA,KJFK,41:32:11.39,46:44:46.31,56.875908,-7.795171,41970.0,172481.6334615626,89
262178400,262178400,westbound,B772,LFPG,CYUL,41:32:52.05,46:15:26.98,52.323819,-13.091879,39312.0,220988.61095844264,83
262157259,262157259,westbound,A333,EKYT,KEWR,41:33:35.51,46:43:12.03,60.414056,-7.726401,38520.0,193718.73904917703,88
262171626,262171626,westbound,A333,LPPT,CYYZ,41:34:31.33,47:07:25.04,41.601852,-12.835861,38065.0,196425.3975193535,93
262160674,262160674,westbound,A333,LPPT,KBOS,41:39:45.51,47:15:17.42,41.347151,-13.067437,38085.0,196408.55990047383,92
262166372,262166372,westbound,A333,LPPR,KEWR,41:40:41.51,47:12:48.45,44.271528,-11.814994,38084.0,196416.97564713634,93
262161573,262161573,westbound,A388,EGLL,KIAD,41:43:39.80,46:29:16.69,53.532242,-13.039694,39243.0,452224.86883924034,86
262178843,262178843,westbound,B789,EGLL,CYYZ,41:45:21.49,46:34:57.31,54.808947,-8.419289,40745.0,198339.69191816772,87
262183280,262183280,eastbound,B763,CYHZ,EDDK,41:48:25.35,46:47:56.93,47.471993,-52.59229,40375.0,153657.77198547617,86
262166533,262166533,westbound,B772,GCTS,BIKF,41:49:21.39,45:28:12.61,35.223505,-15.322085,39923.0,212501.70982308348,67
262163940,262163940,westbound,A333,LSZH,KEWR,41:49:27.17,46:52:23.13,52.309583,-12.954761,38875.0,191163.80380697877,86
262160617,262160617,westbound,B77L,EDDF,KORD,41:50:27.12,46:31:13.77,55.331744,-8.246064,41775.0,249776.27526908257,81
262175165,262175165,westbound,A35K,EGLL,CYVR,41:52:43.98,46:07:16.23,54.900427,-8.516305,37512.0,271063.21678637917,65
262172700,262172700,westbound,A359,EDDM,CYYZ,41:54:39.83,46:44:49.23,55.373777,-8.263801,39611.0,228490.36313653764,85
262177963,262177963,westbound,A333,LEBL,KJFK,41:56:25.94,48:02:48.40,45.152413,-6.520658,38358.0,194688.21072818918,98
262166854,262166854,westbound,A339,EGLL,KJFK,41:56:50.93,47:00:32.31,53.359209,-13.103019,39710.0,203170.86928868524,87
262178737,262178737,westbound,B772,LFPG,KLAX,42:00:29.55,46:24:55.45,55.119129,-8.846413,36527.0,249713.61705417506,56
262174406,262174406,westbound,B763,EGLL,KBOS,42:00:34.17,47:03:27.56,53.428042,-13.430807,40415.0,154429.88909298758,84
262176358,262176358,westbound,B763,EGLL,KEWR,42:01:27.20,47:02:49.27,53.788608,-12.524076,40104.0,156895.6762387332,86
262177085,262177085,westbound,A359,LFPO,KEWR,42:01:46.82,47:29:31.94,50.499366,-6.581502,39554.0,227065.80511404393,97
262180063,262180063,westbound,B772,LFPG,KJFK,42:05:22.20,46:59:04.37,52.015764,-13.168459,39123.0,223694.46827343456,87
262178179,262178179,westbound,B77W,EDDF,KSFO,42:10:52.95,46:32:13.79,56.211455,-8.268505,37424.0,301066.90482468385,56
262176460,262176460,westbound,B77W,EGLL,KJFK,42:14:16.75,47:04:19.69,53.654541,-13.470698,39865.0,272045.18871507957,86
262161140,262161140,westbound,A333,LSZH,KBOS,42:17:04.98,47:21:45.50,52.225691,-13.206391,38882.0,191123.6282826177,85
262168591,262168591,westbound,A332,LYBE,KORD,42:20:57.94,47:06:56.29,54.851057,-8.321276,39170.0,204871.3653879015,69
262161270,262161270,westbound,A359,EDDM,KSFO,42:21:09.45,46:45:41.72,55.795539,-8.055778,37902.0,247702.4362490377,54
262166973,262166973,eastbound,B77L,KLAX,EDDP,42:25:55.82,47:25:39.80,61.252134,-64.965595,42175.0,241049.50468639922,62
262174845,262174845,westbound,B788,EGLL,CYUL,42:28:51.34,47:13:45.54,53.825684,-12.204698,42295.0,172789.74946858324,83
262185369,262185369,westbound,B789,ENGM,KJFK,42:35:47.48,48:19:30.23,61.063654,2.624486,40542.0,201351.60806031318,102
262170065,262170065,westbound,B77W,LGAV,KEWR,42:40:19.24,47:24:11.89,52.183012,-13.664576,39858.0,272939.47488062404,68
262174869,262174869,westbound,B772,EGLL,KLAX,42:41:11.51,47:08:24.25,54.71499,-8.593363,35620.0,250318.04738107283,58
262179900,262179900,westbound,A332,LPPT,KEWR,42:42:50.13,48:13:54.92,41.626665,-13.452759,39578.0,196620.59440419814,90
262156715,262156715,westbound,B789,LFPG,KJFK,42:47:32.39,48:13:58.62,50.56511,-6.464372,40681.0,199089.06406823426,97
262166851,262166851,westbound,B77L,LEZG,KJFK,42:49:37.33,48:28:01.27,44.341784,-7.638608,42031.0,246452.6058569274,100
262180173,262180173,westbound,A35K,EGLL,KJFK,42:52:18.41,47:47:04.09,53.368599,-13.118628,38864.0,254563.03290131522,87
262179194,262179194,westbound,B772,LFPG,KJFK,42:56:30.28,47:48:58.34,52.179041,-13.379078,39148.0,223291.77990334606,87
262173810,262173810,westbound,A333,EKCH,KJFK,42:59:04.94,48:21:20.55,59.049124,-8.098173,38689.0,192573.77863541397,91
262167704,262167704,westbound,B772,EGLL,KJFK,43:05:00.95,47:57:16.16,53.253814,-13.101581,39146.0,223638.23497147294,87
262178800,262178800,westbound,B772,LFPG,KEWR,43:10:07.40,48:05:27.00,52.147234,-13.222891,39133.0,223516.18235102543,82
262181315,262181315,westbound,A333,EGLL,KIAD,43:19:03.62,48:22:08.63,53.399835,-13.240376,38383.0,194465.61401870687,86
262174331,262174331,westbound,B748,ELLX,KORD,43:28:25.94,48:04:05.93,55.670095,-7.870866,36628.0,384652.35594461433,80
262184723,262184723,westbound,A332,EDDF,KJFK,43:37:53.10,48:59:30.87,54.749305,-7.713188,39547.0,198310.33942107434,93
262162815,262162815,westbound,B77L,LFPG,KORD,43:41:05.65,48:20:51.66,53.930739,-9.127088,41750.0,250021.13793584405,84
262171429,262171429,westbound,B772,EGLL,KJFK,43:51:56.70,48:43:55.53,53.452891,-13.117832,39153.0,223646.17151655522,87
262167399,262167399,westbound,B772,LFPG,KBOS,43:53:04.90,48:46:29.41,53.214047,-13.313943,39339.0,220515.7030586733,87
262171913,262171913,westbound,B744,ELLX,KATL,44:07:51.91,48:54:33.71,55.465148,-7.842224,37379.0,308414.3686355989,79
262159929,262159929,westbound,B77L,EDDF,KJFK,44:08:52.87,49:21:11.19,54.504283,-8.060882,42167.0,243885.966434911,93
262159928,262159928,westbound,B78X,EGLL,KEWR,44:10:06.33,48:55:31.95,53.558674,-13.107349,39626.0,223640.81771223116,85
262180801,262180801,westbound,A333,EGLL,KJFK,44:14:57.49,49:21:28.19,53.402396,-13.071502,38383.0,194472.02838730015,87
262184657,262184657,eastbound,B77L,KIND,EBLG,44:16:53.00,48:55:47.59,46.390917,-51.822038,41971.0,234979.33378813302,80
262165681,262165681,westbound,B77L,EHAM,KORD,44:17:46.12,49:03:05.87,55.552011,-7.804762,41771.0,249973.52049001507,85
262163157,262163157,eastbound,A333,KIAD,EDDF,44:21:38.20,51:23:35.85,40.379595,-68.262079,38296.0,194796.09242458484,115
262173735,262173735,westbound,B744,EHAM,KMIA,44:31:30.50,49:21:35.60,53.902923,-13.110774,37860.0,309776.84616448864,74
262169299,262169299,westbound,B789,LFPG,CYYZ,44:38:53.30,49:16:38.85,52.395331,-13.025128,40821.0,195959.71322637307,83
262158542,262158542,westbound,B744,EDDP,KCVG,45:08:03.15,49:54:04.48,56.841033,-8.208876,37851.0,304634.2245078595,82
262162106,262162106,westbound,B748,EHAM,KORD,45:11:22.65,49:41:07.65,56.617924,-7.759304,36693.0,383542.68729087553,82
262180131,262180131,westbound,B788,EHAM,MMMX,45:25:18.03,50:17:58.77,56.084945,-8.365382,40233.0,193720.7027733668,60
262167432,262167432,eastbound,B77L,KMIA,EBLG,45:30:23.31,51:28:45.58,37.437734,-60.861415,39853.0,246511.49081685158,97
262183218,262183218,westbound,B77L,LFPG,KMEM,45:31:57.82,50:01:58.89,52.837794,-14.157593,41560.0,252755.25897609504,71
262156994,262156994,westbound,B77L,EDDF,KORD,45:34:32.30,50:15:35.21,55.649606,-8.272983,41752.0,250015.7030079351,79
262169921,262169921,westbound,MD11,LFPG,KMEM,45:38:06.67,50:48:30.73,50.551804,-6.888745,32746.0,260191.8229488305,80
262185409,262185409,westbound,B77L,EDDK,KMEM,45:48:14.25,50:30:58.99,54.764295,-8.893952,41405.0,255230.43239427937,73
262164792,262164792,westbound,B77L,ELLX,MMMX,45:58:50.60,50:35:29.28,53.732765,-13.346863,40429.0,269690.032727587,56
262159061,262159061,westbound,B77L,LEZG,MMMX,46:11:03.87,51:46:30.94,43.051425,-11.669938,40286.0,272197.96264126734,67
262173484,262173484,westbound,A333,LEAL,BIKF,46:17:55.21,48:40:31.97,47.879149,-7.093006,39517.0,184014.37158265678,41
262156542,262156542,westbound,B788,EGLL,MMMX,46:18:33.83,51:16:23.85,54.512672,-8.358006,40240.0,194685.5119464839,63
262185413,262185413,westbound,B772,EGLL,KBOS,46:30:51.39,51:23:40.94,53.773875,-12.948206,39318.0,221331.56874141312,83
262183231,262183231,westbound,A333,GCTS,BIKF,46:37:44.27,49:43:14.99,41.355594,-14.161203,39136.0,187842.93493149776,52
262185065,262185065,westbound,A359,LEMD,MMMX,46:55:39.51,52:17:09.08,41.682618,-13.233768,37683.0,248476.93831002072,65
262172915,262172915,eastbound,A332,CYUL,DTTA,47:01:23.09,51:37:14.09,46.015168,-52.950826,39059.0,200513.42278348745,77
262164984,262164984,westbound,B788,LIRF,MMMX,47:12:53.81,52:35:16.59,49.307978,-6.693797,40095.0,193239.5264991479,59
262176956,262176956,westbound,B77L,EDDK,KMEM,47:31:45.28,52:12:42.56,54.757696,-9.02495,41413.0,255152.51403661427,72
262185532,262185532,westbound,B77L,LFPG,KMEM,47:34:28.69,52:02:42.78,52.528752,-13.710472,41527.0,253318.0352524231,71
262167077,262167077,westbound,B744,ETAR,KBWI,47:36:47.38,52:23:23.91,53.168522,-12.944419,38650.0,296127.78364885895,86
262170558,262170558,westbound,B752,LEBL,BIKF,48:02:19.69,49:40:06.61,53.384509,-9.806332,41487.0,81036.54032770336,29
262173136,262173136,westbound,B77L,LFPG,KMEM,48:43:54.25,53:15:02.48,53.928956,-12.786115,41500.0,253266.56205087417,71
