identifier,base_fid,direction,actype,origin,destination,spawn_time,del_time,spawn_lat,spawn_lon,spawn_alt_ft,spawn_mass_kg,n_waypoints
286268860,286268860,eastbound,B789,KJFK,LGAV,18:59:48.31,24:42:44.88,42.536558,-63.501948,39453.0,209791.7345634092,81
286269107,286269107,eastbound,F900,KIAD,LFPB,19:30:51.07,25:24:04.57,42.958808,-61.470785,38187.0,14509.64650763656,98
286269558,286269558,eastbound,B77L,KATL,EDDP,19:51:58.13,26:17:40.72,41.27423,-67.69977,41392.0,251256.9014486175,97
286268771,286268771,eastbound,A332,KJFK,LROP,20:00:06.88,25:29:34.33,43.907128,-56.806427,38151.0,206851.905524056,79
286270396,286270396,eastbound,A339,KBOS,LGAV,20:17:21.85,25:43:12.59,43.676418,-58.060254,38143.0,215590.42952247782,76
286271253,286271253,eastbound,A333,KJFK,LGAV,20:24:32.21,26:47:34.01,41.890329,-66.58125,38176.0,195633.64250016437,84
286272243,286272243,eastbound,A339,KJFK,LIRF,20:49:32.33,27:25:06.68,41.460755,-68.581118,38662.0,213428.46070537518,103
286271634,286271634,eastbound,A333,KRDU,EDDF,20:54:26.53,27:59:03.36,40.875922,-68.80904,38433.0,193746.61487418227,110
286272526,286272526,westbound,A333,LPPT,BIKF,20:56:49.69,23:48:35.60,43.884549,-8.375861,39320.0,184931.746529569,50
286272572,286272572,eastbound,A339,KBOS,LIRF,21:10:29.99,27:03:58.45,42.999225,-61.764706,38708.0,210143.34445001045,96
286272071,286272071,eastbound,A339,KBOS,EDDF,21:11:27.16,27:08:01.26,43.547397,-59.006877,38601.0,204886.25928917626,98
286271755,286271755,eastbound,B744,KJFK,EDDF,21:32:51.10,27:32:08.80,42.514606,-63.768933,38159.0,298620.83810023044,106
286272655,286272655,eastbound,B77W,KJFK,LFPG,21:33:52.33,27:45:27.48,41.34607,-68.581351,38389.0,279523.9042591036,111
286272464,286272464,eastbound,A333,KJFK,LSZH,21:38:39.91,28:13:20.51,42.112727,-65.636561,38223.0,195259.4191573141,108
286271578,286271578,eastbound,A333,KATL,LFPG,21:46:34.85,28:24:15.60,40.970699,-68.187438,38798.0,191072.57436414334,102
286271111,286271111,eastbound,A339,KATL,EHAM,21:51:25.23,28:30:01.78,41.453825,-68.011969,39122.0,208975.54527408018,101
286272340,286272340,eastbound,A333,KMCO,EGLL,21:51:52.95,28:20:25.50,37.920465,-67.604706,38852.0,191146.23961350918,100
286273251,286273251,eastbound,A332,KBOS,LIRF,21:54:24.68,27:41:01.25,42.993581,-61.851434,38680.0,202858.44135866204,97
286272936,286272936,eastbound,B788,KPHL,LGAV,21:57:15.45,27:49:14.13,42.429797,-64.261291,40293.0,187439.99629612005,81
286272888,286272888,eastbound,A339,KBOS,EHAM,21:59:07.50,27:42:55.71,43.452918,-59.352636,38916.0,202941.5717856925,96
286272209,286272209,eastbound,A333,KATL,EDDF,21:59:12.95,28:58:29.47,41.034078,-68.322075,38784.0,191154.22092551203,100
286272488,286272488,eastbound,B763,KATL,LEBL,22:06:00.76,28:30:05.56,40.885633,-68.171324,38991.0,162979.40671711773,96
286273291,286273291,eastbound,A333,KBOS,LSZH,22:06:05.49,28:12:50.06,43.116643,-61.121438,38282.0,194746.5658649697,101
286272186,286272186,eastbound,A339,KJFK,EDDF,22:06:16.53,28:17:58.06,43.292281,-60.527456,38846.0,206079.31441420986,102
286272768,286272768,eastbound,B763,KJFK,LICC,22:06:32.37,28:28:38.58,41.483162,-68.282608,38261.0,167845.02068604075,94
286272745,286272745,eastbound,B772,KCLT,EDDF,22:07:24.70,28:33:28.63,41.393322,-67.712959,38506.0,231276.99520804884,104
286273151,286273151,eastbound,B789,KJFK,LIRF,22:08:17.56,28:11:15.75,42.038003,-65.974029,39019.0,205180.99397263653,99
286272378,286272378,eastbound,A333,KJFK,LIMC,22:08:34.11,28:29:09.62,42.282353,-64.943172,38252.0,195021.13359169674,104
286272688,286272688,eastbound,A332,KIAD,LIRF,22:10:20.45,28:19:45.57,42.037308,-65.903364,38701.0,206011.43528099134,94
286272232,286272232,eastbound,A339,KATL,LGAV,22:11:34.99,28:49:17.39,40.763873,-68.613737,38260.0,219335.39669598086,76
286272298,286272298,eastbound,A332,CYUL,DAAG,22:13:43.14,26:45:24.14,45.816362,-52.604952,39207.0,196979.52965793991,78
286272185,286272185,eastbound,B764,KJFK,LEBL,22:14:12.25,27:16:46.47,44.175427,-55.548926,34360.0,173969.30311988437,87
286273377,286273377,eastbound,B763,KJFK,LIRN,22:16:38.13,28:45:56.82,41.441079,-68.329443,38238.0,166688.72500539635,102
286273566,286273566,eastbound,A339,KBOS,LIMC,22:20:06.62,28:18:44.85,42.994262,-61.81389,38648.0,207301.3472108051,99
286273007,286273007,eastbound,B772,KCLT,EIDW,22:28:49.29,27:55:54.18,40.849066,-68.693861,39032.0,224167.88239254252,97
286272437,286272437,eastbound,A359,KATL,LIRF,22:29:30.89,28:51:51.33,40.89455,-68.416125,38674.0,238291.7479768001,87
286272667,286272667,eastbound,B789,MDPC,EGCC,22:29:52.82,28:39:14.21,28.337292,-60.834564,40504.0,199133.89776893548,106
286271682,286271682,eastbound,B763,KMIA,EBBR,22:31:46.22,28:55:21.13,38.142609,-64.130681,38889.0,162239.79775723803,96
286273592,286273592,westbound,B788,EGLL,MMMX,22:35:59.98,27:06:07.40,55.445357,-8.30973,40246.0,194328.9019457757,57
286273683,286273683,eastbound,A333,KPHL,EDDF,22:37:11.12,29:26:41.35,41.775369,-67.193702,38226.0,195227.05644460802,111
286273329,286273329,eastbound,B763,KJFK,EDDB,22:38:12.38,29:20:49.99,42.157898,-65.542869,38224.0,161542.11914179803,111
286272571,286272571,eastbound,B744,KMIA,EHAM,22:39:39.37,28:35:25.22,38.063093,-62.591603,38347.0,302789.9000791559,94
286271128,286271128,eastbound,A333,KORD,LSZH,22:39:54.01,28:12:30.94,44.270811,-55.483492,38659.0,186987.62301094618,82
286273663,286273663,eastbound,B77W,KJFK,LFPG,22:40:51.28,28:53:33.78,41.312275,-68.76831,38402.0,278620.1838188766,111
286272791,286272791,eastbound,B77W,KMIA,LFPG,22:41:05.52,28:31:51.53,37.939098,-62.203997,38821.0,279827.0473814491,95
286273328,286273328,eastbound,B789,MDPC,EGBB,22:42:46.89,28:57:21.59,27.805242,-60.77067,40469.0,199650.93769237338,107
286272742,286272742,eastbound,B772,KATL,LFPG,22:43:12.43,28:50:49.63,41.121427,-67.667214,38634.0,228205.3558363938,101
286273526,286273526,eastbound,A333,KIAD,EHAM,22:45:14.91,29:03:55.05,42.349966,-64.596562,38472.0,193336.23416266884,104
286272845,286272845,eastbound,A333,CYUL,LSZH,22:46:07.59,27:48:03.61,48.826867,-53.092625,38759.0,191326.90247009406,84
286273368,286273368,eastbound,B772,KCLT,LFPG,22:50:55.48,29:04:26.75,40.30928,-68.342839,38620.0,229384.84930824084,108
286273180,286273180,eastbound,B772,CYUL,LFPG,22:51:34.27,27:20:38.51,48.152698,-52.677082,39455.0,217048.41024004627,82
286273599,286273599,eastbound,A388,KJFK,EDDM,22:51:58.05,29:15:28.25,41.303254,-68.715554,38601.0,462462.11291983695,113
286272777,286272777,eastbound,A333,CYYZ,LSZH,22:52:48.70,28:21:38.17,44.473876,-54.888342,38367.0,189788.8650388494,89
286272083,286272083,eastbound,A343,KDTW,EDDF,22:52:58.52,28:07:25.92,45.026383,-51.876493,37299.0,209579.15608348977,85
286273247,286273247,eastbound,B788,KMLB,EGPF,22:57:10.35,28:42:03.62,37.809877,-67.232404,41944.0,173452.55645009776,99
286273484,286273484,eastbound,A359,KBOS,LFPG,22:57:51.85,28:29:36.14,43.34824,-59.995696,38905.0,224012.30466513135,96
286273751,286273751,eastbound,A332,KJFK,LIRF,22:58:17.79,29:23:33.28,41.407143,-68.567534,38608.0,206178.5296899295,103
286273413,286273413,eastbound,B77W,KEWR,LIRF,23:02:43.77,28:18:05.53,43.545433,-58.69364,38225.0,280721.60645647894,88
286272945,286272945,westbound,A333,LEAL,BIKF,23:02:52.78,24:31:51.21,54.94021,-8.806783,39932.0,180590.9375259855,27
286273870,286273870,eastbound,B744,KBOS,EDDF,23:04:17.87,28:38:32.38,43.522334,-59.090957,37878.0,293987.59617478756,99
286272350,286272350,westbound,B789,LIRF,KJFK,23:04:46.03,27:58:19.58,52.309968,-13.171995,40900.0,191823.27911946498,85
286272219,286272219,eastbound,B789,KMSP,EHAM,23:05:46.52,27:38:17.22,53.761637,-57.604471,41130.0,186596.784457099,82
286274248,286274248,westbound,B763,EGSS,KSDF,23:07:43.55,28:00:56.60,55.896849,-8.042595,39168.0,162390.9319436934,82
286273259,286273259,eastbound,A339,KATL,LGAV,23:08:43.43,29:46:34.69,40.823692,-68.520285,38261.0,219326.27645804523,76
286272559,286272559,eastbound,B763,KJFK,EKCH,23:10:49.85,28:18:59.53,48.53959,-52.704432,40159.0,155838.60301312731,90
286273545,286273545,eastbound,B772,KEWR,EDDM,23:12:47.52,28:46:34.46,43.479446,-59.483646,38377.0,227853.5248745693,98
286273252,286273252,eastbound,B763,KATL,LSZH,23:13:37.88,29:58:03.31,40.956962,-68.167807,38521.0,163918.08934871384,98
286272613,286272613,eastbound,B764,KDTW,EDDM,23:13:59.72,28:27:05.78,45.283319,-51.954785,33807.0,174562.9163143947,81
286272517,286272517,eastbound,A359,KDTW,EHAM,23:16:08.73,27:50:05.19,48.912604,-53.207072,40147.0,222628.8005465906,83
286273572,286273572,eastbound,B772,KJFK,LGAV,23:17:04.04,28:34:44.72,43.574189,-59.021941,37755.0,238581.24982103918,75
286273302,286273302,eastbound,B772,KMCO,EGKK,23:17:30.36,29:14:37.52,38.02219,-66.318997,38825.0,226870.0446929859,97
286273649,286273649,eastbound,A333,KBOS,EIDW,23:18:31.51,27:15:19.47,47.162946,-52.69476,38711.0,191543.80446989468,69
286273437,286273437,eastbound,B764,KATL,EDDM,23:18:42.55,30:08:49.49,40.992454,-67.800795,34994.0,180853.6002503801,96
286272961,286272961,eastbound,B78X,CYYZ,EHAM,23:19:58.07,27:47:42.02,49.780762,-53.404768,40186.0,218416.58134075167,82
286273393,286273393,eastbound,B772,CYOW,LFPG,23:20:00.69,28:00:45.20,45.450464,-52.641368,36222.0,216164.64462994284,81
286273718,286273718,eastbound,A333,KIAD,EBBR,23:21:04.72,29:48:53.07,42.074892,-65.923038,38408.0,193831.9105505052,107
286274147,286274147,eastbound,A333,KJFK,EHAM,23:22:24.55,29:56:13.28,41.824181,-66.858107,38164.0,195703.17258870226,109
286272339,286272339,eastbound,B78X,KORD,EDDF,23:24:55.22,28:28:33.15,44.780276,-52.579962,38675.0,215047.37736071186,82
286274202,286274202,eastbound,A333,KJFK,LEMD,23:25:31.77,29:48:04.71,41.393033,-68.775081,38067.0,196432.5422444658,107
286273511,286273511,eastbound,B764,KATL,EGLL,23:26:45.99,29:38:29.76,40.844267,-68.606013,34965.0,177755.2000335688,102
286273354,286273354,eastbound,A333,CYYZ,EKCH,23:26:59.44,28:33:32.93,51.456347,-55.00312,39015.0,189451.05446958993,88
286271616,286271616,eastbound,A332,CYYZ,LIRF,23:27:11.30,28:26:41.60,44.525851,-53.84894,38504.0,200542.8898655985,77
286273496,286273496,eastbound,A333,KIAD,EIDW,23:29:23.25,28:47:59.17,42.465612,-64.022633,38497.0,193146.00634732694,86
286272065,286272065,eastbound,A332,KORD,LIRF,23:31:10.93,28:34:05.48,44.326111,-55.265593,38520.0,202372.16182505683,71
286274110,286274110,eastbound,A339,MDPC,EDDF,23:34:19.94,30:40:19.87,28.324847,-60.382395,38815.0,213547.3591599753,103
286273998,286273998,eastbound,B789,KJFK,LIMC,23:35:11.31,29:45:38.31,42.277444,-64.957352,39052.0,201754.17141682477,107
286273620,286273620,eastbound,B763,KEWR,LSGG,23:38:12.39,29:20:51.62,43.382978,-59.85362,38384.0,158350.35448372774,97
286273129,286273129,eastbound,A333,KJFK,EIDW,23:38:22.83,27:37:33.93,46.632577,-52.739196,38855.0,190408.2362565904,70
286273764,286273764,eastbound,A333,KBOS,EKCH,23:40:01.63,28:54:26.90,47.537286,-52.331931,38730.0,191447.10669215705,90
286274074,286274074,eastbound,B77W,KJFK,EGLL,23:40:59.90,28:59:48.66,42.863731,-62.274766,38323.0,271747.58590110857,93
286273429,286273429,eastbound,A333,KEWR,EKCH,23:42:39.59,28:57:29.52,48.146078,-52.675218,38916.0,190067.60449200615,90
286273004,286273004,eastbound,B748,KMIA,EDDF,23:44:21.12,29:58:01.59,38.204555,-65.260789,36707.0,387799.1308082734,92
286274479,286274479,eastbound,B772,TXKF,EGLL,23:44:40.40,29:25:21.08,35.663771,-60.94143,38965.0,226733.71386569366,101
286273810,286273810,eastbound,A333,KMCO,EGCC,23:45:55.20,29:56:02.74,37.972707,-66.729113,38915.0,190710.53098574484,98
286273860,286273860,eastbound,B77W,CYUL,LFPG,23:46:08.03,28:13:45.73,48.391297,-52.499572,40065.0,266317.53218794876,80
286273865,286273865,eastbound,A35K,KMCO,EGLL,23:46:16.91,29:55:34.59,38.020171,-66.506534,38515.0,261614.98235594135,98
286273911,286273911,eastbound,B764,KATL,LFPG,23:47:40.17,30:17:53.42,40.439985,-68.37362,35425.0,179446.43989563867,102
286273542,286273542,eastbound,B763,KEWR,EGLL,23:49:24.15,29:01:21.21,43.600214,-58.943512,38440.0,154341.3956023355,87
286273743,286273743,eastbound,B772,KEWR,LFPG,23:49:31.70,29:09:24.16,43.419078,-59.62921,38582.0,222928.68740568514,95
286274200,286274200,eastbound,B789,KJFK,EGKK,23:50:14.70,30:03:50.31,41.406826,-68.61731,39102.0,199553.18408058124,108
286273662,286273662,eastbound,A332,KATL,LIRN,23:51:44.36,30:15:40.67,40.875243,-68.271261,38633.0,207910.10639337276,86
286274709,286274709,eastbound,B744,KDOV,ETAR,23:51:51.46,30:19:33.32,41.171331,-68.24084,38078.0,302574.0643584276,114
286273593,286273593,eastbound,A333,KEWR,ESSA,23:54:54.02,29:13:36.51,50.349214,-54.169323,38927.0,190160.62197541905,92
286273445,286273445,eastbound,B763,KIAD,LIPZ,23:55:07.26,29:29:31.45,43.717709,-58.143291,38388.0,160249.741590273,85
286273005,286273005,eastbound,B78X,KORD,LIRF,23:55:34.69,28:46:05.02,44.427187,-54.411775,38584.0,215705.4571884469,71
286274471,286274471,eastbound,A333,KBOS,EHAM,23:55:52.13,29:44:35.76,43.456348,-59.598675,38149.0,194211.38060270887,97
286273382,286273382,eastbound,B788,KIAD,LGAV,23:57:02.85,29:23:03.00,43.302057,-59.997779,39659.0,182960.2613277843,73
286271617,286271617,eastbound,B772,KDFW,LIRF,23:57:46.75,29:01:20.88,43.983131,-57.214054,38173.0,225822.80668833814,63
286274197,286274197,eastbound,B772,KRDU,LFPG,24:00:56.23,30:13:25.55,41.114132,-68.596062,38599.0,229299.42742709795,111
286274047,286274047,eastbound,B789,CYUL,EDDF,24:01:01.63,28:44:53.04,48.664462,-52.444476,41069.0,190931.89305790354,84
286274368,286274368,eastbound,A333,KBOS,EGLL,24:02:27.59,29:11:04.62,43.936062,-57.150993,38111.0,193445.73819820842,86
286273519,286273519,eastbound,B77W,KIAD,EDDF,24:02:48.76,29:57:36.95,42.758488,-62.700282,38296.0,277609.4016099184,103
286273553,286273553,eastbound,B763,KIAD,LOWW,24:03:14.91,29:50:26.68,43.740772,-57.855348,38307.0,161144.3870212001,88
286274658,286274658,eastbound,B788,KPHL,LIRN,24:03:37.40,30:16:27.43,40.93334,-67.927309,41109.0,185504.4750606933,98
286273518,286273518,eastbound,B763,KIAD,LSGG,24:04:12.99,30:07:57.78,42.580178,-63.546667,38356.0,160302.98790491876,102
286273353,286273353,eastbound,B764,KEWR,EDDB,24:04:17.86,29:23:51.78,45.12723,-52.079036,33358.0,174098.09738792013,90
286273878,286273878,westbound,B772,LEAL,BIKF,24:06:00.88,25:28:56.38,55.219606,-9.096708,40915.0,196017.44603564782,24
286273886,286273886,eastbound,A333,TNCC,EHAM,24:06:33.87,31:21:18.62,26.359441,-59.980267,38937.0,190517.0231491433,102
286273769,286273769,eastbound,B772,KEWR,LOWW,24:06:42.12,29:44:12.47,43.534778,-58.863124,38213.0,229830.16114570465,94
286274369,286274369,eastbound,B789,KBOS,EBBR,24:06:54.24,29:09:25.42,44.225677,-55.078035,39235.0,192084.79132556246,90
286274041,286274041,eastbound,A333,KBDL,EIDW,24:07:02.79,28:02:14.89,47.313518,-52.557147,38803.0,190846.6500998595,66
286274443,286274443,eastbound,A339,KBOS,LFPG,24:07:15.99,29:51:39.38,43.342221,-60.251002,38597.0,203162.40163445967,97
286273405,286273405,eastbound,B789,KMIA,EGKK,24:07:43.35,30:03:35.59,37.87584,-65.388006,40632.0,195805.27009467196,95
286273361,286273361,eastbound,A333,KJFK,ENGM,24:08:24.84,28:58:42.74,50.177389,-53.928933,38921.0,190191.64912890783,83
286274265,286274265,eastbound,B77W,KJFK,EGLL,24:08:34.27,29:39:55.13,42.378586,-64.445033,38276.0,272707.3260105279,98
286274235,286274235,eastbound,B789,KJFK,EBBR,24:08:34.68,29:49:17.24,42.937364,-61.703901,39524.0,196319.55847438055,101
286273052,286273052,eastbound,A359,KMSP,EHAM,24:10:41.16,28:42:33.57,53.718763,-56.973262,40135.0,223756.99776388705,81
286274258,286274258,eastbound,B77W,KJFK,LFPG,24:10:53.80,29:55:00.95,42.492117,-63.931668,38165.0,275410.6928104587,103
286273587,286273587,westbound,A333,LEBL,BIKF,24:12:11.10,25:34:22.75,55.898519,-9.049173,40043.0,179381.12676676604,26
286273948,286273948,eastbound,B772,KEWR,EHAM,24:12:39.12,30:31:42.34,41.136341,-68.570833,38630.0,229572.43145915764,112
286273612,286273612,eastbound,A333,CYYZ,EDDF,24:12:41.45,29:19:28.30,48.228134,-53.044375,39025.0,189121.50628674243,86
286273684,286273684,eastbound,B789,CYYZ,EDDM,24:13:39.07,28:59:51.06,48.410944,-52.645672,40863.0,191354.54996952575,83
286273739,286273739,eastbound,B77W,KIAD,EGLL,24:13:59.67,29:32:33.51,42.86681,-62.311483,38460.0,271817.25172284094,92
286273956,286273956,eastbound,A333,KTPA,EDDF,24:14:33.11,31:22:46.93,39.362415,-68.425273,38986.0,190015.989953923,97
286274319,286274319,eastbound,A332,KJFK,EDDF,24:14:33.44,30:32:09.67,42.573072,-63.619442,38852.0,199935.38920451395,107
286273705,286273705,eastbound,B763,KIAD,EHAM,24:14:53.93,30:13:18.13,42.755201,-62.809046,38511.0,157959.73870589468,99
286274355,286274355,eastbound,B77W,KCLT,EGLL,24:15:02.06,30:15:03.06,40.566955,-68.519381,38596.0,277220.3568819144,107
286274542,286274542,eastbound,A333,KEWR,LFPO,24:16:25.84,30:56:45.03,41.093699,-68.680682,38100.0,196192.59804310475,112
286273094,286273094,eastbound,B763,KORD,LSZH,24:17:09.30,29:33:52.69,44.4798,-54.189327,38424.0,156913.8099458559,80
286274766,286274766,eastbound,B763,KEWR,LFMN,24:17:14.03,30:48:28.45,41.250855,-68.471501,38120.0,163441.56061920154,110
286274152,286274152,eastbound,A333,CYUL,LFSB,24:17:21.78,29:20:59.95,48.667307,-53.029843,38753.0,191339.1299705612,85
286274290,286274290,eastbound,B77W,CYUL,LEBL,24:17:49.40,28:49:43.96,44.943713,-52.591074,37557.0,268542.2372395994,81
286273502,286273502,eastbound,A333,CYYZ,EIDW,24:18:43.58,28:09:18.19,49.600228,-53.470886,39022.0,189253.35226036707,67
286274017,286274017,eastbound,B763,KMIA,EHAM,24:19:26.98,30:47:35.05,38.221513,-64.92179,38797.0,162288.6734594592,97
286274073,286274073,eastbound,A333,KATL,LIMC,24:20:06.65,31:05:35.46,41.12339,-68.067292,38801.0,191093.53370670415,94
286274389,286274389,eastbound,B763,KEWR,EGLL,24:20:52.78,30:32:13.52,41.266587,-68.229369,38306.0,158151.22820812173,106
286274160,286274160,eastbound,B763,KEWR,EGLL,24:21:10.38,29:38:42.81,43.450391,-59.575023,38439.0,154601.934946195,90
286274335,286274335,eastbound,A333,KBOS,EINN,24:24:20.47,28:05:47.56,47.442959,-52.368933,38708.0,191613.23732795374,64
286273640,286273640,eastbound,A333,KEWR,EIDW,24:24:26.21,29:06:29.35,43.75069,-58.055117,38290.0,192298.08797909037,78
286274381,286274381,eastbound,B77W,KJFK,EGLL,24:24:31.13,29:56:42.69,42.338959,-64.54796,38284.0,272714.5122835207,99
286273242,286273242,eastbound,A339,KDTW,LFPG,24:24:34.11,29:36:30.90,44.377289,-54.972207,38917.0,202231.19275145666,88
286273797,286273797,eastbound,A333,CYYZ,LOWW,24:25:06.94,29:35:25.25,48.299979,-52.61014,39041.0,189003.29240617607,81
286274133,286274133,eastbound,A35K,KATL,EGLL,24:25:07.00,30:30:35.32,41.168593,-68.269573,38480.0,260512.816987157,101
286273982,286273982,eastbound,B748,KEWR,EDDF,24:27:14.02,29:51:50.98,43.849594,-57.602565,36999.0,374646.9265961791,97
286272934,286272934,eastbound,B772,KFOE,EKBI,24:27:16.07,29:03:21.76,53.05692,-56.154525,39311.0,216263.78360697755,76
286274586,286274586,eastbound,B764,KEWR,LDDU,24:27:29.93,30:59:40.92,41.353811,-68.380517,32870.0,186419.55993101653,99
286273861,286273861,eastbound,A333,KIAD,EGLL,24:28:41.15,30:17:45.27,42.594692,-63.473774,38429.0,192946.65891342208,97
286274329,286274329,eastbound,A333,CYUL,EDDF,24:29:19.31,29:34:31.02,48.254675,-52.893394,38760.0,191253.20233483592,85
286274223,286274223,eastbound,A333,KATL,LEBL,24:29:55.29,31:04:31.17,40.998535,-68.327501,38792.0,191163.994367243,96
286272695,286272695,eastbound,A333,KSTL,EDDF,24:30:21.54,29:37:05.56,47.906155,-51.951746,39637.0,184257.04820636733,76
286273641,286273641,eastbound,A333,KDTW,EHAM,24:30:59.69,29:16:48.78,48.475234,-52.598597,39231.0,187478.45187480786,83
286274247,286274247,eastbound,A333,KJFK,EINN,24:32:59.74,28:57:28.45,43.867317,-57.220092,38285.0,192082.8612361204,74
286274663,286274663,westbound,B744,EDDK,KSDF,24:33:00.48,29:04:09.42,56.491889,-8.863396,37753.0,305642.0635378204,77
286273792,286273792,eastbound,B788,KJFK,EPWA,24:33:39.70,29:35:33.24,48.858996,-53.389198,41847.0,173128.65197399972,86
286273490,286273490,eastbound,A333,KMSP,EDDF,24:34:01.94,29:43:03.41,52.997466,-56.638555,39438.0,186227.7590663981,82
286273626,286273626,eastbound,B772,KEWR,LIMC,24:34:22.36,29:51:44.78,43.684285,-58.662557,38395.0,226489.5952749397,94
286274003,286274003,eastbound,A359,KATL,EHAM,24:34:23.28,31:00:26.95,41.200549,-68.132317,39238.0,231141.3570149837,102
286274350,286274350,eastbound,A332,CYUL,LFRS,24:34:44.79,28:58:57.42,47.365722,-52.644813,40235.0,191097.0048455627,78
286272389,286272389,eastbound,B77W,KDFW,EGLL,24:35:23.98,28:44:33.26,49.536613,-53.15971,40161.0,264274.3781722771,67
286274404,286274404,eastbound,B772,KCLT,LGAV,24:36:42.92,30:51:42.87,40.253995,-68.118709,37524.0,245402.3999331079,79
286273276,286273276,eastbound,B763,KORD,EGLL,24:36:44.51,28:57:32.81,51.012368,-54.337035,40703.0,152541.50028124187,77
286272956,286272956,eastbound,A333,KORD,EIDW,24:37:40.67,28:28:58.93,50.514798,-54.411624,39366.0,186527.33194377972,64
286274590,286274590,eastbound,B772,KJFK,LIMC,24:37:54.86,30:42:04.06,41.946422,-66.345119,38376.0,232453.66680673347,107
286274100,286274100,eastbound,B748,KIAD,EDDF,24:38:18.25,30:27:24.06,42.89398,-61.969597,37032.0,378905.96338305034,104
286274488,286274488,eastbound,B763,KJFK,EBBR,24:39:48.47,30:41:50.48,42.660772,-63.124559,38245.0,157835.94226479504,103
286274303,286274303,eastbound,B78X,KEWR,EBBR,24:41:53.96,30:06:45.81,43.490458,-59.500909,37944.0,221988.6854399733,97
286274166,286274166,eastbound,B772,KRDU,EGLL,24:42:52.38,30:37:36.87,40.975948,-68.368904,38667.0,227056.1401126934,104
286273438,286273438,westbound,B788,LIRF,MMMX,24:43:36.84,30:18:08.39,43.417229,-11.435889,40316.0,189970.52199798403,59
286274773,286274773,eastbound,A388,KBOS,EGLL,24:43:51.06,29:42:24.91,43.575408,-59.029324,38475.0,442308.88327145175,90
286274163,286274163,eastbound,A359,CYYZ,LFPG,24:44:41.81,29:18:43.31,48.26239,-52.613898,40152.0,221949.90557424515,82
286273943,286273943,eastbound,B772,KEWR,EGLL,24:45:04.65,29:52:38.31,43.344269,-60.22665,38554.0,221065.09424042678,92
286273961,286273961,eastbound,B763,KJFK,ESSA,24:45:15.96,29:58:28.29,51.19471,-54.842707,40187.0,156573.45825791522,92
286273842,286273842,eastbound,B77W,KIAD,EBBR,24:45:40.89,30:48:49.42,41.992363,-66.088645,38207.0,278226.79351964564,108
286274696,286274696,eastbound,B772,KJFK,EGLL,24:47:00.12,30:26:51.35,42.071197,-65.734318,38629.0,225212.33924635852,98
286274438,286274438,eastbound,A332,CYUL,LFPG,24:48:14.93,29:22:34.35,49.126448,-52.827744,40137.0,192260.78921249465,81
286274457,286274457,eastbound,B772,KTPA,EGKK,24:48:19.05,30:48:53.80,37.864732,-66.846896,38757.0,227313.97604943972,97
286274511,286274511,eastbound,A359,KCLT,EDDM,24:49:22.44,31:29:14.62,40.602903,-68.159852,38909.0,234785.10500562543,100
286274702,286274702,eastbound,B772,KEWR,EIDW,24:49:44.48,30:13:08.72,41.456735,-68.405106,39075.0,223813.9331529463,96
286273441,286273441,eastbound,B78X,KORD,LGAV,24:50:28.82,29:36:49.08,44.471298,-54.424016,38555.0,215708.7418316438,61
286274470,286274470,eastbound,B789,CYUL,EGLL,24:50:39.95,29:00:32.50,49.202583,-53.345014,41371.0,187641.92226950434,76
286273463,286273463,eastbound,B78X,KORD,EHAM,24:51:13.81,29:21:01.02,50.633712,-54.550939,40481.0,215729.0006582682,82
286274077,286274077,eastbound,B763,KEWR,LSZH,24:51:18.99,30:32:04.88,43.780473,-58.260745,38194.0,158124.7200378932,96
286274621,286274621,eastbound,B763,KBOS,EGPH,24:51:25.70,29:03:16.19,47.074034,-52.614378,40244.0,150246.72854944796,74
286274425,286274425,eastbound,A332,CYUL,EHAM,24:51:26.21,29:24:14.22,49.287199,-52.770317,40156.0,192074.5415722904,80
286272748,286272748,eastbound,B78X,KSEA,EGLL,24:53:36.14,29:13:41.05,62.986796,-64.285296,40908.0,210705.07279065973,69
286274949,286274949,eastbound,B772,KBOS,EGLL,24:53:52.06,30:11:38.12,42.979626,-61.90523,38441.0,222335.88960768247,95
286273491,286273491,eastbound,B789,MKJS,EGKK,24:54:41.60,30:35:44.18,36.183883,-60.84461,40756.0,192938.82824097565,85
286274085,286274085,eastbound,A35K,CYYZ,EGLL,24:54:56.56,29:09:38.40,49.258522,-53.404821,39290.0,250596.4042231532,77
286273210,286273210,eastbound,B748,KORD,EDDF,24:55:25.73,29:43:19.60,44.936274,-51.8562,36974.0,370300.35276166495,79
286274668,286274668,eastbound,A333,KJFK,LSGG,24:57:15.32,31:34:25.30,41.724458,-67.504294,38128.0,195957.68032472275,110
286274983,286274983,eastbound,B763,KEWR,LIRF,24:57:34.16,31:28:28.86,41.148899,-68.493425,37909.0,165959.84493359606,105
286273888,286273888,eastbound,B763,KCVG,EBBR,24:58:03.14,29:46:06.90,47.604003,-52.709054,40086.0,154798.42848677438,83
286270288,286270288,eastbound,B748,KIAH,ELLX,25:01:11.57,30:09:15.65,44.206008,-55.561333,37013.0,376799.52594380063,73
286274158,286274158,eastbound,B748,KSDF,ETAR,25:02:02.99,30:18:42.28,44.218088,-55.272742,36963.0,374473.57304797444,83
286274900,286274900,eastbound,A388,KBOS,EDDM,25:02:41.93,30:44:04.18,43.173107,-61.124523,38434.0,456460.4074746251,101
286274638,286274638,eastbound,A339,KJFK,LIRF,25:02:43.49,31:37:39.26,41.541047,-67.942027,38567.0,213171.47357403956,103
286274182,286274182,eastbound,A339,KDTW,LIRF,25:03:03.24,30:24:13.71,44.172186,-55.778426,38507.0,209162.9535661835,77
286274309,286274309,eastbound,B764,KEWR,LIPZ,25:03:57.42,31:44:37.22,41.068149,-68.368005,34948.0,181944.3611471989,107
286274684,286274684,eastbound,B77W,KJFK,EGLL,25:04:00.89,30:27:40.93,42.660082,-63.19375,38282.0,271743.08421982505,95
286273939,286273939,eastbound,B788,KORD,LIRF,25:05:24.93,29:40:28.27,47.447681,-52.438622,41784.0,169660.08520917842,68
286275002,286275002,eastbound,B788,KEWR,EPKK,25:05:46.36,31:50:24.48,41.278329,-68.270816,41207.0,184828.04124684192,108
286274616,286274616,eastbound,B772,KCLT,LIRF,25:06:05.84,31:13:56.72,40.628544,-67.900732,38134.0,236836.22413379408,90
286273798,286273798,eastbound,B764,KJFK,LFMN,25:06:30.55,30:11:39.36,44.4785,-54.0966,33710.0,175023.53339109107,87
286274531,286274531,eastbound,B788,KPHL,LSZH,25:06:48.02,30:05:49.21,45.429197,-52.731423,42069.0,170460.108502667,88
286274328,286274328,eastbound,B789,CYYZ,EBBR,25:07:07.32,29:38:18.03,49.16856,-52.737267,41164.0,187938.7247225843,83
286274207,286274207,eastbound,B744,CYYZ,EDDF,25:07:49.38,29:51:22.29,48.757121,-52.660992,38975.0,289202.14164247934,86
286274270,286274270,eastbound,B77W,CYYZ,LGAV,25:09:11.19,29:50:24.22,44.856396,-52.667687,37640.0,285005.978628675,65
286274936,286274936,eastbound,B752,KEWR,EGPH,25:10:03.58,31:06:41.02,40.767235,-68.51439,37092.0,95126.94314497152,100
286274549,286274549,eastbound,B77W,CYUL,LFPG,25:10:05.83,29:39:41.70,48.18737,-52.767064,40223.0,265499.01844221324,82
286273827,286273827,eastbound,B764,KIAD,LSZH,25:10:21.59,30:31:57.53,44.292905,-54.946429,34492.0,175397.9816403982,89
286273839,286273839,eastbound,B763,CYUL,LOWW,25:12:13.42,30:16:09.18,49.885916,-53.480894,39922.0,158796.99797717074,86
286274090,286274090,eastbound,A333,KCVG,LFPG,25:12:52.38,30:34:02.43,44.100603,-56.191739,38613.0,187646.54172418357,88
286274574,286274574,eastbound,B77W,CYUL,EBBR,25:12:58.63,29:43:30.54,48.862346,-52.626264,40231.0,265597.33866701607,82
286273976,286273976,eastbound,A35K,KJFK,EGLL,25:13:09.76,30:49:20.17,42.550338,-63.686502,38581.0,254614.1193218207,97
286272257,286272257,eastbound,B78X,KPDX,EHAM,25:14:19.30,29:51:31.65,63.023606,-65.262767,41100.0,210141.93234978963,70
286275050,286275050,eastbound,A333,KEWR,LFMN,25:14:28.52,31:57:18.91,41.108721,-68.530726,38099.0,196189.67751500284,111
286274639,286274639,eastbound,A339,KJFK,EHAM,25:15:52.68,31:46:26.91,41.918011,-66.65704,38782.0,206312.9347714341,108
286273032,286273032,eastbound,A343,KDFW,EDDF,25:16:08.76,30:46:30.88,44.225006,-55.385641,37346.0,216159.1604017645,72
286274750,286274750,eastbound,B788,CYUL,LIRN,25:18:12.39,29:58:35.41,47.956672,-52.794178,41769.0,174837.6554933102,81
286274812,286274812,eastbound,B789,KPHL,EGLL,25:18:47.66,31:03:05.92,42.000588,-66.123182,39876.0,197549.74545188973,102
286274978,286274978,eastbound,A333,KBOS,LFPG,25:19:24.31,30:51:40.91,43.814133,-58.100124,38092.0,193751.95709801503,93
286274630,286274630,eastbound,A333,KSWF,BIKF,25:19:58.35,28:02:08.24,52.642503,-56.226429,39262.0,186981.280811053,48
286274745,286274745,westbound,B77L,EDDP,KCVG,25:21:03.09,29:54:27.77,57.731192,-8.622915,41700.0,250518.13631982362,76
286274209,286274209,eastbound,A339,KDTW,EHAM,25:21:41.94,30:03:47.39,48.955359,-52.881783,39985.0,201197.77535882048,82
286274732,286274732,eastbound,A333,KJFK,EHAM,25:23:30.07,31:30:53.72,42.750296,-62.841625,38257.0,194232.46267877216,102
286272045,286272045,eastbound,B772,KSFO,EGLL,25:24:25.65,29:48:07.59,61.89341,-64.853519,39288.0,214637.23335134238,65
286274627,286274627,eastbound,B77W,CYUL,LIRF,25:25:10.79,30:08:32.76,45.023847,-52.891256,35513.0,274987.72241964395,82
286273904,286273904,eastbound,B788,KORD,EPKK,25:26:24.63,30:21:43.92,55.374235,-58.604239,41784.0,171009.92290067338,76
286274181,286274181,eastbound,B77W,CYYZ,EGLL,25:27:07.78,29:34:39.30,49.353169,-53.206857,40329.0,263658.6539505276,76
286274424,286274424,eastbound,A333,KBWI,BIKF,25:30:41.12,28:12:50.03,52.14494,-55.36017,39251.0,187553.8925908081,48
286274903,286274903,eastbound,B77W,KJFK,EGLL,25:31:03.35,31:00:34.19,42.476922,-63.988191,38089.0,272635.3498982765,98
286275037,286275037,eastbound,A333,KPHL,EIDW,25:31:41.13,30:59:59.12,42.189957,-65.316609,38317.0,194525.08116300846,91
286273481,286273481,eastbound,B789,KORD,LOWW,25:31:42.25,30:16:36.05,49.421966,-52.921386,40687.0,191005.31682296647,73
286274931,286274931,eastbound,A333,CYQB,LFPG,25:32:07.87,30:17:15.96,48.837505,-52.926084,38634.0,192286.21929726953,81
286274656,286274656,eastbound,B789,CYYZ,EPWA,25:32:50.92,30:32:10.72,52.842175,-56.690851,40669.0,194527.36602916842,86
286274711,286274711,eastbound,A333,KJFK,EGCC,25:34:10.21,31:09:22.81,42.597573,-63.540126,38281.0,194475.76638554328,93
286274268,286274268,eastbound,B77W,KIAD,LFPG,25:34:20.99,30:45:00.12,43.717622,-58.13433,38251.0,269679.96537674253,93
286272535,286272535,eastbound,B77W,KSFO,EDDF,25:34:48.00,30:37:51.67,61.237516,-65.41999,39685.0,272516.1899745157,68
286274950,286274950,eastbound,B772,KCLT,EGLL,25:37:45.02,31:37:18.85,40.781646,-68.513968,38716.0,227138.21485542646,106
286274582,286274582,eastbound,A333,CYYZ,LIPZ,25:41:52.11,30:55:00.45,44.795812,-52.694212,38363.0,188919.30122073746,81
286274793,286274793,eastbound,A339,KBOS,EGLL,25:42:16.02,30:12:57.66,46.32759,-52.949649,40144.0,198575.36621754113,77
286274637,286274637,eastbound,A333,CYYZ,EGPF,25:42:34.96,29:37:22.48,50.61715,-54.415549,39002.0,189410.1484152717,68
286274751,286274751,eastbound,B77W,KMIA,EGLL,25:43:24.48,31:30:16.14,37.832841,-64.319371,38652.0,277499.50364077365,95
286274522,286274522,eastbound,A35K,KJFK,EGLL,25:43:25.62,31:19:06.36,42.59235,-63.590231,38547.0,254596.85070323138,97
286274583,286274583,eastbound,B764,KJFK,LFPG,25:43:44.81,31:05:23.47,43.802312,-57.511435,34939.0,172780.54427137383,92
286274964,286274964,eastbound,A333,KJFK,LGAV,25:44:38.89,32:21:09.60,41.395485,-68.07893,38101.0,196178.9621130383,87
286272719,286272719,eastbound,B772,KIAH,EHAM,25:44:51.78,30:10:23.55,48.881996,-52.14752,39311.0,214043.74728845706,67
286275306,286275306,eastbound,B789,KPHL,LFMN,25:44:56.93,32:08:10.37,41.025117,-68.498373,39029.0,204050.94370769657,110
286272984,286272984,eastbound,B788,KDFW,EHAM,25:45:47.72,30:17:37.82,49.409483,-52.818112,42254.0,160167.98544640714,69
286273150,286273150,eastbound,A388,KMIA,EGLL,25:45:49.91,31:28:04.18,37.888205,-64.056359,39115.0,464471.3939188309,93
286274222,286274222,eastbound,B789,MMUN,EGCC,25:45:57.78,31:36:14.55,38.137345,-67.366246,40649.0,193289.81315174236,86
286274609,286274609,eastbound,B78X,SKCG,EHAM,25:46:26.22,32:26:48.84,28.065003,-60.643194,40445.0,216724.41712458184,93
286274695,286274695,eastbound,A332,KJFK,LYBE,25:46:30.19,31:58:34.78,42.578895,-63.3635,38348.0,206697.24531105094,93
286273744,286273744,eastbound,B788,KIAD,EDDM,25:47:20.86,30:51:26.78,44.952457,-52.906428,41952.0,170860.5366818902,85
286274942,286274942,eastbound,A339,KJFK,LPPT,25:48:45.82,31:46:47.40,41.098399,-68.7147,39236.0,204274.66442882194,99
286274823,286274823,eastbound,A333,KATL,EHAM,25:49:51.14,32:32:27.13,41.106539,-67.884284,38820.0,190986.12220039862,102
286274076,286274076,eastbound,A359,KORD,LFPG,25:49:54.42,30:22:18.44,48.467323,-52.416494,40123.0,223328.27235592663,80
286275271,286275271,eastbound,B789,KPHL,LIRF,25:50:47.77,32:08:37.91,41.106247,-68.137663,38987.0,206520.38691175368,101
286274673,286274673,eastbound,B788,KPHL,EGPH,25:51:00.12,29:50:33.05,47.759093,-52.578745,42685.0,163885.8216185342,73
286274678,286274678,eastbound,A343,KTPA,LSZH,25:51:49.15,32:39:12.04,39.167265,-68.479666,37053.0,221396.5368640143,92
286274382,286274382,eastbound,B764,KJFK,LIPZ,25:52:09.54,31:06:58.54,44.236462,-55.21504,33817.0,177464.59777642734,87
286272989,286272989,eastbound,A359,KDFW,LFPG,25:53:14.34,30:31:27.72,46.805062,-52.531261,39997.0,226831.1399775201,69
286273937,286273937,eastbound,B77W,CYUL,LGAV,25:54:09.47,30:30:43.08,45.166773,-51.864106,35504.0,283986.69193808024,68
286272782,286272782,eastbound,B748,KIAH,EDDF,25:54:58.65,31:09:38.45,44.104906,-56.274741,36966.0,377364.55368715373,73
286274461,286274461,eastbound,A333,KJFK,EKCH,25:55:22.50,31:13:46.34,46.883345,-52.415997,38883.0,190275.6972785672,90
286274969,286274969,eastbound,A333,KBOS,EGLL,25:55:45.50,31:13:02.61,43.599146,-58.841471,38102.0,193972.9299011422,89
286272917,286272917,eastbound,B772,KSFO,EHAM,25:56:31.83,30:30:13.05,62.926932,-64.529336,39153.0,216799.90887716805,67
286274680,286274680,eastbound,A339,KMIA,EGLL,25:57:28.17,32:05:54.75,37.866878,-64.202626,39325.0,208208.9831911846,94
286274006,286274006,eastbound,B789,KJFK,EHAM,25:58:50.50,30:39:35.10,45.583813,-52.416013,41131.0,189383.36582696962,84
286275101,286275101,eastbound,B763,KJFK,LSGG,26:00:07.77,32:20:46.43,42.27718,-65.034721,38041.0,160312.97347631337,107
286274391,286274391,eastbound,B789,KORD,EGLL,26:00:45.47,30:12:48.17,50.461508,-54.340687,41264.0,184541.79093669713,78
286273185,286273185,eastbound,A333,KJFK,LIRF,26:00:51.98,32:39:07.85,41.529378,-67.919854,38110.0,196104.2570115476,103
286275214,286275214,eastbound,B77W,KJFK,EGLL,26:01:40.66,31:47:39.14,41.873116,-66.856189,38112.0,274502.6757676144,103
286274615,286274615,eastbound,B788,MMUN,EBBR,26:03:25.03,32:29:18.96,38.020497,-67.278229,41558.0,174047.06361662815,89
286273265,286273265,eastbound,B772,TTPP,EGKK,26:04:49.08,31:07:16.54,26.485918,-42.107839,39119.0,219954.7998000443,85
286275249,286275249,eastbound,A333,CYHZ,EDDF,26:05:42.33,31:20:52.04,45.764631,-52.514995,38048.0,194520.96707007222,86
286272573,286272573,eastbound,B78X,KIAH,EGLL,26:09:08.36,30:39:47.94,44.481986,-53.855289,39305.0,209969.6789186384,68
286275057,286275057,eastbound,A333,KJFK,EIDW,26:09:55.94,31:22:38.81,42.743873,-62.779557,38256.0,194267.17391473192,86
286274033,286274033,eastbound,B789,CYVR,EIDW,26:10:13.97,30:02:39.04,64.344242,-65.005539,41398.0,180627.2195788586,66
286274743,286274743,eastbound,B77W,CYYZ,LIRF,26:10:33.90,30:49:19.84,45.169787,-52.025998,37996.0,275142.2604957377,77
286274879,286274879,eastbound,B763,KJFK,LKPR,26:10:45.15,32:53:07.27,41.90588,-66.775676,37851.0,162884.02601049226,110
286274952,286274952,eastbound,A333,CYUL,LIMC,26:10:55.76,31:16:03.87,45.975344,-52.778646,38585.0,191223.8242161982,84
286274509,286274509,eastbound,B788,KORD,EDDM,26:12:03.06,30:56:05.03,49.143579,-52.013533,42057.0,166731.51435621842,75
286274756,286274756,eastbound,B77W,KMIA,LSZH,26:12:08.62,32:24:21.03,38.0231,-63.999673,38367.0,282781.1720680684,89
286273527,286273527,eastbound,A339,KSEA,EHAM,26:12:49.57,31:02:30.09,62.60693,-65.336018,39911.0,204770.7686474792,72
286274432,286274432,eastbound,A333,KEWR,ENGM,26:16:02.47,31:16:36.80,47.631158,-52.691987,38952.0,189860.80431293463,86
286275016,286275016,eastbound,A332,CYUL,LIRF,26:16:07.11,31:00:13.68,46.801281,-52.729267,39439.0,199246.3014271221,81
286273050,286273050,eastbound,A359,KIAH,LFPG,26:16:44.64,31:22:40.46,44.137972,-55.69287,39023.0,228534.46088055716,73
286272990,286272990,eastbound,B78X,KLAX,EHAM,26:17:38.95,31:00:01.86,60.47501,-65.197553,40991.0,206843.72421269643,65
286274792,286274792,eastbound,A332,CYYZ,LGAV,26:17:42.57,31:05:45.69,44.967154,-52.37981,38149.0,205518.66427330722,64
286274780,286274780,eastbound,A339,KMIA,LIRF,26:17:59.69,32:37:07.50,38.052978,-63.59011,38764.0,215487.3346216891,80
286274902,286274902,eastbound,A333,KMCO,EDDF,26:18:36.67,33:24:01.60,38.04858,-66.891917,38895.0,190848.38335185853,99
286274752,286274752,eastbound,B788,KPHL,EHAM,26:19:23.57,30:59:28.55,46.354613,-52.400643,42339.0,167340.95850176516,84
286273862,286273862,eastbound,B789,KDEN,EDDF,26:20:04.52,31:09:39.14,52.522349,-55.641332,40963.0,184271.15747891387,70
286274922,286274922,eastbound,B772,KATL,LFPG,26:22:17.79,32:32:18.88,40.960625,-67.848315,38485.0,228453.21994122714,101
286274121,286274121,eastbound,B772,CYVR,EGKK,26:22:55.55,30:49:01.56,62.919038,-65.225316,39433.0,214777.9262192404,71
286273300,286273300,eastbound,A333,KAUS,EDDF,26:22:57.90,31:35:15.52,46.790088,-52.592563,40179.0,179963.9735890423,67
286275062,286275062,eastbound,A333,KJFK,LSZH,26:23:03.91,33:16:33.01,41.387479,-68.637208,38071.0,196399.60273146082,113
286274620,286274620,eastbound,A332,KMSP,EIDW,26:24:03.87,30:08:36.17,52.214432,-55.262509,40503.0,190020.8696086459,68
286275039,286275039,eastbound,A333,CYUL,LSGG,26:24:26.48,31:31:29.26,46.602644,-52.719231,38747.0,191216.80955566635,85
286274566,286274566,eastbound,B763,KORD,EGLL,26:24:43.47,30:45:07.33,49.959949,-53.81909,40715.0,152358.33424523898,77
286274043,286274043,eastbound,B772,KIAD,LFPG,26:25:20.61,32:16:35.84,42.26301,-65.095154,38551.0,226740.59627630998,105
286274991,286274991,eastbound,B77L,KMIA,EHBK,26:25:35.67,32:32:32.88,38.217611,-63.131745,41622.0,247334.35546612708,94
286275176,286275176,eastbound,B763,KEWR,EGLL,26:26:17.91,31:51:11.85,43.217215,-60.91173,38214.0,155078.45486890423,91
286275041,286275041,eastbound,B764,KJFK,LSZH,26:27:18.29,32:08:19.91,43.589077,-58.667613,34603.0,176182.167678204,96
286274804,286274804,eastbound,B772,KMIA,LIRF,26:27:34.11,32:27:12.77,38.065477,-63.960448,38243.0,234807.7981177336,80
286275325,286275325,westbound,B763,EDDK,KEWR,26:28:20.79,31:45:05.41,56.273387,-7.926703,39427.0,157840.5695194144,90
286275218,286275218,eastbound,B77W,KJFK,EDDF,26:28:21.75,32:46:14.39,42.169687,-65.485574,37888.0,279417.3067426582,110
286274849,286274849,eastbound,A333,KMCO,EIDW,26:29:26.48,32:25:57.77,38.028748,-66.106549,38950.0,190488.6342837131,96
286272689,286272689,eastbound,B789,KLAX,LFPG,26:30:39.70,31:01:39.49,50.430585,-54.06093,41127.0,177513.00186472587,59
286274759,286274759,eastbound,A332,KDTW,EDDF,26:31:15.32,31:29:27.93,48.156669,-52.697369,39844.0,196082.54755508297,85
286275468,286275468,eastbound,A333,KBOS,LSZH,26:31:56.78,32:36:47.55,43.216421,-60.91085,38133.0,194692.24483590067,100
286274859,286274859,eastbound,B77L,KMIA,EBLG,26:32:25.80,32:38:51.59,38.190221,-63.241624,41639.0,247227.70764727617,94
286274944,286274944,eastbound,A333,KJFK,LFPG,26:34:21.64,32:55:39.59,42.086774,-65.955782,38192.0,195461.09172961718,106
286275222,286275222,eastbound,A333,KJFK,EGLL,26:34:31.68,32:23:33.14,42.503781,-64.030178,38282.0,194717.87373339102,95
286275140,286275140,eastbound,A333,KIAD,LSZH,26:36:12.66,32:35:49.11,43.406166,-60.013543,38460.0,191223.5923091761,96
286274875,286274875,eastbound,B77W,KEWR,EDDF,26:37:47.61,32:20:01.03,43.494683,-59.395446,37938.0,274750.2027899109,100
286273703,286273703,eastbound,B772,KIAH,EDDM,26:38:11.55,31:54:18.06,44.201381,-55.699821,38167.0,223408.84642569537,70
286275519,286275519,eastbound,B772,CYHZ,EIDW,26:38:57.47,30:21:38.70,47.530674,-52.553944,39893.0,212815.08774614456,68
286275173,286275173,eastbound,B763,KBOS,BIKF,26:40:26.34,29:23:06.81,51.991055,-55.545704,41654.0,143918.1870480592,48
286274561,286274561,eastbound,B752,KIAD,EIDW,26:40:32.55,31:13:11.70,43.972768,-56.95389,37276.0,89900.17467167995,76
286275428,286275428,eastbound,B77W,KJFK,LFPG,26:40:55.47,32:34:12.98,42.19044,-65.485237,38023.0,276266.2170829911,105
286275313,286275313,eastbound,B763,KEWR,LGAV,26:42:51.08,32:23:50.07,43.151032,-60.803349,37749.0,168340.50691267723,78
286274622,286274622,eastbound,B788,KORD,EHAM,26:44:09.13,31:13:34.74,51.671074,-54.619838,42325.0,164343.51643738334,80
286274324,286274324,eastbound,B772,KIAD,EGLL,26:44:09.21,31:17:36.43,44.409587,-54.349989,38767.0,215439.77509041643,81
286274676,286274676,eastbound,B78X,KORD,EDDF,26:45:36.88,31:36:49.48,49.259252,-53.493166,40489.0,215492.344683541,82
286275025,286275025,eastbound,B789,KMCO,EGKK,26:47:25.63,32:48:11.01,37.935709,-66.649641,40585.0,196888.2233527871,99
286274947,286274947,eastbound,A333,KCLE,EIDW,26:48:20.83,30:39:10.74,48.882652,-52.667348,39188.0,187815.90656864908,67
286274959,286274959,eastbound,B77L,CYYZ,LSZH,26:48:23.99,31:29:11.16,48.469727,-52.538653,42358.0,238507.89249414235,84
286272906,286272906,eastbound,B772,KLAX,LFPG,26:48:26.24,31:15:03.86,50.405916,-53.354034,39377.0,212185.2973549689,59
286275237,286275237,eastbound,B772,KIAD,LIRF,26:48:36.30,32:42:06.07,42.198307,-65.235135,38150.0,234783.8166394121,93
286275399,286275399,eastbound,A333,KBOS,EIDW,26:48:54.04,30:44:30.48,47.194957,-52.487675,38711.0,191580.3209401309,68
286275250,286275250,eastbound,A333,CYUL,LFML,26:49:10.57,31:50:56.78,45.807426,-52.880674,38538.0,191222.76242595713,83
286275527,286275527,eastbound,A333,KBOS,EIDW,26:49:46.49,31:45:48.38,43.433698,-59.582281,38134.0,194215.23834423692,82
286275049,286275049,eastbound,A359,KEWR,EDDM,26:50:42.68,32:40:05.21,43.221641,-60.649431,38994.0,229474.93401459284,100
286274739,286274739,eastbound,B789,KMIA,EPWA,26:53:12.90,33:19:40.89,38.015839,-62.914744,40003.0,202282.07990083066,85
286275066,286275066,eastbound,B764,KATL,LIPZ,26:53:39.50,33:26:40.00,41.126919,-68.274462,34648.0,180841.0376084586,90
286274272,286274272,eastbound,A339,KSLC,EHAM,26:54:18.56,31:44:14.69,60.888337,-64.475617,39818.0,205735.98265316023,72
286275177,286275177,eastbound,B772,CYYZ,BIKF,26:55:50.18,29:27:59.35,55.032605,-59.375986,40359.0,204050.2418179514,46
286275438,286275438,eastbound,B788,KPHL,LIMC,26:56:11.73,32:57:27.96,42.16751,-65.392731,41557.0,179950.0706892283,105
286275019,286275019,eastbound,B763,KEWR,BIKF,26:56:34.22,29:42:49.35,51.110058,-54.778475,41677.0,143897.8478385585,49
286275090,286275090,eastbound,B77L,KMIA,EHAM,26:58:47.13,33:05:54.25,38.178532,-64.258597,41885.0,247064.2156340236,95
286275165,286275165,eastbound,B77W,KMIA,EGLL,26:58:57.30,32:37:53.77,38.057953,-62.836517,38571.0,276385.258267256,92
286274506,286274506,eastbound,B78X,KORD,LFPG,26:59:53.81,31:27:36.33,48.431005,-52.52175,40501.0,215151.70946052897,80
286274990,286274990,eastbound,A359,CYYZ,EDDM,27:00:31.62,31:51:08.56,48.712501,-52.471376,39796.0,226097.29474706302,84
286275020,286275020,eastbound,B763,KJFK,BIKF,27:02:06.08,29:45:43.55,51.563955,-55.071689,41659.0,144069.67827077743,49
286274980,286274980,eastbound,A332,KDTW,EGLL,27:02:32.53,31:15:08.34,48.642657,-52.403527,40248.0,191897.075316835,76
286275070,286275070,eastbound,B772,KPIT,BIKF,27:03:59.61,29:35:41.94,54.18689,-57.96844,40324.0,203788.23557120023,48
286274485,286274485,eastbound,B78X,KORD,EBBR,27:04:27.43,31:35:06.04,49.419478,-52.980792,40511.0,215312.37756476275,81
286275031,286275031,eastbound,FA7X,KTEB,EDDB,27:04:38.19,32:20:32.43,48.955894,-53.135833,45671.0,18793.03090630231,89
286275369,286275369,eastbound,A333,KMCO,EGCC,27:05:16.03,33:15:33.68,38.053662,-66.592166,38922.0,190682.79904250058,98
286275204,286275204,eastbound,B772,MKJP,EGKK,27:05:17.09,33:18:24.49,29.169117,-60.811351,38692.0,228415.583473356,95
286273761,286273761,eastbound,A343,MROC,LSZH,27:05:20.33,32:44:42.62,26.373744,-43.618698,37767.0,221082.39615552794,63
286273990,286273990,eastbound,A35K,KLAS,EGCC,27:07:07.50,31:17:33.14,59.344333,-63.328867,39200.0,258788.13463953967,63
286275675,286275675,eastbound,B77L,TJBQ,EHAM,27:07:12.97,33:56:48.29,26.539659,-60.872143,41525.0,252937.7341884386,112
286274713,286274713,eastbound,A35K,KATL,EGCC,27:07:13.30,31:11:22.40,47.467233,-52.382399,39309.0,252743.4893493436,73
286275292,286275292,eastbound,A339,KJFK,LIRF,27:07:57.05,33:23:12.22,42.220452,-65.215008,38580.0,212179.71086131042,98
286274345,286274345,eastbound,B752,KDEN,BIKF,27:08:14.41,29:41:40.57,60.844509,-65.325724,40792.0,84222.12385417572,45
286275422,286275422,eastbound,B77W,KJFK,EGLL,27:08:15.71,32:37:18.16,42.499247,-63.955562,38100.0,272609.157561655,98
286275192,286275192,eastbound,B764,KATL,LFMN,27:10:05.09,33:37:39.85,41.267472,-67.853832,34611.0,180609.72403476902,93
286273853,286273853,eastbound,B772,KSFO,EHAM,27:10:10.71,31:49:23.28,62.137195,-65.33165,39198.0,216079.94877243217,67
286275491,286275491,eastbound,B789,KJFK,LOWW,27:10:11.54,33:36:05.13,41.561144,-67.865685,39460.0,207256.0195572845,108
286275310,286275310,eastbound,B764,KEWR,LFPG,27:10:33.18,32:28:01.17,44.009066,-56.955089,33910.0,172530.5919428574,90
286274877,286274877,eastbound,A339,KDTW,LFPG,27:12:14.91,32:02:20.37,46.544329,-52.725054,39931.0,201495.8225902758,84
286275026,286275026,eastbound,B789,CYYZ,EGLL,27:12:37.68,31:19:11.12,49.515804,-52.928259,41335.0,185933.02269605242,76
286274237,286274237,eastbound,B772,KDFW,LIPZ,27:12:42.76,32:02:06.06,44.881905,-52.331484,38216.0,220557.6338085239,62
286275480,286275480,eastbound,B772,KBWI,EGLL,27:13:32.33,32:34:20.93,42.7287,-62.823472,38751.0,222859.19219632127,94
286275073,286275073,eastbound,B772,KMSP,BIKF,27:13:38.87,29:40:32.77,59.28195,-63.503514,40382.0,202881.21599994053,45
286274464,286274464,eastbound,B788,MMMX,LFPG,27:14:03.73,33:29:47.26,40.383218,-68.157082,41549.0,169679.38180078624,79
286274151,286274151,eastbound,A388,KDEN,EDDM,27:14:07.82,31:56:04.49,50.982315,-54.448874,39383.0,474021.2851933176,65
286275114,286275114,eastbound,B77W,CYYZ,LFPG,27:14:38.87,31:43:05.18,48.206084,-52.564027,40151.0,265575.3399797934,82
286275684,286275684,eastbound,B772,CYHZ,LFPG,27:14:50.88,31:49:56.22,46.614689,-52.930326,39461.0,218812.51781878824,82
286274567,286274567,eastbound,B752,KORD,EINN,27:15:43.76,30:52:44.12,50.065018,-53.781934,40139.0,87636.10723702531,65
286274864,286274864,eastbound,A333,KMSP,EIDW,27:15:47.15,31:05:38.50,51.960093,-55.017515,39487.0,185674.21032933836,66
286275053,286275053,eastbound,B772,KBWI,BIKF,27:16:03.95,29:50:32.55,52.544743,-56.090961,40331.0,204004.9777707432,48
286275110,286275110,eastbound,B789,CYYZ,EIDW,27:17:00.27,30:55:22.00,50.103957,-53.812498,41535.0,183872.29283667705,65
286274632,286274632,eastbound,B744,CYVR,EDDF,27:18:57.83,32:13:32.57,62.49455,-64.622633,38760.0,297170.9845376605,75
286274829,286274829,eastbound,A333,KIND,EIDW,27:18:58.91,31:11:17.30,48.93938,-52.940338,39410.0,186054.12462417939,68
286274669,286274669,eastbound,B748,KORD,ELLX,27:19:22.07,32:04:26.59,45.730784,-51.850524,37075.0,369209.1574246313,81
286273614,286273614,eastbound,A339,KSLC,LFPG,27:21:30.23,32:17:41.44,58.741538,-62.713704,39758.0,206369.53810746406,72
286275408,286275408,eastbound,A333,CYUL,EHAM,27:22:04.86,32:06:36.08,49.025194,-53.021504,38765.0,191217.55084729305,81
286275528,286275528,eastbound,A333,KEWR,LSZH,27:22:16.72,33:30:08.00,43.136229,-61.350473,38288.0,193516.34732824465,101
286275571,286275571,eastbound,A343,KBOS,EDDF,27:22:34.83,33:17:28.68,43.517353,-59.51727,37514.0,210650.83031403302,99
286275560,286275560,eastbound,A333,KJFK,LEBL,27:23:04.60,33:38:52.08,42.111322,-66.046006,38190.0,195478.32544236773,104
286275262,286275262,eastbound,B772,KMCO,EGKK,27:23:15.57,33:21:24.96,37.959654,-66.410945,38639.0,227157.41083650812,98
286274932,286274932,eastbound,A332,KATL,EDDF,27:23:31.01,34:01:42.13,41.12171,-67.992936,38994.0,204417.60212229507,99
286274004,286274004,eastbound,B748,KSFO,EDDF,27:26:31.80,32:18:59.31,60.33882,-63.720317,38072.0,369029.68540594116,66
286274494,286274494,eastbound,A333,KJFK,EGCC,27:26:33.51,31:45:57.50,45.948082,-52.299507,38863.0,190340.43350694666,75
286274416,286274416,eastbound,B77W,KDFW,EGLL,27:26:50.27,31:34:55.78,49.919588,-53.200808,40192.0,264191.2129487645,67
286275115,286275115,eastbound,B772,MMUN,EGKK,27:27:15.04,33:25:29.34,38.115207,-66.34999,38533.0,227007.69853115053,86
286274654,286274654,eastbound,B788,KORD,LGAV,27:28:23.87,32:07:44.12,47.003402,-52.806343,41230.0,175389.3015377937,60
286275477,286275477,eastbound,A333,KJFK,LFPG,27:28:37.85,33:26:48.82,42.893582,-62.254051,38307.0,194041.9041351005,100
286274421,286274421,eastbound,A333,CYYC,EDDF,27:31:20.19,32:45:03.32,61.81074,-64.423505,39744.0,184338.62217966124,78
286275251,286275251,eastbound,A35K,KJFK,EGLL,27:31:50.83,32:54:43.95,43.001431,-61.587811,38698.0,253868.92221230658,93
286275590,286275590,eastbound,A345,KJFK,LIMC,27:33:25.82,33:34:52.86,42.553028,-63.656044,38445.0,280322.4316189476,105
286273910,286273910,eastbound,B748,KLAX,EDDF,27:35:27.41,32:32:40.90,61.037106,-65.633076,38186.0,368127.68346291204,66
286275018,286275018,eastbound,B772,KORD,BIKF,27:37:43.20,30:07:42.55,56.464123,-60.806761,40318.0,203390.8751475571,46
286275728,286275728,eastbound,A388,KJFK,LIMC,27:38:29.08,33:34:30.32,42.170147,-65.595773,38591.0,460346.16098221956,106
286275419,286275419,eastbound,A333,CYUL,LFPG,27:38:53.90,32:24:20.41,47.919334,-52.3653,38774.0,191081.95497359597,82
286275469,286275469,eastbound,B763,KEWR,EGLL,27:38:59.52,32:37:01.45,43.932502,-56.804013,38389.0,153624.68601279674,85
286275045,286275045,eastbound,B772,KIAD,BIKF,27:40:20.63,30:12:36.28,53.308841,-56.706869,40329.0,203791.64755321053,47
286274054,286274054,eastbound,A359,KPHX,LFPG,27:42:47.95,32:15:03.77,50.27143,-53.441799,40099.0,228365.17223326414,61
286275269,286275269,eastbound,A333,KJFK,EIDW,27:43:06.81,31:43:21.74,46.097053,-52.44781,38859.0,190367.36608744843,67
286273454,286273454,eastbound,B763,KIAH,EHAM,27:43:50.17,32:23:34.68,48.76774,-51.873511,40385.0,156283.64635630857,69
286274781,286274781,eastbound,B752,KORD,EGPH,27:44:14.85,31:44:19.75,50.56289,-54.308834,39998.0,88525.95621416037,72
286274055,286274055,eastbound,B77W,KSFO,LFPG,27:44:26.52,32:32:04.83,58.978477,-62.861326,39775.0,270937.4772039539,68
286275012,286275012,eastbound,A333,KIAD,EIDW,27:44:30.69,31:43:27.55,46.99104,-52.889348,39096.0,188536.4301651587,68
286275877,286275877,westbound,B77L,EBLG,KMEM,27:44:50.25,32:17:50.23,55.662327,-8.904232,41412.0,254906.7438514511,71
286275293,286275293,eastbound,A332,CYYZ,LIPZ,27:45:08.09,32:40:37.05,46.725682,-52.786144,39513.0,198872.34436024245,81
286274594,286274594,eastbound,A332,KSLC,EGLL,27:46:01.39,32:12:54.11,59.452148,-62.80702,40064.0,197092.90680917405,69
286275509,286275509,eastbound,A333,KJFK,LIMC,27:46:46.45,34:04:18.20,42.474982,-64.160096,38282.0,194763.72961038706,104
286275551,286275551,eastbound,B788,KBOS,EGLL,27:47:09.53,32:06:56.56,46.361612,-52.886518,42540.0,167251.72713268944,78
286274390,286274390,eastbound,B772,KAUS,EGLL,27:48:26.13,32:02:11.80,47.055033,-52.150062,39416.0,212251.945343928,65
286273500,286273500,eastbound,B772,KSFO,LSZH,27:49:25.67,32:48:18.15,57.939461,-62.250207,38958.0,219342.6263822544,63
286275299,286275299,eastbound,A333,CYYZ,EDDF,27:50:51.92,32:53:31.62,48.553591,-52.645176,39030.0,188986.3322891338,85
286275374,286275374,eastbound,B789,CYYZ,LIRF,27:51:00.32,32:33:41.26,46.799471,-53.032947,40607.0,194204.9356437105,77
286274984,286274984,eastbound,B772,KORD,EGLL,27:51:43.75,31:59:59.19,49.380601,-53.374116,39537.0,213288.41544915744,76
286275278,286275278,eastbound,B772,KRDU,BIKF,27:52:47.28,30:26:30.15,52.253209,-55.273529,40297.0,203673.95613197456,47
286274850,286274850,eastbound,A333,KATL,EKCH,27:52:55.73,33:00:31.19,49.706333,-52.879356,39675.0,184346.98429056397,79
286275350,286275350,eastbound,A333,KJFK,EGPH,27:53:36.36,32:20:51.97,44.833143,-52.476489,38841.0,190465.17555317938,76
286273455,286273455,eastbound,B772,KIAH,EGLL,27:55:25.46,31:58:24.95,48.819428,-51.848945,39524.0,210652.47634728323,63
286275424,286275424,eastbound,B764,KJFK,EGLL,28:00:42.51,32:59:24.02,44.050306,-57.127287,34256.0,170687.36718769523,85
286275637,286275637,eastbound,A333,CYUL,EGKK,28:01:10.38,32:25:15.07,48.876459,-52.779798,38748.0,191352.99780684896,75
286275329,286275329,eastbound,A339,KATL,LIRF,28:01:37.39,34:38:09.46,40.860512,-67.84691,38537.0,215815.8680818724,87
286276170,286276170,eastbound,B772,CYYT,EGKK,28:02:00.00,32:00:30.99,48.05,-49.798056,39812.0,215388.0,70
286274362,286274362,eastbound,B77W,KLAX,EGLL,28:02:00.21,32:22:51.03,59.382149,-62.672066,40056.0,267558.1721447199,63
286275726,286275726,eastbound,A332,CYUL,LFBD,28:04:00.89,32:38:54.39,46.889746,-52.547448,40122.0,192201.34250070248,81
286275339,286275339,eastbound,B763,KJFK,EIDW,28:05:38.70,31:59:57.16,46.649845,-52.285369,40933.0,149889.51034563783,69
286276311,286276311,eastbound,B77W,KJFK,LFPG,28:05:57.82,34:17:35.37,41.380606,-68.579128,37944.0,279508.08131577447,110
286274565,286274565,eastbound,B789,KSFO,EGLL,28:06:14.69,32:28:02.06,62.261239,-64.43947,40998.0,182060.23719351387,65
286275169,286275169,eastbound,FA7X,KTEB,LIRN,28:06:25.14,33:02:09.33,45.263312,-52.076314,44964.0,19823.585965697766,76
286275718,286275718,eastbound,A359,KBOS,LFPG,28:07:05.47,32:49:00.99,45.348588,-52.350666,40150.0,221183.9616036207,84
286275552,286275552,eastbound,A333,KBOS,EGKK,28:07:31.98,33:02:25.58,44.320031,-54.999578,38174.0,192589.20852933207,81
286275368,286275368,eastbound,B772,KDTW,LFPG,28:08:00.10,32:41:00.46,46.463712,-52.417071,39372.0,216073.79931060097,83
286275524,286275524,eastbound,A343,KJFK,EDDF,28:08:42.96,34:21:56.76,43.036618,-61.591013,37471.0,212525.3307945421,104
286275636,286275636,eastbound,B772,MYNN,EGLL,28:10:53.28,33:43:13.25,37.796083,-61.244186,38868.0,224000.0694009791,90
286272723,286272723,eastbound,B77W,KLAX,EGLL,28:12:38.72,32:33:42.80,59.29088,-62.736024,40053.0,267603.8093421118,63
286275342,286275342,eastbound,B763,KJFK,EGPH,28:13:30.22,32:36:01.32,44.996816,-52.646668,39093.0,150411.73998281697,75
286275668,286275668,eastbound,A339,KTPA,EGLL,28:14:11.97,34:28:29.48,39.8403,-67.849326,39371.0,208220.20819051,96
286274325,286274325,eastbound,B772,KDFW,LFPG,28:15:58.75,32:46:32.87,46.56047,-51.957064,39312.0,214001.38587166328,68
286275221,286275221,eastbound,B752,KMSP,BIKF,28:16:27.31,30:50:17.62,58.640427,-62.775276,40844.0,84278.24235686741,44
286275805,286275805,eastbound,A333,KBOS,EHAM,28:17:14.45,33:14:32.19,45.90164,-52.872962,38664.0,191868.7344522649,83
286275471,286275471,eastbound,A333,CYYZ,LKPR,28:20:20.48,33:28:36.87,48.622807,-52.430141,39034.0,188957.95618740423,84
286275211,286275211,eastbound,A333,KMSP,EHAM,28:21:08.67,33:06:01.00,51.518951,-55.05213,39469.0,185718.7050684396,80
286274891,286274891,eastbound,B77W,KORD,LSZH,28:21:26.55,32:59:57.06,48.084831,-51.767236,39876.0,269117.1487062809,76
286274221,286274221,eastbound,B77W,KLAX,LFPG,28:21:51.77,32:48:48.68,50.225696,-53.354839,40099.0,265684.5649073753,59
286275479,286275479,eastbound,A332,CYYZ,LIRF,28:22:06.80,33:07:53.27,46.451285,-52.255992,39394.0,200147.16290924902,76
286274968,286274968,eastbound,B789,CYYC,LFPG,28:22:35.43,33:11:23.00,60.634735,-63.76124,41048.0,186217.69269894128,78
286275710,286275710,eastbound,B764,KJFK,LFPG,28:23:54.70,33:52:18.18,43.585451,-58.751142,34010.0,173413.30730276316,93
286275896,286275896,eastbound,B752,KEWR,EINN,28:24:02.79,32:54:49.11,43.683602,-58.542619,37157.0,90481.68286777945,77
286274760,286274760,eastbound,B789,KDEN,EGLL,28:24:41.66,32:33:41.52,52.146144,-54.955144,41265.0,180388.62012125002,67
286275651,286275651,eastbound,A332,CYYZ,EHAM,28:27:17.91,33:03:33.39,49.692806,-53.855478,40049.0,193493.9673682518,83
286275512,286275512,eastbound,A339,KMIA,EDDF,28:28:09.37,34:56:38.18,38.203408,-61.460101,39039.0,211243.92089262063,89
286275876,286275876,eastbound,A339,KBOS,EGLL,28:30:34.59,33:04:09.86,45.624591,-52.808596,40137.0,198617.39327202615,79
286275036,286275036,eastbound,B77W,MPTO,EHAM,28:30:48.05,35:09:04.81,28.364096,-60.450006,38990.0,284669.4010550144,89
286275743,286275743,eastbound,B789,CYUL,EGLL,28:30:55.68,32:38:58.60,49.338655,-53.177038,41367.0,187663.14393156496,76
286275035,286275035,eastbound,B77L,KMEM,LFPG,28:31:18.90,33:01:39.75,46.949287,-52.216067,42433.0,234225.12886392526,74
286275658,286275658,eastbound,B772,CYYZ,EIDW,28:31:23.19,32:09:01.25,50.005597,-53.704328,39806.0,211128.83227765927,68
286275672,286275672,eastbound,B763,KIAD,LIRF,28:31:47.06,34:31:10.44,42.713924,-62.980975,38041.0,163758.71091342185,91
286275975,286275975,eastbound,A35K,KEWR,LFPO,28:32:20.11,33:58:51.03,43.712484,-58.268859,38459.0,254874.80891230053,95
286275713,286275713,eastbound,B788,CYYZ,EPWA,28:32:29.55,33:32:09.05,52.258577,-56.005627,41865.0,172398.80179720165,85
286275349,286275349,eastbound,B789,CYYC,EGPH,28:33:19.07,32:24:42.18,63.757891,-65.634697,41373.0,183267.4644820348,71
286275429,286275429,eastbound,A35K,KJFK,EGLL,28:33:50.57,33:01:41.88,44.936121,-52.639921,39227.0,250679.37135381103,79
286274399,286274399,eastbound,B772,KSFO,LFPG,28:34:48.51,33:24:16.58,60.328254,-64.690877,39109.0,217360.0594737628,68
286275461,286275461,eastbound,B788,KPIT,EGLL,28:35:02.48,32:46:31.50,48.582917,-52.94043,42504.0,164231.78178768134,77
286275516,286275516,eastbound,A332,KDTW,EIDW,28:35:45.95,32:21:08.13,49.225009,-53.423224,40496.0,189232.68267140826,68
286275688,286275688,eastbound,B789,KPHL,EGLL,28:36:00.91,32:59:32.73,45.301783,-52.590361,41265.0,187446.59414517725,80
286275994,286275994,eastbound,B77W,KJFK,EGLL,28:36:23.27,33:46:16.62,43.187906,-60.833281,38158.0,270260.40280927916,91
286275900,286275900,eastbound,A359,CYUL,EDDM,28:38:04.39,33:32:01.03,48.530511,-52.926325,39829.0,225069.40980960638,86
286275240,286275240,eastbound,B789,CYYC,LEBL,28:38:57.71,33:44:43.51,61.50552,-65.138978,40708.0,190558.40881698756,75
286275813,286275813,eastbound,B789,CYUL,EGLL,28:40:10.53,32:48:03.56,50.145375,-53.675132,41367.0,187735.6391906423,76
286274128,286274128,eastbound,A359,KLAX,LIRF,28:40:10.86,33:22:48.63,49.412465,-53.416107,39791.0,232936.39118379419,51
286274833,286274833,eastbound,B789,KDEN,LIRF,28:40:29.34,33:13:06.47,49.509075,-52.832649,40497.0,189679.1324676991,60
286276093,286276093,eastbound,B763,KEWR,EGLL,28:40:41.24,33:45:45.57,43.840447,-57.574774,38301.0,153885.63565432277,87
286275780,286275780,eastbound,B789,KMIA,EGLL,28:42:29.83,34:34:38.95,37.916661,-64.876904,40657.0,195427.05030559446,94
286275714,286275714,eastbound,B77L,CYYZ,EGLL,28:42:58.06,32:50:25.57,49.774671,-53.52785,42769.0,232558.9483048663,76
286275687,286275687,eastbound,B752,KIAD,EIDW,28:44:08.45,33:29:16.19,43.439651,-59.404638,37141.0,91413.07821563697,81
286274305,286274305,eastbound,A35K,KLAX,EGLL,28:45:55.52,33:00:57.68,50.612207,-54.312369,39278.0,259250.6530348172,57
286275321,286275321,eastbound,A333,KORD,EKCH,28:46:42.76,33:51:37.36,54.678673,-58.276676,39337.0,187005.34414084273,86
286275403,286275403,eastbound,B789,KORD,EGLL,28:48:30.66,33:00:17.02,50.652947,-54.455999,41257.0,184594.6998343977,78
286275690,286275690,eastbound,B772,CYYZ,EGPH,28:48:35.42,32:34:46.33,50.80768,-54.418587,39753.0,212026.44122738295,70
286275203,286275203,eastbound,A333,KATL,EIDW,28:51:51.90,32:57:01.45,45.756311,-52.744795,39560.0,185238.1158879649,69
286275322,286275322,eastbound,B788,KORD,EIDW,28:52:03.66,32:34:00.27,50.694065,-54.235336,42702.0,160451.0421934812,69
286274134,286274134,eastbound,A339,KSFO,LIRF,28:52:22.09,33:52:38.07,51.693942,-55.126521,40141.0,202992.1248382303,53
286274867,286274867,eastbound,A359,KDEN,EDDF,28:52:58.88,33:38:25.71,50.890573,-53.625525,39979.0,227562.14766354408,67
286276470,286276470,eastbound,E550,KLGA,EGSS,28:53:26.76,33:23:59.65,47.667289,-52.447999,43476.0,9979.377581096009,77
286275893,286275893,eastbound,A333,KBOS,EGPH,28:53:32.85,33:05:40.62,47.288594,-52.385548,38723.0,191479.3377843905,73
286275767,286275767,eastbound,B789,CYYZ,EGLL,28:55:54.22,33:05:24.38,49.494382,-53.595083,41314.0,186320.36889663298,77
286275317,286275317,eastbound,A333,TNCB,EHAM,28:57:58.11,34:52:28.74,26.421493,-43.109487,39597.0,184853.1008912401,84
286275276,286275276,eastbound,A333,KMSP,LIRF,28:59:10.73,33:49:12.53,49.056465,-51.946715,39575.0,184678.84917177472,66
286275762,286275762,eastbound,B772,KJFK,EPWA,29:02:39.65,34:10:13.99,46.534024,-52.81991,38822.0,225632.0532936831,88
286275052,286275052,eastbound,B744,KORD,ELLX,29:03:53.49,33:53:23.64,46.763828,-52.81349,38977.0,289180.2036635471,82
286274284,286274284,eastbound,B77W,SPJC,EHAM,29:04:08.38,34:32:42.42,26.067906,-41.915616,39540.0,275539.1570200069,62
286274962,286274962,eastbound,B789,KDEN,LFPG,29:05:57.62,33:34:44.52,50.415274,-53.78477,41124.0,181685.22634385782,68
286274825,286274825,eastbound,B78X,KLAX,EHAM,29:06:55.11,33:47:57.42,60.032235,-64.481392,41078.0,207400.7499907716,66
286278136,286278136,westbound,B763,EGNX,KPHL,29:07:08.83,34:16:35.00,55.081217,-8.212351,39903.0,158286.61331309646,87
286275466,286275466,eastbound,B788,KPHL,EKCH,29:07:31.99,34:02:47.66,49.135861,-53.201286,42194.0,169048.58401506027,89
286275857,286275857,eastbound,B764,KIAD,LFPG,29:07:36.25,34:36:08.85,43.649848,-58.760699,34406.0,173846.6812705738,93
286276345,286276345,eastbound,B763,KBOS,EIDW,29:07:48.67,33:04:17.84,46.633521,-52.570824,40917.0,149785.81265193332,69
286276048,286276048,eastbound,A359,CYUL,LFPO,29:07:54.38,33:49:50.98,47.083361,-52.377091,40215.0,220654.18734018126,84
286275080,286275080,eastbound,A339,KSEA,EHAM,29:08:37.44,33:53:54.84,62.789086,-64.248728,39954.0,204558.15858406393,71
286274918,286274918,eastbound,B772,KLAS,EGLL,29:09:20.83,33:32:32.36,59.264719,-63.299826,39384.0,214043.60097582015,65
286274787,286274787,eastbound,B789,KLAX,EGLL,29:09:36.93,33:31:19.10,59.306698,-62.583575,41106.0,180013.52944581222,62
286275727,286275727,eastbound,A333,KDTW,EHAM,29:10:38.14,33:55:26.38,48.890152,-52.758822,39230.0,187439.02698411635,83
286275436,286275436,eastbound,B763,KJFK,EGKK,29:11:15.04,33:51:37.23,44.561844,-53.531726,38392.0,152542.8971580869,79
286275654,286275654,eastbound,B772,KIAD,EDDF,29:11:18.00,34:29:58.32,44.018178,-56.601861,38447.0,222984.65167526584,93
286276030,286276030,eastbound,B772,CYYZ,BIKF,29:11:25.36,31:43:20.45,54.973176,-59.218225,40361.0,203992.25920775946,46
286275501,286275501,eastbound,B764,KATL,EGLL,29:13:10.60,34:29:49.03,43.313443,-60.022415,34749.0,174083.71125280054,86
286274744,286274744,eastbound,A388,KSFO,EGLL,29:13:32.05,33:31:36.42,62.473493,-64.260126,39653.0,474227.74903188465,64
286275077,286275077,eastbound,B77W,KDFW,EGLL,29:15:08.02,33:23:20.13,50.070064,-53.381223,40198.0,264139.7563519294,67
286276366,286276366,eastbound,B77W,KJFK,EGLL,29:17:20.10,34:40:28.12,42.6962,-62.998167,38164.0,271695.3070887749,95
286276234,286276234,eastbound,A332,CYUL,LFLL,29:17:25.08,34:06:30.38,46.925879,-52.554065,39902.0,194453.0412172337,84
286275721,286275721,eastbound,A388,KIAD,EDDM,29:19:11.67,34:08:07.50,45.69244,-52.427678,39323.0,459660.93853052554,82
286274705,286274705,eastbound,A339,KSFO,EDDF,29:19:26.18,34:30:59.65,61.282173,-64.76785,39873.0,205891.82910853805,67
286275538,286275538,eastbound,B772,KBNA,BIKF,29:20:19.76,31:51:23.96,54.47122,-58.20809,40273.0,202978.1858364042,47
286275076,286275076,eastbound,A35K,KDEN,EGLL,29:20:56.36,33:33:31.19,50.571361,-53.773214,39260.0,255535.33957050875,66
286276396,286276396,eastbound,B772,KCLT,EGLL,29:21:02.13,35:16:36.42,41.173437,-68.555999,38841.0,226847.29746967496,106
286275653,286275653,eastbound,B752,KORD,BIKF,29:21:55.70,31:59:15.09,56.545267,-61.093119,40761.0,84481.09746082003,48
286275629,286275629,eastbound,A359,KIAD,EKCH,29:22:31.05,34:20:52.84,49.290956,-53.575911,39937.0,224872.78671275545,90
286274896,286274896,eastbound,B77W,KLAX,EGLL,29:22:55.66,33:43:49.70,59.250421,-62.60382,40056.0,267571.105862527,63
286276373,286276373,eastbound,A333,CYUL,LFBO,29:23:26.74,34:16:06.87,46.559573,-52.338017,38762.0,191063.35183943072,82
286275818,286275818,eastbound,B772,CYYZ,EGLL,29:24:16.02,33:32:32.70,49.168987,-53.251525,39566.0,214458.72077964348,76
286275367,286275367,eastbound,B77W,CYUL,LFPG,29:24:51.47,33:54:04.08,49.019359,-52.875911,40197.0,266148.6827577789,81
286275843,286275843,eastbound,B772,CYYZ,BIKF,29:27:34.25,31:58:46.22,55.491245,-59.640152,40368.0,203908.53839340503,47
286276771,286276771,westbound,B77L,EDDP,KCVG,29:28:36.18,34:09:42.83,57.832775,-7.947796,41628.0,249704.0464199353,79
286276651,286276651,eastbound,B77W,KEWR,LGAV,29:29:00.03,34:43:34.21,43.757902,-58.186452,37413.0,289829.96679651336,75
286275290,286275290,eastbound,B772,KDFW,EIDW,29:30:27.10,33:10:21.85,49.898949,-54.140627,39684.0,209155.26565800008,62
286277674,286277674,eastbound,B789,KJFK,LIRF,29:30:53.99,35:46:20.54,41.594163,-67.885714,39537.0,206643.5855371377,103
286276122,286276122,westbound,B789,LIRF,KORD,29:36:06.66,33:58:44.97,53.231253,-13.94894,40514.0,196124.91427321406,66
286276399,286276399,eastbound,A333,CYUL,LEMD,29:36:21.10,34:19:24.64,45.328103,-52.479833,38629.0,191060.89897348732,80
286275699,286275699,eastbound,B764,KATL,LFPG,29:36:44.36,36:05:26.47,41.043843,-68.563924,34584.0,179760.44421574977,103
286275938,286275938,eastbound,A333,KJFK,EFHK,29:36:57.44,35:02:56.47,50.969261,-54.534323,38935.0,190154.8477959973,92
286275582,286275582,eastbound,B772,KIAH,EDDF,29:37:50.85,34:28:54.78,46.628525,-52.488798,39061.0,217993.40230054074,68
286274701,286274701,eastbound,B789,KLAX,EGKK,29:39:10.44,33:51:40.50,50.750628,-54.133009,41267.0,175884.00401745352,57
286275882,286275882,eastbound,A332,CYYZ,EGKK,29:40:28.43,33:58:22.63,48.691619,-52.714004,40239.0,191522.08609952618,75
286276110,286276110,eastbound,B772,KJFK,BIKF,29:40:40.99,32:12:26.80,52.884844,-55.794186,40370.0,203930.95413311347,46
286275747,286275747,eastbound,B763,KORD,EGLL,29:42:32.72,34:01:30.94,50.539701,-53.951367,40656.0,152767.7754198754,77
286277793,286277793,eastbound,B744,KJFK,EBBR,29:45:24.20,35:34:25.59,42.397543,-64.365593,38089.0,295501.72064108425,104
286275626,286275626,eastbound,A339,KJFK,EGLL,29:45:39.69,34:16:18.83,45.909896,-52.467903,40111.0,199120.6764702574,78
286276238,286276238,eastbound,A35K,KJFK,EGLL,29:46:02.13,34:13:48.46,45.039932,-52.801787,39225.0,250726.1140891861,78
286274761,286274761,eastbound,B763,KLAX,BIKF,29:46:09.83,32:14:06.90,62.314493,-65.163285,41501.0,147414.31213320376,43
286274961,286274961,eastbound,A359,KSAN,EDDM,29:48:54.91,34:49:03.19,58.914102,-63.498998,39603.0,234926.77070662586,61
286274835,286274835,eastbound,A343,KDEN,LSZH,29:49:40.45,34:42:03.79,49.796016,-52.764787,38134.0,214692.78519962827,64
286275858,286275858,eastbound,B772,CYHZ,EHAM,29:50:19.92,34:28:10.82,47.006844,-52.957108,39463.0,218908.85727120706,83
286274788,286274788,eastbound,B77W,KSAN,EGLL,29:50:33.20,33:56:36.34,50.771775,-53.726733,40268.0,262931.72306717135,57
286276209,286276209,eastbound,B752,KEWR,EIDW,29:51:27.50,34:09:41.26,44.317858,-54.971013,37089.0,89792.43795238966,72
286275887,286275887,eastbound,B772,KATL,EGLL,29:52:20.02,34:59:12.28,43.237514,-60.207819,38797.0,220102.4497848757,88
286276145,286276145,eastbound,B772,KIAD,BIKF,29:55:01.82,32:26:54.21,53.306114,-56.557711,40325.0,203948.97122266568,46
286275803,286275803,eastbound,B772,CYYC,EGLL,29:55:48.97,34:27:08.25,61.416408,-65.722004,39349.0,216951.01706388715,79
286276523,286276523,eastbound,B763,KJFK,EINN,29:56:21.64,33:43:28.31,45.619034,-52.442946,41054.0,148843.52658085135,66
286275791,286275791,eastbound,B744,KORD,ELLX,29:56:28.44,34:45:33.96,47.017779,-52.88155,38976.0,289225.98537588544,82
286275835,286275835,eastbound,B789,KORD,EPWA,30:00:52.93,34:52:01.30,54.716873,-57.43611,40667.0,192205.94885337376,77
286275531,286275531,eastbound,A359,MROC,LFPG,30:01:21.64,36:38:53.92,28.596617,-60.728832,39145.0,237122.27982392663,85
286276214,286276214,westbound,A35K,LIRF,KIAD,30:01:27.33,34:51:23.94,52.02582,-13.358546,38650.0,261500.55239718832,78
286276517,286276517,eastbound,A333,CYYZ,EHAM,30:03:24.38,34:49:15.20,49.423902,-53.495234,39003.0,189250.006788033,83
286278172,286278172,westbound,B748,EDDK,KPHL,30:03:38.29,35:11:09.45,56.63649,-7.630275,37196.0,376858.4617541353,94
286275830,286275830,eastbound,A359,KORD,EDDM,30:04:11.89,34:56:34.03,47.15506,-52.118909,39768.0,227297.7259435244,75
286276037,286276037,eastbound,B772,KATL,LFPG,30:07:18.91,36:00:32.99,42.130897,-65.44962,38629.0,226384.07820792057,97
286276147,286276147,eastbound,B772,KORD,BIKF,30:08:29.69,32:37:44.49,56.123078,-60.062237,40341.0,202908.4041705444,46
286275383,286275383,eastbound,A343,MROC,EDDF,30:09:13.32,37:15:36.57,29.63552,-60.515197,37012.0,226648.08521314958,82
286275806,286275806,eastbound,B788,KORD,LIMC,30:10:59.32,34:54:21.03,47.471561,-52.168351,42041.0,166842.44216419896,75
286276646,286276646,eastbound,B789,KJFK,ENGM,30:11:33.67,34:48:01.27,50.448401,-54.460457,41137.0,189528.8534184334,82
286275154,286275154,eastbound,A333,KSFO,EIDW,30:12:23.24,34:20:18.34,60.426327,-64.145975,40410.0,178803.76643733427,62
286276158,286276158,eastbound,B752,KIAD,EGPH,30:16:05.92,34:14:11.10,49.080957,-53.184696,39996.0,88894.71070303257,71
286275072,286275072,eastbound,A388,KLAX,EDDM,30:16:10.20,35:12:01.46,59.340424,-63.140048,39254.0,487445.90088554256,61
286276304,286276304,westbound,A359,LIRF,CYYZ,30:16:48.81,34:52:51.30,53.780697,-12.405803,39711.0,228658.1141108982,76
286278586,286278586,westbound,B744,EBLG,KATL,30:17:40.35,35:08:55.66,55.598837,-8.478588,37863.0,308096.7995197119,78
286276529,286276529,eastbound,B763,KJFK,BIKF,30:18:36.23,32:59:19.54,52.448518,-55.750751,41646.0,144139.12804742387,48
286276547,286276547,eastbound,A359,KMIA,LFPG,30:19:59.72,36:22:34.92,38.239001,-62.995002,39478.0,231205.0766313298,93
286276567,286276567,eastbound,A333,CYYZ,EGCC,30:20:02.80,34:28:22.34,49.622469,-53.176334,39020.0,189138.38254018372,73
286274655,286274655,eastbound,A339,KSFO,LPPT,30:20:12.91,34:36:10.19,47.859127,-52.298155,40225.0,201930.60615150616,55
286274981,286274981,eastbound,A359,KLAX,LFPG,30:22:18.53,34:56:13.21,50.101558,-53.831458,40143.0,228664.74907487858,59
286276004,286276004,eastbound,B772,KEWR,EGLL,30:22:48.91,34:41:41.12,46.683028,-52.716747,39545.0,215087.57498600474,79
286276701,286276701,eastbound,B789,KJFK,EGLL,30:24:20.78,34:44:48.57,45.511085,-52.710291,41282.0,187766.15558426885,79
286275492,286275492,eastbound,A339,KSEA,LFPG,30:26:13.75,35:24:21.28,60.830033,-64.09153,39839.0,205777.5706103666,72
286275046,286275046,eastbound,A339,KLAX,EDDF,30:26:19.87,35:34:28.55,58.92965,-62.422579,40024.0,205013.56626460294,63
286276852,286276852,eastbound,B77W,CYYZ,EGLL,30:28:03.91,34:35:21.08,49.363203,-53.175148,40350.0,263050.89236016583,76
286275655,286275655,eastbound,B752,KDEN,BIKF,30:28:36.95,33:02:15.85,60.741239,-65.264976,40776.0,84210.53427418279,47
286276666,286276666,eastbound,A333,CYYZ,EIDW,30:31:21.67,34:21:01.28,49.91226,-53.4231,39019.0,189161.06417445056,67
286275705,286275705,eastbound,B78X,KORD,EGLL,30:33:14.36,34:41:28.06,49.770731,-53.655417,40484.0,215513.92757394153,77
286276219,286276219,eastbound,B78X,KCVG,EGLL,30:35:28.87,34:50:07.02,46.943406,-52.805222,40450.0,215600.09651385696,78
286276300,286276300,eastbound,B789,KORD,EGLL,30:37:40.27,34:49:21.13,50.581393,-54.400144,41256.0,184567.15954074336,78
286278235,286278235,eastbound,B77W,CYQB,LFPG,30:43:01.96,35:13:14.01,48.363165,-52.893603,40257.0,265280.6238805399,81
286275829,286275829,eastbound,B77W,KATL,EHAM,30:47:01.14,35:26:19.96,45.646698,-52.294361,40041.0,267302.77183787455,78
286275739,286275739,eastbound,B78X,KPDX,EGLL,30:49:37.97,35:10:54.68,62.671471,-64.438769,41093.0,210745.02181041657,70
286275943,286275943,eastbound,B77L,KATL,EDDF,30:50:41.74,35:41:41.90,45.543059,-51.898797,42144.0,238278.07187219075,76
286275677,286275677,eastbound,B789,MMMX,LIRF,30:51:00.58,36:58:08.18,41.865809,-66.845952,39865.0,196745.69335052522,67
286275670,286275670,eastbound,B789,CYYC,EGLL,30:51:44.61,35:15:55.68,62.494824,-65.288589,41203.0,184582.5778602903,76
286278009,286278009,eastbound,A333,CYUL,LEBL,30:52:33.81,35:43:08.01,46.482845,-52.927628,38728.0,191320.01323558044,82
286277146,286277146,eastbound,B772,KIAD,EGLL,30:56:52.59,35:15:09.97,45.53369,-52.652358,39482.0,215390.44453029317,79
286278141,286278141,eastbound,B772,KJFK,EHAM,30:57:07.17,35:38:35.00,45.425666,-52.331625,39370.0,217896.64995721576,85
286274957,286274957,eastbound,B789,KLAX,LIRF,30:57:43.67,35:33:45.94,47.968394,-52.318903,40673.0,182459.0024014354,50
286276090,286276090,eastbound,B763,KATL,EGPH,30:59:03.17,35:18:24.27,45.591009,-52.522555,40835.0,151865.1605379121,74
286275752,286275752,eastbound,B772,KDFW,EGLL,31:00:19.88,35:09:08.09,49.8299,-53.29235,39447.0,212675.43145236527,67
286275809,286275809,eastbound,A333,KSEA,EIDW,31:08:12.98,35:13:46.72,62.954501,-64.923027,40116.0,181674.53040077034,66
286275711,286275711,eastbound,B789,KDEN,EGLL,31:09:20.36,35:26:20.80,57.360142,-60.527235,41099.0,184780.9718596333,72
286276267,286276267,eastbound,A343,KORD,EDDF,31:12:22.89,36:17:26.92,49.126666,-53.363476,38146.0,210782.29780558057,82
286275962,286275962,eastbound,B78X,KMSY,EGLL,31:15:01.34,35:26:43.46,46.402122,-51.865619,41001.0,211063.3388019105,68
286275748,286275748,eastbound,B789,KDEN,EDDM,31:16:42.15,35:57:53.10,50.734985,-53.318105,40762.0,186750.15757227992,66
286280207,286280207,westbound,A333,EBLG,KJFK,31:16:56.57,36:43:54.15,55.127154,-8.036055,38462.0,193794.32683085246,93
286277819,286277819,eastbound,B752,KEWR,EGPH,31:18:46.76,35:19:22.95,48.136822,-52.859652,39958.0,89377.13659568342,71
286275976,286275976,eastbound,B772,KSLC,EHAM,31:21:15.23,36:01:10.65,60.680638,-64.786733,39278.0,216630.41396033473,72
286282276,286282276,westbound,A332,LFRS,CYUL,31:22:18.23,36:52:00.68,49.22212,-6.477888,39607.0,196223.24293321584,94
286275427,286275427,eastbound,B77W,KLAX,LFPG,31:23:00.38,35:53:29.82,51.489295,-54.847114,40064.0,266703.31197489746,60
286281014,286281014,westbound,A333,EGLL,KJFK,31:24:00.33,36:36:49.95,53.95698,-9.252815,38225.0,195458.1925185039,89
286280534,286280534,westbound,GLEX,EGGW,KLGA,31:25:54.54,36:21:00.15,53.507262,-13.467152,46858.0,32310.52530488317,87
286278580,286278580,eastbound,B789,CYYZ,EHAM,31:27:41.29,35:57:23.72,50.082801,-54.104559,41161.0,188260.23707674604,83
286275535,286275535,eastbound,B748,MMMX,EDDF,31:27:57.57,36:49:56.66,43.812716,-57.652817,37741.0,368917.78251197137,66
286276057,286276057,eastbound,B77W,CYVR,EGLL,31:28:58.37,35:49:25.85,63.170057,-64.464569,40162.0,266746.054093162,71
286275502,286275502,eastbound,B772,KPHX,EGLL,31:29:26.78,35:35:59.32,50.999229,-53.648579,39554.0,209909.34628670826,59
286275991,286275991,eastbound,B772,KIAH,EGLL,31:32:22.55,35:36:14.11,49.33998,-52.409108,39415.0,212826.9861285695,65
286276881,286276881,eastbound,A339,CYYZ,EIDW,31:32:38.55,35:23:15.40,49.605613,-53.591374,40402.0,196266.3343019736,66
286281787,286281787,westbound,B763,EGLL,KEWR,31:35:03.93,36:51:12.36,53.891458,-9.196583,40041.0,157222.43040876935,89
286277535,286277535,eastbound,B788,SKBO,EGLL,31:37:19.76,38:02:31.51,26.117323,-59.632025,41536.0,173532.85009302304,88
286281972,286281972,westbound,B772,EGLL,KLAX,31:38:11.23,35:57:19.41,54.720935,-8.623105,37259.0,250257.12699101112,55
286279746,286279746,eastbound,B77L,KJFK,EDDF,31:38:12.67,36:36:31.54,45.975489,-52.631009,42271.0,239121.76060224397,89
286281270,286281270,westbound,B77L,EBLG,KIND,31:38:55.84,36:18:55.37,55.795719,-8.396407,41746.0,249991.85802807647,82
286280912,286280912,westbound,B748,EDDK,KSDF,31:40:09.11,36:11:57.36,56.520726,-8.553978,36665.0,385567.1385291969,77
286275664,286275664,eastbound,B77W,KIAH,EGLL,31:42:02.00,35:51:46.06,47.133483,-51.94493,40204.0,263456.57963306963,65
286275558,286275558,eastbound,A332,KDEN,EIDW,31:42:40.69,35:22:24.58,51.231454,-53.868133,40541.0,191485.66645296468,61
286276700,286276700,eastbound,A339,KMSP,EGLL,31:47:30.06,36:09:04.22,51.110427,-54.615567,40157.0,200018.14336280013,76
286281164,286281164,westbound,B77L,EKCH,KORD,31:47:44.09,36:25:02.67,60.563044,-3.346063,41696.0,251024.36332740448,82
286281125,286281125,westbound,B77W,EDDF,KJFK,31:52:52.98,37:07:04.73,55.87107,-7.694357,39665.0,274920.0181894593,93
286275715,286275715,eastbound,B77W,KSFO,EGLL,31:53:21.38,36:19:29.24,61.60883,-65.29681,40029.0,266877.58332114347,65
286276251,286276251,eastbound,A339,KSEA,EGLL,31:53:26.56,36:24:09.99,62.915951,-64.414242,40028.0,203711.3073337909,69
286282381,286282381,westbound,A333,LPPT,CYUL,31:54:11.79,37:19:37.53,40.693955,-13.498776,38094.0,196430.65965705158,92
286281423,286281423,westbound,B77W,LFPG,KJFK,31:54:24.07,37:10:08.03,54.262445,-7.887266,39511.0,274187.8699163711,94
286282313,286282313,westbound,A333,EGLL,KJFK,31:55:08.95,37:15:24.83,53.880407,-9.189001,38226.0,195448.3007174904,91
286275121,286275121,eastbound,B772,KSFO,LEBL,31:56:11.67,36:25:28.49,50.561592,-53.961362,39118.0,215187.36918546484,54
286282708,286282708,westbound,A333,EGLL,KBOS,31:56:52.89,37:19:02.37,53.900428,-9.205551,38224.0,195465.80813244116,88
286275694,286275694,eastbound,A333,KORD,EIDW,31:57:51.69,35:50:37.23,49.764259,-53.691272,39378.0,186247.83080674944,66
286276187,286276187,eastbound,B77W,KSEA,EGLL,31:58:52.88,36:19:36.13,63.073557,-64.326776,40160.0,266288.32548887486,70
286281781,286281781,westbound,B764,LEBL,KJFK,32:01:52.52,38:12:01.62,45.634713,-6.627425,33735.0,177197.3718589867,99
286281973,286281973,westbound,B77W,LFPG,CYUL,32:04:25.92,37:05:44.38,54.604037,-8.088647,39879.0,270979.45524643007,86
286282769,286282769,westbound,B763,EGLL,KORD,32:06:12.87,37:05:46.70,53.892492,-8.16269,39479.0,161794.32004002586,84
286282012,286282012,westbound,B789,LEMD,MMMY,32:06:58.54,37:21:18.66,41.615016,-14.012565,39349.0,213993.03038562604,68
286281570,286281570,westbound,B744,EBLG,KORD,32:06:59.35,36:44:14.82,56.010759,-7.664711,38159.0,303138.52847120457,81
286282383,286282383,westbound,B77L,EBLG,KMEM,32:09:53.62,36:41:22.98,56.045333,-9.049456,41433.0,254627.73510294195,71
286276112,286276112,eastbound,B789,KAUS,EGLL,32:10:35.25,36:21:35.53,47.381645,-52.052813,41185.0,179893.80596633468,64
286281911,286281911,westbound,B763,EKCH,KJFK,32:12:19.42,37:36:18.50,59.505634,-7.990887,40009.0,158316.67085690578,92
286282558,286282558,westbound,B77W,EGLL,KDFW,32:13:13.42,36:45:14.16,54.358883,-9.03219,38415.0,292888.58132195816,69
286282016,286282016,westbound,A339,EHAM,KATL,32:14:11.68,37:19:21.29,56.473089,-8.490545,38832.0,212440.95161893903,83
286281400,286281400,westbound,A359,LFPG,KLAX,32:14:16.84,36:32:34.03,56.041049,-8.423426,37774.0,247577.69834331394,53
286282505,286282505,westbound,A339,EGLL,KMCO,32:14:33.42,37:42:25.23,54.002801,-11.571291,38819.0,212501.3508090606,89
286275736,286275736,eastbound,B772,KSFO,EDDF,32:20:43.66,37:19:50.38,61.165315,-64.39171,39030.0,218501.7035015193,67
286284082,286284082,westbound,A333,EGPF,CYYZ,32:21:00.00,37:10:30.72,56.409167,-8.150833,37948.0,197329.4,83
286282681,286282681,westbound,B772,EGLL,KJFK,32:21:09.85,37:28:13.64,53.952783,-10.060295,39056.0,225160.48032794922,91
286275348,286275348,eastbound,A359,MMMX,LFPG,32:22:40.75,37:01:27.85,46.355547,-52.413515,39970.0,230208.9884226217,60
286275807,286275807,eastbound,B77W,KLAX,LSZH,32:23:35.20,37:07:09.87,51.398949,-54.785226,39810.0,270684.5857902116,57
286275790,286275790,eastbound,B77W,KSFO,LSZH,32:23:35.37,37:22:38.84,58.066157,-62.29314,39629.0,273180.9186165652,63
286281890,286281890,westbound,A333,LFSB,CYUL,32:25:27.57,37:38:11.83,54.216252,-8.381351,38656.0,192466.56296330033,88
286283855,286283855,westbound,B763,EGPH,KATL,32:26:00.00,37:34:05.51,56.529722,-8.389722,39215.0,163918.8,86
286282859,286282859,westbound,B77W,EGLL,CYYZ,32:26:20.30,37:10:54.79,55.585907,-8.29737,39625.0,275005.42453973833,85
286276228,286276228,eastbound,B772,KLAS,EHAM,32:27:27.24,37:05:07.60,61.101172,-64.409806,39272.0,215689.38062981647,67
286276091,286276091,eastbound,A388,KLAX,EGLL,32:28:36.27,36:50:32.31,59.463615,-63.505009,39677.0,475842.03078608186,63
286285098,286285098,westbound,B788,EGPF,MMUN,32:32:00.00,37:59:30.29,56.3925,-8.0325,40696.0,191210.0,83
286283807,286283807,westbound,B789,EGPH,CYYZ,32:35:05.70,37:13:26.76,57.43993,-8.006601,40766.0,199144.4136123395,83
286284593,286284593,westbound,B789,EIDW,CYVR,32:39:00.00,36:50:32.57,54.823889,-8.77,39767.0,210828.2,70
286284924,286284924,westbound,B752,EINN,KORD,32:39:00.00,37:18:32.19,54.445833,-11.156944,38443.0,98659.4,79
286282969,286282969,westbound,A359,EHAM,KDTW,32:39:07.96,37:21:38.62,57.081243,-7.889474,39415.0,229050.69069067168,84
286283652,286283652,westbound,B772,EGLL,KBOS,32:39:24.42,37:44:49.04,53.873555,-10.03182,39196.0,223314.74103850103,89
286281463,286281463,westbound,B78X,EDDF,KORD,32:40:33.70,37:15:49.93,56.774472,-7.974106,39844.0,221755.3971769277,79
286275921,286275921,eastbound,B789,KSFO,EGLL,32:41:26.37,37:06:06.81,60.549109,-64.139949,41059.0,180612.27627711312,64
286283334,286283334,westbound,A332,LFPG,CYUL,32:44:53.63,37:53:07.29,54.440258,-8.023915,39796.0,195161.01316001534,88
286279750,286279750,eastbound,B789,KORD,LEBL,32:46:38.15,37:21:09.57,46.746839,-52.892365,40892.0,188238.59977285253,76
286276144,286276144,eastbound,A333,KLAX,EIDW,32:46:47.07,37:00:38.42,59.665271,-63.797345,40559.0,178066.39064335753,60
286283547,286283547,westbound,B78X,EHAM,SKBO,32:49:00.20,38:40:17.46,50.717772,-6.771171,39613.0,223903.44677669575,75
286282494,286282494,westbound,B772,EDDF,KCLT,32:49:09.13,37:46:24.97,56.376764,-8.410192,38537.0,231441.4603536018,82
286282508,286282508,westbound,B763,LSGG,KEWR,32:49:50.87,38:07:22.66,53.92301,-8.929372,40068.0,157783.4720293765,90
286283207,286283207,westbound,A359,EHAM,KMSP,32:50:27.14,37:11:23.59,57.690476,-8.21784,39220.0,231315.47946314717,78
286278583,286278583,eastbound,B789,SKBO,EDDF,32:50:36.39,39:44:36.65,26.27374,-58.885972,40093.0,199074.93421872708,86
286283989,286283989,westbound,B788,LFBO,CYUL,32:53:39.06,38:16:00.09,49.523391,-6.631895,42054.0,175022.19606035456,91
286275617,286275617,eastbound,B789,MMMX,EHAM,32:54:22.06,37:29:01.18,46.906515,-52.044026,40960.0,180291.6901534384,61
286282916,286282916,westbound,A333,LFPG,KJFK,32:54:23.48,38:20:38.76,54.416609,-8.373851,38429.0,194069.58707106198,93
286284483,286284483,westbound,B772,EIDW,KEWR,32:55:00.00,37:54:34.05,53.815,-9.575833,39043.0,226095.0,89
286283229,286283229,westbound,B789,EBBR,CYYZ,32:57:58.94,37:44:09.37,55.358558,-7.921929,40701.0,197847.26087410378,85
286281909,286281909,westbound,A333,LIMC,KJFK,32:58:10.92,38:18:50.76,53.951288,-9.938561,38830.0,191244.05294431836,91
286280865,286280865,eastbound,B744,KMIA,EHAM,33:00:08.83,39:06:11.33,38.242277,-64.93815,38324.0,303127.38077382825,95
286282066,286282066,westbound,B77W,LOWW,KORD,33:00:27.98,37:31:05.35,56.687696,-8.994812,39257.0,280894.228175508,72
286284784,286284784,westbound,B788,EIDW,KPHL,33:00:33.64,38:04:50.15,53.922786,-10.390495,42008.0,177669.06823027975,90
286283858,286283858,westbound,A333,EHAM,KJFK,33:01:06.58,38:26:37.78,56.267589,-8.026443,38390.0,194283.8050735887,93
286284534,286284534,westbound,A333,GMMN,CYUL,33:02:52.00,38:42:12.46,37.220558,-13.674094,38271.0,195259.70322755026,96
286284684,286284684,westbound,B77W,LEMD,KJFK,33:03:47.26,38:30:30.15,44.255693,-10.308867,39608.0,276063.63451178087,96
286283878,286283878,westbound,B772,LFPG,KCLT,33:03:48.71,38:10:10.98,54.505214,-7.668613,38542.0,231904.88068296554,88
286284863,286284863,westbound,B789,EGLL,CYUL,33:04:19.05,37:59:04.70,53.884835,-9.103633,40981.0,195697.44254075,87
286280678,286280678,eastbound,B789,KJFK,LFPG,33:06:32.85,37:45:42.90,45.416979,-52.71925,41128.0,189647.69894211448,84
286279293,286279293,westbound,B789,LGAV,KJFK,33:06:36.02,37:57:50.93,52.470752,-13.410315,40895.0,189055.81990915912,72
286276699,286276699,eastbound,A339,KATL,EGLL,33:07:08.94,37:38:41.39,45.575523,-52.488708,40069.0,201424.7628217668,75
286284865,286284865,westbound,B763,EGLL,KEWR,33:08:01.93,38:24:14.45,53.929546,-9.198886,40039.0,157224.52420372446,89
286279172,286279172,eastbound,B772,KBNA,EGLL,33:08:09.22,37:19:01.43,47.198349,-52.367767,39477.0,213569.7494964501,75
286276089,286276089,eastbound,A35K,KLAX,EGLL,33:08:33.61,37:23:24.81,51.81835,-55.016095,39280.0,259381.87817241513,57
286284497,286284497,westbound,B789,EGLL,KIAH,33:10:41.84,37:44:39.90,55.731019,-8.478587,39703.0,210048.9157477872,69
286284346,286284346,westbound,B789,EGLL,KORD,33:11:48.76,37:56:04.02,53.858275,-8.177494,40373.0,202812.03772955394,84
286284927,286284927,westbound,B789,EGCC,KMLB,33:11:50.65,38:30:12.95,54.358964,-7.957815,40042.0,207215.28817466044,94
286282915,286282915,westbound,B763,LEBL,KATL,33:12:16.09,38:44:42.03,42.145755,-14.115912,39386.0,164316.91033785907,83
286277689,286277689,eastbound,B77W,KDFW,EGLL,33:12:24.05,37:19:27.94,49.886151,-53.041669,40250.0,263190.84488126455,66
286282572,286282572,westbound,A339,LIMC,KBOS,33:13:02.28,38:25:33.93,53.980298,-10.684006,39771.0,203438.42284076955,88
286285126,286285126,westbound,B752,EGPH,KEWR,33:14:32.03,38:24:42.27,57.365795,-8.150627,38969.0,96041.97032973592,88
286284645,286284645,westbound,B77W,LFPG,KMIA,33:15:00.90,39:03:38.13,49.258327,-6.633293,38583.0,290938.01814967406,91
286285299,286285299,westbound,B772,EIDW,CYHZ,33:15:35.12,37:38:01.19,53.955366,-10.36283,39614.0,218100.86439263064,77
286284506,286284506,westbound,B763,ESSA,KJFK,33:16:44.51,39:12:03.81,61.199318,2.073526,39782.0,160204.26449457573,100
286281684,286281684,westbound,A339,LFPG,KDTW,33:18:55.06,38:13:35.99,55.181704,-8.421362,39290.0,207730.78467710127,84
286285753,286285753,westbound,A332,EIDW,KDTW,33:22:00.00,38:12:02.02,54.706667,-8.906667,39312.0,198808.5,83
286281975,286281975,westbound,B764,EDDM,KATL,33:24:59.61,38:09:00.14,57.563532,-8.404104,33413.0,180472.08488817248,65
286283061,286283061,westbound,B772,EDDM,KEWR,33:25:36.96,38:22:16.64,56.513431,-8.143513,39002.0,224415.1327409828,89
286284381,286284381,westbound,B78X,EBBR,KORD,33:26:00.59,37:56:24.93,56.345193,-7.998077,39675.0,222966.17085059496,81
286283448,286283448,westbound,B764,EDDB,KEWR,33:26:10.02,38:32:40.02,58.178903,-7.73601,33616.0,175745.9338388686,88
286280974,286280974,westbound,A332,LROP,KJFK,33:26:54.73,38:47:01.87,55.186883,-8.20402,39548.0,201470.02197633893,81
286284664,286284664,westbound,B772,EHAM,SEQM,33:28:11.28,39:20:53.12,51.191467,-6.287462,36915.0,255418.47372346895,72
286284607,286284607,westbound,B77W,EBBR,CYUL,33:29:44.18,38:29:09.23,55.076117,-8.29134,39904.0,271483.2265206479,85
286277225,286277225,eastbound,A332,KLAS,EDDF,33:29:44.68,38:39:04.24,59.551026,-63.815248,40297.0,195581.97426570274,68
286283684,286283684,westbound,A333,EDDF,CYUL,33:29:51.38,38:40:16.41,56.386297,-7.937551,38616.0,192705.88439927052,85
286285188,286285188,westbound,B772,EGLL,KCLT,33:32:03.20,38:33:45.69,53.953578,-9.212332,38554.0,232263.4078380844,88
286285189,286285189,westbound,A339,EGLL,KBOS,33:32:04.81,38:48:26.25,54.006185,-9.956617,39781.0,202059.3089321822,87
286285296,286285296,westbound,B77W,EGLL,KJFK,33:34:03.53,38:38:59.03,53.976254,-10.522843,39690.0,274499.56500253966,90
286285565,286285565,westbound,B764,LEMD,KEWR,33:34:39.96,39:08:08.05,44.058669,-11.459649,34280.0,175295.93326794176,94
286276389,286276389,eastbound,A35K,KPHX,EGLL,33:34:43.98,37:45:01.27,49.733378,-52.676364,39286.0,258359.28846028508,58
286281375,286281375,eastbound,A35K,KEWR,LFPO,33:34:44.71,38:25:59.45,44.796052,-52.743971,39066.0,252956.8439354213,86
286284909,286284909,westbound,A359,LFPG,KIAH,33:35:57.47,38:10:49.08,55.547353,-8.177262,38386.0,240726.22219625264,64
286283767,286283767,westbound,A333,EDDF,CYYZ,33:38:11.52,38:33:06.69,56.960262,-8.291286,38650.0,192443.0318245387,84
286281736,286281736,westbound,A339,LIRF,KDTW,33:38:48.98,38:20:00.43,53.085431,-13.884224,39407.0,208854.89342373706,72
286285352,286285352,westbound,B788,LEBL,KORD,33:38:49.43,38:52:00.60,46.911738,-7.371862,41363.0,182038.37796040653,85
286285784,286285784,westbound,B752,EIDW,KIAD,33:39:00.00,38:51:13.12,54.714444,-8.934722,38624.0,97411.7,87
286284286,286284286,westbound,B763,LSZH,KATL,33:40:19.71,38:53:29.59,54.571544,-9.009299,39271.0,164527.29471190515,78
286285889,286285889,westbound,B788,EIDW,MMUN,33:41:06.65,39:05:03.24,54.168401,-10.414564,40790.0,190192.37684013418,84
286284646,286284646,westbound,A359,LFPG,KDFW,33:41:21.29,38:10:34.82,55.677686,-8.618654,38488.0,239678.90517276066,65
286277194,286277194,eastbound,B789,KLAS,EGLL,33:41:26.14,37:58:26.25,55.573812,-58.960396,41205.0,179534.16206417856,62
286285272,286285272,westbound,A333,ESSA,KEWR,33:42:52.90,39:28:04.24,61.685704,2.000467,38425.0,194398.29544760264,98
286284680,286284680,westbound,A333,LFPG,CYQB,33:43:41.22,38:44:33.07,53.790844,-10.139478,38488.0,193680.59117432596,79
286286147,286286147,westbound,A339,LPPT,KLAX,33:44:26.01,39:20:36.65,39.953874,-13.305581,37607.0,224693.82935726232,65
286276277,286276277,eastbound,A359,KLAX,LFPO,33:44:45.48,38:25:08.96,51.278058,-54.672874,40127.0,228999.49401116825,60
286286512,286286512,westbound,A333,ENGM,KEWR,33:45:00.59,39:20:50.49,61.156526,2.463561,38084.0,196458.0821716574,95
286284853,286284853,westbound,B772,EHAM,KIAH,33:46:01.56,38:11:46.38,57.684707,-8.386682,37836.0,241617.49223135848,64
286283341,286283341,eastbound,B77L,KDOV,ETAR,33:46:20.14,38:43:23.80,45.606076,-52.69271,42194.0,238478.78678845067,89
286283485,286283485,westbound,B763,LSZH,KORD,33:48:48.75,38:43:54.70,54.659123,-8.265406,39437.0,162465.17625969593,79
286285271,286285271,westbound,B763,EBBR,KJFK,33:49:28.96,39:20:31.88,54.803853,-7.85564,40017.0,157839.5706296702,93
286284398,286284398,westbound,B772,EHAM,KEWR,33:50:43.92,38:49:17.69,56.382488,-7.725227,38978.0,225826.96287666267,89
286283956,286283956,westbound,A359,EDDM,KORD,33:50:59.72,38:17:28.95,57.373867,-8.545215,39257.0,232402.4414357929,74
286287151,286287151,westbound,A333,EIDW,KBOS,33:51:00.00,39:11:21.03,54.051944,-9.529167,37948.0,197329.4,91
286286003,286286003,westbound,B789,EGBB,MKJS,33:51:18.37,39:28:15.30,54.289441,-9.837467,39795.0,209448.76649208152,88
286284987,286284987,westbound,A333,EHAM,KTPA,33:52:42.65,39:16:47.31,56.292465,-8.837634,38427.0,194045.52811088998,80
286285087,286285087,westbound,B789,EBBR,KJFK,33:53:41.44,39:09:41.64,54.680473,-7.699867,40760.0,197334.2669412994,94
286285339,286285339,westbound,A35K,EGLL,KJFK,33:54:39.34,39:05:57.13,53.86576,-9.293303,38737.0,255565.16928374904,92
286283766,286283766,westbound,A333,LSZH,KJFK,33:55:59.24,39:22:18.36,55.737761,-8.167836,38757.0,191711.59545251503,93
286276814,286276814,eastbound,B789,MMMX,EGLL,33:56:09.84,38:11:16.65,46.659515,-52.508419,41130.0,178046.71840695312,58
286280462,286280462,westbound,A339,LGAV,KATL,33:57:06.38,39:24:41.38,41.07056,-13.97959,39325.0,212156.32627883562,66
286285571,286285571,westbound,A333,LFPG,KMSP,33:57:16.50,38:39:53.82,55.78083,-7.824483,38459.0,193790.1760864081,79
286284933,286284933,westbound,A333,LFPO,KEWR,33:59:15.87,39:01:45.53,53.727364,-11.370729,38536.0,193386.20045599536,86
286285627,286285627,westbound,A333,EHAM,KDTW,33:59:52.85,38:52:10.85,57.233114,-7.760266,38419.0,194062.96023411464,83
286286114,286286114,westbound,B772,EGLL,KRDU,34:01:03.59,39:09:01.58,53.909928,-9.218207,38661.0,230776.18381549942,90
286278214,286278214,eastbound,B789,KSFO,EGLL,34:01:41.05,38:29:02.16,60.600269,-65.02373,40959.0,182404.31066754917,66
286284073,286284073,westbound,B77W,LOWW,CYYZ,34:02:02.19,38:43:21.09,58.088443,-7.55393,39563.0,276504.35031055403,80
286284280,286284280,westbound,B763,LIMC,KCVG,34:02:26.53,39:05:55.13,54.155538,-9.027167,39497.0,162636.36962178387,77
286284382,286284382,westbound,B748,EDDF,KIAH,34:02:29.86,38:23:50.90,57.432234,-8.57747,35891.0,398715.38088706374,63
286285923,286285923,westbound,B772,EGLL,KIAH,34:03:35.66,38:36:33.98,55.839587,-8.364718,37837.0,242122.55499194402,69
286277046,286277046,eastbound,A359,KSFO,EDDM,34:03:46.03,39:07:47.90,59.519278,-63.995896,39569.0,233991.45011518578,63
286287302,286287302,westbound,B789,EIDW,CYYZ,34:06:00.00,38:48:55.67,54.289444,-10.158056,40759.0,199548.9,84
286285995,286285995,westbound,A333,EBBR,KIAD,34:06:05.74,39:21:21.03,55.173803,-8.305282,38429.0,194033.75215071757,89
286281798,286281798,eastbound,B763,KCVG,EGNX,34:07:38.05,38:22:06.67,47.884637,-52.540387,39634.0,151920.69560180852,75
286286309,286286309,westbound,B764,LEMD,KIAD,34:08:00.57,39:44:04.09,43.93367,-11.621307,34212.0,177368.31693709677,94
286284557,286284557,westbound,A333,EDDF,KRDU,34:08:19.46,39:17:16.12,56.585332,-8.552979,38653.0,192427.14615732254,84
286285705,286285705,westbound,A359,EHAM,KATL,34:08:45.72,39:04:58.70,56.429705,-8.429165,38959.0,234156.3351127004,83
286277788,286277788,eastbound,B772,KLAX,EGLL,34:09:19.43,38:34:13.74,59.259751,-63.738738,39347.0,213972.1654460498,63
286284340,286284340,westbound,A333,LSZH,CYYZ,34:10:03.56,39:04:12.51,56.59211,-8.01631,38778.0,191534.64143038844,84
286284274,286284274,westbound,B763,LSZH,KEWR,34:10:23.88,39:24:36.33,55.888054,-8.045126,40084.0,157756.26246328812,89
286285844,286285844,westbound,B772,LFPG,CYUL,34:11:34.78,39:11:38.73,54.673639,-8.143994,39193.0,222823.3795596223,88
286286079,286286079,westbound,B789,EGLL,KPHL,34:12:01.08,39:08:48.20,54.02576,-9.837495,40760.0,198042.80559709517,88
286284397,286284397,westbound,A333,EDDF,KATL,34:12:19.91,39:17:42.53,56.625215,-9.081547,38662.0,192358.1913530371,78
286285406,286285406,westbound,B772,LFPG,KATL,34:14:11.78,39:10:00.68,54.8128,-9.14655,38389.0,233970.64624895033,82
286287541,286287541,westbound,B772,BIKF,KBOS,34:16:00.00,38:19:25.66,63.433611,-26.969167,39741.0,216408.0,72
286285799,286285799,westbound,B789,EGKK,KMIA,34:16:01.43,39:32:05.56,52.724156,-12.692781,40121.0,204904.5838387778,89
286287109,286287109,westbound,A333,LPPT,CYYZ,34:16:18.41,39:39:29.09,40.674814,-13.559787,38094.0,196423.89493852665,92
286287031,286287031,westbound,A333,LEMD,KORD,34:17:19.82,39:53:07.44,44.095372,-8.314313,38158.0,195924.46578476825,95
286282663,286282663,westbound,A332,LIRF,KORD,34:18:25.67,39:01:32.47,55.120359,-8.670647,39111.0,204586.92650307802,77
286286180,286286180,westbound,B772,EGLL,MYNN,34:18:29.45,39:55:09.25,51.407275,-10.118093,38256.0,236578.15654989704,94
286285665,286285665,westbound,A388,EGLL,KMIA,34:18:56.51,39:40:29.59,51.194495,-11.681199,38458.0,469942.95756369823,91
286286522,286286522,westbound,A333,EHAM,KBOS,34:19:36.71,39:45:26.81,56.306147,-7.636881,38386.0,194318.91422957866,88
286286403,286286403,westbound,A35K,EGLL,KLAX,34:21:01.76,38:24:53.76,56.910132,-8.735496,37001.0,279409.6955692675,52
286284374,286284374,westbound,B772,LIMC,KEWR,34:22:28.27,39:22:14.38,54.001884,-8.619196,38999.0,224694.43134773773,89
286285785,286285785,westbound,B763,EHAM,KIAH,34:23:20.64,39:05:03.39,57.579152,-8.413896,38676.0,169299.59624402813,66
286285146,286285146,westbound,A332,EDDF,KATL,34:24:45.53,39:04:46.06,57.14945,-8.68783,38842.0,205658.43659559332,68
286285913,286285913,westbound,B772,LFPG,KDFW,34:28:03.54,38:54:12.68,55.92692,-8.861672,37928.0,240284.9505376359,64
286286404,286286404,westbound,B78X,LFPG,KORD,34:28:34.97,39:04:39.76,55.506116,-7.843306,39686.0,223034.5721891968,82
286288037,286288037,westbound,A333,EIDW,KJFK,34:29:00.00,39:49:47.38,54.054722,-9.556944,37948.0,197329.4,91
286285787,286285787,westbound,B763,LSGG,KIAD,34:29:36.50,39:47:07.13,53.944148,-8.847519,39850.0,159777.11971524174,89
286278967,286278967,eastbound,A35K,KLAS,EGLL,34:29:41.63,38:58:36.52,58.536074,-62.750173,39077.0,260436.96229990164,65
286283099,286283099,westbound,A339,LIRF,KJFK,34:29:43.89,39:31:39.83,52.584955,-13.222326,39696.0,205644.97227611527,85
286287484,286287484,westbound,B772,BIKF,CYYZ,34:30:00.00,37:53:35.28,64.326111,-27.32,39577.0,218715.8,61
286284955,286284955,westbound,A343,EDDF,KDFW,34:30:30.02,39:06:35.67,57.692065,-8.464007,36386.0,226728.72496049802,62
286287019,286287019,westbound,A339,EHAM,KJFK,34:31:45.55,39:56:03.07,56.222385,-7.822035,39530.0,204941.2267999662,93
286283258,286283258,westbound,B763,LIPZ,KIAD,34:32:35.08,39:46:51.71,54.94125,-8.578763,39803.0,160585.22859970096,84
286284835,286284835,westbound,A333,LOWW,CYYZ,34:33:20.65,39:29:51.54,57.420637,-8.149759,39031.0,189866.4508644164,80
286286412,286286412,westbound,A333,LFPG,KBOS,34:35:09.70,39:49:21.65,53.668439,-11.245552,38539.0,193387.8042951988,89
286287635,286287635,westbound,B77W,EGLL,KDFW,34:35:34.72,39:12:41.14,54.155708,-8.951146,38385.0,293513.5656739628,71
286286978,286286978,westbound,A333,LEBL,KATL,34:35:36.16,40:24:45.17,45.763158,-6.770902,38382.0,194458.82447252894,90
286288396,286288396,westbound,A339,EGLL,KMIA,34:37:20.96,40:39:56.25,50.735892,-5.889282,38505.0,215199.56960609657,98
286283365,286283365,westbound,B78X,LIRF,KORD,34:37:22.29,39:00:50.26,53.412104,-13.458338,40387.0,217633.03775359417,68
286287540,286287540,westbound,B788,EGNT,KMLB,34:37:22.46,39:59:15.04,56.361812,-8.562177,41264.0,184718.8890162685,90
286283305,286283305,westbound,B764,LICJ,KEWR,34:38:37.88,39:38:01.16,52.844798,-13.882147,36901.0,175832.31300967734,79
286283320,286283320,westbound,A359,LIRF,KATL,34:40:15.80,39:21:53.77,52.306728,-14.031566,39168.0,235370.78119289468,69
286283778,286283778,westbound,B772,LIRF,KDFW,34:40:37.64,39:13:28.87,52.279405,-13.631281,38040.0,238179.7620973327,59
286285309,286285309,westbound,A343,EDDF,KIAD,34:41:46.76,39:54:15.18,56.508771,-8.297573,37613.0,214045.18244473496,88
286287403,286287403,westbound,A333,LEMD,KIAD,34:42:01.89,40:18:30.36,44.273385,-9.811533,38241.0,195430.73635703503,96
286287984,286287984,westbound,B763,EGLL,KORD,34:43:41.78,39:28:52.10,55.879639,-8.016977,39578.0,161338.3973903145,81
286285269,286285269,westbound,B748,EDDF,KMIA,34:44:51.39,40:02:25.20,51.199781,-12.491142,36402.0,391910.4360194232,82
286287084,286287084,westbound,B772,EGKK,KMCO,34:45:06.86,40:01:42.84,55.093791,-8.764712,38279.0,235967.00789670044,87
286289029,286289029,westbound,B788,EGPH,KPHL,34:46:37.23,39:59:34.18,56.061807,-8.050968,41946.0,178331.6901823146,92
286286320,286286320,westbound,B744,EDDF,KJFK,34:48:26.52,39:56:30.02,56.329038,-8.235432,38674.0,294755.32695813105,93
286281569,286281569,eastbound,A333,KMSP,EHAM,34:48:42.52,39:35:54.36,51.429931,-55.304038,39489.0,185746.86133409903,80
286283381,286283381,westbound,B763,LIRN,KEWR,34:48:47.77,39:46:54.84,52.802583,-13.586338,40221.0,158101.62615518444,78
286281906,286281906,eastbound,B788,KORD,LFPG,34:49:59.11,39:33:21.69,47.538232,-53.06304,42313.0,164160.2946571092,82
286286334,286286334,westbound,A332,DAAG,CYUL,34:50:13.29,40:34:35.60,45.030669,-6.676014,39500.0,198904.2848006544,98
286277311,286277311,eastbound,B77L,MMSM,LFPG,34:50:15.89,39:21:50.26,46.374913,-52.21215,42096.0,235522.40332185358,60
286288771,286288771,westbound,B772,EIDW,CYYZ,34:51:00.00,39:35:31.20,54.809167,-8.801667,38962.0,227142.6,84
286284956,286284956,westbound,B789,LOWW,KORD,34:52:00.38,39:18:11.33,57.404898,-8.706113,40409.0,198159.80112140818,71
286287229,286287229,westbound,A339,EHAM,KBOS,34:52:25.03,40:14:53.20,56.198727,-7.83986,39706.0,203066.37178002382,89
286287020,286287020,westbound,B78X,EBBR,KEWR,34:52:34.01,39:52:40.83,55.219311,-8.046874,39637.0,223200.8078235508,89
286287510,286287510,westbound,A333,EGCC,KMCO,34:52:47.35,40:37:21.56,54.488633,-8.893977,38096.0,196339.71606658885,94
286286216,286286216,westbound,B77W,EDDF,KEWR,34:54:12.12,39:52:35.99,56.453241,-7.765607,39676.0,274553.788227632,89
286287785,286287785,westbound,B77W,EGLL,KCLT,34:54:38.16,39:56:05.78,53.893838,-9.439148,39128.0,282838.618589413,88
286287340,286287340,westbound,B772,LFPG,KEWR,34:54:59.86,40:00:54.92,54.569915,-7.861277,39014.0,225332.29484290702,91
286285328,286285328,westbound,A333,EDDF,KAUS,34:55:33.19,39:33:43.94,57.579445,-8.575803,38668.0,192237.59393775812,62
286288740,286288740,westbound,A333,EIDW,KJFK,34:56:00.00,40:17:28.42,54.051944,-9.529167,37948.0,197329.4,91
286284650,286284650,westbound,A332,LIRF,KBOS,34:56:56.94,40:11:24.36,53.897377,-9.893056,39850.0,196964.9508810655,87
286288678,286288678,westbound,A333,LPPT,CYUL,34:57:12.65,40:23:11.09,40.658257,-13.556464,38093.0,196430.19234092382,92
286288298,286288298,westbound,B772,EGLL,KPHX,34:57:20.35,39:21:04.50,54.530315,-8.284182,37411.0,248206.53181173545,59
286286203,286286203,westbound,B772,LIMC,KJFK,34:57:23.16,40:09:45.08,53.993215,-8.955654,39020.0,224397.4162426101,92
286286402,286286402,westbound,B788,LEBL,KIAD,34:58:02.75,40:36:30.00,45.966235,-6.463883,41620.0,179703.48308402897,100
286287580,286287580,westbound,B77W,EGLL,KLAX,35:00:11.46,39:04:09.13,57.174601,-8.681098,37802.0,301773.15180148045,52
286287436,286287436,westbound,B788,EHAM,KDFW,35:00:29.10,39:26:14.31,57.315186,-8.292817,40937.0,186101.88825888044,65
286288079,286288079,westbound,B78X,EGLL,KORD,35:00:41.12,39:32:46.82,56.08388,-8.474294,39536.0,224179.5357862799,81
286288314,286288314,westbound,GLEX,EGGW,KPBI,35:00:50.05,40:14:31.40,53.659358,-13.404493,45579.0,35205.677619655784,87
286288137,286288137,westbound,B788,GMMN,CYUL,35:02:25.18,40:31:32.43,37.0854,-13.891824,41989.0,176447.54283886185,95
286287792,286287792,westbound,B77W,EBBR,KIAD,35:02:34.05,40:01:12.05,55.147307,-8.440349,39468.0,277659.91385474906,88
286286301,286286301,westbound,B772,EDDM,KCLT,35:03:30.96,39:59:59.18,56.714035,-8.624455,38563.0,230663.80358001168,78
286278039,286278039,eastbound,B789,KLAX,LFPG,35:03:38.22,39:44:53.00,55.733407,-59.68108,40992.0,181150.420869603,63
286288859,286288859,westbound,B772,EGPH,CYYZ,35:04:35.32,39:45:18.07,56.685361,-7.851856,38940.0,227325.47148049748,83
286287550,286287550,westbound,B789,EHAM,CYYZ,35:04:47.73,39:44:29.62,56.843136,-8.094082,40721.0,197552.1085085154,84
286289348,286289348,westbound,B772,EIDW,KCLT,35:05:00.00,40:02:40.16,54.063611,-9.586944,38569.0,232654.2,87
286286498,286286498,westbound,B789,EDDF,KDEN,35:05:31.86,39:14:01.40,57.966646,-8.566396,39851.0,206226.8984361224,61
286286241,286286241,westbound,A343,EDDF,KDTW,35:06:08.56,40:02:23.26,57.10298,-7.759709,37512.0,215014.24843593125,83
286286864,286286864,westbound,B764,LFPG,KJFK,35:06:46.91,40:33:12.14,55.18133,-7.951608,33717.0,174435.96310446857,92
286289034,286289034,westbound,A333,EIDW,KORD,35:07:00.00,39:51:26.73,54.336944,-9.4575,37946.0,197329.4,81
286283962,286283962,westbound,FA7X,LIRA,KTTN,35:07:07.63,40:22:49.86,52.088212,-12.96718,45530.0,18051.9484360196,85
286287546,286287546,westbound,B788,EHAM,KPHL,35:07:19.42,40:20:53.16,56.002836,-8.018844,41908.0,176305.4580518667,93
286287783,286287783,westbound,B772,LEBL,KEWR,35:08:54.44,40:43:29.66,46.769204,-6.793809,38826.0,228196.15579892136,98
286288139,286288139,westbound,A333,EHAM,TNCC,35:10:00.97,41:15:50.66,50.904812,-6.791741,38363.0,194747.96435941214,84
286286623,286286623,westbound,B748,EDDF,KORD,35:10:13.07,39:28:48.97,58.287101,-8.245078,36841.0,383349.79491796426,77
286288165,286288165,westbound,B772,EGLL,KEWR,35:10:35.81,40:12:16.65,53.957864,-9.193832,39017.0,225789.66527589408,89
286285351,286285351,westbound,B772,LOWW,KEWR,35:11:12.31,40:13:05.56,56.54689,-7.889251,38962.0,224620.23872827043,88
286289032,286289032,westbound,B788,EIDW,KORD,35:12:00.00,39:47:46.63,54.939722,-8.496389,41638.0,181668.6,82
286285534,286285534,westbound,B763,LOWW,KIAD,35:12:44.53,40:23:45.50,57.075836,-8.404444,39797.0,160808.01842132816,82
286287145,286287145,westbound,A333,LSGG,KJFK,35:13:00.50,40:41:00.55,54.051868,-8.421507,38669.0,192422.59104083327,93
286287186,286287186,westbound,B772,LFPG,CYHZ,35:13:28.13,39:50:48.02,54.275306,-8.221803,39550.0,217836.39916469372,82
286288529,286288529,westbound,B772,EGLL,KAUS,35:14:47.40,39:45:24.39,55.984787,-8.696849,37778.0,242953.59296897505,66
286287389,286287389,westbound,A332,EDDF,KJFK,35:15:26.84,40:35:46.70,56.252575,-8.050649,39566.0,198023.18902330194,93
286287988,286287988,westbound,GLEX,EHAM,KSTL,35:15:57.25,39:52:24.21,57.380225,-8.477235,45654.0,34914.32363956701,75
286289841,286289841,westbound,A332,EIDW,KMSP,35:16:00.00,39:51:46.04,54.444722,-9.3825,39054.0,201409.2,80
286289918,286289918,westbound,B763,EGPH,KBOS,35:16:00.00,40:40:35.76,56.373056,-7.728611,40169.0,155511.3,88
286288806,286288806,westbound,B788,LEMD,CYYZ,35:16:09.38,40:29:16.54,44.33774,-10.773172,41783.0,178663.02168937225,93
286289054,286289054,westbound,A333,EGKK,CYUL,35:16:22.86,40:29:15.84,55.201696,-7.869259,38254.0,195254.32800274805,88
286288612,286288612,westbound,B772,EGLL,KJFK,35:16:38.25,40:28:45.25,53.880694,-9.137735,39030.0,225614.14531411513,92
286283673,286283673,westbound,B763,LICC,KJFK,35:17:16.26,40:23:08.32,52.566519,-13.693523,40279.0,158111.97521311213,79
286284800,286284800,westbound,A359,LIRF,KJFK,35:17:23.38,40:11:58.88,52.443075,-13.056301,39855.0,227301.5300215806,85
286288457,286288457,westbound,A35K,EGLL,KATL,35:18:22.79,40:18:05.90,53.861853,-8.497625,38020.0,265097.384341906,87
286282099,286282099,eastbound,B77L,KIAH,ENZV,35:19:03.57,39:37:32.27,51.212747,-54.29365,42586.0,232527.07383672177,67
286284969,286284969,westbound,A332,LIRF,CYYZ,35:19:19.49,40:05:00.24,53.837869,-12.304642,39620.0,199747.8484037259,77
286288398,286288398,westbound,A35K,EGCC,KMCO,35:20:54.39,40:43:20.65,52.086691,-13.640668,38103.0,264610.6550466546,91
286287275,286287275,westbound,A339,EDDF,KBOS,35:21:39.53,40:43:24.03,56.266303,-7.989265,39704.0,203598.44080133003,89
286289264,286289264,westbound,A332,LFBD,CYUL,35:22:44.05,40:51:36.95,49.689808,-6.499278,39639.0,196249.84168986246,93
286287953,286287953,westbound,B772,EGKK,CYYT,35:22:51.30,38:33:19.57,52.925416,-13.469275,40178.0,209160.81322354046,44
286289510,286289510,westbound,B789,EGCC,MMUN,35:23:01.15,40:53:34.72,54.406923,-8.358735,39536.0,212883.19736983458,82
286279891,286279891,eastbound,B789,KLAX,EGLL,35:25:13.87,39:43:25.23,55.921623,-59.488758,41187.0,178587.3516708773,60
286288220,286288220,westbound,B77W,LEBL,CYUL,35:26:08.33,40:50:44.07,48.44721,-6.846473,39663.0,273933.8950050387,92
286288880,286288880,westbound,A333,EGPH,KJFK,35:26:47.51,40:52:30.47,56.428529,-7.799154,37983.0,197092.7716810093,92
286288438,286288438,westbound,A333,LFPG,CYUL,35:27:15.26,40:41:46.56,54.830831,-7.761874,38424.0,194085.17643610833,88
286287983,286287983,westbound,B789,LFPG,KLAX,35:29:54.51,39:47:41.73,56.092002,-8.184824,39181.0,214991.84720300473,53
286287225,286287225,westbound,B788,LSZH,KPHL,35:30:50.80,40:40:43.77,53.961552,-9.213938,41919.0,174402.81632351087,92
286290822,286290822,westbound,B752,EINN,KEWR,35:32:00.00,40:31:49.34,54.259167,-12.835,39076.0,95350.6,84
286282731,286282731,westbound,A333,LGAV,KJFK,35:32:05.48,40:31:55.47,53.299734,-13.700445,39942.0,183839.96993537576,72
286290129,286290129,westbound,A333,ENGM,KJFK,35:33:15.07,41:28:53.18,61.195542,2.44033,38084.0,196446.0708619554,101
286289313,286289313,westbound,A333,LEMD,CYUL,35:33:34.84,41:06:03.97,44.31551,-9.665293,38237.0,195459.34217086635,94
286287700,286287700,westbound,B788,EHAM,KORD,35:34:02.18,40:02:50.42,57.240103,-7.71196,41602.0,179343.66459887216,80
286286931,286286931,westbound,A388,EDDM,KDEN,35:34:36.62,39:49:35.52,57.54422,-7.974375,38186.0,484240.66646193515,59
286289839,286289839,westbound,B763,EGLL,KEWR,35:35:01.22,40:51:50.26,53.953163,-9.147115,40060.0,157225.23381030402,89
286286296,286286296,westbound,A339,EDDF,KJFK,35:35:12.17,40:58:35.92,56.295361,-8.021132,39531.0,205456.74806863803,93
286288799,286288799,westbound,B77W,EGLL,KSAN,35:35:15.41,39:40:21.41,57.040107,-8.502127,37775.0,302199.07607901626,52
286286862,286286862,westbound,B788,EDDM,KORD,35:36:20.47,39:59:38.52,57.723288,-9.109371,41627.0,176389.49156812113,73
286287734,286287734,westbound,A333,EDDF,KTPA,35:36:34.18,41:16:45.04,55.979385,-8.250543,38607.0,192768.18313439368,81
286286581,286286581,westbound,A339,LIMF,KIAD,35:36:46.33,40:54:59.10,54.02019,-7.925069,39334.0,208017.74783957412,89
286290236,286290236,westbound,A333,EIDW,KATL,35:37:00.00,40:41:49.52,54.123889,-9.506944,37945.0,197329.4,85
286287437,286287437,westbound,B789,EDDM,CYYZ,35:37:03.50,40:20:37.20,56.831979,-7.685248,40691.0,195899.21330361385,84
286287547,286287547,westbound,B764,LFPG,KATL,35:37:38.12,40:43:07.74,55.599413,-8.557613,33169.0,181810.14307566822,80
286288308,286288308,westbound,B772,LFPG,KJFK,35:37:41.30,40:50:11.93,54.602438,-7.979735,39030.0,225068.50808151867,92
286286102,286286102,westbound,B788,LIRF,KORD,35:38:12.21,40:11:54.06,52.118734,-13.699614,41667.0,174595.8421124474,69
286289180,286289180,westbound,A333,LEMD,KJFK,35:38:27.47,41:10:31.53,43.721312,-11.566998,38315.0,195021.74476678716,93
286289522,286289522,westbound,A333,EGLL,KJFK,35:38:45.72,41:02:26.52,53.981202,-9.222216,38227.0,195469.12010731842,92
286289097,286289097,westbound,A333,LEMD,KBOS,35:39:19.63,41:14:35.81,44.287326,-10.448556,38276.0,195223.8318505847,94
286290586,286290586,westbound,B763,BIKF,KJFK,35:41:00.00,39:56:26.17,62.897222,-26.360556,40709.0,151285.8,72
286287910,286287910,westbound,B764,LIPZ,KATL,35:41:55.20,41:55:09.01,47.617842,-6.538649,34225.0,181697.48515837034,86
286285974,286285974,westbound,B77W,LIRF,KEWR,35:42:37.44,40:30:39.43,53.016175,-12.931183,39845.0,272607.13976032956,83
286284364,286284364,westbound,B763,LIRN,KJFK,35:42:56.75,40:50:22.86,53.122,-13.222355,40227.0,158017.18139904813,83
286286803,286286803,westbound,B77W,LIRF,CYUL,35:43:51.62,40:44:50.49,53.870649,-8.675318,39900.0,271472.57054221083,85
286287667,286287667,westbound,A333,LFML,CYUL,35:45:16.38,40:39:26.73,53.586214,-12.913032,38942.0,190713.3990179142,82
286287600,286287600,westbound,B764,LSZH,KIAD,35:45:32.43,40:59:33.83,55.275182,-7.775089,33508.0,177547.85397614032,87
286280119,286280119,eastbound,B744,KLAX,ELLX,35:46:54.63,40:30:48.72,51.07914,-54.341385,38953.0,295477.39000836876,61
286289265,286289265,westbound,A332,EGLL,KDTW,35:47:29.20,40:46:10.35,53.977507,-8.121985,39248.0,200137.32337876043,86
286289893,286289893,westbound,B77W,EGLL,KDFW,35:48:40.71,40:27:26.85,54.048704,-8.502519,38386.0,293500.64972077415,71
286289129,286289129,westbound,B772,EHAM,KAUS,35:48:56.87,40:13:02.38,57.802958,-8.10144,37761.0,242675.39133880395,65
286289099,286289099,westbound,B77W,LFPG,CYYZ,35:49:16.36,40:34:41.64,55.132399,-8.304244,39641.0,275272.0530013522,85
286289090,286289090,westbound,A333,LEMD,KJFK,35:50:05.35,41:21:31.83,44.518383,-11.115376,38315.0,194983.645530155,95
286287354,286287354,westbound,A339,LFPG,KDTW,35:50:39.62,40:44:58.27,55.151439,-8.300224,39290.0,207741.52090793758,84
286290197,286290197,westbound,A333,EGPH,KBOS,35:50:46.41,41:16:14.57,56.204959,-7.933015,37983.0,197093.79665644336,92
286288933,286288933,westbound,B77W,EGLL,KJFK,35:52:06.38,41:00:00.09,54.026063,-9.946385,39770.0,273598.9759606949,91
286289166,286289166,westbound,A333,LFPG,KCVG,35:52:49.89,40:53:25.73,55.215337,-8.039811,38434.0,194001.20045470208,83
286287875,286287875,westbound,A388,EDDM,KJFK,35:53:23.85,41:01:49.15,56.422023,-8.111063,39284.0,457353.302868924,93
286287108,286287108,westbound,A333,LIMC,KATL,35:53:35.54,40:59:14.91,54.255565,-9.054952,38820.0,191381.25941935345,75
286287699,286287699,westbound,B788,EDDM,KIAD,35:53:57.15,40:46:28.29,56.722695,-7.634881,41796.0,175097.32675759346,82
286289152,286289152,westbound,B78X,EHAM,KORD,35:54:06.98,40:18:47.01,57.743756,-8.36825,39682.0,222957.74964728137,79
286288440,286288440,westbound,B77W,EDDF,KIAD,35:56:33.57,40:55:26.11,56.662856,-7.82074,39459.0,277576.25208057754,89
286289156,286289156,westbound,B77W,EGLL,KLAX,36:01:07.52,40:05:45.95,57.011025,-8.636555,37799.0,301796.07780825935,52
286289923,286289923,westbound,A333,EGKK,KBOS,36:01:36.32,41:13:24.38,53.895067,-11.228864,38331.0,194789.35331523116,87
286289387,286289387,westbound,A332,LEMD,KSFO,36:01:38.37,41:33:46.13,41.600796,-13.649241,38256.0,211190.82662736293,61
286289886,286289886,westbound,B772,LEMD,KCLT,36:01:44.39,41:26:49.00,41.531006,-13.413578,38584.0,231962.60265967657,92
286291571,286291571,westbound,B752,BIKF,KORD,36:02:00.00,39:17:26.27,63.916667,-27.160278,39301.0,94344.9,56
286289420,286289420,westbound,B77W,LEBL,KJFK,36:03:15.02,41:43:37.06,46.164904,-6.616607,39421.0,277753.539658323,100
286289711,286289711,westbound,A359,LEMD,KLAX,36:04:14.15,41:17:02.74,44.303827,-10.364125,37386.0,251277.55346654644,64
286289117,286289117,westbound,B772,LEMD,KDFW,36:04:27.54,41:24:12.36,41.440402,-13.523482,37839.0,242452.9643812385,73
286291831,286291831,westbound,B788,EIDW,CYUL,36:06:00.00,41:01:15.49,54.124444,-9.894167,42247.0,175434.5,83
286287831,286287831,westbound,B763,EHAM,KIAD,36:06:33.06,41:10:49.89,56.888639,-8.306571,39808.0,159333.14919875748,86
286289990,286289990,westbound,B77L,EGLL,CYYZ,36:06:52.55,40:51:53.99,55.540549,-8.301141,42186.0,243804.20294920023,85
286287056,286287056,westbound,A339,LIRF,KATL,36:06:56.84,41:34:36.91,42.031039,-14.163367,39032.0,213491.87781523398,74
286290951,286290951,westbound,A333,EGCC,KATL,36:07:23.78,41:20:21.44,54.436575,-7.76587,38053.0,196616.4199157159,87
286289565,286289565,westbound,A359,LFPG,KEWR,36:07:26.30,41:12:30.19,54.706729,-8.055118,39709.0,225842.74740313075,90
286283588,286283588,westbound,B788,LGAV,KORD,36:07:26.73,40:31:52.55,53.52539,-13.556465,41666.0,171191.53869302885,58
286289748,286289748,westbound,A333,EHAM,CYUL,36:07:31.63,41:13:14.05,56.549712,-8.279485,38419.0,194077.69708410662,87
286288353,286288353,westbound,B788,LIPZ,KPHL,36:07:52.62,41:21:13.46,54.533037,-8.357383,41887.0,173619.03864932482,89
286290708,286290708,eastbound,A359,CYYT,LFPG,36:08:00.00,40:27:22.88,48.053056,-49.727222,40442.0,216291.5,77
286288389,286288389,westbound,B764,EGLL,KJFK,36:08:38.59,41:34:02.83,54.041893,-8.920075,34623.0,174440.7884400658,91
286291106,286291106,westbound,B772,EIDW,KDFW,36:11:00.00,40:48:01.99,54.271111,-9.479444,37897.0,241967.2,75
286289470,286289470,westbound,A359,LFPG,KORD,36:12:09.64,40:45:11.12,55.774487,-8.494465,39265.0,230955.70243505805,81
286288418,286288418,westbound,B789,LIMC,KJFK,36:12:22.71,41:21:18.50,53.964192,-9.706518,40822.0,194530.3771830544,91
286288652,286288652,westbound,A333,EKCH,KEWR,36:12:30.26,41:23:10.58,60.302325,-8.053712,38648.0,192597.60114064682,89
286289622,286289622,westbound,A333,EHAM,KMSP,36:13:23.37,40:46:15.31,57.883565,-8.223893,38444.0,193846.10741050323,78
286289178,286289178,westbound,B788,EKCH,CYYZ,36:13:29.78,41:12:23.98,60.66594,-6.337881,41923.0,175144.52637212363,77
286288507,286288507,westbound,B772,LEBL,KDFW,36:14:38.03,41:33:12.62,41.798015,-13.818221,37902.0,241372.42879207784,69
286291879,286291879,westbound,B763,EINN,KJFK,36:15:00.00,41:30:37.19,53.997222,-11.624167,40192.0,155635.0,88
286290284,286290284,westbound,B772,EGLL,KIAD,36:16:37.90,41:16:20.61,53.992318,-9.031102,38829.0,228405.43685415777,88
286288138,286288138,westbound,B763,LFMN,KEWR,36:16:47.82,41:17:21.53,53.632296,-12.60264,40233.0,157085.78857359441,85
286289283,286289283,westbound,B789,EGLL,KDEN,36:17:28.73,40:32:17.75,56.628206,-8.353823,39866.0,207980.2173925091,65
286290849,286290849,westbound,B789,EGLL,KPHL,36:20:23.81,41:20:48.84,54.083599,-9.030826,40737.0,198499.82500372152,89
286279789,286279789,eastbound,B789,MMMX,EHAM,36:20:44.48,40:54:40.07,46.827512,-52.01723,41016.0,179259.62912055387,60
286288376,286288376,westbound,B764,LIPZ,KEWR,36:20:46.85,41:40:47.64,55.269028,-7.88593,34079.0,176434.96316628435,91
286288502,286288502,westbound,B772,EDDM,KIAH,36:21:21.81,40:50:58.06,57.812093,-8.179255,37846.0,240766.56573048737,61
286289354,286289354,westbound,B763,LSGG,KJFK,36:22:41.65,41:51:15.69,53.944869,-8.83856,40082.0,157759.65485639396,92
286289755,286289755,westbound,A339,EHAM,KDTW,36:24:15.86,41:16:43.24,57.248288,-7.989735,39260.0,207730.7586234682,84
286289989,286289989,westbound,A339,LFPG,KBOS,36:24:34.89,41:50:25.55,54.598499,-7.77971,39744.0,202793.51008804733,90
286290109,286290109,westbound,A359,LFPG,MMMX,36:24:43.34,42:16:58.13,51.111834,-7.402067,37601.0,249387.10054800392,71
286289122,286289122,westbound,B78X,EDDF,KORD,36:26:25.09,40:53:47.56,57.623995,-8.172048,39843.0,221498.7674424859,78
286288299,286288299,westbound,A333,LIMC,CYUL,36:26:38.98,41:39:10.66,54.064658,-8.830998,38859.0,191148.21667672507,85
286289077,286289077,westbound,A333,LSGG,CYUL,36:26:48.52,41:42:21.86,54.27878,-7.982519,38656.0,192503.27595462758,86
286290569,286290569,westbound,B78X,EHAM,KJFK,36:27:09.08,41:41:09.00,56.384645,-7.772128,39620.0,223445.76649687614,93
286289991,286289991,westbound,A333,EHAM,KIAD,36:27:41.79,41:40:13.47,56.504838,-7.835014,38394.0,194247.6418078332,88
286290127,286290127,westbound,B764,LFPG,KEWR,36:28:12.71,41:46:19.55,55.404321,-8.399883,34082.0,174417.82545538366,90
286287990,286287990,westbound,B788,EPKK,KORD,36:28:25.14,40:49:44.18,59.965071,-8.315678,41616.0,175484.85161256776,69
286291555,286291555,westbound,A333,EIDW,KBOS,36:31:00.00,41:50:57.88,54.0575,-9.571667,37948.0,197329.4,87
286288696,286288696,westbound,A333,LFMN,KEWR,36:31:53.88,41:33:04.19,53.806985,-12.335704,38979.0,190427.08177432427,86
286291929,286291929,westbound,A333,EIDW,KIAD,36:33:00.00,41:47:04.66,53.936667,-9.596111,37948.0,197329.4,88
286289780,286289780,westbound,A333,EKCH,CYYZ,36:34:03.56,41:31:40.15,60.679786,-4.890529,38546.0,193300.94513780012,85
286291281,286291281,westbound,B789,LEMD,KPHL,36:34:35.23,41:56:39.09,44.134529,-11.298104,40688.0,198902.15760008042,95
286292096,286292096,westbound,B752,EGPH,KIAD,36:36:47.95,41:44:05.97,56.536144,-7.819869,38680.0,97667.30424628798,86
286289291,286289291,westbound,A332,LIMC,KJFK,36:36:50.79,41:58:25.35,53.936261,-8.680637,39593.0,198403.00060708955,93
286285735,286285735,westbound,B788,LGAV,KIAD,36:37:07.22,41:24:28.33,51.692179,-13.463617,41836.0,170002.55627765728,69
286292191,286292191,westbound,A333,EIDW,CYYZ,36:38:00.00,41:36:22.49,54.311111,-9.414167,37948.0,197329.4,85
286290272,286290272,westbound,B772,LFPG,KIAD,36:38:35.39,41:41:41.10,54.809889,-7.868395,38832.0,227878.45316426043,89
286286382,286286382,westbound,A332,LIRN,KATL,36:39:13.74,42:08:32.12,41.718964,-13.539611,39264.0,204543.26941111343,72
286290273,286290273,westbound,B772,LFPG,CYOW,36:39:29.35,41:43:17.34,54.979035,-8.437259,39147.0,223346.2284029093,87
286285755,286285755,eastbound,B77L,KMEM,EGSS,36:40:47.14,40:55:42.13,47.746714,-53.033356,42487.0,234696.4024662212,76
286292161,286292161,westbound,A333,EIDW,CYYZ,36:43:00.00,41:39:00.35,54.3375,-9.290556,37947.0,197329.4,84
286292263,286292263,westbound,B77W,EGLL,KJFK,36:43:02.13,41:52:14.01,53.904604,-9.740753,39705.0,274502.6805789553,91
286292729,286292729,westbound,B752,EIDW,KEWR,36:44:00.00,41:58:54.86,54.060556,-9.586389,39009.0,96001.0,88
286290878,286290878,westbound,A333,LEMD,KBOS,36:44:40.38,42:14:37.81,44.370408,-11.234538,38313.0,195009.31744501845,93
286290823,286290823,westbound,A333,EHAM,KATL,36:44:40.89,41:42:16.97,57.081763,-8.969741,38451.0,193822.0133997172,79
286292564,286292564,westbound,B763,EIDW,KJFK,36:46:00.00,42:09:48.58,54.41,-9.711111,40093.0,156505.3,91
286292125,286292125,westbound,A339,LPPT,KORD,36:46:08.98,42:09:47.64,40.704244,-13.545819,38929.0,210790.34455689092,93
286288634,286288634,westbound,B77W,LIRF,CYYZ,36:46:37.96,41:25:57.94,53.866119,-11.268336,39694.0,274738.05144627416,77
286290642,286290642,westbound,A359,LFPG,KBOS,36:47:41.81,42:05:13.42,54.383963,-8.191493,39912.0,223604.21063992268,93
286288715,286288715,westbound,B789,EPWA,KMIA,36:48:15.55,42:07:12.11,59.027663,-7.764622,39969.0,203539.9796622927,73
286288679,286288679,westbound,B788,EPWA,KJFK,36:49:27.86,41:56:12.52,59.386648,-7.676934,41978.0,172073.57716440703,88
286288366,286288366,westbound,A332,LIRF,CYUL,36:49:30.44,41:58:24.60,54.709598,-7.83476,39790.0,197359.06685399092,88
286290271,286290271,westbound,B77W,LEBL,CYYZ,36:49:30.67,42:04:42.85,48.673909,-6.550831,39366.0,278463.3415778098,93
286291003,286291003,westbound,A333,EGLL,KIAD,36:49:48.67,42:01:31.91,54.045181,-8.960353,38227.0,195466.4655858481,88
286286964,286286964,westbound,B788,LIRN,CYUL,36:49:50.68,41:32:29.97,53.688527,-13.127902,42281.0,167055.3736446918,80
286290953,286290953,westbound,B772,LFPG,KRDU,36:50:03.66,42:01:34.42,54.765693,-8.112556,38668.0,230188.68842878053,91
286283426,286283426,eastbound,B77L,KMEM,LFPG,36:50:24.20,41:22:51.77,47.013359,-52.913227,42336.0,237123.07885188257,78
286288524,286288524,westbound,A333,LIPZ,CYYZ,36:50:25.51,41:53:17.39,54.675658,-7.941971,38931.0,190611.1788003408,83
286290593,286290593,westbound,B77W,LSZH,KMIA,36:50:41.87,42:39:27.25,48.825241,-6.928119,38633.0,290611.87072180456,85
286289942,286289942,westbound,A333,EDDF,KRSW,36:50:53.39,42:37:12.87,51.271029,-10.777566,38731.0,192251.27439579542,81
286291986,286291986,westbound,A333,LEMD,CYUL,36:51:28.14,42:24:10.89,44.190658,-9.707074,38237.0,195467.30937967394,94
286293043,286293043,westbound,A333,EINN,KBOS,36:51:36.00,41:56:01.68,53.555566,-12.836649,37983.0,197102.71107722048,85
286280344,286280344,eastbound,B77L,MMMY,EDDF,36:52:16.10,41:41:08.20,47.428309,-52.01008,42175.0,238121.6010945268,64
286291055,286291055,westbound,A333,EHAM,KJFK,36:52:42.56,42:07:09.89,56.993474,-8.016395,38420.0,194060.286422961,90
286292173,286292173,westbound,A339,LPPT,KSFO,36:54:00.76,42:32:47.57,39.833095,-13.315347,37610.0,224657.11575407776,64
286292441,286292441,westbound,A333,EIDW,KEWR,36:55:00.00,42:04:11.39,54.165,-9.449444,37948.0,197329.4,87
286292389,286292389,westbound,A333,LPFR,CYYZ,36:55:22.20,42:23:11.29,40.049808,-13.602061,38200.0,195731.2852852927,93
286291523,286291523,westbound,B77W,LPPT,CYYZ,36:55:23.00,42:10:08.17,40.380933,-13.620183,39459.0,278210.2722720378,93
286290658,286290658,westbound,B748,EDDF,KIAD,36:56:13.05,41:46:38.77,56.796641,-7.627055,37062.0,379457.0158444641,88
286291616,286291616,westbound,B772,EGKK,KLAS,36:56:32.05,41:03:29.08,57.059691,-8.578433,37540.0,246057.26999589917,55
286291066,286291066,westbound,B789,EGLL,CYOW,36:58:04.56,41:56:09.38,53.882166,-9.081693,40912.0,196498.99931027202,89
286292373,286292373,westbound,A333,EGCC,CYYZ,36:58:41.93,41:51:46.41,55.327848,-8.144585,38083.0,196413.79173232956,84
286285987,286285987,westbound,B772,LGAV,KCLT,36:58:58.32,42:19:23.35,40.736653,-14.00049,38715.0,227967.20895637257,68
286288179,286288179,westbound,B772,LIRF,KCLT,36:59:53.18,41:45:24.54,52.265542,-14.039568,38736.0,228199.34388247167,72
286291887,286291887,westbound,B789,EGLL,KLAX,37:00:47.07,41:04:27.31,57.091384,-8.57141,39231.0,215151.37010010515,52
286292976,286292976,westbound,B788,EIDW,KORD,37:01:00.00,41:38:53.49,54.396111,-9.450556,41636.0,181668.6,82
286291714,286291714,westbound,B763,EGLL,KEWR,37:01:13.96,42:17:22.62,55.304971,-7.959723,40057.0,157212.26618729284,89
286292656,286292656,westbound,A332,LPPR,CYYZ,37:01:33.23,42:25:47.82,42.207259,-11.741334,39318.0,198868.8470139768,93
286290402,286290402,westbound,B748,EDDF,KEWR,37:02:10.65,41:55:29.64,56.793458,-7.658766,37306.0,375466.89695643156,89
286287035,286287035,westbound,B78X,LGAV,KORD,37:03:39.74,41:44:43.00,54.688789,-8.204723,40772.0,214546.83593555458,64
286289436,286289436,westbound,A333,LSZH,KIAD,37:04:16.60,42:23:34.49,54.71852,-7.720298,38712.0,192098.3982078575,89
286289749,286289749,westbound,B789,LFMN,KPHL,37:04:58.01,41:59:09.77,52.851391,-13.158279,40858.0,193672.7561435572,87
286291790,286291790,westbound,A332,EGKK,CYYZ,37:05:08.58,41:51:48.23,55.679907,-8.19169,39526.0,197470.08965041852,84
286290597,286290597,eastbound,B772,KBOS,EGLL,37:07:24.13,41:18:36.75,46.952396,-52.332378,39577.0,215282.9208992525,77
286292696,286292696,westbound,A35K,EGPH,KMCO,37:07:45.55,42:32:20.71,56.439278,-7.761784,37886.0,265960.7793409526,93
286286466,286286466,eastbound,B77L,KMEM,LFPG,37:07:59.93,41:40:25.01,46.870059,-52.806939,42335.0,237178.51960424642,78
286290583,286290583,westbound,A333,EKCH,KBOS,37:09:09.64,42:29:37.22,60.535063,-7.785028,38647.0,192613.25281263844,89
286290952,286290952,westbound,B764,LSZH,KJFK,37:09:26.38,42:36:30.40,55.0744,-8.079565,35012.0,175348.08219123443,92
286291622,286291622,westbound,B789,LEBL,KPHL,37:09:47.64,42:53:13.47,45.486863,-6.517502,40510.0,200674.22751307755,101
286291263,286291263,westbound,A339,EGLL,KBOS,37:10:26.57,42:31:17.32,53.8696,-9.160025,39747.0,202284.40281901855,89
286291737,286291737,westbound,B789,EGLL,KORD,37:10:40.03,41:54:38.21,54.12796,-8.119604,40372.0,202830.72989034525,84
286290769,286290769,westbound,B77W,LFPG,CYUL,37:11:01.54,42:07:02.03,54.925124,-8.350195,39947.0,270812.3126231614,88
286288311,286288311,westbound,B764,LDDU,KEWR,37:12:02.06,42:24:16.07,54.521571,-8.796336,35084.0,177403.37433184194,82
286291028,286291028,westbound,B77W,EGLL,KIAD,37:12:31.17,42:11:38.13,54.028773,-9.710952,39479.0,277792.60648246866,88
286290837,286290837,westbound,A339,EDDF,MMUN,37:12:34.01,42:42:37.09,56.741996,-8.185382,38141.0,220512.06451529884,71
286291492,286291492,westbound,A35K,EGLL,KJFK,37:12:41.91,42:25:34.38,53.946879,-9.106797,38738.0,255560.4372898732,92
286289209,286289209,westbound,B763,LOWW,CYUL,37:14:42.16,42:22:42.76,57.510626,-8.319214,40179.0,156609.7819682664,87
286290172,286290172,westbound,A359,EDDM,KCLT,37:16:12.36,42:09:20.10,57.122313,-8.819322,39196.0,232991.03973869508,77
286290979,286290979,westbound,B77W,LFPG,KJFK,37:16:12.39,42:30:18.18,54.680996,-8.303283,39733.0,273984.49176096654,93
286286062,286286062,westbound,A339,LGAV,KATL,37:16:15.14,42:44:54.51,40.360207,-13.990786,39331.0,212109.0845423132,65
286291244,286291244,westbound,B763,EGKK,KJFK,37:16:32.11,42:34:57.21,53.755635,-11.182865,40126.0,156812.94449148868,89
286291955,286291955,westbound,A333,LEBL,KJFK,37:16:36.71,43:07:56.04,46.342939,-6.902442,38415.0,194267.880567327,100
286288499,286288499,westbound,A339,LIRF,KJFK,37:17:15.75,42:20:13.52,52.379076,-13.137001,39704.0,205667.21009007475,85
286292969,286292969,westbound,A333,EIDW,KSFO,37:18:27.48,41:33:03.78,56.280217,-8.521795,38034.0,196742.9047608527,56
286292433,286292433,westbound,B772,EGKK,MMUN,37:18:35.50,43:10:43.87,50.637672,-6.925278,37598.0,245988.85975756243,85
286290250,286290250,westbound,B77W,LSZH,KORD,37:18:49.32,41:57:03.90,54.832985,-8.341353,39199.0,281673.9987641119,79
286290233,286290233,westbound,A333,LSZH,KBOS,37:18:53.54,42:46:20.57,54.797618,-8.107814,38726.0,192002.82686761566,88
286290418,286290418,westbound,B788,LIMC,KPHL,37:18:54.18,42:23:47.47,53.781242,-10.774782,41972.0,173208.30708188424,90
286293360,286293360,westbound,A333,EIDW,KMCO,37:19:00.00,42:48:26.22,54.040278,-9.483889,37946.0,197329.4,92
286291621,286291621,westbound,A339,EGLL,KMSP,37:19:01.56,42:00:37.79,54.402334,-8.439238,39037.0,209894.86280800562,81
286291056,286291056,westbound,A359,LFPG,CYYZ,37:22:13.06,42:10:52.02,55.121304,-8.187787,39631.0,226777.82482883387,86
286291843,286291843,westbound,B789,EGKK,KJFK,37:22:18.72,42:25:45.86,53.698892,-11.121737,40879.0,196402.646888585,89
286291793,286291793,westbound,A359,EHAM,TNCC,37:22:53.33,43:17:49.65,50.679057,-6.513507,38432.0,240121.56057606015,86
286292028,286292028,westbound,B772,EGLL,KORD,37:24:34.97,41:57:15.12,56.197274,-8.288939,38634.0,230927.57447867442,81
286293970,286293970,westbound,B752,EIDW,KIAD,37:26:00.00,42:38:40.71,54.391111,-9.276111,38669.0,97411.7,87
286290579,286290579,westbound,A333,LFPG,KJFK,37:26:20.21,42:40:59.98,53.703475,-11.356539,38542.0,193374.12465811791,89
286293742,286293742,westbound,B763,EGPH,KJFK,37:26:47.95,42:55:27.55,56.509265,-7.858479,39993.0,156953.9128256944,92
286291684,286291684,westbound,B788,EKCH,KPHL,37:29:15.84,42:37:30.01,60.332154,-7.591947,41918.0,174927.7418094271,92
286290417,286290417,westbound,A333,LSZH,CYUL,37:29:38.96,42:42:00.23,54.919449,-7.922432,38722.0,192020.89299148307,89
286291067,286291067,westbound,A333,EDDF,KMCO,37:29:41.83,43:07:17.53,56.904476,-8.128561,38643.0,192469.39694031436,80
286287715,286287715,westbound,B788,LOWW,KIAD,37:30:16.46,42:24:24.33,57.629936,-8.575177,41813.0,173808.252644066,80
286291489,286291489,westbound,B788,LFPG,KORD,37:31:58.61,42:10:57.37,55.193664,-8.05515,41592.0,179282.4365421592,83
286294786,286294786,westbound,A333,EINN,KJFK,37:33:00.00,42:44:13.52,53.883889,-11.805278,37948.0,197329.4,88
286290656,286290656,westbound,B77L,LSZH,CYYZ,37:33:22.18,42:22:44.66,54.6747,-8.342406,42110.0,244213.00317014844,86
286293986,286293986,westbound,A333,EGCC,KJFK,37:34:17.71,43:04:12.49,54.496691,-7.816987,38053.0,196622.76620299625,93
286291379,286291379,westbound,B748,EDDF,MMMX,37:35:48.22,41:56:57.11,57.920386,-8.783627,35914.0,398422.2656767543,54
286293783,286293783,westbound,A333,EIDW,KBNA,37:36:00.00,42:29:06.67,54.315278,-9.316389,37947.0,197329.4,83
286292336,286292336,westbound,B77W,EGLL,KJFK,37:36:28.31,42:45:49.40,53.887259,-9.731815,39678.0,274958.0315876619,91
286283078,286283078,eastbound,B788,MMMX,EGLL,37:37:48.24,41:53:37.87,46.547943,-52.407642,42297.0,155757.0555498182,58
286291984,286291984,westbound,B744,EDDF,KBOS,37:38:34.07,42:47:21.63,56.726867,-7.68006,38866.0,291249.31382816634,90
286291849,286291849,westbound,B77W,LFPG,KIAD,37:38:34.77,42:28:26.65,53.594889,-11.939843,39609.0,275953.0188351644,85
286293169,286293169,westbound,A333,EGSS,CYOW,37:39:28.28,42:47:55.87,54.066683,-8.778231,38224.0,195488.17853545822,88
286289632,286289632,westbound,B763,LKPR,KJFK,37:39:32.83,43:06:51.26,57.290239,-7.870527,39878.0,158319.77798904738,93
286293224,286293224,westbound,A35K,EGLL,KMCO,37:41:03.19,43:31:51.80,51.127206,-6.878982,37830.0,267316.02500765235,95
286290228,286290228,westbound,A339,EDDF,KMIA,37:41:43.98,43:29:31.78,55.527602,-8.119586,38599.0,215471.51678805912,84
286291141,286291141,westbound,FA7X,LSGG,KPWK,37:42:41.68,42:37:44.95,54.19379,-9.558183,44759.0,21478.717458953535,76
286291781,286291781,westbound,B772,EHAM,CYHZ,37:42:48.21,42:19:10.04,56.162332,-7.861544,39514.0,218336.7882287607,81
286292256,286292256,westbound,A35K,EGLL,CYYZ,37:43:48.55,42:35:23.07,53.941914,-8.120628,38612.0,257082.65657433093,86
286290270,286290270,westbound,B772,LIRF,KIAD,37:44:27.53,43:07:05.82,50.5046,-6.508282,38699.0,229248.0084943914,87
286292536,286292536,westbound,A333,EHAM,KBOS,37:44:40.95,43:06:44.45,56.68606,-8.329612,38423.0,194059.4741893424,88
286288194,286288194,westbound,B77W,LGAV,CYYZ,37:45:26.56,42:33:19.09,54.331015,-8.576306,39535.0,277552.85951804434,70
286290657,286290657,westbound,A35K,EGLL,KJFK,37:45:39.98,42:57:59.34,54.091047,-9.204089,38738.0,255563.12522895625,92
286291833,286291833,westbound,B764,EGLL,KATL,37:45:44.40,42:57:19.45,54.091765,-8.102878,33701.0,182286.48337323155,86
286292725,286292725,westbound,A35K,EGLL,KDEN,37:51:28.40,42:07:17.66,56.483845,-8.583954,37697.0,269907.11323286436,65
286293062,286293062,westbound,A35K,EGLL,KLAX,37:52:04.01,41:57:59.88,57.064657,-8.676469,37002.0,279405.16969056474,52
286286755,286286755,eastbound,MD11,KMEM,LFPG,37:52:11.48,42:27:51.04,46.041428,-52.193053,35032.0,248655.6827829654,76
286289587,286289587,westbound,B763,LIRF,KEWR,37:52:35.02,42:53:17.57,52.232285,-13.334003,40252.0,157740.45050428595,80
286287736,286287736,eastbound,B77L,KMEM,EDDK,37:53:14.72,42:38:53.42,47.538812,-52.449163,42253.0,238398.85642248765,79
286291027,286291027,westbound,B772,LIPZ,KDFW,37:54:03.71,42:31:08.08,55.908242,-8.484701,37913.0,239826.72085979686,61
286290303,286290303,westbound,B788,LIRN,KPHL,37:54:12.92,42:48:44.33,51.840743,-13.538213,42020.0,170357.5669182715,80
286292519,286292519,westbound,B789,EHAM,MMMX,37:55:24.60,42:28:38.67,57.346198,-7.959767,39077.0,216299.83064261553,57
286291394,286291394,westbound,A332,EDDF,KDTW,37:55:57.51,42:43:07.56,57.678557,-7.732464,39287.0,200942.94615422946,82
286293565,286293565,westbound,B744,EBLG,KJFK,37:56:39.31,43:08:50.39,55.420649,-7.744542,38674.0,294433.8582181222,93
286292578,286292578,westbound,A35K,EGLL,KPHL,37:56:54.00,43:10:23.94,53.900141,-9.19781,38654.0,256702.48898783227,92
286291065,286291065,westbound,A333,LKPR,CYYZ,37:57:16.17,42:52:57.61,57.97963,-7.518032,38855.0,191025.60870236036,83
286283135,286283135,eastbound,A359,KSFO,LFPO,37:58:38.41,42:54:17.87,57.463872,-60.902637,39909.0,230007.46990108077,66
286287878,286287878,westbound,A339,LGAV,KBOS,38:01:05.68,43:00:08.36,54.192776,-9.444847,39734.0,206839.22562176653,71
286294155,286294155,westbound,B77W,EGLL,KJFK,38:02:41.30,43:17:15.07,55.201008,-8.026399,39737.0,274035.4965509993,93
286290171,286290171,westbound,B789,LIRF,KPHL,38:03:28.37,43:00:55.86,51.850592,-13.01939,40828.0,192998.59649007613,85
286293916,286293916,westbound,B763,EGLL,KORD,38:04:25.05,42:47:18.40,56.173528,-8.411795,39599.0,161111.58772155805,80
286291985,286291985,westbound,B77W,LFPG,CYUL,38:05:00.22,43:04:23.27,54.996497,-8.454538,39951.0,270815.43239419063,85
286292331,286292331,westbound,A333,EKCH,KJFK,38:06:01.88,43:24:41.43,60.723072,-7.771333,38652.0,192555.44322436303,91
286291395,286291395,eastbound,B772,KJFK,EGLL,38:06:45.61,42:22:50.43,45.913419,-52.583149,39507.0,215707.12177045638,78
286290649,286290649,westbound,A332,LIPZ,CYYZ,38:07:27.23,42:49:20.67,57.152706,-8.341343,39537.0,199612.319880226,83
286288969,286288969,westbound,B77W,LOWW,CYYZ,38:09:17.66,42:54:25.76,56.861656,-7.610459,39525.0,275922.04073932226,80
286290929,286290929,westbound,B789,LIRF,KJFK,38:09:30.04,43:04:02.43,51.860228,-13.063426,40902.0,192110.84897389778,84
286294787,286294787,westbound,A333,EGCC,KJFK,38:11:17.57,43:41:01.69,54.406278,-7.819834,38053.0,196622.3930460504,93
286293046,286293046,westbound,B772,LFPG,KATL,38:12:12.48,42:59:54.62,53.854833,-10.462515,38422.0,233635.17257030573,79
286291323,286291323,westbound,B788,EPKK,KEWR,38:13:38.37,43:09:30.60,58.481898,-8.491699,41967.0,171931.2089146569,82
286294309,286294309,westbound,B772,EGKK,KMCO,38:14:56.23,44:04:43.09,50.762454,-6.616996,38131.0,238583.78294893686,95
286292810,286292810,westbound,B764,LFPG,KJFK,38:16:32.63,43:43:31.90,55.296885,-7.983925,34674.0,174536.32383040155,92
286288381,286288381,westbound,B78X,LGAV,KEWR,38:18:10.70,43:01:38.26,53.948667,-11.7726,40904.0,213542.8092119768,70
286292281,286292281,westbound,B744,EDDF,CYYZ,38:19:22.18,42:56:25.98,57.230067,-8.409815,38596.0,296147.97507825855,84
286294316,286294316,westbound,B789,EGLL,KORD,38:20:42.03,43:05:39.30,53.956529,-7.998376,40366.0,202827.4099603422,84
286291749,286291749,westbound,GLEX,LIPE,KSGF,38:21:16.10,42:49:18.74,53.778087,-12.946869,45447.0,34618.226673019686,64
286291796,286291796,westbound,B764,LFMN,KJFK,38:21:47.77,43:30:44.02,53.445326,-13.231985,37007.0,174352.0602584367,87
286293290,286293290,westbound,A333,EHAM,CYYZ,38:22:01.64,43:21:52.13,57.317249,-7.762885,38420.0,194048.49616097563,85
286292280,286292280,westbound,B789,EDDF,CYUL,38:22:05.05,43:18:58.89,56.497157,-8.239935,40960.0,193654.97589148927,85
286293418,286293418,westbound,A333,EFHK,KORD,38:22:52.14,43:24:53.98,65.369596,10.191531,38453.0,194250.6362176532,82
286295908,286295908,westbound,A333,EIDW,KBDL,38:24:00.00,43:43:25.99,54.075,-9.659444,37948.0,197329.4,86
286290820,286290820,westbound,A333,LIRF,KJFK,38:24:20.84,43:29:58.42,52.48865,-13.128322,39276.0,188563.03894720064,85
286293692,286293692,westbound,B789,EGLL,CYUL,38:26:11.54,43:21:36.76,54.042498,-8.942626,40981.0,195713.45894041474,87
286290704,286290704,eastbound,F900,KCHO,LIRQ,38:26:55.20,43:41:20.20,44.594425,-53.516554,38186.0,11728.9583978568,79
286292938,286292938,westbound,B772,EDDF,KIAH,38:29:00.61,42:56:39.71,57.69413,-8.473596,37831.0,241264.9440299879,63
286294644,286294644,westbound,B788,LEMD,KJFK,38:29:10.39,43:58:18.02,43.986593,-11.374678,41975.0,176529.46491919598,92
286292192,286292192,westbound,B789,EPWA,CYYZ,38:31:40.27,43:08:20.84,59.703313,-7.603417,40752.0,194245.6755830525,78
286291723,286291723,westbound,F900,LIEO,KBGR,38:32:37.58,43:29:52.05,53.782898,-12.128039,38186.0,11156.848463429566,77
286290609,286290609,westbound,A332,LYBE,KJFK,38:32:47.35,43:50:41.33,55.242961,-8.737418,39575.0,200365.1806550422,85
286289421,286289421,westbound,B77W,LGAV,CYUL,38:32:53.09,43:29:43.83,56.31303,-8.362132,39855.0,272412.1520468941,76
286292248,286292248,westbound,A333,LIMC,KJFK,38:33:02.09,43:59:10.79,54.12625,-8.725723,38814.0,191480.8377288292,92
286294457,286294457,westbound,B788,EGLL,KIAD,38:34:20.35,43:35:41.02,54.075762,-8.975271,41840.0,178140.44913365098,89
286294492,286294492,westbound,A339,EGLL,KTPA,38:36:47.14,44:00:40.72,54.120825,-9.85356,38690.0,213694.8902224069,84
286296188,286296188,westbound,B763,EIDW,KBOS,38:38:00.00,43:57:47.05,54.466667,-10.116667,40291.0,154828.9,86
286291525,286291525,westbound,B764,LIPZ,KJFK,38:38:01.80,44:03:55.46,56.147798,-7.647838,35790.0,176079.2958605607,92
286294760,286294760,westbound,B77W,EGLL,KJFK,38:38:30.68,43:48:45.39,53.865558,-9.539495,39679.0,274952.97240714007,91
286294792,286294792,westbound,B772,EGLL,KIAH,38:40:30.22,43:13:32.80,56.141518,-9.022226,37872.0,241613.60181780995,69
286295720,286295720,westbound,A333,EIDW,KIND,38:41:00.00,43:33:27.69,54.361944,-9.365833,37943.0,197329.4,83
286293223,286293223,westbound,A333,LEBL,CYUL,38:41:02.47,44:20:51.98,47.173002,-6.800274,38445.0,194058.11526205012,95
286292083,286292083,westbound,A332,LIRF,CYYZ,38:41:13.92,43:34:59.60,54.59353,-7.953847,39509.0,200503.5549127321,83
286292891,286292891,westbound,A333,LSZH,KJFK,38:45:08.90,44:12:20.95,54.732401,-8.474597,38743.0,191917.9507455165,92
286292553,286292553,eastbound,B763,KEWR,EGLL,38:45:25.03,43:12:54.77,46.232427,-52.768416,39099.0,152062.539789274,78
286292842,286292842,westbound,GLEX,LIPO,KTEB,38:46:02.22,43:38:29.50,53.677066,-12.951837,46670.0,31918.236844659685,86
286294088,286294088,westbound,A339,EDDF,CYYZ,38:46:54.19,43:40:33.13,57.228116,-7.821283,39460.0,206252.86111069174,85
286294709,286294709,westbound,B772,EGLL,TXKF,38:48:29.28,44:03:09.02,51.794709,-13.201549,39194.0,223157.09159528543,89
286293590,286293590,westbound,A332,LFLL,CYUL,38:49:15.97,43:36:07.47,53.601905,-13.435632,39997.0,194557.63348781754,82
286295449,286295449,eastbound,B772,CYHZ,EGLL,38:49:51.15,43:03:42.51,46.776166,-52.728135,39608.0,216384.89930472526,77
286294779,286294779,westbound,B764,LFPG,KATL,38:49:51.86,45:04:30.33,50.99988,-6.363438,34817.0,183258.05099737155,93
286294634,286294634,westbound,B789,EHAM,CYYZ,38:51:09.92,43:31:35.85,57.156987,-7.70166,40723.0,197630.04737810823,84
286294834,286294834,westbound,B789,LFPG,KMSP,38:55:41.53,43:27:29.48,55.732867,-8.139302,40365.0,201446.90350984954,77
286293591,286293591,westbound,B772,EPPO,KAFW,38:58:38.70,43:20:04.01,59.896426,-7.908917,37949.0,239411.87591227627,59
286295189,286295189,westbound,A333,LFBO,CYUL,38:59:01.54,44:32:01.38,49.967913,-6.419755,38404.0,194319.0235826973,93
286291570,286291570,westbound,B763,LIRN,KEWR,38:59:18.74,44:00:23.60,52.197223,-13.190868,40187.0,158495.84743719475,79
286292022,286292022,eastbound,B789,KJFK,EGLL,39:00:38.72,43:16:50.72,46.445174,-52.715917,41275.0,187652.91589270352,77
286294988,286294988,westbound,B772,EGLL,KLAX,39:00:46.13,43:05:42.63,57.004498,-8.639335,37338.0,249008.5086051626,52
286292535,286292535,westbound,B789,LIRF,CYYZ,39:03:14.08,43:39:16.00,53.727393,-12.070632,40802.0,193039.58310064694,76
286295174,286295174,westbound,A388,EGLL,KBOS,39:04:56.32,44:13:04.33,54.057157,-8.997971,39509.0,443759.1390746682,88
286295214,286295214,westbound,B788,EGLL,KSAN,39:05:04.29,43:09:56.47,56.733949,-8.45923,40352.0,192935.0128084246,54
286295473,286295473,westbound,B772,EGLL,KCLT,39:05:23.40,44:06:28.55,54.052048,-8.348271,38527.0,232736.96187756307,87
286296119,286296119,westbound,A333,EIDW,KLAX,39:05:47.36,43:25:39.54,56.283602,-8.601151,38037.0,196722.203118603,55
286296471,286296471,westbound,A333,EIDW,KDEN,39:06:00.00,43:41:50.32,54.393333,-9.591111,37946.0,197329.4,72
286296659,286296659,westbound,B752,EGPH,KEWR,39:07:00.00,44:21:44.55,56.368056,-7.648611,38739.0,96504.0,89
286294764,286294764,westbound,B744,ELLX,KIND,39:07:18.12,43:40:02.35,57.726266,-7.824764,38079.0,305019.0716842066,80
286296992,286296992,eastbound,A333,BIKF,LPFR,39:12:00.00,42:36:02.28,62.200277,-19.671666,38957.0,187821.1,58
286295723,286295723,westbound,B789,EGLL,MMMX,39:13:12.97,43:56:02.88,54.100164,-8.157104,39046.0,218007.34880229604,61
286292302,286292302,westbound,B789,LIRF,KDEN,39:14:48.38,43:40:33.93,53.042663,-13.061989,39928.0,203341.19391181986,54
286295122,286295122,westbound,B789,EGLL,KDEN,39:14:51.31,43:18:09.46,56.945497,-8.561602,39878.0,207804.58795303493,59
286295299,286295299,westbound,B77W,EGLL,KIAH,39:16:29.67,43:49:51.77,56.187991,-9.038637,38413.0,293103.82726228936,69
286294190,286294190,westbound,B788,LIMC,KORD,39:18:35.83,43:59:48.47,53.922536,-9.229193,41554.0,177819.24899269635,78
286291544,286291544,westbound,B788,LGAV,KPHL,39:20:50.23,44:49:30.87,50.024299,-6.590752,41705.0,173016.2902836196,80
286295925,286295925,westbound,B763,EGLL,KEWR,39:25:52.83,44:43:32.21,54.01572,-8.948114,40061.0,157233.70898465917,89
286296777,286296777,westbound,B77W,EGLL,CYYZ,39:26:45.44,44:11:51.55,55.617258,-8.156251,39656.0,275154.60166822653,85
286295697,286295697,westbound,A333,EKCH,KORD,39:27:02.09,44:19:27.28,60.564186,-0.953261,38415.0,194155.04104487158,83
286295771,286295771,westbound,A359,LFPG,MMMX,39:27:30.80,44:04:07.05,55.677411,-8.461241,37716.0,248357.48405920042,57
286293006,286293006,eastbound,A333,KJFK,EGLL,39:29:10.80,44:03:25.92,46.599436,-52.762028,38823.0,190495.17815374793,78
286293389,286293389,westbound,A333,LIRF,KMSP,39:31:26.04,44:10:24.50,53.986009,-11.178538,39239.0,188703.38063745433,67
1500415165,1500415165,westbound,A332,DTTA,CYUL,39:34:20.83,45:01:37.35,49.17208,-6.437884,39594.0,199347.0388357217,92
286296231,286296231,westbound,FA7X,ESGG,KBED,39:35:15.84,45:03:09.73,60.06188,-7.395345,45753.0,20843.677654917337,90
286297934,286297934,eastbound,F2TH,CYQX,LFMN,39:36:00.00,44:08:38.81,49.0,-50.0,40851.0,17098.9,77
286296462,286296462,westbound,A35K,EGLL,KPHX,39:36:17.14,43:41:21.44,57.052806,-8.436013,37157.0,277248.7295226728,54
286297905,286297905,eastbound,A333,BIKF,LEAL,39:38:00.00,42:45:16.69,62.217778,-19.705,38919.0,188164.9,53
286294816,286294816,westbound,A388,EDDM,KBOS,39:40:23.86,44:49:38.07,56.61801,-7.626118,39461.0,453106.8843946567,89
286296506,286296506,westbound,A332,LEMD,KJFK,39:40:39.41,45:08:45.17,44.541888,-11.641809,39579.0,197414.44715779216,94
286293900,286293900,westbound,A339,LIRF,KBOS,39:41:15.74,45:00:29.02,53.920622,-9.638024,39793.0,204351.359775114,87
286294013,286294013,westbound,A333,EDDM,KMCO,39:44:20.59,45:24:59.64,56.846673,-8.153683,38840.0,191182.1946877456,78
286296025,286296025,westbound,B772,EGKK,KJFK,39:44:24.39,44:46:19.73,53.88026,-11.478831,39127.0,224073.9384736681,89
286296041,286296041,westbound,B772,LFPG,KDTW,39:44:28.89,44:32:06.19,55.346687,-8.083034,38764.0,228755.6409840701,85
286297681,286297681,westbound,A333,EIDW,KPHL,39:46:00.00,44:54:09.90,54.172222,-9.455278,37948.0,197329.4,87
286296955,286296955,westbound,B763,EGLL,KEWR,39:51:10.51,45:12:18.03,53.944004,-8.218722,40023.0,157458.4398064664,90
286295831,286295831,westbound,A339,EGLL,KATL,39:51:41.96,44:50:00.21,55.692977,-8.221779,38882.0,211609.07182918774,84
286298415,286298415,westbound,A333,BIKF,KBOS,39:52:00.00,44:05:55.47,63.584722,-27.044722,38463.0,192471.1,73
286297664,286297664,westbound,A333,EIDW,KIAD,39:53:00.00,45:01:07.69,54.040278,-9.483889,37948.0,197329.4,87
286296391,286296391,westbound,A333,EFHK,KJFK,39:56:53.02,46:04:49.53,62.884736,7.124293,38501.0,193997.72534551908,104
286293393,286293393,westbound,B788,LFPG,MMMX,39:58:20.27,44:34:44.01,55.522759,-8.720239,40283.0,192797.2355317222,57
286294993,286294993,eastbound,B772,KJFK,EGLL,39:58:28.37,44:16:51.19,46.185365,-52.613678,39528.0,215479.4412806103,79
286295610,286295610,westbound,A333,EDDF,CYHZ,39:58:29.29,44:38:03.71,55.742999,-8.321082,38632.0,192694.70814808097,80
286297233,286297233,westbound,A359,LFPG,KMCO,39:58:42.98,45:47:40.90,49.281142,-6.836518,38715.0,236567.71034468172,92
286298286,286298286,westbound,A333,EIDW,KORD,39:59:00.00,44:44:06.45,54.353333,-9.305833,37948.0,197329.4,81
286293882,286293882,westbound,A339,LIRF,KJFK,39:59:06.92,45:02:48.17,52.430683,-13.066716,39707.0,205690.48285393958,85
286297193,286297193,westbound,A333,BIKF,KBWI,40:03:00.00,43:56:50.79,63.584722,-27.044722,38078.0,196102.2,66
286294955,286294955,westbound,A359,EDDM,KORD,40:03:22.72,44:33:09.14,57.542964,-8.663799,39255.0,232376.25506722005,72
286296926,286296926,westbound,B78X,EGLL,KORD,40:03:45.77,44:36:29.27,55.793648,-7.86002,39505.0,224430.50477513217,81
286298370,286298370,westbound,B772,EIDW,KDFW,40:04:00.00,44:40:28.65,54.449722,-9.473889,37896.0,241967.2,75
286297077,286297077,westbound,B764,LFPG,KIAD,40:04:06.36,45:17:05.70,55.710583,-8.027168,34107.0,176576.13119642582,87
286296855,286296855,westbound,B77W,LFPG,KJFK,40:04:22.06,45:20:46.36,54.64742,-7.852179,39727.0,273963.8057481544,93
286296489,286296489,westbound,B772,LEBL,KSFO,40:04:22.90,45:18:42.93,47.579162,-6.274232,36949.0,254130.82349821806,61
286298416,286298416,westbound,A333,EIDW,KJFK,40:06:00.00,45:26:43.54,54.078056,-9.674167,37948.0,197329.4,91
286296776,286296776,westbound,B77W,LFPG,KJFK,40:06:12.54,45:21:52.91,54.617596,-8.028863,39735.0,273984.046522802,93
286296538,286296538,westbound,B744,ELLX,KORD,40:06:17.69,44:37:21.56,57.337245,-7.89638,38220.0,302874.9488319014,80
286297224,286297224,westbound,B78X,EGLL,KMSY,40:08:21.69,44:53:11.41,54.173581,-8.825839,39490.0,224648.33289619748,73
286297187,286297187,westbound,B78X,EHAM,KJFK,40:09:35.81,45:19:09.91,56.334397,-7.768029,39616.0,223480.65853402155,92
286294235,286294235,westbound,B763,LIRF,KIAD,40:11:15.36,45:12:50.11,51.942018,-13.459123,40051.0,159636.2472069683,78
286297235,286297235,westbound,A339,EGLL,KJFK,40:13:45.22,45:40:24.17,55.278527,-7.725765,39573.0,204164.95888281608,93
286297717,286297717,westbound,B772,EGLL,KDFW,40:14:06.81,44:50:23.89,54.438901,-8.753156,37880.0,241634.41784880872,69
286297384,286297384,westbound,B772,EGLL,KBNA,40:14:22.23,45:00:25.60,55.782132,-8.360692,38402.0,234042.77931018217,81
286295350,286295350,westbound,A359,EDDM,KEWR,40:14:38.19,45:17:36.19,56.617365,-7.671672,39673.0,227558.28078859442,90
286297090,286297090,westbound,A359,LFPG,KIAD,40:15:55.30,45:18:29.18,54.985106,-8.467702,39533.0,227951.2703531084,89
286296563,286296563,westbound,A359,EDDM,MMMX,40:17:06.11,46:17:24.51,51.0816,-5.870116,37615.0,250817.81769657118,68
286295647,286295647,westbound,A388,LIMC,KJFK,40:17:11.44,45:25:56.11,54.006413,-9.552418,39349.0,456398.2346255901,92
286299067,286299067,westbound,A333,EIDW,KBOS,40:21:00.00,45:40:39.32,54.043056,-9.498333,37948.0,197329.4,87
286297527,286297527,westbound,B77W,EHAM,KATL,40:21:38.14,45:09:36.43,56.910071,-8.237448,38914.0,285730.62924776436,80
286291806,286291806,westbound,A332,LGAV,CYYZ,40:23:38.13,45:01:15.64,57.10131,-8.778526,39700.0,201108.38228955524,68
286292452,286292452,westbound,A333,LGAV,KJFK,40:25:33.30,45:26:19.36,53.115679,-13.571195,39963.0,183893.9222207792,72
286299336,286299336,westbound,A333,BIKF,KSWF,40:27:00.00,44:24:04.02,63.584722,-27.044722,38308.0,193936.5,68
286296106,286296106,westbound,A359,EDDM,CYYZ,40:27:33.08,45:06:22.80,57.24811,-8.067328,39613.0,228305.61673346642,83
286296075,286296075,westbound,A388,EDDM,KIAD,40:28:53.17,45:26:41.30,56.871077,-7.6064,39073.0,462545.69291760115,86
286297614,286297614,westbound,B77W,EGLL,KJFK,40:29:16.32,45:39:56.45,53.868552,-9.49321,39678.0,274983.5679991422,91
286296549,286296549,westbound,A333,DAAG,CYUL,40:29:58.82,46:14:04.04,44.372119,-7.313276,38609.0,192948.33646454784,99
286297929,286297929,westbound,A333,LEMD,KBOS,40:31:41.72,46:01:45.41,44.215787,-11.688496,38314.0,195069.42860888733,92
286298223,286298223,westbound,B789,EGLL,KPIT,40:36:58.38,45:31:08.54,55.409312,-8.240256,40616.0,199696.32913478275,87
286298133,286298133,westbound,B772,EGLL,KBWI,40:41:36.35,45:46:16.29,53.937136,-9.112476,38872.0,227882.98831304486,89
286297647,286297647,westbound,B789,EGLL,KMIA,40:42:41.42,45:59:03.97,53.789118,-13.016439,40133.0,204799.49847203377,90
286297178,286297178,westbound,A333,EDDF,CYYZ,40:42:51.50,45:37:35.83,57.261862,-7.796048,38653.0,192464.46462651325,84
286299448,286299448,westbound,B772,BIKF,KORD,40:43:00.00,43:47:36.87,63.584722,-27.044722,39266.0,223017.8,55
286298277,286298277,westbound,B772,EGLL,KIAD,40:43:34.16,45:45:00.43,53.986869,-9.109421,38835.0,228413.18438730686,88
286297799,286297799,westbound,B77W,EGLL,KDFW,40:47:59.37,45:27:01.66,54.162025,-9.059377,38334.0,294107.6965683965,72
286298526,286298526,westbound,A35K,EGLL,KJFK,40:50:20.89,46:02:42.15,53.89608,-9.248292,38738.0,255583.22159837122,92
286298385,286298385,westbound,B789,EGLL,KLAS,40:51:08.47,44:53:02.05,57.234973,-9.039045,39440.0,212700.0726002408,54
286298751,286298751,westbound,B77W,EGLL,KJFK,40:52:04.49,46:01:38.58,53.861019,-9.668613,39665.0,275008.94469354383,91
286297923,286297923,westbound,B772,EDDF,KIAD,40:52:45.14,45:44:12.83,56.745805,-7.661268,38798.0,227843.34335377766,86
286297268,286297268,westbound,B77L,EDDK,KMEM,40:52:45.91,45:23:38.61,57.348832,-8.838445,41450.0,254381.6543294668,70
286293647,286293647,westbound,B763,LGAV,KEWR,40:55:16.43,45:50:11.70,52.873992,-13.706335,40310.0,158957.7930908905,68
286298572,286298572,westbound,B789,EGLL,KAUS,40:55:38.36,45:27:42.57,55.973525,-8.638483,39646.0,210683.8645598055,66
286298546,286298546,westbound,B772,EHAM,CYYZ,40:55:39.41,45:34:46.31,57.396871,-7.834112,38932.0,226375.58671655293,83
286293090,286293090,westbound,B772,LGAV,KJFK,40:55:46.75,45:42:57.75,53.171361,-13.600171,39166.0,221061.9917839846,72
286298455,286298455,westbound,B789,LFPG,KLAX,40:56:37.58,45:15:38.03,55.957579,-8.066478,39185.0,215028.25105990624,53
286299439,286299439,westbound,B772,GCTS,BIKF,40:57:56.78,44:48:14.06,33.589473,-17.05895,39868.0,214083.84607756973,69
286299937,286299937,westbound,B772,BIKF,KMSP,41:01:00.00,43:55:58.24,63.916667,-27.160278,39265.0,223018.9,52
286297492,286297492,westbound,A343,EDDF,KJFK,41:03:48.01,46:28:39.85,56.704331,-7.643699,37882.0,211343.4386838555,92
286299986,286299986,westbound,B772,BIKF,KRDU,41:04:00.00,44:47:14.31,63.584722,-27.044722,39199.0,223934.1,65
286297474,286297474,westbound,B77L,EDDF,KATL,41:04:36.25,45:50:34.06,56.424849,-8.255759,41540.0,253062.41534806404,74
286300195,286300195,westbound,B772,BIKF,KDTW,41:06:00.00,44:26:29.91,63.916667,-27.160278,39394.0,221133.8,60
286296657,286296657,westbound,B789,LIRF,KLAX,41:06:51.89,46:19:12.75,50.232502,-5.945537,38975.0,216173.94949837576,57
286298905,286298905,westbound,B772,EGLL,KEWR,41:07:12.74,46:12:18.74,53.88891,-9.038654,39020.0,225838.81279135286,90
286298089,286298089,westbound,A333,LEMD,KDFW,41:07:15.46,46:36:42.69,40.608442,-13.637998,38412.0,194424.79341334625,71
286298862,286298862,westbound,B744,ELLX,KJFK,41:10:18.09,46:21:47.19,55.410592,-7.813869,38614.0,295560.3822804852,93
286299948,286299948,westbound,B752,BIKF,KMCO,41:13:00.00,45:26:16.89,63.584722,-27.044722,38567.0,98305.1,71
286297133,286297133,westbound,B789,LEBL,KORD,41:13:33.48,46:30:47.50,47.172949,-6.614906,40166.0,204235.8651123533,89
286299762,286299762,westbound,A333,LPPT,KBOS,41:13:35.07,46:42:21.48,40.578769,-13.674209,38095.0,196407.78927102004,92
286297210,286297210,westbound,B789,EPWA,KORD,41:14:59.08,45:34:10.44,60.65395,-7.427726,40461.0,197759.4271606882,69
286300291,286300291,westbound,B763,BIKF,KJFK,41:16:00.00,45:31:31.25,63.584722,-27.044722,40710.0,151285.8,72
286299048,286299048,westbound,A35K,EGLL,KLAS,41:16:06.39,45:17:39.92,57.255854,-8.960966,37227.0,276489.26821296936,54
286297604,286297604,westbound,A346,EDDF,KORD,41:16:25.82,45:44:49.37,57.69709,-7.954288,38930.0,290797.9404688374,77
286296896,286296896,westbound,B789,LOWW,KJFK,41:18:09.06,46:28:57.04,56.622821,-8.265012,40785.0,194056.98219332242,90
286298963,286298963,westbound,A388,EGLL,KIAD,41:18:51.09,46:16:59.40,54.085636,-8.901645,39106.0,453252.6257729068,89
286300351,286300351,westbound,B772,BIKF,KBWI,41:19:00.00,45:05:22.53,62.897222,-26.360556,39428.0,220766.3,67
286298684,286298684,westbound,B788,EGLL,KCVG,41:19:32.30,46:11:00.37,54.043122,-8.053677,41566.0,181141.41729411687,86
286300420,286300420,westbound,B772,BIKF,CYYZ,41:21:00.00,44:42:45.29,63.916667,-27.160278,39572.0,218715.8,60
286300611,286300611,westbound,A333,LPPR,KBOS,41:22:59.45,46:53:09.16,42.290715,-12.353216,38021.0,196886.73035592883,93
286300334,286300334,westbound,B763,BIKF,KEWR,41:23:00.00,45:20:06.04,63.584722,-27.044722,40701.0,151367.8,67
286299593,286299593,westbound,B789,EGLL,KLAX,41:23:12.93,45:31:40.28,56.947419,-8.326182,39232.0,215224.53718259645,53
286299389,286299389,westbound,A359,LFPG,KBOS,41:25:28.11,46:38:31.10,54.260364,-8.316273,39908.0,223681.15599123057,91
286297959,286297959,westbound,A359,EKCH,KIAD,41:25:50.02,46:14:46.66,60.635251,-5.660286,39433.0,229518.1611490683,86
286298250,286298250,westbound,A343,EDDF,KBOS,41:27:45.11,46:51:27.42,56.807466,-8.242338,38138.0,208847.58784194544,88
286298320,286298320,westbound,B77L,EDDF,KORD,41:29:11.42,45:57:44.14,57.189957,-8.246895,41805.0,249055.32702652516,78
286298212,286298212,westbound,B77W,LSZH,KLAX,41:30:04.97,45:56:02.07,55.085058,-8.776763,37766.0,302862.4964694578,52
286297889,286297889,westbound,A333,LSZH,KEWR,41:30:39.52,46:47:49.57,54.905888,-8.194791,38738.0,192006.7659258229,90
286290413,286290413,eastbound,B77L,KLAX,EGNX,41:32:31.65,45:45:34.37,58.554773,-62.689442,42538.0,232778.04577493374,61
286297877,286297877,westbound,B788,EPWA,CYYZ,41:34:27.34,46:10:29.84,59.754877,-7.644419,41949.0,172407.16959592604,78
286295808,286295808,westbound,B788,LIRN,KORD,41:35:34.03,45:59:08.06,53.242925,-13.777277,41687.0,173626.4069004282,66
286300349,286300349,westbound,B763,EGLL,KEWR,41:36:38.29,46:53:58.77,53.975979,-8.942494,40054.0,157248.5185109716,89
286299877,286299877,westbound,B772,EGLL,CYHZ,41:37:31.07,45:55:05.15,53.831591,-11.563947,39641.0,216976.29929678526,76
286299684,286299684,westbound,A339,LEBL,KJFK,41:39:36.07,47:30:08.67,46.343074,-6.527931,39342.0,207096.02677553135,100
286299494,286299494,westbound,B77W,EGLL,KSEA,41:40:57.69,45:39:53.71,57.275785,-9.049675,38475.0,292214.16816946026,62
286298829,286298829,westbound,A333,LSZH,KBOS,41:41:23.74,47:10:51.54,54.764143,-8.168002,38737.0,192017.5245418003,88
286300664,286300664,westbound,A333,LPPR,KEWR,41:42:59.72,47:11:38.86,42.321688,-12.326182,38022.0,196886.05324108357,93
286297599,286297599,westbound,B772,EPWA,KJFK,41:43:27.43,46:52:06.62,59.402873,-7.864061,39017.0,224116.00977544478,89
286300012,286300012,westbound,B772,EGLL,KATL,41:46:35.65,46:42:50.87,54.095387,-8.635458,38337.0,235431.11387386656,84
286299878,286299878,westbound,A359,LFPG,CYUL,41:50:09.71,46:45:43.78,54.931137,-8.483032,39941.0,223386.42341573615,87
286300760,286300760,westbound,A332,LPPT,KEWR,41:50:30.76,47:22:52.49,40.618377,-13.783287,39555.0,196828.19197967343,90
286300110,286300110,westbound,B789,EGLL,CYYZ,41:50:51.82,46:37:31.20,54.05387,-8.75,40728.0,198655.80562525007,85
286300744,286300744,westbound,A339,EGLL,KBOS,41:58:39.30,47:22:52.07,54.096515,-9.029949,39750.0,202328.36780181507,88
286300286,286300286,westbound,A332,EHAM,CYUL,42:00:06.45,47:04:09.50,56.562199,-8.057777,39810.0,195059.86893550283,85
286300468,286300468,westbound,B788,EGLL,CYUL,42:00:32.63,47:02:02.84,54.008098,-8.846391,42203.0,174450.30858568352,78
286299957,286299957,westbound,B77W,LFPG,CYYZ,42:01:05.36,46:47:27.74,55.151863,-8.104722,39639.0,275295.5497559444,85
286298007,286298007,eastbound,B77L,KCVG,EGNX,42:04:24.46,46:06:50.57,48.214262,-52.810584,42278.0,231718.58275026875,75
286300091,286300091,westbound,B77W,LFPG,KJFK,42:06:47.72,47:21:06.42,54.662411,-8.215544,39735.0,274037.087147628,93
286300066,286300066,westbound,A35K,LFPO,KEWR,42:08:18.88,46:56:31.85,53.731988,-11.876764,38842.0,255735.41626006537,85
286296395,286296395,westbound,B77W,LGAV,KEWR,42:11:29.51,46:49:54.05,53.75335,-13.809672,39836.0,273526.1065197042,70
286300396,286300396,westbound,B77W,EGLL,KJFK,42:11:32.22,47:19:38.41,54.058263,-9.769878,39770.0,273671.7688539335,91
286297691,286297691,westbound,A332,LYBE,KORD,42:11:47.63,47:00:27.15,55.120739,-8.563765,39176.0,204820.03971373095,68
286300792,286300792,westbound,B772,EGLL,CYYZ,42:12:20.32,47:02:22.37,53.876283,-8.099713,38910.0,227451.04869035658,86
286301142,286301142,westbound,B77L,EHAM,KORD,42:14:17.96,46:45:36.27,57.270382,-8.216921,41777.0,249780.1162055996,81
286301194,286301194,westbound,B789,EGLL,KBOS,42:27:47.42,47:37:45.32,53.96166,-9.26894,40971.0,195901.87233190634,88
286293747,286293747,eastbound,B77L,KLAX,EDDP,42:28:28.71,47:24:54.81,60.431574,-64.702056,42058.0,240928.29433545665,64
286300333,286300333,westbound,B788,LFPG,KPHL,42:31:46.20,47:16:04.71,53.379153,-13.111028,42073.0,173811.47564200853,84
286301569,286301569,westbound,A35K,EGLL,KJFK,42:34:40.30,47:43:53.05,53.985669,-9.779539,38767.0,255367.93546084236,91
286299729,286299729,eastbound,B772,KBOS,BIKF,42:35:09.13,45:11:23.72,51.602933,-54.888379,40357.0,204646.0044289697,46
286302093,286302093,westbound,A333,GCTS,BIKF,42:36:46.96,46:40:32.63,33.156077,-17.079786,38601.0,191865.04947652333,69
286295378,286295378,eastbound,A332,KAFW,EGVN,42:43:10.76,46:57:08.72,47.014319,-52.00029,40206.0,194844.88674001922,65
286298302,286298302,eastbound,B748,KSDF,EDDK,42:44:58.87,47:28:03.82,46.617124,-52.397927,37132.0,370954.1963470746,82
286301007,286301007,westbound,A359,LFPG,KLAX,42:52:09.29,47:04:53.75,56.331469,-8.963111,37821.0,247393.5548854763,52
286301939,286301939,westbound,B772,EGLL,KJFK,42:56:38.96,48:01:21.05,53.983271,-9.797598,39061.0,225226.87565273893,90
286302517,286302517,westbound,B789,ENGM,KJFK,43:01:03.59,48:41:13.15,61.267064,2.569147,40543.0,201275.49741737274,101
286300922,286300922,westbound,A359,EDDM,CYUL,43:20:19.78,48:13:20.55,56.645642,-8.201512,39911.0,225037.9234343992,87
286302247,286302247,westbound,B744,ELLX,MMSM,43:20:45.52,49:12:18.93,51.097667,-6.539542,36443.0,334873.1659966033,70
286302407,286302407,westbound,B788,LEMD,KORD,43:21:25.97,48:35:27.87,44.293662,-10.683133,41419.0,182425.1545280375,91
286302732,286302732,westbound,B772,EGLL,KJFK,43:32:31.96,48:40:49.70,53.93134,-9.777184,39059.0,225242.1917172107,91
286302143,286302143,westbound,B789,LFPG,KJFK,43:35:37.34,48:29:51.95,53.374609,-13.005182,40943.0,194524.98535820167,87
286300422,286300422,westbound,B789,LIRF,KJFK,43:37:36.40,49:08:17.80,50.203269,-6.012689,40650.0,196525.38268279642,95
286302067,286302067,westbound,B77L,EDDF,KATL,43:38:49.16,48:22:53.95,56.502199,-9.045558,41569.0,252659.3842842658,74
286302495,286302495,westbound,B77L,EBBR,KORD,43:40:01.63,48:17:49.61,55.72714,-8.075194,41787.0,249721.15430721195,81
286303961,286303961,westbound,B772,BIKF,KORD,43:42:00.00,46:49:55.31,63.916667,-27.160278,39266.0,223017.8,56
286303417,286303417,westbound,B789,EGLL,KJFK,43:51:23.65,48:58:46.06,54.002543,-9.823559,40841.0,197228.14794461476,91
286304128,286304128,westbound,B772,BIKF,KIAD,44:00:00.00,47:45:18.21,62.897222,-26.360556,39394.0,221221.3,67
286303392,286303392,westbound,B772,EGLL,KBOS,44:03:15.95,49:09:19.50,54.003271,-9.867153,39224.0,222947.6634557742,89
286304387,286304387,westbound,B772,BIKF,KJFK,44:09:00.00,48:07:07.50,63.584723,-27.044722,39577.0,218655.2,71
286303482,286303482,westbound,A359,LFPG,KJFK,44:09:55.80,49:24:53.58,54.369548,-8.027979,39726.0,225717.00213479705,93
286304660,286304660,westbound,B772,BIKF,KBOS,44:15:00.00,48:18:24.04,62.897222,-26.360556,39743.0,216408.0,71
286302850,286302850,westbound,A333,EDDF,KJFK,44:20:23.52,49:44:43.12,56.904766,-8.185666,38665.0,192463.86326501163,92
286303932,286303932,westbound,B744,EHAM,KORD,44:36:14.56,48:58:08.45,57.820261,-8.175639,38177.0,303088.34174023353,79
286303266,286303266,westbound,B772,LIMC,KJFK,44:52:01.82,50:01:06.41,54.010553,-9.550028,39053.0,224057.9220472788,91
286301726,286301726,eastbound,B789,KJFK,LGAV,45:03:23.29,49:48:01.80,44.78502,-52.66871,39395.0,202086.42206495276,69
286301613,286301613,eastbound,A332,KJFK,LROP,45:03:26.72,50:01:53.27,45.629703,-52.047432,38241.0,205082.1642692889,73
286305149,286305149,westbound,B772,BIKF,CYYZ,45:11:00.00,48:32:03.17,64.178334,-27.190556,39577.0,218715.8,60
286298757,286298757,eastbound,B788,MMGL,LEMD,45:21:34.62,50:40:43.04,43.040176,-61.171973,41575.0,162788.91662094396,66
286305216,286305216,westbound,A333,LPFR,BIKF,45:22:22.90,48:12:41.89,43.666642,-8.561351,39289.0,185570.48524841294,49
286304727,286304727,westbound,B789,EHAM,MMMX,45:24:28.35,50:01:51.77,57.31791,-7.915305,39090.0,216417.51990406154,58
286302125,286302125,eastbound,B748,KSDF,EDDK,45:29:33.33,50:13:31.20,46.042842,-52.124319,37008.0,370876.8731775362,82
286304959,286304959,westbound,B77L,LFPG,KMEM,45:34:25.23,50:19:33.66,54.94435,-9.169674,41459.0,254572.67123043918,76
286304409,286304409,westbound,B77L,LFPG,KMEM,45:35:25.30,50:20:33.71,54.944225,-9.170086,41458.0,254572.3120112235,76
286303747,286303747,eastbound,A333,KJFK,LGAV,45:47:08.20,50:52:36.98,45.088374,-52.499514,38196.0,190444.52235720318,69
286305247,286305247,westbound,B744,EHAM,KMIA,45:48:39.04,51:13:08.15,56.68313,-9.090297,37654.0,312396.3118983403,87
286305381,286305381,westbound,B77L,LFPG,KORD,45:49:43.64,50:34:21.90,54.673086,-8.002651,41793.0,249678.03042474785,83
286305256,286305256,westbound,B77L,EDDK,KMEM,45:50:48.29,50:26:33.09,57.024051,-8.502542,41413.0,255041.2074452466,72
286304741,286304741,westbound,B77L,ETAR,KMEM,45:50:56.61,50:31:10.11,55.812099,-8.7831,41431.0,254723.20292842525,72
286304426,286304426,eastbound,A339,KBOS,EDDF,45:51:02.99,51:08:34.25,45.753883,-52.777524,38744.0,202667.21906359273,90
286303678,286303678,eastbound,A339,KBOS,LGAV,45:52:08.65,50:50:11.40,45.212775,-52.121077,37561.0,213401.90529606986,70
286304639,286304639,eastbound,A332,CYUL,DAAG,46:10:28.08,50:47:40.30,45.468535,-53.076317,37108.0,196930.89450609827,79
286304364,286304364,eastbound,B78X,KEWR,LGAV,46:13:47.28,50:53:54.69,45.330159,-52.250459,37274.0,219288.5103164487,68
286305817,286305817,westbound,B788,EGLL,MMMX,46:20:52.19,51:09:21.51,55.124509,-7.992661,40241.0,194646.92907473838,62
286303960,286303960,eastbound,B77W,SMJP,EHAM,46:23:12.20,52:03:06.29,26.367401,-44.769574,39595.0,275407.99271304224,88
286304856,286304856,eastbound,A339,KBOS,LIRF,46:27:52.68,51:27:38.43,45.152809,-52.418452,37560.0,206817.04798966082,84
286305833,286305833,westbound,B744,EBLG,KRFD,47:04:21.22,51:27:16.73,56.642852,-8.381039,38182.0,303452.56249816704,79
286306357,286306357,westbound,B77L,EGSS,KMEM,47:04:27.87,51:51:32.43,55.10468,-8.136719,41424.0,255318.03298472724,80
286305514,286305514,westbound,A333,LEAL,BIKF,47:16:00.87,48:44:59.24,54.836898,-8.925808,39975.0,180656.6387436088,28
286305971,286305971,westbound,B77L,EDDP,KCVG,47:22:32.15,52:02:11.74,58.287687,-7.397069,41761.0,249455.07635052758,77
286306444,286306444,westbound,B77L,EDDK,KMEM,47:23:58.13,52:00:23.84,57.065206,-8.254339,41415.0,255001.34526174015,72
286303950,286303950,eastbound,A339,KATL,LFPG,47:40:22.53,52:29:39.14,45.585861,-51.813771,39067.0,203179.6714803142,78
286305659,286305659,westbound,B789,LIRF,MMMX,47:55:25.74,53:10:34.16,41.005833,-13.901743,39257.0,211975.64303874547,57
286306722,286306722,westbound,B744,EBLG,KMIA,48:29:47.42,54:06:30.42,51.392273,-9.595145,37760.0,311701.6185214994,86
286306735,286306735,westbound,B77L,LFPG,KMEM,48:37:25.81,53:23:27.33,54.833994,-8.957577,41462.0,254555.31622739063,76
