identifier,base_fid,direction,actype,origin,destination,spawn_time,del_time,spawn_lat,spawn_lon,spawn_alt_ft,spawn_mass_kg,n_waypoints
285679722,285679722,eastbound,A333,KCVG,LIMC,20:10:00.99,25:11:56.39,49.189919,-52.23994,39196.0,186277.41929059284,76
285680864,285680864,eastbound,B789,KJFK,LGAV,20:19:42.95,24:58:30.90,46.439754,-51.801961,40117.0,201141.01986686588,67
285679829,285679829,eastbound,B789,MMMY,LEMD,20:27:16.12,26:25:00.30,40.591342,-68.153945,40287.0,193846.1617661594,83
285678377,285678377,eastbound,B788,MMMX,LEMD,20:35:03.08,26:36:40.98,39.880975,-68.029824,41517.0,169132.3348197079,78
285685326,285685326,westbound,A333,GCTS,BIKF,21:19:21.66,25:17:35.16,33.998148,-16.548803,38651.0,191528.53884727543,68
285684866,285684866,eastbound,B772,KCLT,EDDM,21:38:12.90,28:05:43.03,40.864603,-68.278909,38286.0,234323.2572395191,102
285683953,285683953,eastbound,A339,KBOS,LGAV,21:40:37.28,26:36:12.30,47.135244,-52.010263,38821.0,213164.40971416648,70
285685565,285685565,westbound,B788,EGLL,SKBO,21:45:16.89,27:36:09.85,50.379896,-7.027834,40393.0,193728.08407625128,80
285685734,285685734,westbound,B772,LPPT,BIKF,21:47:48.19,24:25:02.81,43.786344,-12.439261,40405.0,206664.92079302284,48
285683860,285683860,eastbound,A333,KJFK,LGAV,21:51:59.90,26:52:49.52,46.885834,-51.864214,38924.0,190114.20907137028,68
285678590,285678590,eastbound,B789,MMGL,LEMD,22:01:30.02,28:02:23.12,40.315685,-68.557745,40297.0,191364.49840014242,77
285684525,285684525,eastbound,A339,KBOS,EDDF,22:01:37.38,27:11:52.21,47.723465,-52.841311,39804.0,202504.87513634269,87
285685853,285685853,westbound,B789,EGLL,MMMX,22:06:20.19,26:48:01.32,53.930401,-8.621245,39015.0,218763.6811533739,60
285684673,285684673,eastbound,A333,KMCO,EGLL,22:07:13.23,28:34:27.11,38.017556,-67.662047,38821.0,191017.96934983716,101
285683948,285683948,eastbound,A333,KATL,LFPG,22:12:30.72,28:43:09.39,40.915887,-67.644579,38763.0,190951.8247781844,103
285684128,285684128,eastbound,B744,KJFK,EDDF,22:20:05.99,27:09:51.95,47.392313,-52.604526,38580.0,289954.49252961547,87
285685071,285685071,eastbound,B788,KMLB,EGBB,22:26:56.19,28:23:18.86,38.16196,-67.621384,41677.0,174754.1090667649,101
285684363,285684363,eastbound,B78X,KEWR,LGAV,22:27:25.03,27:09:12.14,47.11081,-52.348388,39749.0,219305.59312310244,68
285684821,285684821,eastbound,B763,KMIA,EBBR,22:29:37.44,29:04:37.91,37.971089,-66.421334,39488.0,163047.22476829763,101
285685279,285685279,eastbound,B772,KCLT,EIDW,22:30:10.37,27:56:50.47,40.596402,-68.640424,39025.0,223867.3099010696,99
285684624,285684624,eastbound,A339,KJFK,EDDF,22:34:38.36,27:41:40.37,46.972593,-52.840404,39763.0,203242.3308165504,86
285685089,285685089,eastbound,A332,CYUL,DTTA,22:35:58.93,27:09:05.90,47.7538,-52.818467,39348.0,200488.79759258562,76
285684789,285684789,eastbound,B763,KEWR,LIRN,22:37:23.73,27:35:36.27,47.046844,-53.01996,37927.0,160510.7718267635,79
285685157,285685157,eastbound,A339,KBOS,EHAM,22:38:01.11,27:25:07.19,48.541885,-52.951542,40012.0,200339.46031900492,82
285684898,285684898,eastbound,A339,KBOS,LIRF,22:38:08.63,27:38:14.68,46.525738,-52.833673,39395.0,206922.9270607339,84
285684971,285684971,eastbound,A333,KJFK,LIMC,22:38:15.78,27:41:51.68,45.99131,-52.602973,38890.0,190343.4463098908,85
285685997,285685997,westbound,B744,EHAM,KMIA,22:39:07.80,28:13:59.30,55.108064,-7.738155,37673.0,313079.0682624648,90
285685065,285685065,eastbound,B77W,KJFK,LFPG,22:39:15.31,27:10:41.11,46.618251,-52.283763,40168.0,266451.1303843851,82
285685594,285685594,westbound,A333,LEAL,BIKF,22:41:42.80,24:56:26.81,48.859449,-7.394203,39571.0,183545.33887665774,38
285685100,285685100,eastbound,B77W,KMIA,LFPG,22:44:40.52,28:45:16.79,38.042911,-64.318803,39315.0,279501.22760276456,97
285684924,285684924,eastbound,B763,KJFK,EKCH,22:45:19.60,27:53:41.11,49.790381,-53.704557,39215.0,155883.03382438573,88
285684040,285684040,eastbound,A333,KRDU,EDDF,22:46:10.89,28:02:01.33,46.766092,-52.391742,39267.0,187392.2220978891,84
285683687,285683687,eastbound,A343,KIAD,EDDF,22:46:20.18,27:52:10.85,47.675678,-52.574347,38047.0,210105.19209782899,87
285684751,285684751,eastbound,A333,KJFK,LSZH,22:46:34.77,27:53:57.01,46.641176,-52.808949,38881.0,190382.23097412603,86
285684791,285684791,eastbound,B764,KEWR,LEPA,22:53:52.35,27:34:54.16,46.436519,-52.333595,35644.0,173903.04254043536,80
285685603,285685603,eastbound,B763,KBOS,LOWW,22:55:41.38,28:01:11.22,47.849395,-52.369019,38295.0,158303.1382953472,86
285685319,285685319,eastbound,A333,KJFK,LIRF,22:56:41.91,27:58:35.74,46.312225,-52.514139,38879.0,190437.42758278592,80
285685001,285685001,eastbound,A332,CYUL,DAAG,22:57:36.02,27:27:11.75,47.356802,-52.430885,39678.0,197106.42725969103,79
285685173,285685173,eastbound,B763,KJFK,LICC,22:58:57.31,27:50:20.95,46.752555,-52.90376,37794.0,162102.21022179176,75
285685495,285685495,eastbound,B789,CYUL,LFPG,23:00:50.30,27:31:21.25,49.241409,-53.217337,41225.0,189407.10445972806,81
285685582,285685582,eastbound,B772,KMCO,EGKK,23:02:59.46,29:06:21.65,37.946844,-67.764131,38717.0,228094.94061244704,101
285685288,285685288,eastbound,B78X,CYYZ,EHAM,23:03:25.60,27:33:41.77,50.907722,-54.72819,39161.0,218663.69645521312,82
285685106,285685106,eastbound,A333,CYYZ,LSZH,23:06:03.78,28:08:19.18,49.812618,-53.462222,38979.0,189176.69480545534,84
285683911,285683911,eastbound,A359,KATL,EHAM,23:09:05.75,27:46:11.18,48.542292,-52.958459,40042.0,224875.78249839303,77
285685521,285685521,eastbound,B789,KJFK,LIRF,23:09:29.69,27:53:29.59,46.058472,-52.697753,40623.0,195537.8634983313,80
285684549,285684549,eastbound,FA7X,KBNA,LSZH,23:09:41.61,28:15:50.13,49.146544,-52.810396,45286.0,16772.375559889602,79
285685026,285685026,eastbound,A333,CYYZ,EDDF,23:10:00.22,28:18:43.10,50.350218,-53.649816,39000.0,189209.04203248984,86
285684829,285684829,eastbound,B77L,KIND,EBLG,23:10:46.52,27:48:28.52,48.705406,-53.03774,42334.0,236115.35776282486,82
285685583,285685583,eastbound,A333,KBOS,LSZH,23:11:52.68,28:16:48.76,46.876627,-52.398939,38742.0,191517.4844878545,85
285685179,285685179,eastbound,A333,CYUL,LSZH,23:12:04.36,28:14:12.88,49.552246,-53.384622,38775.0,191300.0376022892,84
285684828,285684828,eastbound,B748,KSDF,EDDK,23:16:51.88,27:57:18.72,49.14504,-53.46087,37622.0,371262.42372057616,81
285684697,285684697,eastbound,B78X,KORD,EDDF,23:17:05.47,28:07:03.25,51.738139,-55.257204,39514.0,215783.80208980895,81
285684918,285684918,eastbound,A359,KDTW,EHAM,23:17:41.78,27:51:44.96,50.698456,-54.139213,40139.0,222701.3621749646,82
285684560,285684560,eastbound,A343,KDTW,EDDF,23:18:02.92,28:21:23.16,50.666365,-53.980705,38055.0,210183.89521934028,84
285685386,285685386,eastbound,A333,KJFK,EIDW,23:19:29.31,27:12:55.74,48.708297,-52.802221,38923.0,190144.37829777485,67
285685489,285685489,eastbound,A339,KJFK,LIRF,23:19:58.38,28:18:54.07,46.936124,-53.04215,39363.0,207530.0581985132,80
285685458,285685458,eastbound,A332,CYYZ,LIRF,23:20:14.94,28:08:25.12,49.384349,-53.526524,39346.0,200497.22428265907,77
285685712,285685712,eastbound,B77W,KEWR,LIRF,23:22:05.21,28:01:23.71,47.103097,-52.427331,38445.0,275705.2071125563,79
285683940,285683940,eastbound,B77W,KDFW,LIRF,23:22:59.50,27:57:53.48,48.240171,-52.301726,37644.0,281613.06621060736,64
285685852,285685852,eastbound,A333,KBOS,EIDW,23:27:48.37,27:20:23.72,48.979045,-52.991194,38744.0,191516.51725752748,66
285685950,285685950,eastbound,A333,KBOS,EKCH,23:28:54.10,28:42:35.14,49.131761,-52.855416,38774.0,191323.1456926693,89
285685762,285685762,eastbound,A359,KBOS,LFPG,23:29:16.25,28:07:10.11,46.847818,-52.494955,40182.0,221166.6145378054,82
285686070,285686070,eastbound,B77W,CYUL,LFPG,23:29:22.73,27:59:14.48,49.816793,-53.743607,39285.0,266294.06269545725,82
285685704,285685704,eastbound,A333,KEWR,EKCH,23:29:48.34,28:41:44.53,49.627937,-53.032939,38953.0,189938.56905432235,86
285684768,285684768,eastbound,B748,KORD,ELLX,23:30:18.29,28:08:28.31,50.863499,-54.298425,37625.0,370320.5895615196,81
285686329,285686329,eastbound,B789,KRDU,LFPG,23:30:34.59,29:40:35.48,40.943665,-68.236355,40466.0,199631.24953080472,112
285685739,285685739,eastbound,B789,KMIA,EGKK,23:30:49.32,29:26:45.86,38.019471,-65.893019,40568.0,196168.61039857246,97
285680733,285680733,eastbound,B748,KLAX,ELLX,23:31:53.85,28:11:34.65,51.086371,-54.875511,38371.0,362571.46786685585,60
285685699,285685699,westbound,B788,LIRF,MMMX,23:32:36.08,28:55:54.61,43.648051,-11.393317,40229.0,190859.307813919,60
285685601,285685601,eastbound,B764,KEWR,EDDB,23:33:15.07,28:44:53.13,48.75192,-52.887364,35643.0,174155.748547907,88
285685638,285685638,eastbound,A333,CYYZ,EKCH,23:33:59.87,28:43:18.57,52.281473,-55.360063,39018.0,189474.25464325387,87
285685606,285685606,eastbound,B748,KMIA,EDDF,23:35:37.81,29:47:50.27,38.150778,-64.826772,36661.0,387619.9813999293,94
285686158,285686158,eastbound,B763,KCEF,LGTS,23:35:45.24,28:34:27.53,47.539741,-52.167813,37486.0,163955.63330427455,74
285685790,285685790,eastbound,A332,CYYZ,EIDW,23:36:06.55,27:21:47.97,51.404752,-55.088895,40522.0,188873.71351461447,67
285686035,285686035,eastbound,A333,KMCO,EGCC,23:37:21.42,29:56:22.39,37.724835,-68.654977,38763.0,191490.98395286858,102
285685895,285685895,eastbound,B772,KJFK,LGAV,23:40:43.77,28:21:52.58,46.703405,-52.02889,38177.0,233434.83862244364,68
285685894,285685894,eastbound,A333,KEWR,ESSA,23:41:54.60,29:02:09.00,50.859239,-54.199576,38943.0,190046.07139942938,91
285685449,285685449,eastbound,B789,KJFK,LIMC,23:42:15.16,28:34:36.09,46.459313,-52.825886,40857.0,192794.60276100336,87
285685608,285685608,eastbound,A333,KJFK,ENGM,23:43:50.17,28:37:40.43,50.280262,-53.910001,38945.0,190050.54866413702,84
285685860,285685860,eastbound,B763,KEWR,LSGG,23:44:44.51,28:42:26.54,47.006983,-52.565318,40304.0,155663.15435900807,85
285685849,285685849,eastbound,B789,KJFK,LFPG,23:45:30.04,28:21:18.36,46.513912,-52.6774,41148.0,189394.6246520785,83
285685839,285685839,eastbound,B78X,KJFK,EHAM,23:50:26.65,28:21:39.95,48.644208,-52.972696,38901.0,219303.83275330302,82
285685713,285685713,eastbound,B763,KIAD,LIPZ,23:50:37.85,28:52:22.38,46.906788,-52.408689,39944.0,158813.42239498242,80
285685211,285685211,eastbound,B788,KPHL,LGAV,23:51:24.60,28:37:31.93,46.790012,-52.191104,41249.0,178756.73389486427,67
285685822,285685822,eastbound,B763,KIAD,LOWW,23:51:42.98,29:01:31.95,47.724377,-53.023621,39853.0,159703.8575967479,81
285685819,285685819,eastbound,B763,KEWR,EGLL,23:51:51.09,28:14:52.39,47.693557,-52.812004,40723.0,151973.15978694937,74
285685343,285685343,eastbound,B78X,KORD,LIRF,23:54:08.42,28:26:11.20,50.136992,-52.775314,39514.0,215132.88539238827,68
285686155,285686155,eastbound,B77W,CYUL,LGAV,23:54:52.00,28:32:00.99,49.428083,-52.411429,37804.0,284736.5056753125,70
285685979,285685979,eastbound,B772,KEWR,LOWW,23:54:52.28,28:48:16.85,48.514769,-52.994433,38855.0,224876.46096965502,84
285686187,285686187,eastbound,F900,CYYZ,EGGW,23:55:32.22,28:22:20.00,50.655178,-54.071146,38187.0,11060.71681221088,73
285685747,285685747,eastbound,B763,KJFK,EDDB,23:56:32.36,29:09:17.38,47.989515,-52.829425,40198.0,156681.36060634814,89
285684689,285684689,eastbound,A359,KATL,LIRF,23:56:59.87,28:40:22.90,46.108794,-52.363451,39404.0,232123.98527706906,67
285685841,285685841,eastbound,A333,KEWR,EIDW,23:58:39.79,27:52:35.65,48.764381,-53.063111,38921.0,190133.47525438716,67
285685744,285685744,eastbound,B763,KIAD,LFMN,23:58:43.54,28:54:23.99,46.205321,-52.704158,40074.0,157562.7968356677,83
285685978,285685978,eastbound,B772,KEWR,LFPG,23:58:51.94,28:30:39.50,47.337025,-52.762333,39398.0,217638.6261518051,82
285684478,285684478,eastbound,B744,KATL,ELLX,23:59:08.26,28:42:57.43,47.729598,-52.953952,38866.0,292002.03453397215,79
285685844,285685844,eastbound,B772,KJFK,LFPG,24:00:16.25,28:32:22.81,46.649981,-52.413132,39408.0,217543.64471575746,83
285684605,285684605,eastbound,A339,KATL,LGAV,24:00:31.33,28:56:47.84,46.330969,-51.939768,38990.0,212889.3205135224,59
285686288,285686288,eastbound,GLEX,CYOW,ESSB,24:01:48.62,29:05:18.22,54.594906,-58.196808,46879.0,31581.7580682145,90
285685826,285685826,eastbound,A388,KMIA,EGLL,24:02:06.92,29:44:39.84,38.145821,-64.562861,39113.0,464582.1825407613,95
285685971,285685971,eastbound,A332,KJFK,LIRF,24:03:02.28,28:53:38.78,46.185939,-52.786971,39386.0,200278.82118530292,80
285686435,285686435,eastbound,A339,KBOS,LIRF,24:04:45.63,29:02:02.54,46.286994,-52.7681,39397.0,206884.1353487907,83
285685823,285685823,eastbound,A359,KEWR,LFPG,24:05:55.52,28:43:43.35,47.309316,-52.720144,40138.0,222031.2802319602,83
285685692,285685692,eastbound,B78X,KIAD,LGAV,24:06:24.33,28:48:25.24,46.718665,-52.302347,40213.0,218193.4060397257,66
285685965,285685965,eastbound,A333,CYYZ,LPPT,24:06:30.34,28:25:25.31,46.66599,-52.507032,39052.0,188949.8253201793,75
285685301,285685301,eastbound,A359,KMSP,EHAM,24:07:55.83,28:44:38.94,54.793587,-58.186747,40119.0,224016.2470637781,80
285686047,285686047,eastbound,B789,CYYZ,EDDM,24:08:02.33,28:58:30.58,51.021622,-54.296739,40859.0,192037.6734676672,85
285686094,285686094,eastbound,B763,KJFK,ESSA,24:09:36.06,29:25:27.48,50.916234,-54.488309,38979.0,156527.2923348297,91
285685936,285685936,eastbound,B763,KIAD,EHAM,24:10:06.57,28:55:35.99,47.768682,-52.689852,40488.0,154241.45983263003,83
285685632,285685632,eastbound,B772,CYYZ,BIKF,24:10:54.43,26:40:24.45,55.234886,-58.839361,40389.0,203567.93628108283,45
285685735,285685735,eastbound,A333,KIAD,EIDW,24:11:17.07,28:04:57.84,48.598338,-52.917933,39115.0,188589.8294629272,67
285685411,285685411,eastbound,B763,KORD,LSZH,24:11:47.79,29:08:16.57,50.533681,-53.363073,39332.0,156614.2730020633,77
285686445,285686445,eastbound,A333,KBOS,EINN,24:12:05.54,27:54:20.65,48.272656,-52.848491,38745.0,191493.61575263797,63
285685182,285685182,eastbound,A333,KMSP,LFPG,24:12:15.51,29:07:12.99,53.415738,-57.181324,39236.0,186296.02352018098,80
285685935,285685935,eastbound,A333,KPHL,EDDF,24:12:54.54,29:19:24.51,47.49289,-52.381949,38999.0,189516.73128014235,86
285686111,285686111,eastbound,A333,KTPA,EDDF,24:12:57.21,31:21:00.33,37.933862,-68.490738,38863.0,190727.80482862532,99
285686894,285686894,eastbound,B772,TXKF,EGLL,24:13:29.21,29:55:43.16,35.209037,-60.948884,38946.0,227014.9386639835,103
285685797,285685797,eastbound,B772,KEWR,EDDM,24:13:30.09,29:01:59.60,48.405822,-52.435592,39082.0,222067.10498153503,86
285685843,285685843,eastbound,B772,KEWR,LIMC,24:16:02.97,28:55:23.59,46.9032,-52.516515,39090.0,222037.79005354666,84
285686054,285686054,eastbound,B748,KBOS,EDDF,24:16:41.91,28:58:12.49,48.009595,-52.493136,37680.0,369174.2029070569,86
285685788,285685788,eastbound,A332,KIAD,EHAM,24:18:01.85,28:58:05.85,47.941672,-52.720956,39999.0,194368.5375469996,83
285685723,285685723,eastbound,B789,MMUN,EGCC,24:19:12.02,30:13:47.49,38.587554,-69.076718,40576.0,193975.28355283092,88
285686216,285686216,eastbound,A343,CYUL,EDDF,24:23:04.84,29:28:11.88,50.876157,-54.46544,38127.0,207719.23712098724,86
285686117,285686117,eastbound,B772,KEWR,EGLL,24:24:18.39,28:35:23.33,47.886317,-52.780232,39563.0,215244.80428182514,74
285686048,285686048,eastbound,A333,KMCO,EGLL,24:24:23.95,30:47:05.79,38.081009,-66.905862,38869.0,190698.22337209346,100
285686383,285686383,eastbound,A333,KJFK,EINN,24:25:16.77,28:04:52.73,48.96797,-52.507133,38920.0,190155.9803342221,63
285685858,285685858,eastbound,A388,KJFK,EDDM,24:26:09.47,29:07:49.21,48.746903,-52.365966,39393.0,455976.9321964879,85
285685818,285685818,eastbound,B763,KIAD,LSGG,24:27:28.76,29:26:18.12,46.643878,-52.466325,40264.0,156140.26304784135,85
285686212,285686212,eastbound,A333,KBDL,EIDW,24:28:03.28,28:19:01.90,48.936252,-52.707412,38838.0,190763.00271459104,65
285685676,285685676,eastbound,B78X,KORD,LGAV,24:28:44.03,29:07:49.46,50.354834,-53.397628,39951.0,215366.14040515592,61
285686181,285686181,eastbound,B748,KEWR,EDDF,24:28:52.84,29:06:34.06,48.829379,-52.797349,37645.0,370147.8872369858,85
285686454,285686454,eastbound,A333,KBOS,EHAM,24:30:13.65,29:18:49.95,48.756698,-53.072882,38743.0,191485.02109787095,80
285686199,285686199,eastbound,B77L,KMIA,EHBK,24:30:42.80,30:48:00.67,37.958947,-65.193917,41488.0,248694.86427486563,98
285685590,285685590,eastbound,B763,KORD,EGLL,24:31:08.44,28:57:01.59,50.276951,-54.036885,40120.0,152498.74437192516,78
285685055,285685055,eastbound,B772,KATL,LFPG,24:32:29.14,29:06:40.53,46.652007,-52.834009,39269.0,216715.59040082307,78
285686009,285686009,eastbound,B788,TNCC,EHAM,24:34:10.18,31:01:01.63,26.656904,-54.185256,41518.0,175224.93520616362,95
285685231,285685231,eastbound,A333,KORD,EIDW,24:34:22.22,28:27:24.61,51.714686,-55.148323,39387.0,186538.33996171024,67
285686450,285686450,eastbound,A333,CYUL,EDDF,24:35:53.06,29:38:48.05,49.890176,-53.311437,38777.0,191307.34583581644,84
285686081,285686081,eastbound,B752,KEWR,LEMG,24:36:12.88,29:08:16.29,45.593742,-52.675355,37507.0,92174.82663012882,79
285685486,285685486,eastbound,B77L,KMEM,EBLG,24:37:45.61,29:13:35.15,47.899811,-52.030431,42369.0,235944.8092141679,75
285686379,285686379,eastbound,A333,KBOS,EGLL,24:39:07.67,29:05:18.71,48.37278,-52.292053,38770.0,191309.5017729951,76
285685825,285685825,eastbound,B77W,KIAD,EDDF,24:40:32.20,29:32:34.65,47.640795,-52.625654,39897.0,270034.28558817663,87
285686108,285686108,eastbound,B772,KEWR,EHAM,24:40:41.26,29:08:43.14,48.666471,-52.359963,39424.0,217159.96292357045,79
285686286,285686286,eastbound,A333,KJFK,EHAM,24:42:38.89,29:36:09.68,47.518875,-52.543258,38910.0,190199.2243922995,84
285686023,285686023,eastbound,B764,KIAD,LSZH,24:43:00.07,29:41:51.28,46.938713,-52.399246,35336.0,174305.33761828078,83
285686285,285686285,eastbound,A359,CYYZ,LFPG,24:43:18.63,29:18:23.75,49.553744,-53.444034,40159.0,222177.02722248476,82
285686553,285686553,eastbound,A332,CYUL,EHAM,24:44:18.40,29:20:11.90,51.486783,-54.841529,40116.0,192538.1983674985,82
285686335,285686335,eastbound,B789,KJFK,EGKK,24:44:32.64,29:02:19.97,46.875838,-52.313741,41297.0,187461.25380288306,78
285686448,285686448,eastbound,B763,CYUL,LOWW,24:45:13.94,29:51:53.28,51.493277,-55.030487,38849.0,158998.6026214816,87
285685547,285685547,eastbound,A339,KATL,LGAV,24:46:10.63,29:46:49.33,46.239429,-52.734082,38949.0,213215.94205608458,60
285685920,285685920,eastbound,B77L,KCVG,EDDP,24:46:29.87,29:37:44.14,51.581164,-55.158786,42248.0,239954.7497289958,81
285686205,285686205,eastbound,A35K,CYYZ,EGLL,24:47:38.34,29:03:35.32,50.291341,-53.874687,39303.0,250650.49015517347,76
285685956,285685956,eastbound,B77W,KIAD,EGLL,24:47:48.91,28:58:45.44,47.37976,-52.405696,40313.0,263771.94262710045,74
285686591,285686591,eastbound,A333,CYUL,EBBR,24:47:57.53,29:38:24.93,49.784302,-53.478434,38777.0,191299.2656192643,82
285685757,285685757,eastbound,B789,KORD,LOWW,24:48:24.11,29:33:26.75,52.141984,-54.341922,40680.0,191341.11537115154,73
285685962,285685962,eastbound,GLEX,KBNA,LEGE,24:48:29.83,29:30:45.77,46.318126,-52.237042,46641.0,30629.101052075068,73
285686268,285686268,eastbound,B77W,KJFK,EGLL,24:48:32.16,29:00:27.43,48.675516,-52.952427,40022.0,264342.7351671301,77
285686415,285686415,eastbound,B77W,KJFK,LFPG,24:49:47.11,29:22:06.32,47.370313,-52.91804,40077.0,267536.72611615155,83
285684456,285684456,eastbound,B77L,KMEM,EBLG,24:50:29.46,29:26:23.71,47.901366,-52.073734,42402.0,235977.43635949853,75
285685581,285685581,eastbound,B763,KATL,LSZH,24:50:45.91,29:48:37.17,46.620098,-52.106262,40130.0,157723.42449071142,74
285686661,285686661,eastbound,A339,KBOS,EGLL,24:51:21.98,29:17:14.88,47.50475,-52.494186,40189.0,198388.5777818511,76
285686596,285686596,eastbound,B789,CYOW,EGLL,24:51:26.65,29:01:57.42,50.538209,-54.078698,41358.0,187565.846994247,76
285686237,285686237,eastbound,B763,KEWR,LSZH,24:52:51.29,29:51:00.17,47.349925,-52.601216,40237.0,156156.0317239962,85
285685019,285685019,eastbound,A359,CYVR,LFPG,24:53:18.37,29:45:53.09,61.131945,-65.163754,40050.0,227658.87481445516,72
285685966,285685966,eastbound,B772,KIAD,LIRF,24:53:29.26,29:35:35.01,46.567718,-52.427019,38812.0,225226.65760816715,76
285686204,285686204,eastbound,B772,KIAD,LFPG,24:53:46.10,29:27:57.59,46.616142,-52.844905,39350.0,217566.5114882494,84
285686247,285686247,eastbound,B764,KJFK,LFMN,24:55:09.32,29:49:40.74,46.297482,-52.823966,35155.0,174479.79010817801,84
285685973,285685973,eastbound,GLEX,KBNA,LEGE,24:55:28.46,29:37:42.59,46.321222,-52.240504,46640.0,30629.889265808855,73
285686317,285686317,eastbound,B763,KEWR,EGLL,24:57:43.38,29:18:59.47,47.985762,-52.497042,40701.0,151646.26403636765,76
285686516,285686516,eastbound,B763,KEWR,EGLL,24:58:09.58,29:21:02.67,47.609599,-52.649202,40723.0,151943.10664063809,76
285686614,285686614,eastbound,B77W,CYUL,LFPG,24:58:11.95,29:28:55.96,49.786708,-53.583788,39688.0,267199.1736279245,82
285686423,285686423,eastbound,B77W,KJFK,EGLL,24:58:18.04,29:10:25.92,47.078723,-52.447656,40349.0,263761.7489328496,77
285686573,285686573,eastbound,A333,CYUL,LFPG,24:58:32.31,29:46:13.04,49.443112,-53.477239,38771.0,191343.54093252978,82
285686400,285686400,eastbound,B77W,CYYZ,LGAV,24:58:35.53,29:39:14.44,49.297851,-53.026051,38053.0,284514.7169351029,66
285686713,285686713,eastbound,B77W,CYUL,LIRF,24:59:32.29,29:38:29.87,49.483865,-53.145654,38973.0,276291.7864035699,83
285686470,285686470,eastbound,A333,CYUL,LFRS,24:59:56.48,29:30:47.97,48.848934,-52.641284,38796.0,191131.58151628316,77
285686169,285686169,eastbound,A35K,KJFK,EGLL,25:00:26.84,29:20:54.44,47.251058,-52.742513,39273.0,250493.3118856541,77
285686446,285686446,eastbound,B789,CYYZ,EBBR,25:00:38.86,29:32:35.69,50.342925,-53.606627,41170.0,188233.52560033745,82
285685130,285685130,eastbound,B788,KDFW,EHAM,25:01:44.53,29:32:39.59,49.459613,-52.956521,42253.0,160158.77829849458,68
285685519,285685519,eastbound,A333,KATL,EDDF,25:02:36.69,30:12:44.73,47.790021,-52.100997,39598.0,184585.73544691593,77
285686511,285686511,eastbound,B77W,KJFK,EGLL,25:02:52.75,29:15:02.43,47.095427,-52.470726,40353.0,263688.19186255394,76
285686760,285686760,eastbound,B763,KBOS,EGPH,25:03:38.08,29:02:51.88,49.347831,-53.199888,40965.0,149741.67848729558,69
285685985,285685985,eastbound,A333,KIAD,EBBR,25:03:51.77,29:57:13.16,47.383059,-52.327078,39113.0,188565.1544481988,84
285686153,285686153,eastbound,FA7X,KIAD,EDDB,25:04:28.39,30:18:11.86,49.03655,-52.648449,45638.0,17626.44914129786,85
285686025,285686025,eastbound,B77W,KIAD,EBBR,25:04:57.63,29:40:25.80,47.425129,-52.646244,40074.0,267367.474817772,84
285686240,285686240,eastbound,B789,KJFK,EBBR,25:06:20.42,29:41:48.38,48.032257,-52.543159,41169.0,188791.18505977874,83
285685700,285685700,eastbound,B764,KATL,EDDM,25:06:29.20,30:04:19.62,48.380641,-52.188036,35641.0,174443.74551411867,72
285686391,285686391,eastbound,A35K,KPHL,EGLL,25:07:38.56,29:25:40.12,47.496942,-52.405457,39277.0,250797.56819761533,77
285686738,285686738,eastbound,A339,KBOS,LFPG,25:07:41.64,29:56:34.92,46.860184,-52.71503,40009.0,200298.2417670411,83
285686236,285686236,eastbound,A339,KIAD,EGLL,25:07:47.36,29:36:23.07,47.231303,-52.866411,40092.0,199873.04269698483,78
285686016,285686016,eastbound,A333,CYYZ,LOWW,25:07:49.32,30:22:32.35,51.518159,-55.415752,39000.0,189580.88195367024,82
285685781,285685781,eastbound,B764,KATL,EGLL,25:07:58.36,29:29:38.96,48.138965,-52.651027,35876.0,171026.5099855931,74
285686323,285686323,eastbound,A339,KDTW,EHAM,25:08:17.36,29:50:45.23,50.574647,-53.966391,39993.0,201366.7247011996,80
285685009,285685009,eastbound,B789,KSEA,EGLL,25:08:33.31,29:30:25.36,63.342045,-64.854528,41219.0,182419.2522802972,68
285686050,285686050,eastbound,A333,KDTW,LFPG,25:09:05.54,29:56:39.53,49.171619,-53.176324,39239.0,187592.98285644178,82
285686608,285686608,eastbound,A333,KEWR,LFPO,25:09:29.01,29:58:22.81,47.373312,-52.476877,38909.0,190152.94199679294,83
285685006,285685006,eastbound,A359,KSEA,LFPG,25:11:14.55,30:03:48.83,60.914445,-65.052064,40047.0,228130.620592847,71
285685859,285685859,eastbound,B748,KORD,EDDF,25:11:33.20,29:58:23.80,51.117765,-55.094137,37529.0,372175.4629506332,81
285684951,285684951,eastbound,B78X,KIAH,EGLL,25:12:04.41,29:25:17.48,46.97598,-51.874878,41100.0,209377.9975325828,64
285685238,285685238,eastbound,B77W,KDFW,EGLL,25:12:13.92,29:21:46.68,51.884188,-54.860694,39311.0,264783.7508636096,67
285686238,285686238,eastbound,B748,KIAD,EDDF,25:14:15.02,29:58:03.65,48.295176,-52.623268,37598.0,371410.6426442891,87
285686504,285686504,eastbound,B772,KIAD,EGLL,25:14:36.74,29:24:32.97,47.662868,-52.412414,39537.0,214789.25182357477,76
285686485,285686485,eastbound,B764,KJFK,LIPZ,25:16:15.72,30:13:34.28,46.586314,-52.354199,35014.0,175892.39683418738,82
285686703,285686703,eastbound,B772,KJFK,LIMC,25:16:39.14,30:03:38.79,46.80987,-52.762988,39074.0,222298.56759935193,86
285685017,285685017,eastbound,B772,KIAH,EHAM,25:16:59.48,29:44:46.93,49.090263,-52.634219,39300.0,214383.56843531266,67
285686175,285686175,eastbound,B788,KORD,LIRF,25:18:02.49,29:53:04.33,49.67938,-52.536068,41824.0,169435.28193521214,68
285686557,285686557,eastbound,B788,KPHL,EIDW,25:18:06.63,29:00:51.94,48.179082,-52.456604,42747.0,162987.99154554628,67
285686321,285686321,eastbound,B77W,CYYZ,EGLL,25:18:26.74,29:27:40.73,50.214617,-53.863597,39869.0,263233.9384301472,76
285686208,285686208,eastbound,A333,KCVG,LFPG,25:19:00.73,30:04:31.69,49.01929,-52.640785,39411.0,186287.33896730482,80
285686613,285686613,eastbound,A35K,KJFK,EGLL,25:19:05.49,29:38:14.10,47.277494,-52.483411,39290.0,250327.79458222017,77
285685320,285685320,eastbound,B772,KDFW,EDDF,25:19:50.39,30:07:31.18,48.844562,-52.484845,39165.0,216456.49615041682,68
285686698,285686698,eastbound,B772,KTPA,EGKK,25:22:45.09,31:17:54.21,38.192258,-66.293262,38852.0,225578.52079400083,95
285686496,285686496,eastbound,A332,KJFK,EDDF,25:22:55.88,30:26:37.07,47.029315,-52.765385,39816.0,195813.3744902591,88
285686395,285686395,eastbound,A339,KDTW,LIRF,25:23:20.48,30:12:00.69,48.70348,-51.877744,39416.0,207733.65582490372,71
285686652,285686652,eastbound,A332,CYUL,LMML,25:23:26.50,29:56:53.17,48.338829,-51.78184,39162.0,202542.4974020541,72
285686676,285686676,eastbound,B788,KPHL,EHAM,25:23:51.55,29:59:01.79,47.74064,-52.297381,42362.0,167060.86123378424,82
285686535,285686535,eastbound,B762,KWRI,LERT,25:24:59.86,31:17:28.59,41.768172,-67.462374,38645.0,140133.75483227277,101
285686386,285686386,eastbound,B78X,KEWR,EBBR,25:27:10.69,30:01:40.87,47.650747,-52.570947,40083.0,219284.30810268968,83
285686157,285686157,eastbound,B78X,KORD,EGLL,25:27:36.13,29:36:26.44,50.440046,-53.888903,39998.0,215495.00827209913,76
285686091,285686091,eastbound,B78X,KORD,EHAM,25:28:46.77,29:58:23.03,51.868125,-55.340873,39482.0,215723.87958989255,81
285686708,285686708,eastbound,B788,KPHL,EGPH,25:30:00.27,29:21:55.41,49.325011,-53.517812,42630.0,164881.20551934536,70
285686648,285686648,eastbound,B744,CYYZ,EDDF,25:31:17.94,30:19:01.30,51.026792,-54.597229,38510.0,290640.04742228176,86
285686775,285686775,eastbound,B77W,KJFK,EGLL,25:31:33.96,29:45:26.13,48.099278,-52.833226,40275.0,264218.34940031706,77
285686756,285686756,eastbound,A333,KJFK,LSGG,25:32:16.58,30:38:44.17,46.611427,-52.67198,38884.0,190346.94303866528,86
285686473,285686473,eastbound,B744,CYYZ,EDDF,25:32:18.93,30:17:50.12,50.670528,-53.848137,38528.0,289791.94909791404,86
285686428,285686428,eastbound,B772,KCLT,LIRF,25:32:25.14,30:08:54.32,46.055532,-51.786658,38784.0,224629.0962972446,70
285686696,285686696,eastbound,B788,KPHL,LIRN,25:32:26.29,30:17:20.23,46.273759,-52.642743,41695.0,174248.62282041286,76
285686536,285686536,eastbound,A333,KBWI,BIKF,25:33:48.25,28:12:19.76,53.166082,-56.177573,39252.0,187514.06220090372,46
285686883,285686883,eastbound,A333,CYUL,EBBR,25:33:50.89,30:26:50.41,50.784346,-54.688084,38720.0,191767.32805794798,83
285690289,285690289,eastbound,B772,KBOS,EGLL,25:33:52.22,29:46:28.18,47.436652,-52.778849,39597.0,215503.5404521866,77
285686702,285686702,eastbound,B764,KEWR,LDDU,25:34:06.12,30:39:00.06,47.561983,-52.958636,34814.0,179651.60053505684,77
285686639,285686639,eastbound,A333,KJFK,EGCC,25:35:27.64,29:46:49.89,48.668423,-52.544574,38922.0,190086.44670689758,72
285686806,285686806,eastbound,B772,KJFK,EGLL,25:35:30.56,29:47:45.31,47.215166,-52.545167,39564.0,215237.18285619165,77
285686829,285686829,eastbound,A333,CYUL,LIPZ,25:35:55.02,30:38:32.32,49.472045,-53.266938,38778.0,191293.92642278873,84
285686461,285686461,eastbound,A339,MMUN,EDDF,25:36:39.46,32:46:11.17,38.166754,-69.687818,38824.0,215192.6519572194,90
285686864,285686864,eastbound,A333,CYUL,LPFR,25:38:08.79,30:19:00.57,47.191412,-52.947785,38764.0,191300.529337015,79
285685333,285685333,eastbound,A343,KDFW,EDDF,25:38:51.68,30:40:11.63,51.179958,-53.879419,37945.0,215119.46629880532,68
285686440,285686440,eastbound,B789,MMUN,EGKK,25:38:56.68,31:48:00.18,38.137045,-68.777514,40475.0,195247.4570924924,89
285690252,285690252,eastbound,GLEX,KFRG,LFMN,25:39:58.24,30:27:30.55,46.489031,-52.862126,46648.0,31897.8860315791,84
285686755,285686755,eastbound,A339,KMIA,EGLL,25:40:27.76,31:49:06.79,38.072798,-64.976868,39342.0,208376.2297035411,96
285686822,285686822,eastbound,B788,KMIA,EPWA,25:41:45.60,32:27:10.37,37.793423,-66.3445,41023.0,182145.53085735487,91
285685904,285685904,eastbound,A359,KATL,EHAM,25:41:54.41,30:21:48.85,47.584147,-52.712535,40002.0,225148.94846822062,78
285686788,285686788,eastbound,B772,KEWR,EIDW,25:42:12.52,29:20:28.47,48.405496,-52.342432,39824.0,211416.3279748972,67
285685337,285685337,eastbound,A359,KIAH,LFPG,25:42:27.46,30:15:41.05,47.545482,-51.887009,39999.0,227182.55901375494,67
285690276,285690276,eastbound,A388,KBOS,EDDM,25:42:57.74,30:30:27.72,47.54038,-52.84559,39388.0,453305.5527096225,87
285686802,285686802,eastbound,A333,KRSW,EDDF,25:45:14.68,32:55:52.38,37.859496,-69.022982,38869.0,190709.63498486675,99
285690689,285690689,westbound,B763,EGNX,KJFK,25:45:28.62,31:11:38.16,55.312174,-8.403341,40067.0,157125.97605748364,92
285686653,285686653,eastbound,B788,KPHL,LSZH,25:45:48.66,30:35:39.21,46.717911,-52.61488,42096.0,169964.88609621127,86
285686776,285686776,eastbound,B788,KPHL,LIPZ,25:47:33.18,30:35:46.84,46.470853,-52.591993,41901.0,171966.10353989003,81
285685090,285685090,eastbound,B748,KIAH,EDDF,25:47:36.80,30:31:57.56,49.019883,-52.916024,37626.0,374475.42070268234,68
285686243,285686243,eastbound,B788,KORD,EPKK,25:47:37.05,30:42:21.37,55.258537,-58.217127,41824.0,170926.83374829113,75
285685640,285685640,eastbound,A339,KSEA,EHAM,25:48:16.51,30:37:11.31,63.012778,-64.696729,40048.0,204110.1016802546,69
285686673,285686673,eastbound,B752,KIAD,EIDW,25:48:40.98,29:38:33.05,48.708728,-52.981262,38088.0,88615.40109745141,67
285686733,285686733,eastbound,A333,KJFK,LIRF,25:49:52.20,30:51:57.76,46.292936,-52.509136,38880.0,190369.61531046795,80
285686834,285686834,eastbound,B763,KEWR,LFMN,25:50:49.15,30:44:34.57,46.701547,-52.787486,40128.0,156892.46054326504,84
285690281,285690281,eastbound,A333,MDPC,EDDF,25:51:09.72,33:12:29.64,26.567715,-57.084248,38691.0,191978.83715372597,105
285686296,285686296,eastbound,A359,KORD,EDDM,25:52:55.73,30:43:23.59,51.572057,-54.6638,39717.0,227876.30389466108,76
285686462,285686462,eastbound,E550,KCLT,EGJJ,25:53:49.27,30:21:50.23,46.252395,-52.552691,43476.0,5736.924775413889,77
285686122,285686122,eastbound,A332,KATL,EDDF,25:54:05.03,30:49:11.42,47.238828,-52.305982,39714.0,198357.12813554204,76
285686786,285686786,eastbound,A35K,KJFK,EGCC,25:56:33.38,29:59:54.39,48.570689,-52.668976,39397.0,248890.96454798593,72
285685317,285685317,eastbound,A359,KDFW,LFPG,25:58:42.16,30:33:32.58,47.641299,-52.271844,40018.0,226721.88099694427,68
285686266,285686266,eastbound,B764,KATL,LIMC,25:58:56.54,30:52:48.14,46.472595,-51.838633,35304.0,174304.29637575345,71
285686563,285686563,eastbound,A333,KEWR,ENGM,25:58:59.66,30:50:55.38,50.909077,-54.429016,38941.0,190039.62608274698,84
285686808,285686808,eastbound,A35K,KIAD,EGLL,26:01:00.47,30:18:58.68,47.527212,-52.38922,39254.0,251459.35496550114,77
285686832,285686832,eastbound,A333,KMIA,LSZH,26:01:05.95,32:45:19.53,37.946325,-64.819983,39024.0,189681.74597494362,92
285686231,285686231,eastbound,A359,KORD,LFPG,26:01:08.41,30:36:23.79,50.066802,-53.735112,40127.0,223591.38204159986,80
285686621,285686621,eastbound,B788,KORD,EDDM,26:01:31.98,30:48:22.88,52.189401,-55.015494,42032.0,167877.18863428687,76
285690263,285690263,eastbound,A333,KBOS,LFPG,26:02:16.01,30:52:24.67,46.983044,-52.555294,38740.0,191492.73208723255,82
285686840,285686840,eastbound,B764,KEWR,LIPZ,26:02:41.32,31:03:13.29,47.184553,-52.696398,35105.0,176017.4713411324,83
285686277,285686277,eastbound,B788,KORD,LGAV,26:04:13.18,30:47:09.25,49.859666,-53.222026,41267.0,175384.13337054732,61
285690330,285690330,eastbound,A339,KBOS,EGLL,26:04:44.45,30:31:15.73,47.312849,-52.488807,40187.0,198367.9212830249,76
285686796,285686796,eastbound,B77W,KIAD,LFPG,26:04:45.77,30:37:07.54,46.918425,-52.676305,40103.0,266850.2340365587,83
285690566,285690566,westbound,B763,EDDK,KEWR,26:05:16.30,31:26:23.14,55.044358,-7.997571,40074.0,158148.17573254474,90
285690253,285690253,eastbound,B77W,KEWR,EDDF,26:06:35.87,30:54:04.52,47.556424,-52.674551,39942.0,269530.90290290583,86
285686726,285686726,eastbound,A339,KJFK,EHAM,26:08:17.48,30:58:56.49,47.243013,-52.374963,39978.0,200893.06984747236,83
285686801,285686801,eastbound,A339,KMIA,LIRF,26:08:48.99,32:13:17.45,38.205008,-61.358264,38795.0,214802.05556250416,79
285686300,285686300,eastbound,A35K,KATL,EGLL,26:09:08.73,30:26:26.66,47.472329,-52.286728,39160.0,254355.60767442005,74
285686773,285686773,eastbound,A332,KJFK,LYBE,26:09:37.10,31:07:28.58,47.451256,-52.078895,39202.0,202333.31005963526,77
285686049,285686049,eastbound,B789,KDEN,EDDF,26:10:22.80,31:02:38.59,54.815915,-57.722315,41022.0,185325.22157286384,69
285690270,285690270,eastbound,B77W,KJFK,EGLL,26:10:29.63,30:22:44.43,47.077951,-52.466678,40348.0,263727.89967676316,77
285686455,285686455,eastbound,B77W,KCLT,EGLL,26:12:50.92,30:28:27.79,47.159901,-52.457202,40205.0,264650.95764897467,78
285685760,285685760,eastbound,B772,KIAH,EGLL,26:14:28.33,30:21:19.56,48.353857,-52.166927,39444.0,212160.7556807376,64
285686675,285686675,eastbound,B763,KORD,EGLL,26:14:56.52,30:34:27.85,50.355944,-53.712058,40210.0,152383.38855785658,75
285690269,285690269,eastbound,B772,KJFK,EGKK,26:15:07.95,30:27:47.63,47.280308,-52.293343,39555.0,215385.2840556969,74
285686056,285686056,eastbound,A359,KDFW,EFHK,26:15:41.76,31:20:46.32,55.928967,-59.83972,39717.0,230649.4923820914,70
285686658,285686658,eastbound,B752,KORD,EINN,26:16:00.30,29:55:17.89,51.461357,-55.103198,38446.0,87846.98167280211,64
285686809,285686809,eastbound,A333,KJFK,EHAM,26:17:40.20,31:06:07.30,48.46965,-52.651541,38914.0,190136.32450474103,82
285686712,285686712,eastbound,A333,CYYZ,EGPF,26:18:02.20,30:11:17.62,52.047548,-54.988935,39023.0,189407.7349674346,68
285690314,285690314,eastbound,B752,KEWR,EGPH,26:18:08.14,30:16:34.79,49.304593,-53.305099,38322.0,89207.45260589257,68
285686642,285686642,eastbound,B78X,KORD,LFPG,26:18:41.40,30:48:17.27,50.382054,-53.645687,40014.0,215426.10308059165,80
285690816,285690816,eastbound,B772,CYHZ,EGPH,26:20:28.28,30:09:53.29,48.986304,-53.28367,39805.0,213915.6675944691,68
285686901,285686901,eastbound,B789,KPHL,EGLL,26:20:31.69,30:35:44.94,47.039453,-52.615281,41286.0,187161.14512870047,77
285686908,285686908,eastbound,B744,KJFK,EBLG,26:21:03.75,30:58:02.48,47.286765,-52.475938,39086.0,287156.6057839677,85
285686306,285686306,eastbound,B772,KRDU,EGLL,26:21:56.15,30:37:42.96,47.317762,-52.608569,39490.0,214843.13798762255,78
285686898,285686898,eastbound,A339,CYYZ,EDDF,26:21:59.69,31:23:19.29,50.045578,-53.693489,39806.0,203023.11296593776,85
285686704,285686704,eastbound,A332,KMSP,EIDW,26:22:20.71,30:12:02.92,54.420677,-58.085669,40497.0,190728.95558214228,68
285685753,285685753,eastbound,B763,KIAH,EHAM,26:24:27.30,31:05:44.26,48.464802,-52.339107,39927.0,156651.35548694796,68
285685906,285685906,eastbound,A339,KSLC,LFPG,26:24:44.10,31:19:20.15,56.111502,-59.880348,40008.0,205677.75559567424,67
285690299,285690299,eastbound,A388,KBOS,EGLL,26:25:02.49,30:34:02.25,47.38583,-52.580104,39950.0,439847.3232661429,76
285690362,285690362,eastbound,B763,KEWR,BIKF,26:25:52.81,29:04:12.02,53.760712,-57.320754,41574.0,144732.3935342226,46
285686815,285686815,eastbound,A332,KDTW,EDDF,26:26:10.83,31:21:12.50,49.875942,-53.442368,39868.0,196197.43999984206,83
285690374,285690374,eastbound,A333,CYUL,LIRF,26:26:19.79,31:24:57.81,49.014853,-52.905632,38788.0,191186.87006793212,82
285690386,285690386,eastbound,A333,CYUL,LSGG,26:26:33.95,31:28:09.10,49.393127,-53.276543,38775.0,191307.52084032114,84
285690389,285690389,eastbound,A333,KEWR,LIMC,26:27:39.67,31:31:45.46,47.541314,-52.376176,38917.0,190081.08760598509,85
285685903,285685903,eastbound,B772,KIAH,EDDM,26:27:49.53,31:15:09.37,48.733814,-52.656983,38960.0,219438.8232105099,64
285684945,285684945,eastbound,B77W,KLAX,EGLL,26:29:15.61,30:40:20.07,51.996942,-55.347525,39733.0,262140.4527445005,57
285686728,285686728,eastbound,B772,KCLT,EDDF,26:30:01.48,31:21:34.82,46.574247,-52.975438,39116.0,219851.61396784591,80
285690338,285690338,eastbound,B77L,CYYZ,LSZH,26:30:17.76,31:11:30.43,49.657129,-53.345389,42356.0,239087.99114153342,84
285690312,285690312,eastbound,A333,CYUL,LIMC,26:30:25.95,31:27:54.79,49.249131,-53.219451,38775.0,191311.22006570434,83
285686643,285686643,eastbound,A332,KATL,EGPH,26:31:06.00,30:24:34.67,48.925125,-52.558477,40342.0,191812.34256699198,70
285690529,285690529,eastbound,B763,KBOS,BIKF,26:32:12.56,29:12:00.96,53.23737,-56.825629,41621.0,144250.92116424214,48
285686597,285686597,eastbound,B78X,KORD,EBBR,26:32:48.33,31:05:49.55,50.904428,-54.574682,39932.0,215605.645319032,81
285686483,285686483,eastbound,A359,KCLT,EDDM,26:34:16.37,31:30:59.87,47.327312,-51.756114,39683.0,228308.06688313407,77
285686847,285686847,eastbound,A333,KMSP,EKCH,26:34:40.11,31:46:30.03,56.511728,-61.178946,39410.0,187156.64386657128,84
285686725,285686725,eastbound,B788,KORD,EHAM,26:35:34.38,31:06:39.28,52.573946,-55.594689,42356.0,164570.2983657247,81
285690352,285690352,eastbound,A333,KJFK,LGAV,26:35:37.36,31:37:55.21,47.081217,-51.797072,38928.0,190018.70890275048,68
285690370,285690370,eastbound,A333,KIAD,EIDW,26:38:54.36,30:30:48.19,48.574633,-52.564066,39116.0,188555.571633512,66
285690635,285690635,eastbound,F900,KBGR,LIRI,26:38:58.63,31:39:00.42,48.052216,-52.563041,38187.0,15389.30501834576,82
285690470,285690470,eastbound,A359,CYUL,EDDM,26:40:41.80,31:33:52.55,49.698536,-53.402901,39846.0,225098.23668442245,85
285690398,285690398,eastbound,A333,KJFK,LSZH,26:41:29.23,31:48:32.44,46.814658,-52.716637,38884.0,190336.86214675725,86
285690328,285690328,eastbound,B764,KEWR,LIRF,26:43:13.32,31:37:47.38,46.878035,-52.461725,34913.0,177192.28985835082,79
285690380,285690380,eastbound,B764,KJFK,EGLL,26:44:23.48,31:09:08.44,47.208021,-52.5831,35690.0,168918.29729367534,77
285685596,285685596,eastbound,A333,KAUS,EDDF,26:44:27.81,31:49:54.62,47.81651,-52.119986,40233.0,179586.26363470283,65
285690523,285690523,eastbound,B77W,KMIA,EGLL,26:44:40.16,32:47:46.54,38.04388,-67.701029,39320.0,279436.2343136645,101
285686684,285686684,eastbound,A333,KATL,LEMD,26:45:47.45,31:29:59.22,45.312095,-52.878617,39526.0,185064.73989393134,76
285690431,285690431,eastbound,B772,KPIT,BIKF,26:48:09.47,29:19:31.68,54.674439,-58.578732,40327.0,203729.36710212214,46
285690531,285690531,eastbound,B772,CYYZ,BIKF,26:49:56.48,29:22:17.96,55.454005,-60.026042,40360.0,204096.535624709,48
285690313,285690313,eastbound,B788,TNCC,EHAM,26:51:13.09,33:14:45.97,26.466,-53.148571,41558.0,174659.07182218484,94
285690462,285690462,eastbound,B789,CYYZ,EIDW,26:52:38.85,30:33:38.80,50.698196,-54.415873,41542.0,184009.88704992208,66
285685318,285685318,eastbound,B789,KLAX,EHAM,26:53:16.69,31:21:41.69,52.707034,-55.490184,41256.0,176025.07248781863,58
285690305,285690305,eastbound,A333,KJFK,LFPG,26:54:02.69,31:43:19.77,46.897224,-52.251416,38905.0,190182.8635438109,83
285686283,285686283,eastbound,A388,KDEN,EDDM,26:54:10.67,31:39:37.92,51.408101,-54.707102,39289.0,473690.22349052643,64
285690454,285690454,eastbound,B763,KJFK,LSGG,26:55:04.60,31:54:09.99,47.159075,-52.835495,40287.0,155650.5770247029,86
285690476,285690476,eastbound,B764,KJFK,LSZH,26:55:11.30,31:53:32.60,47.689849,-52.658481,35075.0,173599.20491348978,85
285690400,285690400,eastbound,B772,KIAD,BIKF,26:55:30.34,29:28:02.08,53.989183,-57.875603,40318.0,203907.86156640828,47
285690707,285690707,eastbound,B77W,CYUL,LFPG,26:56:04.81,31:25:49.11,49.439553,-53.485827,39791.0,266695.84204153664,81
285690428,285690428,eastbound,B789,CYYZ,EGLL,26:57:26.99,31:07:51.48,50.13361,-53.705586,41334.0,186242.29685076943,76
285690323,285690323,eastbound,A332,KDTW,EGLL,26:58:14.61,31:15:51.33,50.67313,-54.26562,40246.0,192199.87522323738,77
285690256,285690256,eastbound,B764,KDTW,EDDM,26:58:32.06,32:05:28.48,49.574878,-53.661014,34808.0,175001.49069644845,80
285685393,285685393,eastbound,B789,KSAN,EHAM,26:58:32.87,31:25:25.57,52.694118,-55.127326,41217.0,176314.44486148114,58
285690387,285690387,eastbound,B772,KDTW,BIKF,26:59:19.67,29:28:35.55,55.800996,-59.577866,40351.0,203371.18842690426,47
285686761,285686761,eastbound,A339,KATL,LIRF,26:59:42.88,31:53:13.72,46.392794,-52.366072,39258.0,209782.1517603692,67
285690692,285690692,westbound,A333,EDDP,KJFK,26:59:53.79,32:18:18.34,57.623404,-8.374457,38873.0,191845.34312243323,90
285690539,285690539,eastbound,B788,CYUL,LGAV,27:03:02.23,31:40:21.40,49.296995,-52.33077,41373.0,178885.6519025096,69
285690417,285690417,eastbound,B772,KBWI,BIKF,27:03:12.50,29:35:28.52,53.449619,-56.900299,40331.0,203865.3365383405,46
285690255,285690255,eastbound,E550,KTEB,EGGW,27:06:26.34,31:33:59.61,48.219206,-52.747897,43469.0,9080.45997057703,74
285690469,285690469,eastbound,B77W,CYYZ,LFPG,27:06:34.20,31:35:14.37,49.686936,-53.384144,39714.0,266480.7600788071,81
285690796,285690796,westbound,B763,LFPG,KEWR,27:06:44.72,32:06:56.91,53.140626,-13.316209,40245.0,156587.4845965762,85
285690402,285690402,eastbound,A333,KJFK,EIDW,27:06:50.16,30:59:36.77,48.454983,-52.68192,38914.0,190126.67369461077,65
285690350,285690350,eastbound,A359,CYYZ,EDDM,27:06:51.92,32:01:52.81,50.222637,-53.550898,39779.0,226458.09640026957,85
285690319,285690319,eastbound,A333,KMCO,EDDF,27:08:04.47,33:59:40.17,41.047668,-68.157079,38912.0,190014.63688162586,97
285690562,285690562,eastbound,B772,KJFK,EGLL,27:08:05.49,31:21:11.49,47.228388,-52.773191,39551.0,215542.92807751088,76
285686499,285686499,eastbound,B752,KDEN,BIKF,27:09:04.39,29:45:02.32,56.72783,-60.86583,39020.0,82501.8971012601,46
285686921,285686921,eastbound,A333,KMSP,EIDW,27:09:26.51,31:05:59.03,54.316463,-57.748736,39474.0,186553.39017087736,68
285686774,285686774,eastbound,A333,KATL,EGCC,27:09:57.30,31:27:19.49,47.675137,-52.747444,39549.0,184990.5742971325,74
285690605,285690605,eastbound,B789,KPHL,LIRF,27:10:02.58,31:51:45.03,46.405711,-52.559974,40607.0,195091.0836083428,78
285686647,285686647,eastbound,B789,CYVR,EIDW,27:10:04.61,30:49:21.71,65.041536,-61.33396,41344.0,181657.40192320035,65
285691251,285691251,westbound,B763,EGNX,KPHL,27:10:33.18,32:41:36.41,55.062369,-8.202045,39981.0,157958.47577144523,93
285690410,285690410,eastbound,B789,KMCO,EGKK,27:11:27.72,33:05:34.70,40.819045,-68.104322,40631.0,194519.17376595028,97
285690432,285690432,eastbound,B772,KMSP,BIKF,27:12:17.70,29:42:38.90,57.589541,-62.180002,40398.0,203094.3398631892,45
285685007,285685007,eastbound,B789,KLAX,LFPG,27:13:09.01,31:43:18.62,50.103603,-53.468824,41155.0,176780.78460091236,58
285690556,285690556,eastbound,A339,KJFK,LIRF,27:13:17.55,32:08:32.05,47.194829,-52.402582,39391.0,207203.094498851,79
285690457,285690457,eastbound,B752,KDTW,BIKF,27:14:11.31,29:51:21.25,54.978453,-58.550045,40555.0,84092.63789560091,47
285690619,285690619,eastbound,B763,KJFK,BIKF,27:14:53.96,29:54:47.30,53.806126,-57.815776,41657.0,144018.38969877196,48
285690755,285690755,eastbound,A332,CYUL,LFPG,27:15:44.33,31:50:12.99,49.13501,-52.606392,40149.0,192203.71231400734,81
285690588,285690588,eastbound,A35K,KJFK,EGLL,27:16:36.35,31:35:26.02,47.238122,-52.343109,39283.0,250300.8833492821,77
285690486,285690486,eastbound,A333,KIAD,LSZH,27:16:52.95,32:22:48.22,47.076492,-52.594607,39081.0,188750.71204548198,84
285690790,285690790,eastbound,B788,CYUL,LFMN,27:19:37.61,31:57:22.17,48.46738,-52.966924,42125.0,171152.63981283814,82
285690425,285690425,eastbound,A359,KEWR,EDDM,27:20:09.62,32:15:10.64,47.692193,-52.400242,39759.0,226349.377359691,86
285690673,285690673,eastbound,B764,KEWR,LFPG,27:22:04.41,32:04:30.77,48.299983,-52.766684,35242.0,170563.19727711397,82
285691043,285691043,eastbound,F2TH,KILG,EIDW,27:23:07.09,31:20:57.35,47.525644,-52.502048,41486.0,9964.733930598366,68
285690376,285690376,eastbound,B772,KORD,BIKF,27:23:57.22,29:52:56.33,56.319271,-60.181833,40354.0,203006.11464338488,45
285690792,285690792,eastbound,B788,CYUL,EHAM,27:24:32.79,31:55:31.62,50.377074,-53.657459,42462.0,167818.63979758197,81
285686830,285686830,eastbound,B752,KORD,EGPH,27:25:45.01,31:21:48.77,53.183816,-56.151264,36845.0,88849.10439512818,67
285686838,285686838,eastbound,A333,KBNA,EIDW,27:26:06.29,31:18:34.33,48.904769,-52.752306,39565.0,184857.75729419134,67
285691595,285691595,eastbound,B772,CYYT,EGKK,27:27:00.00,31:17:38.06,48.27,-48.021388,39817.0,215388.0,69
285686202,285686202,eastbound,B77W,KSFO,LFPG,27:28:31.85,32:10:56.83,55.845484,-59.861277,39484.0,269605.2953069978,62
285690648,285690648,eastbound,B789,KPHL,LFMN,27:28:39.65,32:07:24.65,46.112899,-52.659166,40831.0,192470.85848703954,83
285690627,285690627,eastbound,A333,CYYZ,LFPG,27:28:49.95,32:16:25.60,49.694814,-53.464275,39036.0,189203.06179163887,82
285686911,285686911,eastbound,A333,KATL,EKCH,27:28:57.04,32:41:48.52,49.113478,-52.668586,39562.0,184954.29129797756,80
285690835,285690835,eastbound,A333,KBOS,LSZH,27:29:10.97,32:35:26.50,46.83452,-52.607704,38734.0,191503.64191921733,86
285690709,285690709,eastbound,B763,KJFK,EGPH,27:31:43.38,31:41:05.22,47.640494,-52.421618,40930.0,150124.6560697216,73
285690624,285690624,eastbound,A333,KJFK,EIDW,27:32:01.92,31:23:56.09,48.487822,-52.436342,38921.0,190054.38853649833,66
285690821,285690821,eastbound,A333,KBOS,EIDW,27:32:35.50,31:27:41.74,48.044419,-52.709306,38740.0,191464.25921451472,66
285690550,285690550,eastbound,A333,KJFK,EGLL,27:33:45.39,32:07:26.87,47.498364,-52.89149,38887.0,190316.61817552353,78
285690838,285690838,eastbound,A333,KBOS,EGKK,27:34:50.01,32:06:51.16,47.146044,-52.617518,38732.0,191521.19238979273,76
285690549,285690549,eastbound,B772,MMUN,EGKK,27:34:51.23,33:45:09.04,37.9963,-69.339049,38607.0,228840.06674181047,91
285686414,285686414,eastbound,B77L,KOAK,EBLG,27:36:09.81,32:26:28.61,59.319867,-63.126566,42441.0,237906.36849802578,64
285690717,285690717,eastbound,B788,CYYZ,LIRF,27:36:23.43,32:20:11.95,49.098299,-53.253806,41830.0,172220.39133342315,77
285690983,285690983,eastbound,A343,KBOS,EDDF,27:36:47.47,32:43:29.69,48.335436,-52.84996,38221.0,207838.93531531136,87
285686917,285686917,eastbound,A333,KATL,EIDW,27:37:04.50,31:32:33.51,48.102718,-52.621271,39560.0,184921.42231300962,69
285690437,285690437,eastbound,B789,MMUN,LIRF,27:37:50.34,34:10:26.53,37.885403,-69.239754,39831.0,202784.96056323635,80
285690560,285690560,eastbound,B77W,KJFK,EDDF,27:38:14.16,32:28:41.17,47.100806,-52.396658,39950.0,269504.76607015287,87
285690581,285690581,eastbound,A333,KJFK,EGPH,27:38:44.15,31:43:08.60,48.692787,-52.611515,38920.0,190069.86986557397,69
285690767,285690767,eastbound,B77W,CYYZ,LIRF,27:39:31.74,32:17:55.88,49.111849,-53.312756,39154.0,276084.75912585005,77
285690591,285690591,eastbound,A333,KCLE,EDLV,27:39:34.98,32:36:29.66,50.336231,-54.044722,39183.0,188091.7904577265,85
285690502,285690502,eastbound,A333,CYYZ,EKCH,27:39:45.62,32:48:01.74,53.972008,-57.369978,39007.0,189621.53578832734,88
285690724,285690724,eastbound,B763,KJFK,EIDW,27:39:54.85,31:33:07.10,47.40489,-52.642162,40981.0,149675.08797216453,66
285691364,285691364,eastbound,B772,CYHZ,EHAM,27:42:12.41,32:14:48.95,48.114644,-52.888143,39481.0,218668.8861461696,81
285690704,285690704,eastbound,A35K,KMCO,EGCC,27:42:34.35,33:29:49.44,40.979849,-68.144264,38581.0,259923.36085091688,98
285690308,285690308,eastbound,A333,KCLE,EIDW,27:42:34.52,31:34:02.49,50.805999,-54.089863,39193.0,188025.52642944967,67
285690773,285690773,eastbound,B77W,KJFK,LFPG,27:43:08.01,32:16:50.30,46.590077,-52.772273,40112.0,267219.12941521127,83
285690430,285690430,eastbound,B772,KRDU,BIKF,27:44:15.23,30:15:09.92,53.623066,-56.784032,40290.0,203419.36189966806,48
285686867,285686867,eastbound,A333,KATL,EHAM,27:45:28.04,32:38:34.67,47.504291,-52.630791,39545.0,185016.0191404301,78
285690774,285690774,eastbound,B788,KPHL,LIMC,27:45:30.82,32:30:37.81,46.288381,-52.556907,42035.0,170676.17608980832,84
285685202,285685202,eastbound,A359,KLAX,LFPG,27:45:42.13,32:22:38.88,50.47249,-54.041319,40202.0,228110.98122614145,58
285690750,285690750,eastbound,B788,CYYZ,EHAM,27:46:40.06,32:18:54.23,51.675371,-55.137851,42386.0,167001.0285897295,82
285690518,285690518,eastbound,B763,KEWR,EGLL,27:47:20.59,32:10:50.10,48.539111,-52.602023,40496.0,151604.9515739639,77
285690467,285690467,eastbound,B789,KMSP,LFPG,27:48:25.72,32:23:16.47,53.112421,-56.280658,41151.0,186469.59352300645,79
285686137,285686137,eastbound,B744,KNKT,EDDN,27:48:30.53,32:42:40.50,46.847927,-52.83302,38721.0,294310.9935644006,83
285686766,285686766,eastbound,B78X,KORD,EDDF,27:48:38.50,32:35:38.08,50.736611,-54.178965,40068.0,215537.08133447575,80
285690708,285690708,eastbound,B789,CYYZ,EDDF,27:49:49.75,32:37:57.54,50.476138,-53.776613,41005.0,189955.94658924197,86
285686267,285686267,eastbound,B772,KLAS,EGKK,27:49:57.11,32:01:03.49,50.334751,-53.499541,39508.0,208743.01120992453,58
285690641,285690641,eastbound,B763,KBWI,LBSF,27:50:05.75,32:52:58.89,47.605256,-52.415889,39350.0,163512.53331397366,70
285690671,285690671,eastbound,B78X,KJFK,EHAM,27:50:26.79,32:21:29.41,48.066045,-52.490361,39876.0,219264.05959294073,82
285690727,285690727,eastbound,B772,KBWI,EGLL,27:51:33.16,32:03:44.03,47.412703,-52.641289,39521.0,215044.81145913794,77
285690491,285690491,eastbound,B763,KEWR,LIRN,27:51:47.20,32:48:45.90,46.8669,-52.670228,39741.0,160455.3621233749,79
285690811,285690811,eastbound,B77W,KJFK,EGLL,27:52:20.14,32:03:53.58,47.072907,-52.328816,40349.0,263624.6892553318,76
285691347,285691347,westbound,B748,EDDK,KPHL,27:52:36.74,33:00:47.17,54.910367,-8.249954,37265.0,377158.13249978947,93
285686222,285686222,eastbound,B772,KLAX,LOWW,27:52:38.49,32:45:43.09,51.354736,-55.300226,38889.0,217564.12151002727,55
285690665,285690665,eastbound,B772,KDTW,LFPG,27:53:32.38,32:22:19.77,49.383853,-53.248606,39414.0,216090.9704477408,82
285690290,285690290,eastbound,B77W,KORD,LSZH,27:53:44.04,32:36:52.18,50.042894,-53.255482,39436.0,269746.1738640398,77
285686207,285686207,eastbound,A359,KPHX,LFPG,27:57:40.06,32:33:31.70,50.02098,-53.776689,40066.0,228205.49419595517,61
285691021,285691021,eastbound,A333,CYUL,EGKK,28:00:38.32,32:32:58.25,50.353603,-54.193289,38749.0,191536.52196211964,77
285690830,285690830,eastbound,B763,KJFK,EGKK,28:00:41.60,32:28:16.90,46.786833,-52.289346,40705.0,152079.79053851438,77
285691138,285691138,eastbound,A333,CYUL,LFBD,28:02:14.81,32:47:56.98,49.799889,-53.293469,38775.0,191340.51497306407,81
285686093,285686093,eastbound,B748,KLAX,EDDF,28:04:40.66,32:48:17.32,51.420147,-54.780541,38547.0,362089.9514035642,58
285690719,285690719,eastbound,A333,CYUL,LFLL,28:09:10.48,33:06:19.97,50.164579,-53.973029,38775.0,191338.653224983,83
285690900,285690900,eastbound,A333,KJFK,LIMC,28:09:23.21,33:10:48.40,46.376797,-52.559948,38880.0,190345.37298657582,85
285690601,285690601,eastbound,A333,CYUL,LFML,28:10:05.20,33:02:31.10,48.816733,-52.480782,38799.0,191065.08765950892,82
285690488,285690488,eastbound,B772,KATL,LFPG,28:11:42.06,32:45:07.84,46.920024,-52.874466,39273.0,216679.41551278948,78
285690729,285690729,eastbound,B772,KMCO,EGKK,28:12:16.48,34:01:37.96,40.994037,-67.65992,38802.0,225863.16531405857,98
285691187,285691187,eastbound,B789,CYUL,EGLL,28:12:40.58,32:22:50.73,49.606571,-53.37826,41384.0,187419.0531089336,75
285690401,285690401,eastbound,B764,KATL,LIPZ,28:12:49.20,33:07:45.16,46.945019,-52.073442,35529.0,174463.08899458117,69
285691176,285691176,eastbound,B788,CYUL,EGLL,28:13:08.23,32:25:12.29,51.40454,-54.451761,42588.0,166704.7032720581,76
285690908,285690908,eastbound,A343,KJFK,EDDF,28:13:25.25,33:19:09.53,47.359954,-52.295459,38184.0,208822.42629274685,87
285690501,285690501,eastbound,B764,KATL,LFMN,28:14:01.43,33:05:45.14,46.656518,-52.19425,35489.0,174698.37323491738,73
285686646,285686646,eastbound,B789,KAUS,EHAM,28:14:09.53,32:45:52.05,48.364853,-52.546498,41027.0,181752.57909430322,66
285691102,285691102,eastbound,B772,CYHZ,LFPG,28:14:42.60,32:44:30.67,47.580838,-52.481344,39485.0,218573.72141198168,82
285686654,285686654,eastbound,B772,KAUS,EGLL,28:14:47.41,32:22:36.16,48.005655,-52.090487,39466.0,211174.21709241002,62
285686714,285686714,eastbound,B772,KDFW,LFPG,28:17:21.99,32:46:00.99,47.766883,-52.345178,39292.0,214304.16550017503,68
285690822,285690822,eastbound,B772,KEWR,EGLL,28:17:22.04,32:31:12.65,48.114069,-52.816904,39566.0,215162.5213719855,77
285691008,285691008,eastbound,B788,KPHL,LFPG,28:18:36.75,32:53:36.34,46.871971,-52.279871,42338.0,167297.99093284743,82
285690304,285690304,eastbound,B772,KORD,EGLL,28:19:08.97,32:28:07.82,50.481812,-53.944231,39424.0,213414.64575206727,75
285686752,285686752,eastbound,B772,KIAH,EDDF,28:19:44.49,33:08:23.30,48.271884,-52.256084,39028.0,218476.34001874411,69
285691052,285691052,eastbound,B772,CYYZ,EIDW,28:19:46.88,31:57:50.43,51.112632,-54.337656,39703.0,211424.93798534118,67
285690945,285690945,eastbound,A333,KJFK,LIRF,28:20:17.43,33:22:35.11,46.415035,-52.54977,38878.0,190349.58071340813,80
285686836,285686836,eastbound,B789,KDEN,EGLL,28:20:21.50,32:33:58.48,54.363815,-57.324023,41311.0,181806.46998279385,66
285690807,285690807,eastbound,B772,MMUN,LFPG,28:20:47.37,34:49:05.40,38.008805,-68.756754,38496.0,230387.71645600654,92
285686841,285686841,eastbound,B789,KDEN,LFPG,28:21:24.59,32:50:28.64,50.492537,-53.473683,41220.0,180442.03097828006,66
285691245,285691245,westbound,B789,LIRF,KATL,28:21:58.99,33:43:37.47,48.279429,-7.167875,40030.0,203753.79724052348,76
285690937,285690937,eastbound,B789,KBOS,EGLL,28:23:07.33,32:35:00.59,47.979022,-52.612902,41344.0,188065.04647864206,76
285690877,285690877,eastbound,B789,KJFK,LOWW,28:23:12.93,33:20:16.39,47.149739,-52.405186,40664.0,194718.34334984884,84
285690845,285690845,eastbound,A332,CYYZ,LIRF,28:24:34.35,33:12:48.45,49.01275,-53.176525,39400.0,200438.88701301164,77
285691195,285691195,eastbound,A333,KBOS,EGPH,28:24:49.19,32:27:38.89,48.93865,-52.817053,38750.0,191380.88934474788,70
285690570,285690570,eastbound,B752,KMSP,BIKF,28:25:27.64,31:03:59.43,56.593893,-61.458964,34664.0,83686.54309770599,46
285691070,285691070,eastbound,B789,KPHL,EGLL,28:26:22.69,32:41:42.12,47.048425,-52.72253,41280.0,187182.8080295329,75
285691303,285691303,eastbound,A339,KTPA,EGLL,28:26:42.79,34:57:38.33,38.264407,-69.513933,39213.0,209227.31840894636,101
285691145,285691145,eastbound,A359,KBOS,LFPG,28:26:57.20,33:04:27.73,46.889777,-52.462436,40176.0,221125.56793209963,83
285686649,285686649,eastbound,B772,KSFO,EGLL,28:27:35.49,32:50:24.26,63.343051,-65.242606,39530.0,213236.04661976977,61
285690973,285690973,eastbound,A333,KMCO,EDDM,28:28:55.23,35:23:30.53,40.771344,-68.241739,38871.0,190265.3947295252,94
285690915,285690915,eastbound,A333,KEWR,LSZH,28:29:06.85,33:35:05.69,47.202176,-52.745473,38878.0,190303.58372236244,86
285690739,285690739,eastbound,B788,KORD,EIDW,28:29:50.16,32:13:33.23,51.567973,-55.171289,42720.0,160760.60595849282,65
285691037,285691037,eastbound,B772,MYNN,EGLL,28:30:01.32,33:58:42.63,38.145963,-60.780761,38976.0,223851.59946161753,92
285691015,285691015,eastbound,A35K,KJFK,EGLL,28:30:34.67,32:50:58.43,47.19371,-52.635341,39269.0,250429.699846396,77
285691142,285691142,eastbound,A388,KJFK,LIMC,28:31:06.03,33:14:02.97,46.837941,-52.739613,39374.0,455491.99527524813,86
285691024,285691024,eastbound,A359,KIAD,EKCH,28:31:47.33,33:33:02.43,49.546087,-53.691959,39906.0,225163.77322792754,90
285690886,285690886,eastbound,A333,KJFK,LFPG,28:33:01.20,33:24:36.67,46.736936,-52.599272,38881.0,190308.32573456602,83
285686478,285686478,eastbound,B77W,KLAX,EGLL,28:33:42.58,32:44:57.79,51.739631,-55.279855,40193.0,262110.31298247087,57
285690494,285690494,eastbound,B772,CYVR,EGLL,28:33:47.27,32:58:54.02,63.706314,-66.088104,39307.0,217170.26596883652,73
285691384,285691384,eastbound,A332,KBOS,LEBL,28:34:00.65,33:12:40.30,46.163331,-52.670643,39851.0,194976.0820355409,82
285686872,285686872,eastbound,B789,KDEN,LIRF,28:34:40.31,33:09:41.13,50.215711,-53.15741,40720.0,186931.18433926598,57
285690829,285690829,eastbound,B763,KEWR,EDDF,28:34:42.79,33:39:56.62,47.536735,-52.353298,40211.0,155434.12562619918,87
285686877,285686877,eastbound,B772,KDFW,EIDW,28:35:25.57,32:14:32.37,48.850021,-52.921277,39673.0,208750.4568840521,62
285690842,285690842,eastbound,B752,KEWR,LPPR,28:36:02.15,33:44:14.23,46.084759,-52.432946,39262.0,89912.63921445972,88
285691419,285691419,eastbound,A333,CYUL,LFMN,28:37:10.33,33:32:14.47,49.777874,-53.336815,38777.0,191302.2673960255,82
285691361,285691361,eastbound,A333,KBOS,EGLL,28:37:18.50,33:06:15.53,47.380784,-52.568486,38733.0,191494.54245874815,77
285686664,285686664,eastbound,B789,KSFO,EGLL,28:37:23.13,32:59:06.61,59.005378,-62.575646,41269.0,180801.52148243893,60
285690705,285690705,eastbound,B772,KIAD,LFPG,28:37:25.20,33:10:01.95,47.057716,-52.735552,39344.0,217360.0406302386,83
285690951,285690951,eastbound,B77W,MUHA,LFPG,28:38:03.32,34:53:37.92,37.914844,-67.286749,39215.0,280885.89923111367,95
285686353,285686353,eastbound,A339,KSLC,EHAM,28:39:38.28,33:29:57.19,56.620296,-60.734533,40065.0,204931.17938495913,67
285690785,285690785,eastbound,B763,KJFK,LKPR,28:39:46.26,33:48:18.56,47.018461,-52.400047,40004.0,157909.38885286858,88
285686922,285686922,eastbound,A359,KDEN,EDDF,28:42:01.72,33:35:15.33,52.126611,-55.071306,40022.0,227566.62270970733,67
285691146,285691146,eastbound,B764,KJFK,LFPG,28:43:41.17,33:29:24.07,46.698587,-52.362143,35499.0,170728.52640426633,83
285690846,285690846,eastbound,B763,KEWR,EGLL,28:44:32.95,33:07:34.15,47.494941,-52.610865,40609.0,151968.49813366254,76
285691003,285691003,eastbound,A333,KBOS,EHAM,28:44:43.73,33:35:09.86,47.852025,-52.576882,38738.0,191466.2661694712,82
285690963,285690963,eastbound,A339,KJFK,EGLL,28:45:46.27,33:13:49.15,47.044607,-52.680812,40129.0,199115.9012943214,77
285691122,285691122,eastbound,B789,CYYZ,EPWA,28:45:56.86,33:44:25.14,53.871816,-57.45132,40684.0,194364.9570239987,84
285691239,285691239,eastbound,B789,CYYZ,EGLL,28:49:12.30,32:58:21.18,50.446152,-53.62726,41336.0,186131.3448911528,73
285686734,285686734,eastbound,A388,KSFO,EGLL,28:50:41.76,33:08:41.07,57.324365,-61.404602,39963.0,473673.12933722837,59
285691393,285691393,eastbound,B77W,KMIA,LFPG,28:52:50.77,35:01:21.46,38.076453,-64.823757,39249.0,280398.0405929305,99
285690693,285690693,eastbound,A333,KORD,EKCH,28:53:54.34,34:05:14.40,54.649988,-58.800713,39340.0,187202.22742128544,85
285691525,285691525,eastbound,A333,KBOS,EIDW,28:56:01.20,32:48:56.11,48.506408,-52.818906,38741.0,191431.87530279026,65
285690589,285690589,eastbound,B788,KIAD,EDDM,28:57:59.82,33:53:31.77,47.079529,-52.622139,41971.0,170045.42102135677,83
285686682,285686682,eastbound,B772,KLAS,EHAM,28:58:24.46,33:28:21.26,51.497525,-54.964438,39491.0,210313.9945113127,60
285690590,285690590,eastbound,A333,KTPA,EHAM,28:59:24.31,33:53:09.85,46.899612,-52.292849,39771.0,183356.21588218864,74
285691389,285691389,eastbound,B788,KEWR,EPWA,29:00:23.37,34:03:57.93,49.254649,-53.536639,41843.0,173085.36358898215,85
285691407,285691407,eastbound,A333,KJFK,EFHK,29:00:31.98,34:28:11.10,50.983398,-54.480517,38929.0,190121.85010273918,91
285691148,285691148,eastbound,B772,KJFK,EPWA,29:00:51.52,34:00:04.95,48.858195,-52.568441,38858.0,224815.4819762543,85
285685543,285685543,eastbound,A332,KLAS,EDDF,29:00:51.67,33:57:59.34,52.260492,-54.809826,40670.0,192540.8681630967,60
285691702,285691702,eastbound,B763,KBOS,EIDW,29:00:56.15,32:52:56.14,47.704412,-52.536839,40981.0,149017.3209049607,68
285686579,285686579,eastbound,B789,MMMX,LFPG,29:01:06.92,33:34:47.22,46.378005,-52.161361,40964.0,179803.27285039076,60
285691394,285691394,eastbound,B752,KEWR,EINN,29:01:49.89,32:41:52.55,47.838296,-52.671151,39247.0,88109.95399040439,64
285691571,285691571,eastbound,B772,KJFK,EGLL,29:05:59.38,33:18:04.41,47.111341,-52.450875,39565.0,215171.75546954112,76
285691068,285691068,eastbound,B772,KIAD,EDDF,29:06:17.34,33:57:50.90,47.228859,-52.26286,39190.0,219533.89068507333,86
285690726,285690726,eastbound,B77W,CYYZ,EGLL,29:07:26.32,33:17:59.89,50.116884,-54.128942,40046.0,263956.12424371036,76
285691510,285691510,eastbound,B772,CYYZ,BIKF,29:08:51.70,31:40:04.67,55.40612,-59.605398,40363.0,203955.54591188615,46
285691653,285691653,westbound,A35K,LIRF,KIAD,29:09:57.07,34:41:03.10,48.096219,-6.648431,38340.0,264180.05079080514,89
285691792,285691792,eastbound,B772,KBOS,BIKF,29:13:29.07,31:45:12.19,53.459142,-56.774116,40383.0,204455.14728664703,47
285691131,285691131,eastbound,A388,KIAD,EDDM,29:13:57.19,34:01:28.25,47.344375,-52.734136,39299.0,460003.45588776824,83
285691133,285691133,eastbound,B763,KIAD,LIRF,29:14:22.78,34:14:13.14,46.139807,-52.951278,39636.0,159979.2554690613,77
285691316,285691316,eastbound,A332,CYYZ,EGKK,29:14:30.29,33:34:04.73,49.938825,-53.665586,40242.0,191664.9463549165,75
285691707,285691707,eastbound,A333,CYUL,LFLL,29:14:58.23,34:12:44.25,48.531097,-52.794175,38774.0,191157.5876576157,83
285691101,285691101,eastbound,B772,CYYZ,EGPH,29:17:39.49,33:05:42.32,51.966174,-55.680635,39743.0,212426.3267840684,68
285691804,285691804,westbound,A359,LIRF,CYYZ,29:18:40.56,34:31:52.16,49.405833,-6.413337,39409.0,231205.45676571282,86
285690455,285690455,eastbound,A35K,KDEN,EGLL,29:20:56.70,33:35:03.35,51.628693,-54.051672,39359.0,255098.8629012408,64
285691143,285691143,eastbound,B772,KIAD,EGLL,29:21:16.05,33:34:36.23,47.294808,-52.860145,39509.0,215085.2958514907,77
285691652,285691652,eastbound,B752,KEWR,EIDW,29:22:38.08,33:14:38.48,47.985705,-52.582033,39087.0,88702.47150675891,68
285686784,285686784,eastbound,A339,KSLC,EHAM,29:22:46.65,34:12:17.80,56.406587,-60.353519,40062.0,204981.91690608597,67
285691567,285691567,eastbound,B772,KJFK,BIKF,29:23:20.80,31:53:49.95,53.822317,-56.981912,40363.0,203998.22409574117,47
285691589,285691589,eastbound,A359,KEWR,LFPO,29:25:02.36,34:04:45.89,46.849321,-52.861287,40111.0,222122.61788482155,84
285690533,285690533,eastbound,B77W,KDFW,EGLL,29:26:01.26,33:35:10.60,48.110173,-52.484638,40065.0,263223.63397783623,65
285691630,285691630,eastbound,B763,KEWR,EGLL,29:26:07.19,33:50:31.74,47.471229,-52.867708,40596.0,152114.80787160117,77
285691175,285691175,eastbound,B752,KIAD,EGPH,29:31:31.17,33:28:01.33,49.077223,-52.606588,38680.0,88962.9565021027,69
285686762,285686762,eastbound,B77W,KLAX,LFPG,29:32:06.88,34:00:40.93,49.936846,-53.475922,39897.0,264053.05596904916,58
285691515,285691515,eastbound,A359,KMIA,LFPO,29:32:50.23,35:51:41.52,38.104939,-65.602057,39309.0,231931.66426561138,98
285691904,285691904,eastbound,A333,CYUL,LEBL,29:33:32.92,34:21:32.66,47.976614,-52.735289,38769.0,191159.7462342796,81
285690909,285690909,eastbound,B764,KATL,LFPG,29:35:56.95,34:19:54.90,47.454928,-52.410525,35501.0,173018.93748465,77
285691110,285691110,eastbound,B752,KIAD,EIDW,29:37:06.39,33:31:42.40,47.428356,-52.250101,39350.0,88664.46254800618,68
285691756,285691756,eastbound,A359,KJFK,LFPG,29:40:36.39,34:20:01.55,46.642726,-52.674493,40118.0,222025.50701422367,84
285691313,285691313,eastbound,A388,KIAD,EGLL,29:41:03.08,33:51:29.26,47.192374,-52.787168,39851.0,446561.2593819567,78
285686845,285686845,eastbound,B77W,KSAN,EGLL,29:41:28.93,33:53:09.16,51.545912,-55.055489,40287.0,262302.07136169967,57
285691319,285691319,eastbound,B764,KIAD,LFPG,29:41:51.62,34:28:47.35,47.220055,-52.862739,35648.0,171534.65114522944,83
285691671,285691671,eastbound,A35K,KJFK,EGLL,29:42:07.00,34:03:11.35,47.092152,-52.714133,39262.0,250459.74380614384,78
285690694,285690694,eastbound,B788,MMMX,LIRF,29:42:22.39,36:02:38.26,40.281111,-68.017079,40968.0,175147.11383852895,70
285691200,285691200,eastbound,B789,KMIA,EGLL,29:45:09.03,35:43:33.49,37.974797,-66.453062,40551.0,196369.1977831616,98
285691601,285691601,eastbound,B772,KIAD,BIKF,29:45:26.41,32:16:29.26,54.082865,-57.575483,40319.0,203777.3987307479,47
285686612,285686612,eastbound,A339,KSFO,LIRF,29:46:25.25,34:47:49.49,49.573405,-53.466468,40444.0,201373.2908707488,50
285690897,285690897,eastbound,B764,KATL,EGLL,29:47:38.71,34:12:57.71,47.625088,-52.737733,35710.0,171237.68327542476,75
285691267,285691267,eastbound,B788,KORD,LIMC,29:48:28.54,34:28:59.48,50.334124,-52.943253,42069.0,167097.97477433964,74
285691519,285691519,eastbound,B788,KPIT,EGLL,29:50:37.63,34:02:59.81,49.196664,-53.03359,42507.0,164244.16437835098,76
285691023,285691023,eastbound,B772,KCLT,EGLL,29:52:28.87,34:06:52.87,47.397946,-52.525499,39472.0,214447.0991302578,78
285691169,285691169,eastbound,B772,KBNA,EGLL,29:52:31.66,34:04:24.66,47.870542,-52.929783,39460.0,213798.17170899204,75
285691244,285691244,eastbound,A333,KORD,EFHK,29:53:51.85,35:13:59.52,55.746217,-59.672764,39266.0,187741.65497363702,84
285691279,285691279,eastbound,B763,KORD,EGLL,29:54:47.95,34:16:51.54,51.422269,-54.677995,40713.0,152513.91073698085,77
285686800,285686800,eastbound,B789,KLAX,EGKK,29:55:27.06,34:06:10.28,50.874034,-53.540871,41359.0,174193.07008936678,55
285690960,285690960,eastbound,B789,KORD,EGLL,29:55:51.23,34:08:03.50,51.736452,-55.052937,41284.0,184675.9570894856,77
285691879,285691879,eastbound,B752,KEWR,EGPH,29:56:36.27,33:56:22.11,49.355228,-53.554181,38911.0,89147.11748687775,70
285691806,285691806,eastbound,B77W,CYYZ,EGLL,29:58:02.44,34:08:15.42,50.219085,-54.114419,40191.0,263907.3025553022,76
285686866,285686866,eastbound,B789,KLAX,EGLL,29:59:24.25,34:12:36.34,52.424113,-55.763966,41285.0,176194.1164575387,57
285692078,285692078,eastbound,B763,KJFK,BIKF,29:59:31.05,32:38:00.50,53.726363,-57.344823,41630.0,144216.3571009182,46
285692109,285692109,eastbound,B77W,KEWR,LGAV,30:00:56.81,34:43:05.89,47.069525,-52.054431,38791.0,285097.3179963589,68
285690578,285690578,eastbound,A35K,KMCO,EGCC,30:01:19.70,34:10:02.28,46.943348,-52.374329,39269.0,253548.8935672729,71
285691372,285691372,eastbound,B752,KORD,BIKF,30:04:08.90,32:40:00.95,56.577882,-60.739616,36246.0,84618.71802671507,46
285692038,285692038,eastbound,A333,CYYZ,EGCC,30:07:22.63,34:19:42.04,50.705312,-54.380581,39016.0,189339.12636375995,72
285691278,285691278,eastbound,B78X,KORD,LEBL,30:08:29.74,34:39:03.92,48.169088,-52.755056,40025.0,215080.11672012164,75
285692072,285692072,eastbound,B789,KJFK,EDDB,30:11:09.29,35:11:08.57,47.801333,-52.267752,40881.0,192054.35640633487,89
285691295,285691295,eastbound,A359,KORD,EDDM,30:11:46.96,35:00:50.49,50.966771,-53.552764,39791.0,227583.56188167937,75
285691924,285691924,eastbound,B789,MKJS,EGLL,30:11:56.05,36:01:45.80,34.267348,-60.854735,40651.0,194220.90968213914,88
285690742,285690742,eastbound,B772,KIAH,EGLL,30:12:02.88,34:21:51.10,47.946476,-52.518381,39412.0,212483.70661944375,65
285692650,285692650,eastbound,B763,KJFK,EINN,30:14:40.22,33:58:52.13,47.08506,-52.613245,41017.0,148752.4452749041,66
285692115,285692115,eastbound,A333,CYYZ,EIDW,30:15:12.95,34:08:33.36,51.089841,-54.71393,38994.0,189522.36843584306,67
285691170,285691170,eastbound,B788,KORD,LFPG,30:15:31.84,34:48:18.56,50.489296,-53.908312,42346.0,164494.5367856922,80
285692742,285692742,eastbound,B789,KJFK,LFPG,30:16:08.98,34:51:59.28,46.599672,-52.718759,41134.0,189323.55945916162,84
285690510,285690510,eastbound,A333,KSFO,EIDW,30:17:20.51,34:18:50.56,56.641712,-60.04982,40781.0,177847.8474772295,56
285690968,285690968,eastbound,A343,MROC,EDDF,30:20:29.41,37:11:35.07,26.56638,-54.954827,37087.0,225459.40997506314,78
285691193,285691193,eastbound,B788,KORD,LIRN,30:21:29.88,34:55:05.63,49.78791,-52.947068,41721.0,170764.21747249868,66
285691285,285691285,eastbound,B789,KATL,EHAM,30:22:00.84,34:57:32.72,47.435747,-52.628246,41036.0,185959.95900627007,78
285690804,285690804,eastbound,A339,KSEA,LFPG,30:22:05.08,35:24:03.72,60.856667,-64.880567,39893.0,205801.8785699184,71
285693138,285693138,eastbound,B77L,KJFK,EDDF,30:23:17.25,35:15:53.45,47.336457,-52.605423,42356.0,238229.3089682676,88
285691194,285691194,eastbound,B789,KORD,EGLL,30:23:56.71,34:37:01.01,51.72403,-55.252456,41282.0,184838.52866259194,77
285691348,285691348,eastbound,B772,KATL,EGLL,30:25:23.56,34:37:15.03,47.24839,-52.508765,39443.0,214067.7048572589,74
285691298,285691298,eastbound,B789,KORD,EPWA,30:26:05.01,35:21:32.75,54.532989,-57.972109,40661.0,192579.64986299063,76
285691527,285691527,eastbound,B763,KATL,EGPH,30:26:24.82,34:36:38.21,47.581609,-52.242761,40623.0,152104.67031386148,74
285691746,285691746,eastbound,B744,KGSP,EDFH,30:26:30.97,35:14:50.87,47.175293,-52.905821,38824.0,292280.81430772675,82
285690294,285690294,eastbound,B77W,KLAX,EGLL,30:27:52.51,34:33:24.53,50.846455,-53.500211,40382.0,260770.1639502102,55
285692300,285692300,eastbound,A333,KDTW,EHAM,30:28:38.73,35:14:54.11,50.243521,-53.630313,39243.0,187611.5765371462,80
285691592,285691592,eastbound,B772,KORD,BIKF,30:29:06.10,33:00:46.49,55.69846,-60.149111,40336.0,203224.98379664007,46
285691719,285691719,eastbound,A333,KMSP,EHAM,30:29:26.15,35:19:04.24,54.193529,-57.656235,39486.0,186401.34538834245,80
285690331,285690331,eastbound,A359,KSAN,EDDM,30:34:17.83,35:29:35.35,50.906708,-54.344236,39852.0,232088.29392363515,55
285691106,285691106,eastbound,A333,KORD,EIDW,30:36:31.49,34:30:50.89,51.473377,-55.064536,39397.0,186485.80341003335,68
285690926,285690926,eastbound,B752,KMCO,BIKF,30:39:26.86,33:19:43.99,53.306459,-57.142373,40461.0,84493.28376730853,49
285690385,285690385,eastbound,A388,KLAX,EDDM,30:39:34.47,35:26:49.31,50.837024,-54.858816,39502.0,484977.8255908495,55
285693686,285693686,eastbound,B77L,KMIA,EBLG,30:40:13.38,37:07:24.77,37.970661,-67.658894,41665.0,249887.54852265093,101
285690924,285690924,eastbound,A333,KDEN,EIDW,30:40:30.50,34:32:02.02,52.990181,-55.01534,40267.0,180799.70985625123,60
285691721,285691721,eastbound,B772,KCLT,EGLL,30:42:22.49,34:55:57.27,47.487919,-52.294196,39475.0,214332.8837105973,78
285691063,285691063,eastbound,B752,KDEN,BIKF,30:43:32.38,33:21:15.49,56.187709,-60.706805,40901.0,83101.97669355746,45
285690351,285690351,eastbound,A359,KLAX,LFPG,30:48:18.90,35:21:22.76,49.995998,-53.222404,40244.0,227750.72709689065,57
285693118,285693118,eastbound,B789,KJFK,LIRF,30:50:18.55,35:35:19.95,45.975896,-52.681061,40593.0,195817.3158780534,81
285691353,285691353,eastbound,B77W,KORD,EGLL,30:51:03.27,35:01:41.16,50.603732,-54.48736,40307.0,263227.1366715384,76
285691696,285691696,eastbound,B789,KORD,EGLL,30:52:10.59,35:04:58.59,51.644476,-55.096744,41281.0,184817.54951814262,77
285690962,285690962,eastbound,A333,KMSP,EHAM,30:55:04.87,35:44:20.39,54.18575,-57.57276,39481.0,186423.33230081532,80
285690702,285690702,eastbound,B772,KSFO,LEBL,30:58:35.18,35:39:45.07,52.918456,-55.769328,39224.0,217648.13630935404,54
285691274,285691274,eastbound,A332,KSEA,EIDW,31:02:45.50,34:57:42.14,64.666945,-64.362323,40423.0,193837.0147274497,64
285691034,285691034,eastbound,A359,KDFW,EFHK,31:03:50.72,36:07:55.56,55.618651,-59.347008,39713.0,230598.9190914759,70
285691000,285691000,eastbound,B77W,KIAH,EGLL,31:04:02.95,35:14:38.44,47.495311,-52.443814,40095.0,263732.1871861523,65
285693603,285693603,westbound,A333,LIMC,KCVG,31:04:09.76,35:45:17.41,53.809724,-13.832445,39062.0,190235.0786332588,73
285691130,285691130,eastbound,B789,KDEN,EGLL,31:04:36.11,35:15:36.11,53.353993,-56.01533,41342.0,181016.62189028732,65
285692130,285692130,eastbound,A339,KMSP,EGLL,31:07:00.76,35:33:46.74,53.942821,-57.229848,40145.0,200757.37386524686,77
285691162,285691162,eastbound,B789,KDEN,EDDM,31:08:32.44,35:59:06.63,53.228557,-56.063241,40915.0,186051.0021288585,64
285696909,285696909,westbound,A333,LFRS,CYUL,31:15:32.48,36:49:34.75,49.080085,-6.694484,38091.0,196412.18580074454,93
285693727,285693727,eastbound,B772,CYYZ,EGLL,31:16:08.23,35:23:59.47,50.227707,-53.548847,39586.0,214275.05964076245,75
285690831,285690831,eastbound,B772,KPHX,EGLL,31:18:03.64,35:29:57.99,51.267294,-54.838546,39532.0,209491.29331984348,59
285691465,285691465,eastbound,B78X,KMSY,EGLL,31:19:59.49,35:29:25.22,47.149988,-51.958448,40821.0,211235.1363810585,68
285690391,285690391,eastbound,A339,KLAX,EDDF,31:20:21.16,36:20:12.85,51.049209,-53.950057,40324.0,201881.3519143499,56
285691736,285691736,eastbound,B789,CYYC,EGLL,31:23:59.98,35:47:43.08,63.250853,-65.354838,41254.0,184692.50441979355,74
285692129,285692129,eastbound,A339,KATL,EGLL,31:26:56.77,35:54:51.54,46.985589,-52.647577,39985.0,201595.00092661657,76
285692363,285692363,eastbound,A346,KORD,EDDF,31:31:28.01,36:22:31.52,50.61075,-54.183929,39645.0,284644.0387997593,80
285697224,285697224,westbound,B763,EGLL,KEWR,31:35:29.07,36:48:32.48,53.94614,-10.07517,40101.0,157136.68441270234,88
285697545,285697545,westbound,A333,EGLL,TBPB,31:36:33.64,37:28:31.15,50.001045,-6.649058,38126.0,196279.82528183682,101
285694065,285694065,eastbound,A359,KJFK,LFPG,31:38:24.59,36:15:49.99,46.628647,-52.315226,40126.0,221913.802665669,83
285690572,285690572,eastbound,A339,KLAS,EDDF,31:40:43.55,36:46:41.56,51.42104,-54.75845,40108.0,203670.08337602817,60
285696467,285696467,westbound,B77L,EBLG,KMEM,31:44:15.74,36:11:21.29,56.123081,-9.099069,41468.0,254709.48154083343,69
285691026,285691026,eastbound,B772,MMMX,EHAM,31:50:07.23,36:24:42.31,47.221466,-52.385535,39170.0,214812.04607415546,61
285696507,285696507,westbound,B789,LFPG,KJFK,31:53:18.06,36:46:47.02,52.78535,-13.031403,40948.0,194819.127686638,87
285697500,285697500,westbound,B788,LEMD,MMMY,31:54:33.46,37:05:34.80,44.264273,-10.935543,40392.0,192784.71145915045,67
285696616,285696616,westbound,B77W,EDDF,KJFK,31:55:17.50,37:06:20.24,55.361944,-8.150193,39745.0,274744.69793850405,92
285698525,285698525,westbound,A333,EGPF,CYYZ,31:58:00.00,36:54:51.28,56.261944,-8.005,37947.0,197329.4,85
285697255,285697255,westbound,A359,EHAM,KATL,32:00:25.88,36:47:17.95,56.684749,-8.09263,39016.0,234174.98624246122,78
285699475,285699475,westbound,B763,EGPH,KATL,32:01:00.00,37:00:10.75,56.426945,-8.608333,39217.0,163918.8,84
285698150,285698150,westbound,A333,EGLL,KBOS,32:02:56.50,37:20:19.64,53.886524,-10.146293,38303.0,195180.10849303642,86
285691636,285691636,eastbound,A339,KSEA,EGLL,32:04:28.80,36:35:43.05,63.222223,-64.532648,40075.0,203619.937908841,68
285690777,285690777,eastbound,B772,KLAX,LFPG,32:08:30.17,36:34:32.19,49.757936,-52.848548,39465.0,209773.26905300724,57
285695519,285695519,westbound,B788,LOWW,KIAD,32:08:51.14,37:18:04.19,54.99226,-8.035188,41818.0,174747.32151496614,86
285698117,285698117,westbound,A333,EGLL,KMCO,32:11:41.12,37:27:17.69,53.881667,-10.804043,38328.0,195013.23523836533,85
285697323,285697323,westbound,B763,EKCH,KJFK,32:12:55.42,37:34:04.42,60.845311,-7.937613,40137.0,157917.8470131365,90
285697931,285697931,westbound,A333,EGLL,KJFK,32:13:12.53,37:26:35.17,53.804038,-10.260064,38307.0,195165.1141337603,90
285691602,285691602,eastbound,B789,KAUS,EGLL,32:14:13.26,36:24:59.13,48.152666,-52.443834,41143.0,180120.73581317434,64
285697900,285697900,westbound,B772,EHAM,KEWR,32:16:04.71,37:18:20.48,56.24388,-8.330878,39052.0,225526.7205067353,89
285698358,285698358,westbound,B763,EGLL,KORD,32:19:23.29,36:59:40.48,56.206003,-8.339456,39650.0,161113.90727097625,79
285698196,285698196,westbound,B772,EGLL,KJFK,32:21:36.40,37:22:35.41,53.934355,-11.007304,39121.0,224589.94073459628,89
285691680,285691680,eastbound,B744,KDFW,EBBR,32:22:13.91,36:49:39.45,48.024366,-51.906823,38935.0,291579.10961645603,69
285695208,285695208,eastbound,B77L,KORD,EDDF,32:22:35.98,37:08:07.57,51.032078,-54.767867,42309.0,237486.54608619056,79
285690841,285690841,eastbound,A343,KLAX,EDDF,32:23:13.26,37:22:52.90,49.838166,-53.619745,38386.0,215958.35387331346,56
285698116,285698116,westbound,B77W,EGLL,KDFW,32:23:31.75,36:34:43.29,57.007736,-8.802169,38533.0,291838.5156879969,64
285699246,285699246,westbound,B772,EGLL,KBOS,32:26:51.55,37:37:59.15,53.836186,-9.768095,39230.0,223128.66450019932,86
285691240,285691240,eastbound,A359,KLAX,EKCH,32:26:57.46,37:22:32.98,54.727184,-58.34247,40228.0,228405.3352243023,61
285697466,285697466,westbound,B77W,LFPG,CYUL,32:28:40.64,37:18:36.42,53.279563,-13.085805,40084.0,269452.1334341563,71
285696990,285696990,westbound,B78X,EDDF,KORD,32:28:58.01,36:53:51.95,57.379459,-8.192372,39937.0,221543.1204631024,76
285691205,285691205,eastbound,B77W,KSFO,LSZH,32:29:32.42,37:22:20.27,54.797987,-57.885574,39199.0,271264.48592640774,58
285698282,285698282,westbound,A332,LEMG,CYUL,32:29:49.02,37:51:24.46,39.713265,-13.742443,39646.0,196773.4514534238,94
285692239,285692239,eastbound,B789,MMMX,EGLL,32:31:00.57,38:25:20.23,40.740979,-68.431976,40428.0,190607.7234730631,78
285691207,285691207,eastbound,B748,MMMX,EDDF,32:32:24.86,37:11:00.12,47.319156,-51.965443,38360.0,364477.0903137002,58
285700295,285700295,westbound,B752,EINN,KORD,32:35:00.00,37:13:48.83,54.445833,-11.156944,38520.0,98659.4,79
285700047,285700047,westbound,B752,EIDW,KIAD,32:40:00.00,37:54:59.84,54.245278,-9.361111,38724.0,97411.7,89
285700066,285700066,westbound,B772,EIDW,KEWR,32:41:00.00,37:33:35.53,54.391944,-11.314722,39044.0,226095.0,87
285700346,285700346,westbound,B788,EIDW,KPHL,32:43:00.00,37:44:50.03,54.056667,-9.5675,41986.0,178114.4,90
285694725,285694725,westbound,B789,LGAV,KJFK,32:43:14.75,38:06:20.73,48.920191,-7.247046,40686.0,193381.11815662682,80
285698311,285698311,westbound,B77W,EGLL,CYYZ,32:45:26.30,37:35:52.83,55.360338,-8.113403,39667.0,275451.89351063716,86
285692624,285692624,eastbound,B788,MMMX,EGLL,32:48:00.35,38:38:41.87,41.043506,-68.029709,41656.0,167703.24649738634,77
285700078,285700078,westbound,B763,ESSA,KJFK,32:49:44.58,39:02:31.35,63.570493,7.515418,39620.0,161177.90933670427,105
285692491,285692491,eastbound,A359,MMMX,LFPG,32:50:04.34,39:05:13.00,40.895259,-67.98384,39201.0,236410.23421593124,79
285695808,285695808,eastbound,B77L,KORD,EGPK,32:52:16.04,36:36:28.06,53.62959,-56.760426,42890.0,230033.35374204675,68
285699065,285699065,westbound,B78X,EHAM,SKBO,32:53:44.40,38:34:37.06,49.981542,-6.321443,39611.0,223920.37322947613,74
285698038,285698038,westbound,B763,EDDB,KJFK,32:53:59.76,38:16:30.09,58.4599,-8.129612,40153.0,158237.22099851782,90
285698670,285698670,westbound,B789,EBBR,CYYZ,32:54:42.61,37:46:07.85,55.060065,-8.123058,40734.0,197884.098418476,86
285700028,285700028,westbound,B764,EGLL,KATL,32:58:02.98,38:04:57.21,53.90816,-10.374809,34599.0,181513.01494097445,86
285701016,285701016,westbound,B752,BIKF,KDTW,33:00:00.00,36:22:46.52,64.7,-26.925,39173.0,93331.0,57
285697359,285697359,westbound,A339,LIRF,KDTW,33:00:38.75,38:26:16.10,48.920938,-7.203315,39072.0,211471.0626141014,84
285698722,285698722,westbound,A359,EHAM,KDTW,33:00:45.02,37:42:12.59,56.78981,-7.806756,39460.0,229132.705415331,83
285701119,285701119,westbound,B789,EIDW,CYYZ,33:02:00.00,37:50:07.59,54.175,-9.431667,40761.0,199548.9,85
285691272,285691272,eastbound,B77W,KLAX,LSZH,33:02:35.85,37:41:24.95,49.912573,-53.026209,39964.0,266824.7222432091,54
285698314,285698314,westbound,A333,LFPG,KJFK,33:03:02.80,38:05:39.84,53.023016,-12.972881,38624.0,193100.14718943532,87
285699542,285699542,westbound,A332,EHAM,TNCM,33:03:11.68,39:01:35.05,49.797477,-6.301015,38861.0,204973.48671380183,100
285691028,285691028,eastbound,A359,KLAS,LSZH,33:03:26.86,37:50:28.67,50.124997,-53.609604,40001.0,229813.96832406477,56
285700646,285700646,westbound,B772,EGPH,CYHZ,33:03:31.34,37:36:12.36,56.583446,-8.432644,39564.0,218765.99323568703,80
285701478,285701478,westbound,A332,EIDW,KMSP,33:04:00.00,37:37:51.62,54.301667,-9.516944,39051.0,201409.2,80
285699228,285699228,westbound,B764,LEPA,KEWR,33:04:26.09,39:08:12.31,45.528215,-6.493903,35673.0,177473.33300448023,97
285698031,285698031,westbound,B763,LSGG,KEWR,33:05:21.15,38:04:35.52,53.298087,-13.330356,40282.0,156879.31246521597,85
285700483,285700483,westbound,B763,EGLL,KEWR,33:06:19.59,38:20:56.93,53.951261,-9.704123,40100.0,157146.2635231382,89
285698792,285698792,westbound,B772,LFPG,KEWR,33:07:05.00,37:52:25.41,53.255445,-13.412993,39193.0,223008.5173565304,85
285697665,285697665,westbound,B772,EDDM,KCLT,33:08:00.04,38:04:10.06,54.068478,-11.235276,38689.0,229960.0471669933,78
285698914,285698914,westbound,A333,LFPG,CYUL,33:08:05.62,37:58:30.23,53.646245,-13.248757,38649.0,192922.61581896362,71
285698173,285698173,westbound,A333,LSZH,KORD,33:09:05.52,37:57:39.61,53.731951,-9.98479,38824.0,191799.1592616868,75
285699402,285699402,westbound,A333,EBBR,CYUL,33:09:24.12,38:24:07.96,54.557692,-8.455769,38476.0,194141.71283503599,76
285700236,285700236,westbound,B78X,EGLL,KIAH,33:10:51.83,37:40:30.09,54.373294,-8.612271,39495.0,224679.87961631487,66
285700656,285700656,westbound,B752,EGPH,KEWR,33:11:00.00,38:17:09.27,57.716944,-9.181111,38916.0,96504.0,87
285697501,285697501,westbound,A333,LIMC,KJFK,33:11:19.44,38:14:32.08,52.68862,-13.184728,38999.0,190598.686060414,87
285699623,285699623,westbound,A333,EHAM,KJFK,33:11:47.26,38:33:12.57,55.998831,-7.740093,38449.0,194368.57901319794,92
285692131,285692131,eastbound,B77W,KDFW,EGLL,33:13:21.91,37:18:09.86,48.404184,-51.835688,40116.0,262772.32458430476,64
285699477,285699477,westbound,B788,EHAM,KPHL,33:13:29.38,38:17:21.96,55.860028,-7.93208,41944.0,176407.71358072705,90
285701370,285701370,westbound,A333,ENGM,KEWR,33:15:53.06,38:54:13.34,62.637992,4.949111,38088.0,196456.4065715949,96
285698620,285698620,westbound,B772,EDDM,KEWR,33:17:46.43,38:21:35.09,55.372323,-8.312773,39042.0,225169.5069047442,90
285699951,285699951,westbound,B78X,EBBR,KORD,33:19:17.81,37:45:55.12,56.197753,-8.469915,39751.0,222925.9231187648,79
285691474,285691474,eastbound,A332,KSFO,LEMD,33:20:14.88,38:00:20.97,51.619771,-54.372828,40959.0,191650.56027301523,55
285699233,285699233,westbound,B789,EHAM,KIAH,33:22:53.15,37:24:30.95,59.792022,-9.013601,39834.0,207630.3818460162,56
285700526,285700526,westbound,A35K,EGLL,KJFK,33:24:16.81,38:28:57.85,53.919862,-10.256977,38800.0,255263.63640753517,90
285691545,285691545,eastbound,A388,KLAX,EGLL,33:25:51.27,37:31:57.15,50.51434,-53.975311,40008.0,472395.2809201814,55
285699915,285699915,westbound,B772,EGLL,KCLT,33:27:07.14,38:29:16.02,53.871076,-9.872571,38588.0,232126.18207258094,89
285700950,285700950,westbound,B788,LEBL,KORD,33:27:07.23,38:49:54.37,45.286437,-7.282394,41305.0,183007.77433500777,89
285699592,285699592,westbound,B763,LFMN,KIAD,33:27:25.40,39:15:03.57,48.791063,-6.187752,39233.0,161841.00027825817,97
285697675,285697675,westbound,A339,LIRF,KLAX,33:27:39.85,38:50:20.57,48.432943,-6.472664,38364.0,219169.45474383974,60
285699209,285699209,westbound,A333,EDDF,CYUL,33:27:49.88,38:34:45.84,55.807311,-8.47903,38725.0,192601.8751814261,76
285700470,285700470,westbound,B789,EGLL,CYUL,33:28:51.86,38:33:14.28,53.836728,-9.505481,41011.0,195501.8014200508,75
285691390,285691390,eastbound,B788,KSAN,EGLL,33:29:43.48,37:42:33.94,50.543381,-53.550127,42493.0,151875.98870424132,55
285699906,285699906,westbound,B764,LFMN,KATL,33:31:58.05,39:38:01.92,45.478838,-6.520018,33593.0,183213.59905768797,90
285695579,285695579,westbound,B77W,LOWW,CYYZ,33:32:37.44,38:20:17.04,55.956717,-7.980087,39682.0,276054.94012671645,80
285691544,285691544,eastbound,A35K,KLAX,EGLL,33:33:35.24,37:50:39.77,50.225662,-53.893897,39376.0,258052.5378565594,55
285699472,285699472,westbound,A333,EDDF,CYYZ,33:34:12.30,38:28:01.70,56.592349,-7.922848,38720.0,192590.51393383407,83
285701434,285701434,westbound,GLEX,EGPH,KILM,33:34:22.94,38:52:59.19,56.604382,-7.668191,46005.0,34816.862643091416,94
285699553,285699553,westbound,A333,LFPG,KDTW,33:34:25.27,38:22:20.93,53.591812,-11.537608,38580.0,193339.92639321025,82
285700744,285700744,westbound,A339,EGLL,KBOS,33:35:13.77,38:48:07.25,53.848481,-10.234389,39819.0,201972.5199338865,86
285700909,285700909,westbound,A333,ESSA,KEWR,33:35:21.00,39:18:35.75,63.472565,7.851223,38261.0,195361.27210839654,97
285699034,285699034,westbound,B764,EDDB,KEWR,33:36:49.61,38:44:55.31,59.581742,-8.254369,36895.0,175794.1073680138,86
285698619,285698619,westbound,A332,LIRF,KJFK,33:37:01.42,39:17:10.11,48.487257,-6.555762,39397.0,200970.0618524424,96
285699035,285699035,westbound,B763,LSZH,KORD,33:37:57.57,38:26:31.43,53.880871,-10.009255,39640.0,162326.87636024944,77
285701383,285701383,westbound,B772,EGLL,KIAH,33:38:04.75,37:51:51.35,56.882803,-8.639262,37922.0,241301.02099930262,61
285691401,285691401,eastbound,A332,KLAX,LEBL,33:39:13.83,38:18:44.81,46.131038,-52.218686,40863.0,189761.47692275976,52
285701602,285701602,westbound,B789,EGLL,KPHL,33:39:21.74,38:35:37.38,53.891894,-10.402126,40793.0,197871.93066503762,88
285691590,285691590,eastbound,A333,KLAX,EIDW,33:40:35.43,37:37:06.26,50.445539,-53.529404,40928.0,174438.71819468593,51
285699809,285699809,westbound,A359,LFPG,KIAH,33:41:17.19,38:03:54.47,55.637446,-8.970937,38472.0,240508.50032930492,61
285699291,285699291,westbound,B748,EDDF,KIAH,33:41:40.17,37:49:45.13,57.493191,-8.163863,35987.0,399001.032091169,57
285693812,285693812,eastbound,B772,KDFW,EGLL,33:41:57.33,37:51:05.80,47.891137,-52.389755,39435.0,211941.22621860803,66
285700146,285700146,westbound,A333,EBBR,CYUL,33:43:17.85,38:52:55.54,54.697099,-8.17027,38476.0,194147.24164111205,77
285700031,285700031,westbound,B77W,LFPG,KSFO,33:43:34.36,37:55:47.64,55.851979,-9.071091,37895.0,301412.5665554386,55
285701477,285701477,westbound,A332,EGPH,KATL,33:43:46.64,38:36:29.46,56.881646,-8.305448,38830.0,203896.426292792,84
285700595,285700595,westbound,B789,EBBR,KJFK,33:45:44.29,38:56:39.48,54.400914,-8.523288,40821.0,196949.90345385802,92
285699688,285699688,westbound,A333,EDDF,KAUS,33:45:52.74,38:10:26.68,57.853528,-9.011027,38797.0,192073.44026695608,57
285700101,285700101,westbound,A333,EDDF,KRDU,33:46:23.13,39:10:17.25,54.972882,-8.237673,38692.0,192822.35407466124,89
285698746,285698746,westbound,B763,LIPZ,KIAD,33:47:12.99,38:54:16.05,53.538057,-12.47283,40022.0,159761.8620416501,82
285699163,285699163,westbound,A333,LSZH,CYYZ,33:47:35.05,38:42:47.23,53.825862,-10.641204,38855.0,191581.38789667634,84
285700256,285700256,westbound,A359,EHAM,KATL,33:49:31.02,38:37:07.49,56.780565,-8.041412,39016.0,234169.94348234741,78
285691844,285691844,eastbound,A359,KSFO,LFPO,33:49:39.98,38:40:04.75,53.730501,-57.346563,40283.0,229069.92741923212,60
285699968,285699968,westbound,A333,EDDF,KATL,33:50:13.54,38:40:20.74,56.631741,-9.021264,38763.0,192334.87312449105,71
285699786,285699786,westbound,B763,LSZH,KEWR,33:50:25.89,39:09:50.07,54.794541,-8.351519,40119.0,158192.6592541792,90
285691837,285691837,eastbound,A35K,KPHX,EGLL,33:50:37.14,38:07:03.80,48.102686,-52.417816,39245.0,257673.774142725,58
285702141,285702141,westbound,B789,EGCC,MMUN,33:50:55.77,39:22:57.66,54.428118,-9.088326,39574.0,212510.67499787422,82
285698863,285698863,westbound,B772,LIMC,KEWR,33:52:21.66,38:40:33.38,52.918801,-12.897595,39158.0,222911.1470481057,86
285698799,285698799,westbound,B763,LIRN,KEWR,33:52:52.66,39:38:11.07,47.775586,-6.728443,39417.0,160456.4300618459,89
285702756,285702756,westbound,A333,EIDW,KBOS,33:53:00.00,39:09:29.29,54.266944,-9.465833,37948.0,197329.4,88
285702944,285702944,westbound,B788,EGPF,KMLB,33:56:00.00,39:09:50.10,56.616944,-7.802778,41252.0,185641.1,91
285701981,285701981,westbound,A35K,EGCC,KLAS,33:56:06.63,38:02:10.39,56.834007,-9.105196,37226.0,275929.86121772754,59
285698793,285698793,westbound,B78X,LIRF,KORD,33:56:27.50,38:53:13.73,50.324347,-7.133858,39804.0,219847.15260617758,77
285700457,285700457,westbound,A333,LFPO,KEWR,33:56:55.18,39:01:47.37,53.165287,-13.425302,38619.0,193114.6335622134,83
285700245,285700245,westbound,A359,LFPG,KDFW,33:57:14.84,38:19:35.45,55.536152,-8.626414,38531.0,239747.41505892243,63
285701851,285701851,westbound,B77W,EGLL,KJFK,33:58:59.86,39:04:44.87,53.921415,-9.91236,39774.0,273869.1811274052,90
285700379,285700379,westbound,B772,LFPG,KATL,34:01:19.60,38:49:49.99,53.249974,-12.873737,38520.0,232586.29528009606,81
285701157,285701157,westbound,A388,EGLL,KMIA,34:03:07.06,39:12:38.09,53.888713,-13.87774,38590.0,469212.3418091028,83
285701200,285701200,westbound,B788,EHAM,KDFW,34:04:46.56,38:09:09.66,58.921854,-9.01389,41026.0,185308.49002464412,60
285701419,285701419,westbound,B789,EGKK,KMIA,34:05:01.27,39:28:48.01,52.250759,-12.598153,40142.0,205033.03595574034,87
285696780,285696780,westbound,A339,LGAV,KATL,34:05:15.35,39:47:52.76,46.292826,-6.812201,38997.0,214626.33752335675,73
285700773,285700773,westbound,A332,EDDF,KATL,34:06:05.58,39:00:52.46,56.599534,-8.108764,38893.0,205954.02850313284,76
285700823,285700823,westbound,B789,LFPG,CYUL,34:06:23.01,38:54:24.41,53.413844,-13.398575,41125.0,192607.95716781245,68
285699289,285699289,westbound,A333,LSZH,KJFK,34:06:40.88,39:14:00.80,53.360863,-13.434861,38971.0,190868.2216594179,88
285701320,285701320,westbound,B763,EHAM,KIAH,34:07:22.48,38:18:00.09,59.354606,-8.933046,38724.0,169511.03719708728,57
285700907,285700907,westbound,A359,LFPG,KPHX,34:08:21.08,38:28:57.14,55.521847,-8.591392,38007.0,245628.1326913105,58
285701019,285701019,westbound,B789,EGLL,KSEA,34:08:38.04,38:11:54.61,56.822483,-8.696174,39800.0,208984.6156860108,60
285702015,285702015,westbound,B788,LEBL,KIAD,34:09:25.19,39:51:06.21,44.913523,-6.621827,41595.0,180158.17220618835,102
285701925,285701925,westbound,B78X,EBBR,KEWR,34:09:44.48,39:14:09.80,54.491708,-8.502285,39705.0,223280.98667237518,90
285701649,285701649,westbound,B788,EHAM,TNCC,34:10:52.27,39:50:30.81,51.108624,-8.958389,41017.0,186088.28563951992,84
285703157,285703157,westbound,B772,BIKF,KBOS,34:12:00.00,38:14:54.63,63.584722,-27.044722,39736.0,216408.0,71
285701422,285701422,westbound,B789,EGKK,MMUN,34:12:04.64,39:27:16.12,52.667039,-13.639919,39753.0,209345.31959254039,76
285698865,285698865,westbound,A359,LIRF,KATL,34:12:12.18,39:37:25.86,48.340021,-6.718702,38784.0,238142.07441072544,80
285700949,285700949,westbound,B77W,LFPG,KLAX,34:12:43.44,38:30:14.21,55.59786,-8.835356,37796.0,302674.41796036804,56
285700425,285700425,westbound,A343,EDDF,KDFW,34:13:23.21,38:36:58.23,57.779881,-8.701744,36540.0,226627.51612938187,59
285699671,285699671,westbound,B763,LIRN,KJFK,34:13:24.23,40:05:24.43,48.10791,-6.092265,39385.0,160899.91297382006,95
285701999,285701999,westbound,B77W,EGLL,KLAX,34:13:58.77,38:19:48.05,57.053932,-8.758692,37821.0,302100.98777433345,56
285699741,285699741,westbound,A333,LIRF,KJFK,34:13:59.38,39:55:51.65,48.618173,-6.655912,38883.0,191127.8145975262,96
285702056,285702056,westbound,A333,EHAM,KBOS,34:15:55.12,39:32:42.27,55.918578,-8.418582,38483.0,194170.90466029476,89
285695290,285695290,eastbound,B744,KIAH,ELLX,34:16:08.21,38:55:56.78,47.556881,-51.968129,38817.0,293817.17971392313,69
285701889,285701889,westbound,B772,EGLL,KRDU,34:16:36.00,39:21:26.99,53.805069,-10.375611,38724.0,230190.70060704832,90
285703822,285703822,westbound,G280,EINN,KABE,34:16:40.24,39:33:11.56,53.667152,-12.763329,43623.0,16369.370580605835,81
285701403,285701403,westbound,B789,EHAM,KMSP,34:17:06.16,38:23:58.14,58.88229,-8.278783,40468.0,200597.158290722,73
285701573,285701573,westbound,B772,LFPG,KDFW,34:17:19.56,38:39:26.04,55.503642,-8.439973,37957.0,240692.84463850816,64
285699756,285699756,westbound,B763,LSZH,KATL,34:17:30.93,39:20:33.43,53.716156,-13.039554,39517.0,163768.09787379505,76
285700839,285700839,westbound,B77W,LFPG,KJFK,34:18:40.08,39:13:05.53,52.763745,-12.893374,39873.0,272506.98434881394,87
285701942,285701942,westbound,B789,EGLL,CYYC,34:20:22.67,38:26:31.53,56.768333,-8.528916,40145.0,205028.89773959038,68
285702966,285702966,westbound,A339,LPPT,KSFO,34:22:15.05,39:33:29.22,41.5322,-14.114421,37694.0,224068.99610576162,66
285699843,285699843,westbound,A339,LIRF,KJFK,34:22:31.41,40:02:54.48,48.442488,-6.629196,39363.0,208200.14242181153,96
285701480,285701480,westbound,A339,LFPG,KSLC,34:23:02.98,38:45:33.69,55.449283,-8.875954,38313.0,218824.13760323904,61
285701850,285701850,westbound,B78X,LFPG,KORD,34:23:39.50,38:54:48.73,55.505379,-8.655731,39748.0,222902.7922252187,80
285692639,285692639,eastbound,B789,KLAS,EGLL,34:23:45.35,38:33:29.51,50.468474,-53.807139,41385.0,174870.9072904195,57
285699210,285699210,westbound,B763,LICC,KJFK,34:24:22.42,40:16:18.61,47.238274,-6.776126,39382.0,161071.64934602534,91
285703619,285703619,westbound,A333,EIDW,KJFK,34:25:00.00,39:40:38.98,54.0575,-9.571667,37948.0,197329.4,91
285701168,285701168,westbound,B744,EDDF,KJFK,34:26:32.38,39:34:05.24,55.028859,-8.230206,38733.0,295138.08880421554,92
285699551,285699551,westbound,B77W,LIRF,KDFW,34:27:02.43,39:41:18.50,48.298808,-6.37827,38189.0,297089.28476992995,68
285701910,285701910,westbound,B763,EHAM,KIAD,34:27:47.22,39:46:08.39,56.466073,-7.880001,39825.0,159903.9307871625,89
285698223,285698223,westbound,B78X,LGAV,KEWR,34:30:01.37,39:54:08.09,49.180253,-6.588778,40143.0,215620.1987287617,80
285699887,285699887,westbound,A332,LIRF,CYYZ,34:30:01.86,39:55:01.52,49.55267,-6.565424,39290.0,202205.91608701946,88
285695921,285695921,eastbound,B744,KIAH,ELLX,34:30:19.59,39:10:15.63,47.643194,-51.96432,38799.0,293789.1789840384,69
285703423,285703423,westbound,A333,EIDW,KATL,34:31:00.00,39:33:50.42,53.770556,-9.701111,37943.0,197329.4,87
285701201,285701201,westbound,A333,EDDF,KSTL,34:31:58.90,39:12:38.05,57.326448,-7.711752,38729.0,192496.8131419869,73
285700255,285700255,westbound,B764,EDDM,KDTW,34:33:53.57,39:27:03.61,57.408044,-7.95552,36543.0,179004.1990550913,76
285701185,285701185,westbound,B772,EDDF,KDFW,34:33:57.00,38:44:55.98,57.895601,-8.889476,38022.0,239754.74589875044,59
285702618,285702618,westbound,A333,LEMD,KORD,34:34:12.10,40:01:24.26,44.319494,-9.795692,38242.0,195425.52930335284,92
285700158,285700158,westbound,A339,LIRF,KBOS,34:34:31.97,40:17:37.41,49.022905,-6.2159,39510.0,206394.72159398434,96
285702503,285702503,westbound,B772,EGLL,KJFK,34:35:19.30,39:39:45.80,53.927815,-10.244334,39092.0,225012.20542933856,90
285701858,285701858,westbound,A333,LFPG,KBOS,34:35:43.65,39:37:03.68,53.057926,-12.931585,38621.0,193119.64334759113,85
285702661,285702661,westbound,B772,EGKK,KMCO,34:37:19.99,39:33:16.74,53.703878,-12.714034,38412.0,234385.52181377492,82
285701980,285701980,westbound,B788,EBBR,MMUN,34:38:22.06,39:54:45.08,53.824616,-13.219219,40912.0,186315.4567708026,73
285702039,285702039,westbound,A333,EHAM,CYYZ,34:38:41.41,39:25:21.67,57.703941,-7.887441,38510.0,193941.22625828054,81
285702103,285702103,westbound,B772,EGLL,MYNN,34:39:35.40,40:01:03.89,53.38144,-13.359392,38418.0,234493.7561999339,89
285703206,285703206,westbound,B764,EGLL,KJFK,34:39:52.23,40:01:46.64,53.836633,-9.907245,36170.0,174135.10241050212,90
285697775,285697775,eastbound,B748,KSDF,EDDK,34:40:08.80,39:24:20.37,47.309314,-52.568151,37559.0,371755.5155248842,82
285702993,285702993,westbound,B789,EGCC,MDPC,34:40:10.12,40:12:54.96,53.671434,-12.914112,40228.0,204467.7036047182,98
285699930,285699930,westbound,A332,LMML,KMCI,34:42:31.83,40:14:02.02,45.621796,-6.560545,39004.0,206029.22979092711,71
285704341,285704341,westbound,B772,EIDW,CYYZ,34:43:00.00,39:31:42.79,54.051944,-9.5425,38968.0,227142.6,85
285701740,285701740,westbound,A332,DAAG,CYUL,34:43:11.13,40:24:56.72,44.302429,-7.38772,39507.0,198913.03951828208,98
285698125,285698125,westbound,A333,LGAV,KJFK,34:43:18.31,40:20:06.07,48.765099,-7.046276,39628.0,186301.9993773067,81
285700111,285700111,westbound,B772,LIRF,KIAD,34:45:12.25,40:13:18.11,48.489366,-7.090654,38668.0,229667.63976518283,90
285701797,285701797,westbound,B748,EDDF,KORD,34:45:20.08,38:57:50.26,57.453279,-7.95895,36897.0,384015.0767123911,71
285700360,285700360,westbound,B789,LOWW,KORD,34:46:08.38,39:09:24.01,57.92305,-7.870055,40492.0,198274.48038950548,69
285702922,285702922,westbound,A339,EHAM,KBOS,34:46:47.73,40:06:41.59,56.004278,-7.770802,39755.0,203129.8593409509,88
285700426,285700426,westbound,A333,LOWW,CYYZ,34:47:48.22,39:43:17.72,57.091222,-7.613253,39130.0,190038.07756280003,79
285702913,285702913,westbound,A339,EGLL,KMIA,34:48:08.65,40:10:40.25,53.404884,-13.970638,38862.0,212818.8225961682,83
285702535,285702535,westbound,A359,LEBL,KATL,34:48:31.72,40:26:59.29,45.322086,-7.248152,38747.0,236526.7461867047,91
285701523,285701523,westbound,B763,LSGG,KIAD,34:49:09.34,39:52:08.48,53.320543,-13.49735,40075.0,158709.82578990547,86
285703489,285703489,westbound,B77W,EBBR,KIAD,34:49:23.15,39:57:23.69,54.294071,-8.087537,39493.0,278196.65542207623,91
285703357,285703357,westbound,B789,EGBB,MDPC,34:49:56.46,40:23:30.40,53.462072,-13.217309,40276.0,203741.2316914756,97
285704130,285704130,westbound,B763,EGPH,KBOS,34:50:00.00,40:13:08.71,56.148889,-8.686944,40210.0,155511.3,87
285704648,285704648,westbound,B788,EIDW,KORD,34:50:00.00,39:27:39.68,54.346944,-9.521389,41641.0,181668.6,82
285701751,285701751,westbound,A343,EDDF,KDTW,34:50:02.27,39:42:20.23,56.963367,-7.795536,37624.0,215024.2865875797,80
285700647,285700647,westbound,B763,LOWW,KBOS,34:50:12.67,40:16:42.15,55.188268,-7.970425,40318.0,157200.81231637968,88
285704359,285704359,westbound,A333,EIDW,KJFK,34:50:57.36,40:00:04.43,53.829952,-11.088839,38020.0,196889.02109930268,89
285703233,285703233,westbound,A359,LFPO,TFFR,34:51:10.94,40:30:08.10,47.783864,-6.592404,39014.0,233238.34499227145,101
285701567,285701567,westbound,FA7X,LKPR,KMOT,34:51:11.92,39:06:42.79,59.69285,-7.75813,44712.0,20744.78374881822,67
285703369,285703369,westbound,B77W,EGLL,KCLT,34:51:17.44,39:50:34.55,53.831674,-10.405413,39232.0,281727.16611428576,88
285703966,285703966,westbound,B772,EGKK,TLPL,34:51:37.66,40:32:33.24,50.032904,-6.45941,38252.0,237021.35796435407,102
285701369,285701369,westbound,A332,EDDF,KDTW,34:53:21.94,39:41:14.52,56.77813,-7.833732,39352.0,201168.26371384913,81
285702357,285702357,westbound,B77L,EDDF,KORD,34:53:23.73,39:15:36.48,58.138283,-8.266581,41858.0,248908.11228323518,73
285702822,285702822,westbound,B772,EGKK,CYYT,34:53:48.10,38:06:18.08,52.781226,-13.04763,40188.0,209423.45240900008,45
285704402,285704402,westbound,B752,EGPH,KORD,34:54:45.90,39:32:29.19,57.223684,-8.338513,38459.0,99054.41030013605,79
285704551,285704551,westbound,B788,EGPH,KPHL,34:55:21.86,39:54:00.24,56.710888,-8.157009,41947.0,178363.73893196296,88
285700281,285700281,eastbound,B763,KEWR,LFPG,34:55:24.33,39:39:47.04,46.789252,-52.555268,40257.0,153648.16422956076,83
285702133,285702133,westbound,B764,LIPZ,KATL,34:56:33.06,41:00:53.72,46.114107,-7.05802,33950.0,181532.9838913168,86
285702602,285702602,westbound,B744,ELLX,KIND,34:56:47.35,39:21:25.59,55.160299,-8.505574,38154.0,304826.1869666238,73
285700824,285700824,westbound,B772,LOWW,KEWR,34:59:17.05,40:01:51.61,56.181962,-8.351576,39066.0,224634.12729259825,87
285692885,285692885,eastbound,B789,KLAX,LFPG,34:59:17.17,39:29:38.02,49.321384,-53.22286,41225.0,174736.52216465698,57
285701334,285701334,westbound,B77W,LIRF,KEWR,34:59:56.79,40:36:17.79,48.779169,-6.291313,39155.0,277800.5700339287,95
285704165,285704165,westbound,B78X,EGLL,TBPB,35:00:37.00,40:38:56.66,50.117663,-6.575569,39407.0,225465.00139716407,101
285704221,285704221,westbound,A333,LPPT,CYUL,35:00:40.81,40:22:21.32,40.518714,-13.700339,38095.0,196399.91870453738,91
285704410,285704410,westbound,A333,EGPH,KJFK,35:02:24.67,40:22:11.14,56.60184,-7.683931,37984.0,197113.23143032865,92
285704623,285704623,westbound,A332,LPPT,CYYZ,35:02:28.38,40:22:57.37,40.130967,-13.859037,39354.0,198837.5389768197,94
285702757,285702757,westbound,B772,EDDF,KCLT,35:03:32.26,40:06:34.20,55.587891,-8.292387,38593.0,231782.82247607366,83
285701750,285701750,westbound,B77W,EDDF,KEWR,35:03:53.53,40:06:57.39,55.497519,-8.428539,39701.0,275375.8123336885,90
285703538,285703538,westbound,B763,EGLL,KORD,35:04:21.15,39:44:35.78,56.234164,-8.378897,39649.0,161116.0820129673,79
285703042,285703042,westbound,B789,EGKK,MKJS,35:05:33.46,40:20:41.73,51.37505,-13.889082,39964.0,207009.07452671992,81
285703295,285703295,westbound,B788,EHAM,KORD,35:07:22.01,39:27:27.86,58.352487,-7.943984,41679.0,178676.1179939136,77
285703235,285703235,westbound,B772,LEBL,KEWR,35:07:24.40,40:43:28.90,45.72143,-6.77864,38797.0,228647.39329854024,100
285703665,285703665,westbound,B772,EGLL,KEWR,35:07:28.05,40:13:35.93,55.108173,-7.952693,39052.0,225677.79803608987,91
285704289,285704289,westbound,B772,EGKK,TTPP,35:07:34.42,40:44:21.96,50.091306,-6.022807,38065.0,239607.82969346902,93
285703624,285703624,westbound,B78X,EGLL,KORD,35:08:41.45,39:35:26.07,56.156517,-8.476005,39578.0,224179.41128599911,79
285693012,285693012,eastbound,B772,KLAX,EGLL,35:09:00.72,39:16:00.52,49.999194,-53.2762,39630.0,206788.8286890522,55
285701828,285701828,westbound,B772,LIMC,KJFK,35:10:17.69,40:04:41.23,52.725937,-12.942317,39171.0,222740.3423163865,88
285704118,285704118,westbound,B789,EGKK,KLAX,35:10:53.29,39:35:47.85,53.891354,-8.45929,39165.0,216524.85966846853,59
285705438,285705438,westbound,FA7X,BIRK,KMMU,35:11:00.00,39:08:51.57,63.916667,-27.160278,46567.0,22461.3,67
285702758,285702758,westbound,A339,EDDF,KBOS,35:11:06.67,40:32:53.07,55.468921,-7.814456,39762.0,203758.4915066735,88
285693877,285693877,eastbound,A35K,KLAS,EGLL,35:11:42.71,39:28:12.83,50.001447,-53.66484,39374.0,256717.56893800444,57
285704893,285704893,westbound,A333,LFBD,CYUL,35:11:48.24,40:56:04.83,47.701295,-6.327754,38159.0,195954.9029321666,85
285700149,285700149,westbound,A332,LIRF,KORD,35:11:49.90,39:36:03.74,53.247898,-14.077423,39308.0,203687.16270742405,67
285702945,285702945,westbound,A332,EDDF,KJFK,35:13:18.65,40:33:07.69,55.311696,-7.916532,39628.0,198220.44372681525,92
285704032,285704032,westbound,A35K,EGLL,KATL,35:13:40.65,40:11:31.89,53.961341,-9.847778,38095.0,264688.4492814764,84
285704669,285704669,westbound,A333,EIDW,KORD,35:13:45.31,39:53:31.49,55.893083,-8.647445,38016.0,196905.55136544324,80
285701083,285701083,westbound,B763,LOWW,KIAD,35:14:25.04,40:37:00.90,55.506725,-7.582966,39902.0,160894.6809865686,83
285703864,285703864,westbound,B788,EHAM,CYYZ,35:14:38.94,39:56:59.20,57.013154,-7.936126,41967.0,175960.30447543444,83
285704144,285704144,westbound,A35K,LFPO,TFFF,35:14:44.81,40:58:12.99,47.864269,-6.07101,38007.0,265615.6678810477,99
285702859,285702859,westbound,A339,LFPG,KBOS,35:16:31.51,40:19:21.64,53.034943,-12.938384,39912.0,201831.82789833465,87
285703901,285703901,westbound,A333,LEBL,CYUL,35:17:15.88,41:08:24.92,45.671115,-6.681939,38368.0,194549.28911693662,87
285705373,285705373,westbound,B763,EIDW,KBOS,35:18:00.00,40:36:10.37,53.803611,-10.387222,40291.0,154828.9,87
285705600,285705600,westbound,B788,EGNT,MMUN,35:19:59.76,40:27:06.64,56.73409,-8.44076,40741.0,190199.97963432272,76
285701120,285701120,westbound,A333,LFPG,KMSP,35:21:19.48,39:59:00.44,55.430933,-8.415416,38525.0,193728.49187530443,79
285702760,285702760,westbound,A333,LSGG,KJFK,35:22:32.88,40:32:39.15,52.975758,-12.879606,38869.0,191502.11189062975,89
285706297,285706297,westbound,B763,BIKF,KJFK,35:23:00.00,39:30:14.91,62.479444,-28.513056,40704.0,151285.8,70
285703611,285703611,westbound,B789,LFPG,KLAX,35:23:05.65,39:37:02.13,55.611654,-8.903054,39234.0,214863.32120872557,55
285704047,285704047,westbound,A332,LFPG,CYUL,35:24:51.66,40:33:51.42,54.213629,-8.209644,39848.0,195162.43256615996,77
285704417,285704417,westbound,B77W,EHAM,TNCC,35:25:00.76,41:13:08.94,50.030585,-5.95724,38427.0,293692.5707444661,87
285701934,285701934,westbound,A339,EDDF,KJFK,35:25:19.61,40:44:20.24,55.11187,-8.250313,39592.0,205642.39592046966,92
285704625,285704625,westbound,B77W,EGLL,KJFK,35:26:05.63,40:28:55.00,53.865756,-10.607501,39776.0,273856.5442695538,90
285704864,285704864,westbound,A332,EGLL,KDTW,35:27:26.28,40:24:20.69,53.871921,-8.524335,39288.0,200015.0676292385,85
285704265,285704265,westbound,A333,EKCH,KEWR,35:28:06.66,40:41:12.09,60.571071,-0.512216,38472.0,194166.55606831406,89
285704601,285704601,westbound,A333,EGKK,CYUL,35:28:20.85,40:32:56.15,53.84539,-11.100034,38373.0,194713.91573506,73
285700669,285700669,westbound,A332,LIRF,KIAD,35:28:44.31,41:04:50.95,48.577716,-7.038041,39194.0,203182.24242513627,90
285702600,285702600,westbound,A339,LIRF,KATL,35:30:04.74,41:03:21.25,48.463138,-6.758906,38679.0,215807.76259521034,80
285705873,285705873,westbound,B772,EGPH,CYYZ,35:31:33.36,40:10:39.40,56.86755,-8.352819,38974.0,226943.41841375976,83
285703746,285703746,westbound,B763,LFMN,KEWR,35:32:05.99,41:13:35.13,49.162283,-6.494217,39349.0,159788.98794778655,97
285704588,285704588,westbound,B788,EHAM,CYUL,35:32:36.75,40:30:26.21,56.453881,-8.282656,42222.0,173295.81037524072,84
285704099,285704099,westbound,B772,EGLL,KAUS,35:32:39.91,39:44:35.50,56.623104,-8.623566,37813.0,242840.30479086252,61
285704730,285704730,westbound,B77W,EGLL,KLAX,35:33:08.59,39:39:55.07,56.811881,-8.49864,37822.0,302079.3612067515,56
285704049,285704049,westbound,B772,LEBL,KDFW,35:33:42.49,40:55:15.90,45.554607,-6.89221,37595.0,245522.99636743622,76
285706388,285706388,westbound,B752,EINN,KEWR,35:34:00.00,40:42:11.64,54.305278,-10.966389,37756.0,95350.6,87
285704270,285704270,westbound,B789,EGLL,KDEN,35:34:34.25,39:46:18.96,56.549097,-7.933744,39873.0,208225.84988703058,68
285692079,285692079,eastbound,B77L,MMGL,EDDF,35:35:51.57,40:21:52.62,47.351381,-52.441739,42123.0,237335.16593315368,58
285703773,285703773,westbound,A333,LFPG,KCVG,35:35:52.76,40:27:54.41,53.551749,-10.500451,38524.0,193690.5688766706,81
285698778,285698778,eastbound,B744,KATL,ELLX,35:36:31.32,40:23:41.43,46.454036,-52.807521,38830.0,292347.7333545633,80
285705767,285705767,westbound,A333,ENGM,KJFK,35:36:53.88,41:17:29.15,62.764641,2.615741,38159.0,196014.16049529726,97
285705777,285705777,westbound,A333,EGPH,KBOS,35:37:50.96,40:55:43.35,56.659265,-8.426302,38017.0,196896.9040920656,86
285705515,285705515,westbound,B763,EGLL,KEWR,35:38:39.81,40:53:51.32,53.83945,-9.618907,40101.0,157125.81488884415,89
285702768,285702768,westbound,B764,LIPZ,KEWR,35:38:59.27,40:50:43.01,53.555006,-12.420635,36832.0,175520.27520671513,83
285703011,285703011,westbound,B789,EDDM,CYYZ,35:41:38.05,40:33:33.03,54.769559,-8.175539,40745.0,196084.86383820244,85
285704011,285704011,westbound,B77W,EDDF,KIAD,35:42:10.62,40:45:58.32,55.55694,-8.102533,39532.0,277899.3941163474,89
285700596,285700596,eastbound,B77L,KIND,LFPG,35:43:13.89,40:10:12.87,49.127972,-52.933318,42573.0,234316.15766902987,79
285701606,285701606,westbound,B788,LIRF,KORD,35:44:18.90,40:02:52.86,53.27181,-13.873117,41723.0,174078.17474002554,67
285704442,285704442,westbound,B77W,EGLL,KSAN,35:44:28.21,39:47:21.19,57.149277,-9.06388,37836.0,301937.783009428,55
285702818,285702818,westbound,B788,LSZH,KPHL,35:44:51.57,40:40:27.60,53.516697,-12.998376,42063.0,172775.93014298868,88
285705027,285705027,westbound,A333,EKCH,CYYZ,35:45:38.91,40:58:19.81,60.414693,1.222071,38403.0,194574.77756052034,88
285704252,285704252,westbound,B772,LFPG,KIAD,35:46:53.98,40:39:02.44,52.847485,-12.893961,38959.0,226422.79083100255,87
285705407,285705407,westbound,B77W,EGLL,KDFW,35:47:41.95,40:00:48.00,57.021938,-8.965102,38569.0,291299.23860043887,64
285703093,285703093,westbound,B764,LSZH,KIAD,35:47:53.30,40:59:46.49,53.874548,-10.587547,36271.0,177403.5574249623,87
285705240,285705240,westbound,A333,EGLL,KJFK,35:48:22.69,41:00:39.48,53.885978,-10.336136,38308.0,195152.1124108179,90
285702424,285702424,westbound,B77W,LIRF,CYUL,35:48:41.57,41:09:22.05,49.653645,-6.389696,39330.0,274680.61611825845,91
285704767,285704767,westbound,B77W,LFPG,CYYZ,35:50:04.30,40:38:19.60,54.728795,-8.551486,39688.0,275299.3069956505,85
285703307,285703307,westbound,A388,EDDM,KJFK,35:50:54.42,40:58:08.63,54.968254,-8.313086,39350.0,457582.38054363837,92
285703653,285703653,westbound,B764,EDDM,KATL,35:51:12.21,41:48:44.05,48.128564,-6.658244,33993.0,181791.8605291072,86
285706416,285706416,westbound,B752,EIDW,KIAD,35:52:00.00,41:07:14.84,54.878056,-8.626944,37381.0,97411.7,89
285695217,285695217,eastbound,B789,MMMX,EHAM,35:52:48.24,40:29:36.42,46.950469,-52.356652,40909.0,180838.09102666177,61
285704684,285704684,westbound,B772,LEMD,KDFW,35:53:09.89,41:17:07.24,44.501058,-6.932057,37639.0,245226.5500647723,79
285706825,285706825,westbound,B772,EIDW,KDFW,35:54:00.00,40:15:05.89,54.271111,-9.479444,37897.0,241967.2,71
285703906,285703906,westbound,A333,LIMC,CYUL,35:54:53.57,41:29:48.17,49.896924,-6.37647,38645.0,192810.43731331287,77
285705331,285705331,westbound,A333,EKCH,CYYZ,35:55:39.34,41:04:23.71,60.733119,1.658015,38400.0,194575.75031394788,87
285703437,285703437,westbound,B788,EDDM,KIAD,35:56:42.17,40:57:48.97,56.204624,-8.320279,41862.0,175011.47704173176,85
285704814,285704814,westbound,B789,EHAM,KORD,35:58:46.41,40:22:05.53,58.302764,-7.852344,40482.0,200594.32650276966,78
285707355,285707355,westbound,B752,BIKF,KORD,35:59:00.00,39:01:13.90,64.021945,-29.338334,39304.0,94344.9,52
285705996,285705996,westbound,B772,EGLL,KIAD,36:00:27.69,40:57:04.85,53.985528,-10.234596,38895.0,227783.25320936262,88
285705529,285705529,westbound,B763,EGKK,KJFK,36:00:44.85,41:13:41.81,53.728606,-11.733063,40200.0,156497.36465612362,88
285704834,285704834,westbound,A333,LFPG,CYYZ,36:01:08.01,40:52:44.79,53.626802,-11.016013,38544.0,193548.26123306417,83
285704050,285704050,westbound,A333,LIRF,KJFK,36:01:25.00,41:43:21.36,48.63444,-6.653691,38882.0,191103.98799431953,96
285697912,285697912,eastbound,A359,SKBO,LFPG,36:02:17.49,41:43:58.13,26.659177,-46.975126,39599.0,232704.2047301305,75
285705889,285705889,westbound,B789,EGLL,KORD,36:03:37.34,40:44:59.84,54.090578,-8.415293,40400.0,202582.49598357573,83
285703343,285703343,eastbound,F2TH,KHPN,LFPB,36:03:49.93,40:54:41.88,47.039382,-52.807291,41486.0,11032.383218007979,83
285706020,285706020,westbound,B77W,EGLL,KMIA,36:07:31.49,41:24:34.28,53.789335,-12.897522,38924.0,286398.6259757981,87
285704995,285704995,westbound,B788,LEMD,CYUL,36:07:45.32,41:35:25.09,44.262129,-10.752137,42054.0,175799.68842161572,80
285700631,285700631,westbound,B788,LGAV,KORD,36:08:12.41,41:19:49.77,48.867963,-6.912914,41414.0,176027.67227745382,69
285704817,285704817,westbound,B772,LFPG,KJFK,36:08:23.24,41:02:06.96,53.009594,-12.980343,39184.0,223179.47371736472,87
285707275,285707275,westbound,B752,EGPH,KIAD,36:10:00.00,41:23:48.83,56.671667,-8.101111,37631.0,97900.9,88
285704829,285704829,westbound,B772,LFPG,CYHZ,36:10:38.18,40:23:22.62,52.664907,-12.992428,39701.0,215897.37268318274,74
285706697,285706697,westbound,A333,EGLL,KIAD,36:11:56.77,41:24:33.97,53.841386,-8.906502,38238.0,195560.70485019742,89
285707069,285707069,westbound,B789,EIDW,CYYC,36:13:17.32,40:24:23.42,55.454695,-8.703797,40091.0,206991.05828323678,75
285704524,285704524,westbound,F900,EDDB,KBGR,36:14:09.64,41:22:34.11,58.124445,-8.068656,38187.0,13710.868817483033,75
285703973,285703973,westbound,B788,LIPZ,KPHL,36:14:30.14,41:11:02.53,52.975379,-12.857264,42039.0,171913.73476176325,85
285703690,285703690,westbound,B772,LIRF,KCLT,36:15:08.54,41:41:06.05,48.611959,-6.989243,38404.0,233464.06928097506,83
285706295,285706295,westbound,A35K,EGLL,KJFK,36:15:44.72,41:19:40.99,53.904108,-10.416226,38801.0,255233.62951516075,90
285705808,285705808,westbound,A333,EGKK,KBOS,36:16:03.83,41:19:50.10,53.722627,-11.988826,38413.0,194477.506155766,86
285703764,285703764,westbound,B788,EPKK,KORD,36:16:29.13,40:29:39.88,59.823808,-8.380211,41704.0,175462.28492968454,66
285703692,285703692,westbound,B764,LIMC,KATL,36:16:52.38,41:18:36.55,53.747124,-11.785284,36164.0,180469.76912765924,74
285695245,285695245,eastbound,B789,KLAX,EGLL,36:17:05.67,40:24:29.84,49.651529,-52.707131,41411.0,172485.709408153,54
285705858,285705858,westbound,B744,EBLG,KJFK,36:17:15.41,41:25:27.81,54.717132,-8.198116,38723.0,294618.4615847271,92
285707399,285707399,westbound,B752,EINN,KEWR,36:18:00.00,41:21:39.97,54.445833,-11.156944,37588.0,95350.6,86
285706784,285706784,westbound,A333,EIDW,KBOS,36:19:00.00,41:34:44.16,54.175,-9.463611,37948.0,197329.4,87
285703385,285703385,westbound,B788,LIRN,KPHL,36:19:01.95,41:53:45.93,48.076938,-6.901449,41716.0,175765.78287953683,92
285704816,285704816,westbound,B78X,EDDF,KORD,36:19:42.69,40:44:39.66,57.710907,-7.793565,39938.0,221558.96391022607,76
285706262,285706262,westbound,A339,EGLL,KMSP,36:19:43.56,40:56:18.17,54.650542,-8.562675,39069.0,209779.69988984594,79
285706679,285706679,westbound,A333,EGCC,KATL,36:19:53.30,41:29:41.96,54.519953,-8.333232,38092.0,196451.11806989915,88
285705638,285705638,westbound,A332,EHAM,KIAD,36:22:23.24,41:28:29.43,56.405361,-8.303907,39421.0,199643.23541509485,88
285706197,285706197,westbound,B788,EHAM,TNCB,36:22:25.94,42:09:00.89,50.435271,-7.17357,40976.0,186799.34044166858,85
285700961,285700961,westbound,B78X,LGAV,KIAD,36:22:49.22,41:46:37.66,48.110497,-6.631973,40157.0,215777.42750338148,77
285706853,285706853,westbound,A332,EGKK,CYYZ,36:23:53.34,41:20:16.80,55.330834,-8.12995,39546.0,197609.61382209178,85
285704715,285704715,westbound,A333,LSGG,CYUL,36:24:23.38,41:24:41.52,53.670277,-12.248719,38857.0,191571.87223757294,72
285704196,285704196,westbound,A333,LIMC,KEWR,36:24:24.22,41:31:35.04,52.874735,-12.910961,38969.0,190822.1123160515,84
285705317,285705317,westbound,B789,LFMN,KPHL,36:26:15.45,42:01:49.33,48.87985,-6.145979,40561.0,199080.5268752188,100
285707464,285707464,westbound,A333,EIDW,KSFO,36:26:38.90,40:43:31.80,56.140121,-8.676029,38032.0,196788.4814070167,58
285706229,285706229,westbound,A333,EKCH,KATL,36:27:28.99,41:20:10.82,61.422716,1.720203,38428.0,194353.93830843005,70
285706801,285706801,westbound,B772,EGLL,CYHZ,36:27:36.78,40:50:08.91,53.946078,-11.015458,39642.0,217220.8711075803,79
285707854,285707854,westbound,A333,EIDW,CYYZ,36:28:00.00,41:23:03.85,54.104167,-9.805833,37948.0,197329.4,84
285705781,285705781,westbound,A359,LFPG,KORD,36:29:02.17,41:00:50.63,55.608266,-8.507408,39305.0,231021.63300679627,80
285707149,285707149,westbound,A35K,EGLL,KJFK,36:29:17.10,41:36:48.40,53.864122,-9.60457,38773.0,255456.71426819888,91
285706503,285706503,westbound,B77W,EGLL,CYYZ,36:30:20.85,41:12:51.62,53.879562,-10.442731,39730.0,274440.48940666136,83
285703669,285703669,eastbound,B748,KMIA,ELLX,36:30:21.95,43:00:05.31,37.852704,-68.43676,36558.0,388190.5751750497,102
285704894,285704894,westbound,B763,LSGG,KJFK,36:31:24.10,41:39:49.92,53.377391,-12.848232,40276.0,156868.20867087983,87
285700789,285700789,eastbound,B744,KSDF,EDDK,36:33:04.84,41:14:54.26,47.994805,-52.476163,38925.0,290636.25970562827,81
285705738,285705738,westbound,B764,LFPG,KEWR,36:33:07.04,41:37:37.86,53.636366,-12.411414,36763.0,174076.3355502981,86
285705780,285705780,westbound,A359,LFPG,MMMX,36:34:32.82,40:57:00.19,55.742206,-8.949143,37776.0,248289.94647518697,53
285703600,285703600,westbound,B77W,LOWW,CYYZ,36:35:22.58,41:11:27.11,58.60563,-7.931013,39716.0,275703.9316609617,76
285700623,285700623,eastbound,B77L,KMEM,LFPG,36:35:50.69,41:05:19.92,47.360846,-52.483756,42440.0,235353.39818990228,75
285704031,285704031,westbound,A333,LIPZ,CYYZ,36:35:53.71,41:29:48.10,53.81785,-11.124675,39108.0,189936.65918005857,81
285701800,285701800,westbound,A339,LGAV,KATL,36:36:33.92,42:17:59.29,46.416351,-7.037498,39005.0,214528.33313710426,73
285705841,285705841,westbound,A333,EDDF,KPHL,36:36:55.77,42:01:04.24,55.104361,-8.248597,38699.0,192787.9851945729,93
285706894,285706894,westbound,B77W,EGLL,KIAD,36:36:55.81,41:38:20.05,53.900543,-10.331477,39584.0,276652.2506189253,89
285707206,285707206,westbound,B77W,LPPT,CYYZ,36:37:04.98,41:52:18.93,40.016413,-13.500267,39009.0,278627.4486639819,94
285705586,285705586,westbound,A333,EHAM,KDTW,36:37:07.19,41:24:38.20,57.29367,-8.345261,38512.0,193913.56400016323,81
285707835,285707835,westbound,A332,EIDW,CYYZ,36:38:00.00,41:32:37.68,54.710556,-8.920556,39523.0,196590.9,85
285705926,285705926,westbound,B772,LFPG,CYOW,36:38:44.04,41:28:04.15,53.588842,-13.277593,39295.0,221517.55891421178,70
285708411,285708411,westbound,B763,EINN,KJFK,36:39:00.00,41:51:19.62,53.849722,-11.838333,40196.0,155635.0,88
285707784,285707784,westbound,B763,EIDW,KJFK,36:39:00.00,41:56:30.80,54.412222,-10.493056,40053.0,156505.3,90
285705051,285705051,westbound,A333,LSZH,CYUL,36:39:07.79,41:41:22.37,53.884996,-10.536627,38856.0,191592.49807251644,83
285706962,285706962,westbound,A339,EGLL,KBOS,36:42:58.70,42:03:03.77,53.806288,-9.602729,39785.0,202176.4405002287,87
285707623,285707623,westbound,B788,LEBL,KPHL,36:43:02.10,42:28:42.28,44.496482,-6.492954,41681.0,179401.2104193879,103
285706576,285706576,westbound,B77W,LFPG,KJFK,36:43:04.73,41:37:09.08,52.848919,-12.941109,39880.0,272466.39644624456,87
285707320,285707320,westbound,B763,EGLL,KEWR,36:43:18.19,41:59:38.38,53.976304,-8.978308,40067.0,157329.5787620481,89
285706073,285706073,westbound,B748,EDDF,KIAD,36:44:55.99,41:42:31.31,55.527907,-7.855437,37136.0,379903.00695712795,90
285706152,285706152,westbound,A332,EHAM,KJFK,36:45:00.53,42:03:54.76,55.701882,-8.003258,39619.0,197504.98868123692,92
285705856,285705856,westbound,B788,LFMN,CYUL,36:46:01.70,42:14:20.15,49.615907,-6.253895,42000.0,174689.06164981815,74
285706333,285706333,westbound,A333,EKCH,KBOS,36:46:59.03,42:10:50.13,60.742101,-5.578093,38657.0,193035.062135474,90
285706076,285706076,westbound,B748,EDDF,KEWR,36:48:05.23,41:42:37.80,55.431734,-8.057083,37379.0,375885.6140093128,89
285707469,285707469,westbound,B788,EGLL,KORD,36:49:45.18,41:31:58.83,53.970203,-8.423337,41602.0,180786.1847917873,83
285705236,285705236,westbound,B764,LIRF,KEWR,36:49:48.55,42:39:31.20,49.57221,-6.549652,36500.0,178552.64593760518,94
285706241,285706241,westbound,A359,LFPG,KBOS,36:50:10.46,41:44:10.43,53.171756,-12.893688,40077.0,222678.65098478837,84
285706278,285706278,westbound,A333,LFPG,KJFK,36:50:10.48,41:51:19.54,53.099672,-13.039676,38629.0,193083.5901960612,87
285705687,285705687,westbound,B77W,LSZH,KORD,36:50:24.61,41:26:10.34,53.936539,-9.889261,39280.0,281344.02457351383,78
285701576,285701576,eastbound,B77L,KMEM,EGSS,36:51:29.22,41:04:55.50,47.925287,-52.753321,42581.0,233045.09481862048,73
285708384,285708384,westbound,B752,EIDW,KEWR,36:52:00.00,42:01:05.74,54.375833,-11.225556,37116.0,96001.0,87
285705840,285705840,westbound,A359,EDDM,KCLT,36:52:48.85,41:55:46.70,54.072771,-9.608937,39270.0,233138.52946738715,80
285707140,285707140,westbound,B772,EGLL,KPHX,36:54:24.52,41:12:35.66,55.017782,-9.202934,37476.0,247544.81317393415,60
285705121,285705121,westbound,A333,LSZH,KIAD,36:54:43.89,41:55:14.22,53.629058,-12.291315,38912.0,191237.8677909902,86
285708155,285708155,westbound,A333,EIDW,KEWR,36:55:00.00,42:01:43.97,54.060556,-9.586389,37948.0,197329.4,88
285706822,285706822,westbound,A333,EHAM,KJFK,36:55:55.80,42:16:39.60,55.775494,-7.822649,38452.0,194359.70908391156,92
285708718,285708718,westbound,A333,EINN,KBOS,36:56:30.19,41:56:03.92,53.107219,-13.050395,37984.0,197107.55837611906,85
285707607,285707607,westbound,B764,EGLL,KATL,36:57:40.64,42:07:41.37,53.810381,-10.013567,31392.0,181631.99685462136,87
285706745,285706745,westbound,A339,EHAM,KJFK,36:58:06.36,42:18:17.06,55.873799,-7.812936,39583.0,205009.43903385653,92
285706785,285706785,westbound,B789,LFPG,KDEN,36:59:23.59,41:15:51.46,55.565504,-8.529087,39869.0,207569.60760526374,66
285708169,285708169,westbound,A333,EGCC,CYYZ,37:00:56.03,42:01:27.47,54.683458,-8.447066,38091.0,196450.77944229907,85
285708862,285708862,westbound,B752,EGPH,KEWR,37:02:00.00,42:15:33.76,57.163333,-7.940278,38531.0,96504.0,89
285707467,285707467,westbound,A332,LEBL,KLAX,37:02:50.47,42:27:59.77,46.662446,-6.599527,38260.0,210925.54099299328,65
285703866,285703866,westbound,A333,LIRF,CYUL,37:03:00.67,42:39:31.65,49.530441,-6.403021,38914.0,190995.96170402266,79
285706972,285706972,westbound,A359,LFPG,KEWR,37:03:22.04,41:47:51.44,53.494733,-13.527661,39907.0,224695.44321307642,85
285707683,285707683,westbound,B772,EGLL,KORD,37:06:51.95,41:34:43.71,56.336427,-8.081931,38667.0,230891.77703470562,79
285706688,285706688,westbound,B772,LFPG,KLAX,37:07:29.98,41:24:40.07,55.705177,-9.036679,37344.0,249358.64909155833,56
285702936,285702936,eastbound,B763,KSDF,EIDW,37:08:19.24,40:58:03.71,48.862935,-52.447105,40904.0,150411.55018762502,68
285707552,285707552,westbound,B789,EGKK,KJFK,37:09:04.73,42:05:40.29,53.631581,-12.129854,40934.0,195800.59217055494,88
285707958,285707958,westbound,B789,EGLL,KPHL,37:09:26.93,42:09:57.23,53.806524,-9.534189,40770.0,198240.31117426275,89
285704106,285704106,eastbound,B763,KJFK,EGNX,37:10:15.34,41:25:20.30,47.633446,-52.423051,40643.0,151825.78028746665,75
285701577,285701577,eastbound,B77L,KMEM,EDDK,37:10:27.56,41:53:25.34,48.120216,-52.175617,42356.0,236677.89822100344,76
285707549,285707549,westbound,B789,EGLL,KLAX,37:11:48.16,41:16:14.12,57.20841,-9.090143,39284.0,214765.31677850583,55
285707577,285707577,westbound,A333,LFLL,CYUL,37:13:03.79,42:48:51.15,49.71941,-6.689806,38472.0,193926.3306928708,83
285706945,285706945,westbound,B77W,LFPG,KIAD,37:13:16.74,42:02:03.72,53.207773,-13.457394,39684.0,275352.9351430347,86
285706158,285706158,westbound,A339,LIRF,KBOS,37:13:44.16,42:55:56.95,49.382357,-6.218154,39552.0,206305.6300241525,99
285706296,285706296,westbound,B77L,LSZH,CYYZ,37:14:19.32,42:05:06.51,54.033643,-8.783144,42162.0,244242.20748088515,86
285707894,285707894,westbound,A333,EHAM,TNCA,37:14:25.14,43:17:12.79,50.110028,-6.967951,38424.0,194581.0236852623,86
285707366,285707366,westbound,B772,EHAM,CYHZ,37:14:25.28,41:45:24.91,55.545121,-7.977462,39555.0,218515.3002233006,79
285706469,285706469,westbound,A359,EDDF,KDEN,37:14:42.98,41:21:29.31,57.673034,-8.957289,38686.0,239143.93390652369,61
285707468,285707468,westbound,B772,LFPG,KATL,37:14:44.98,41:55:26.07,55.074077,-9.129316,38446.0,233825.24094372796,74
285703951,285703951,westbound,B764,LDDU,KEWR,37:16:27.05,42:18:54.33,52.429607,-12.837325,36981.0,176762.41354983946,80
285709480,285709480,westbound,B763,EGPH,KJFK,37:17:30.66,42:43:50.50,56.484426,-7.91412,40047.0,156971.55883080885,92
285701827,285701827,westbound,B77W,LGAV,CYUL,37:17:45.00,42:08:55.04,52.868749,-13.082238,40038.0,270770.48128479917,70
285706973,285706973,westbound,B764,LIMC,KATL,37:17:46.03,43:13:12.58,47.128526,-6.673597,33792.0,182977.65428390392,89
285709039,285709039,westbound,B772,EIDW,KCLT,37:18:00.00,42:17:00.06,54.0425,-9.540278,38570.0,232654.2,88
285705722,285705722,westbound,B788,LIMC,KPHL,37:18:44.14,42:15:01.95,52.882602,-12.986941,42041.0,172732.51379015562,88
285705185,285705185,westbound,A333,LSZH,KBOS,37:19:54.64,42:17:14.10,53.552171,-13.491004,38976.0,190838.54682578452,84
285707181,285707181,westbound,B788,LFPG,KORD,37:20:26.82,42:01:06.94,54.903091,-7.946369,41611.0,179475.2307360666,80
285707369,285707369,westbound,B764,LFMN,KJFK,37:20:50.67,43:09:52.86,49.747209,-6.294944,36560.0,177244.98912841803,99
285709326,285709326,westbound,A35K,EGCC,KMCO,37:22:32.66,42:59:21.98,54.205015,-8.66731,37886.0,266388.19075820956,96
285708083,285708083,westbound,A35K,EGLL,KPHL,37:23:03.05,42:30:07.34,53.860312,-10.446344,38719.0,256368.76432163257,91
285706943,285706943,westbound,B744,EDDF,KBOS,37:23:09.66,42:28:50.80,55.0435,-8.379879,38934.0,291567.1231190887,89
285707934,285707934,westbound,B772,EGLL,KLAS,37:28:47.79,41:34:43.15,56.923731,-8.978171,37576.0,246065.05778475743,58
285705766,285705766,westbound,B789,LIRF,KPHL,37:28:55.44,43:04:50.86,48.5932,-6.570285,40561.0,197752.1022064877,94
285707806,285707806,westbound,B77W,LFPG,CYYZ,37:29:21.39,42:20:02.06,54.661556,-7.960863,39660.0,275646.3795539703,85
285707712,285707712,westbound,B77W,LFPG,CYUL,37:29:43.35,42:31:57.81,54.41696,-8.310207,39967.0,271235.27164288884,77
285706338,285706338,westbound,B789,LIRF,KLAX,37:30:17.85,42:44:05.55,48.713442,-6.361483,38951.0,216501.43612526302,60
285706861,285706861,westbound,B788,EDDM,KORD,37:31:15.69,42:00:57.60,57.076473,-7.795581,41646.0,177279.4537773396,74
285707935,285707935,westbound,A35K,EGLL,CYYZ,37:31:55.84,42:24:21.92,54.012475,-8.503985,38646.0,256942.7894864894,86
285708390,285708390,westbound,B788,LEMD,MMGL,37:33:16.64,42:50:17.46,42.260706,-13.267207,40118.0,195647.43259144868,66
285707832,285707832,westbound,A333,LFML,CYUL,37:33:21.33,43:13:03.47,48.492809,-6.405771,38507.0,193659.95287012224,80
285708039,285708039,westbound,B77W,EGLL,KJFK,37:33:22.75,42:40:32.09,53.867822,-9.623388,39778.0,273820.06199183024,91
285706677,285706677,westbound,B77W,LSZH,KLAX,37:33:31.18,42:04:02.35,53.828575,-9.250886,37724.0,303460.21654457576,56
285708446,285708446,westbound,A35K,EGLL,KDEN,37:33:48.07,41:47:41.19,56.522617,-8.079618,37703.0,270017.7612021392,68
285707959,285707959,westbound,A333,EKCH,KJFK,37:35:04.33,43:00:47.40,60.771201,-5.639125,38657.0,193030.88934852966,93
285708528,285708528,westbound,B772,EGLL,KIAH,37:35:56.06,41:49:44.69,56.98503,-8.466907,37919.0,241298.13489825124,61
285710084,285710084,westbound,A333,EIDW,KBDL,37:36:00.00,42:52:41.17,54.0575,-9.571667,37948.0,197329.4,86
285710147,285710147,westbound,A333,EIDW,KMCO,37:38:00.00,42:55:38.97,54.155,-9.418611,37948.0,197329.4,91
285707239,285707239,westbound,B748,EDDF,MMMX,37:38:10.40,41:49:14.01,57.308971,-8.595498,36010.0,398797.53186043666,50
285708146,285708146,westbound,B772,EGKK,MMUN,37:38:54.28,42:54:45.53,52.716693,-13.682509,37900.0,241780.25617071925,76
285702304,285702304,westbound,B78X,LGAV,KORD,37:39:49.86,42:01:00.18,53.396735,-13.193465,40998.0,213244.42435930806,59
285709809,285709809,westbound,A35K,EGCC,KJFK,37:40:31.72,42:52:04.02,54.496776,-8.411982,38730.0,255188.61566684057,92
285706331,285706331,westbound,A333,LSZH,KJFK,37:40:45.82,42:50:02.52,53.215884,-12.929645,38941.0,191051.42873091905,89
285708401,285708401,westbound,A35K,EGLL,KLAX,37:40:54.93,41:48:40.13,56.895627,-8.35207,37025.0,279477.11874398304,55
285708290,285708290,westbound,B789,EHAM,MMMX,37:41:54.94,41:48:28.37,59.458955,-8.075007,39212.0,215077.2371773926,50
285706600,285706600,westbound,B789,LIRF,KJFK,37:42:38.20,43:14:48.99,48.531727,-6.155546,40621.0,197153.83127515006,95
285707783,285707783,westbound,A333,LFMN,CYUL,37:43:18.00,43:17:46.13,50.134415,-6.358984,38650.0,192781.07195535646,78
285710586,285710586,westbound,A333,EINN,KJFK,37:43:32.80,42:45:04.46,53.552587,-12.814156,37984.0,197104.91571651254,87
285706698,285706698,westbound,B764,LSZH,KJFK,37:44:03.59,42:59:37.97,53.803864,-11.3191,36657.0,175019.31392580955,89
285708830,285708830,westbound,A333,LEBL,CYUL,37:45:51.27,43:29:31.08,45.900475,-6.686151,38377.0,194501.24390138904,97
285707055,285707055,eastbound,B772,KJFK,EGLL,37:45:59.30,41:59:12.45,47.099243,-52.413395,39541.0,215267.3222079419,76
285707942,285707942,westbound,B77L,LFPG,MMSM,37:47:44.52,42:12:56.84,55.480228,-8.148254,40394.0,270695.58672711713,54
285707889,285707889,westbound,A333,EDDF,KMCO,37:48:06.55,43:07:14.68,55.170053,-8.746512,38720.0,192649.63992592154,77
285708624,285708624,westbound,B764,LFPG,KJFK,37:49:34.73,42:59:20.89,53.456616,-12.674832,36687.0,173904.66799297137,87
285709667,285709667,westbound,B763,EGLL,KORD,37:50:57.67,42:46:05.30,54.140777,-8.373278,39552.0,161688.19001678473,83
285709851,285709851,westbound,B772,EGKK,MKJP,37:51:36.44,43:47:00.39,50.214538,-6.371308,37835.0,242848.84978632478,91
285708071,285708071,westbound,B789,LFPG,KRDU,37:51:42.36,42:48:22.85,53.043286,-13.016915,40617.0,198587.70038290045,88
285708941,285708941,westbound,A333,EGLL,KMCO,37:52:01.01,43:16:07.69,53.742377,-12.877818,38420.0,194481.61992955167,87
285709542,285709542,westbound,B789,EGLL,KORD,37:52:41.12,42:34:09.06,54.11765,-8.41519,40397.0,202575.30597155698,83
285709077,285709077,westbound,B789,LFPG,MMMX,37:53:06.71,43:40:23.79,49.927849,-6.605779,38960.0,219008.2093672906,71
285706575,285706575,westbound,B77W,LIRF,CYYZ,37:53:35.84,43:07:30.77,49.90217,-6.340383,39225.0,279086.5506480549,87
285708500,285708500,westbound,B788,LFPG,KPHL,37:55:49.40,42:44:52.00,53.589897,-12.676994,42080.0,174056.64134864585,86
285707887,285707887,westbound,B744,EDDF,CYYZ,37:56:50.43,42:34:30.26,57.124308,-8.085309,38693.0,296091.1150852115,82
285707401,285707401,westbound,A333,LFLL,CYUL,37:57:28.18,42:56:38.14,53.693388,-11.369259,38824.0,191763.78172762145,82
285707628,285707628,westbound,B763,LKPR,KJFK,37:57:45.94,43:25:12.32,56.472268,-8.305068,40130.0,158587.28715421757,92
285703730,285703730,westbound,B77W,LGAV,CYYZ,37:57:52.75,42:29:30.56,53.136683,-13.854882,39776.0,274763.7475153428,66
285706574,285706574,westbound,A333,EHAM,KDTW,38:00:04.97,42:49:17.79,57.062919,-7.980331,38479.0,194107.21255546974,81
285704415,285704415,westbound,B788,LGAV,KPHL,38:00:45.12,43:34:05.21,47.795394,-6.907774,41738.0,172634.88661791166,81
285710033,285710033,westbound,A35K,EGLL,KIAD,38:02:09.83,43:06:43.77,53.916642,-8.751675,38540.0,258418.57536957168,90
285709759,285709759,westbound,B78X,LEBL,KORD,38:04:42.49,43:27:35.90,45.788734,-6.395752,39611.0,223764.26254886715,91
285707960,285707960,westbound,B789,EDDF,CYUL,38:06:35.55,43:04:33.94,56.015954,-8.237015,41007.0,193880.73736078286,84
285709666,285709666,westbound,A333,EHAM,KBOS,38:08:33.01,43:29:08.20,56.118136,-7.802015,38449.0,194356.4152694164,88
285707252,285707252,westbound,B764,LIPZ,KJFK,38:08:54.99,43:20:22.93,53.483362,-12.297055,36699.0,175526.30572233192,88
285707656,285707656,eastbound,B789,KJFK,EGLL,38:08:56.17,42:23:02.26,47.44442,-52.755883,41290.0,187470.80546527315,77
285703207,285703207,westbound,B763,LGTS,KPSM,38:09:52.04,43:12:26.56,52.850957,-13.622602,40589.0,156291.6152616419,78
285710294,285710294,westbound,A339,EGLL,KTPA,38:10:27.69,43:15:34.64,54.030151,-9.596612,38701.0,213775.30612569282,78
285705478,285705478,eastbound,B77L,KCVG,EGNX,38:11:10.34,42:12:14.33,50.181611,-53.825676,42791.0,231287.4565533678,74
285709836,285709836,westbound,A388,EGLL,KSFO,38:12:05.95,42:18:14.02,56.816079,-8.416406,37564.0,491391.8310763116,56
285710475,285710475,westbound,A333,EGCC,KJFK,38:15:24.99,43:37:55.13,54.408791,-7.89519,38057.0,196669.31707253496,93
285710973,285710973,westbound,A333,EIDW,KIND,38:16:00.00,43:04:00.38,54.483889,-9.305,37948.0,197329.4,81
285703568,285703568,westbound,A339,LGAV,KBOS,38:18:27.80,43:19:04.52,53.325157,-13.579058,39937.0,205664.6587253432,73
285709229,285709229,westbound,B789,EGKK,KMCO,38:18:51.58,43:30:24.44,52.903012,-14.12644,40270.0,203183.6821698611,85
285708031,285708031,westbound,A333,LIMC,KJFK,38:22:59.90,43:24:25.30,53.135747,-13.189544,39013.0,190540.4295608515,87
285706319,285706319,eastbound,B77L,KCVG,EDDP,38:23:59.34,43:15:44.07,50.27844,-54.264259,42240.0,239691.37544688635,81
285709665,285709665,westbound,B77W,LFPG,CYUL,38:25:23.86,43:18:10.40,53.46966,-12.4362,40090.0,269364.7010671912,72
285708911,285708911,westbound,A359,LFPO,KLAX,38:25:27.23,42:41:01.49,55.588682,-8.829162,37836.0,247631.12629742804,55
1500225150,1500225150,westbound,B752,EGPH,KEWR,38:26:27.38,43:50:18.16,56.912953,-7.726514,37370.0,96288.82354992144,83
285707916,285707916,westbound,B763,LIRN,KEWR,38:28:32.11,44:10:14.58,48.816506,-6.699781,39711.0,160475.7253985827,89
285709869,285709869,westbound,A332,EHAM,CYUL,38:30:32.06,43:33:46.88,56.568933,-8.270164,39865.0,195033.48615864405,83
285711268,285711268,westbound,A333,EIDW,KMSP,38:32:42.55,43:02:47.77,55.969423,-8.176816,38009.0,196909.71606287782,78
285710668,285710668,westbound,B772,EGLL,KLAX,38:35:54.40,42:50:55.97,54.705212,-9.200134,37280.0,250299.20321662203,58
285710519,285710519,westbound,A388,EGLL,KBOS,38:40:07.81,43:45:14.96,53.911832,-9.563396,39547.0,443617.36237025016,87
285708138,285708138,eastbound,A333,KJFK,EDDP,38:40:42.91,43:56:40.32,46.916214,-52.303732,38842.0,190397.8026558949,88
285708488,285708488,eastbound,B763,KPHL,EGNX,38:43:11.98,43:02:08.39,47.002323,-52.774837,40409.0,151706.64147923785,76
285708364,285708364,eastbound,A333,KJFK,EGLL,38:44:44.27,43:16:51.45,46.554616,-52.800432,38838.0,190399.1141714202,76
285709924,285709924,westbound,B744,ELLX,KIAH,38:45:25.66,43:03:31.64,55.352974,-9.070547,37289.0,320080.64585854433,60
285710237,285710237,westbound,B772,EGKK,KMCO,38:46:40.82,43:59:13.63,53.167993,-14.085644,38455.0,233823.22281521378,86
285711052,285711052,westbound,B789,EGLL,CYUL,38:47:09.79,43:51:43.07,53.832815,-9.471517,41012.0,195464.45027112454,75
285708359,285708359,eastbound,B763,KEWR,EGLL,38:49:06.37,43:14:00.41,47.140896,-52.828024,40320.0,152094.51136845522,78
285710446,285710446,westbound,B772,EGLL,TXKF,38:51:02.79,44:07:02.55,52.484003,-13.297211,39221.0,223086.06080308804,87
285711894,285711894,westbound,A333,EIDW,KDEN,38:51:17.64,43:17:42.13,56.032102,-8.276833,38013.0,196873.463902557,71
285710816,285710816,westbound,B77W,EGLL,KIAH,38:51:35.64,43:09:34.91,56.699083,-8.537515,38424.0,293350.5149204412,63
285710531,285710531,westbound,B77W,EGLL,KJFK,38:52:04.17,43:58:29.22,53.888829,-9.793321,39747.0,274242.86154829484,91
285710396,285710396,westbound,A359,LFPG,KLAX,38:53:27.33,43:09:12.69,55.684952,-8.975533,37840.0,247570.69400143856,55
285709168,285709168,westbound,A332,LIRF,CYYZ,38:54:10.03,44:16:26.55,50.098542,-6.283798,39295.0,202198.20829153553,87
285712684,285712684,eastbound,A333,BIKF,LPPT,38:55:00.00,42:05:01.89,62.193333,-19.658889,39101.0,186449.9,56
285711066,285711066,eastbound,B772,CYHZ,EGLL,38:55:58.70,43:06:00.38,47.533714,-52.411698,39648.0,216147.08385008012,76
285709831,285709831,westbound,A339,EDDF,CYYZ,38:57:06.85,43:46:02.03,56.927154,-8.428602,39555.0,206184.7542643791,82
285710536,285710536,westbound,B764,LFPG,KATL,38:57:57.80,44:04:54.08,53.668656,-11.991588,35944.0,181447.56024722103,82
285709624,285709624,westbound,A339,EDDF,KMIA,38:58:57.39,44:24:55.12,53.826655,-13.943653,38902.0,214051.09999324617,77
285709026,285709026,westbound,A333,LIRF,KJFK,39:00:40.53,44:41:57.71,48.963172,-6.449328,38898.0,191076.84272847645,96
285710465,285710465,westbound,A388,EGLL,KLAX,39:00:55.03,43:05:50.38,56.717508,-8.503862,37474.0,493475.272937304,56
285711460,285711460,westbound,A333,EKCH,KORD,39:01:48.85,43:51:31.79,60.998504,2.010304,38398.0,194569.85221638533,81
285711696,285711696,westbound,B763,EGLL,KEWR,39:02:28.59,44:22:44.21,53.926051,-8.78682,40069.0,157319.08095373417,90
285708236,285708236,westbound,B788,LIRF,CYYZ,39:05:27.50,43:39:34.32,52.995767,-13.372086,42031.0,170977.6460340024,76
285707196,285707196,eastbound,B763,KCVG,EBBR,39:07:01.88,43:52:44.87,49.550941,-53.618504,40344.0,154946.36813383017,83
285713011,285713011,eastbound,G280,KBGR,LFPB,39:08:59.20,43:55:21.67,49.073294,-53.093029,43631.0,13811.513860624887,81
285711869,285711869,westbound,A333,EIDW,KLAX,39:09:42.04,43:32:00.58,56.158571,-8.796348,38032.0,196785.16151771124,59
285711198,285711198,westbound,B789,LFPG,KMSP,39:09:43.24,43:31:02.40,55.593165,-8.629324,40407.0,201318.31923335642,76
285710837,285710837,westbound,A333,EHAM,KATL,39:11:47.98,44:05:33.88,57.011234,-8.180791,38488.0,194066.1124610561,76
285711637,285711637,westbound,A339,EGLL,KATL,39:11:51.98,44:04:46.86,55.878613,-8.286342,38926.0,211519.32953386675,82
285710855,285710855,westbound,B789,EGLL,KDEN,39:12:17.16,43:19:43.37,57.173875,-8.532786,39905.0,207750.27158966503,67
285711255,285711255,westbound,B772,EGLL,KCLT,39:14:07.88,44:12:36.52,53.98908,-9.618354,38592.0,231995.31561101356,87
285711123,285711123,westbound,A359,LFPG,KSFO,39:15:21.57,43:30:34.88,55.716057,-8.974928,37929.0,246606.33886048992,55
285709930,285709930,westbound,B788,LIMC,KORD,39:15:36.57,43:49:06.53,53.671717,-11.04955,41655.0,176929.81021891706,76
285710558,285710558,westbound,A333,EDDF,CYHZ,39:16:39.99,43:54:47.84,55.028643,-8.371461,38701.0,192800.1513534553,79
285713068,285713068,westbound,A333,EIDW,KIAD,39:19:00.00,44:29:07.67,54.315,-9.441111,37948.0,197329.4,89
285711475,285711475,westbound,A333,LEMD,KDFW,39:19:11.98,44:37:50.97,44.531287,-10.956218,38309.0,195039.7993051282,75
285710216,285710216,eastbound,GLEX,KTEB,EGKB,39:19:14.24,43:39:54.02,48.245731,-52.675595,47347.0,30192.53845822787,78
285709923,285709923,westbound,A388,EDDM,KBOS,39:20:58.16,44:25:29.70,54.098529,-9.447122,39560.0,452943.99797961285,92
285713154,285713154,westbound,A333,BIKF,KBWI,39:21:00.00,43:16:01.68,63.584722,-27.044722,38078.0,196102.2,67
285711423,285711423,westbound,B789,EGLL,MMMX,39:21:11.91,43:39:12.76,56.581575,-8.493875,39165.0,216338.46108291688,54
285713200,285713200,westbound,A333,EIDW,KCLE,39:22:00.00,44:24:03.79,54.0575,-9.571667,37948.0,197329.4,86
285709532,285709532,eastbound,B748,KPHL,EDDK,39:22:36.15,44:07:14.88,46.76618,-52.836038,37631.0,369791.4133847036,88
285708234,285708234,westbound,A332,LYBE,KJFK,39:25:10.03,44:33:36.96,53.94407,-10.919042,39740.0,199846.54882361105,82
285711975,285711975,westbound,B77W,EGLL,KORD,39:27:03.76,43:53:42.14,56.326478,-8.353933,39320.0,280406.42543494754,79
285711063,285711063,westbound,A359,LFPG,MMMX,39:28:01.41,44:44:17.97,53.676876,-13.252674,37921.0,247479.29305876847,64
285711324,285711324,westbound,B772,EGKK,KJFK,39:28:30.41,44:24:33.13,53.680498,-12.277843,39164.0,223804.64430161478,88
285710937,285710937,westbound,B77L,EBLG,KORD,39:28:42.29,44:00:22.72,55.932653,-8.027947,41807.0,249637.86517706115,81
285710338,285710338,eastbound,B77W,KCLT,EGLL,39:29:21.93,45:18:16.54,40.968567,-68.324329,38983.0,277079.83992255013,105
285710418,285710418,westbound,A339,LIRF,KJFK,39:30:44.48,45:10:12.58,49.01262,-6.362946,39387.0,208178.60866131238,96
285713317,285713317,westbound,A332,EIDW,KSEA,39:32:21.41,43:42:52.78,56.059493,-8.478065,38281.0,209388.4946739649,67
285713587,285713587,westbound,A333,EIDW,KPHL,39:35:00.00,44:54:03.38,54.176667,-9.516111,37948.0,197329.4,92
285712841,285712841,westbound,B763,EGLL,KEWR,39:37:06.92,44:53:53.29,54.010119,-9.50366,40103.0,157098.40045230958,89
285713155,285713155,westbound,A339,EGLL,KJFK,39:37:07.14,44:57:51.86,55.190961,-8.174471,39614.0,204066.44058584858,92
285712339,285712339,westbound,A35K,EGLL,KPHX,39:37:22.67,43:48:41.36,56.554759,-8.47492,37182.0,277304.885476721,58
285711837,285711837,westbound,B772,LFPG,KDTW,39:38:09.38,44:24:17.50,55.002194,-7.974067,38776.0,229185.88447427316,84
285713031,285713031,westbound,B772,EGLL,KBNA,39:39:11.56,44:31:47.29,53.980387,-8.610374,38390.0,234841.49148568028,86
285709895,285709895,westbound,B763,LIRF,KIAD,39:44:00.02,45:24:44.49,48.922328,-6.901185,39630.0,162015.12216871852,89
285712912,285712912,westbound,B77W,EGLL,CYYZ,39:44:01.86,44:27:35.74,55.6942,-8.351092,39697.0,274992.5231499176,84
285710693,285710693,eastbound,B772,KJFK,EGLL,39:45:30.07,43:55:35.60,48.211351,-52.282915,39560.0,214842.79424016972,76
285712391,285712391,westbound,B77L,EDDF,KATL,39:52:43.53,44:36:56.92,56.293456,-8.398207,41585.0,253051.17935770244,73
285714290,285714290,westbound,A333,EIDW,KBOS,39:53:00.00,45:12:03.01,54.495556,-9.178056,37948.0,197329.4,87
285712295,285712295,westbound,B789,LFPG,KLAX,39:53:34.91,44:17:54.92,53.818548,-9.972966,39207.0,215163.4790537704,57
285706233,285706233,westbound,B788,LGAV,CYUL,39:54:29.21,44:45:26.67,53.595698,-12.739591,42260.0,165387.170260419,69
285711062,285711062,westbound,A359,EDDM,KEWR,39:55:37.76,45:01:56.41,55.777286,-7.821085,39743.0,227680.79318772163,90
285714308,285714308,westbound,A333,BIKF,KBOS,39:56:00.00,44:07:41.83,63.916667,-27.160278,38463.0,192471.1,73
285713107,285713107,westbound,B789,EGLL,KAUS,40:00:25.79,44:14:28.35,56.89407,-8.856702,39711.0,209943.63736514415,61
285714376,285714376,westbound,A333,EIDW,KJFK,40:01:00.00,45:17:32.15,54.046111,-9.513056,37948.0,197329.4,91
285710605,285710605,westbound,B788,EPWA,KEWR,40:02:03.08,44:57:32.65,60.243587,-7.715076,42023.0,172472.6284670053,82
285712734,285712734,westbound,B77L,EDDF,KDFW,40:04:56.11,44:20:08.97,57.725274,-8.337426,41110.0,260010.44742340298,60
285713151,285713151,westbound,B789,EGLL,KMIA,40:05:19.73,45:18:56.78,53.00033,-14.073846,40190.0,204336.7258475015,83
285713265,285713265,westbound,B772,EGLL,KATL,40:05:31.51,45:04:12.08,53.909568,-8.727382,38365.0,235181.322030372,87
285713123,285713123,westbound,B77W,LEBL,CYYZ,40:05:53.90,45:34:02.39,46.175302,-6.516439,39319.0,280197.7482008563,97
285713127,285713127,westbound,B78X,EGLL,KMSY,40:07:25.66,44:31:28.99,56.426705,-8.976875,39583.0,224068.34935926733,69
285708051,285708051,westbound,A333,LGAV,KJFK,40:10:25.01,45:45:08.20,49.664423,-6.852517,39641.0,186259.9116561599,81
285713734,285713734,westbound,B77W,EGLL,KDFW,40:10:55.98,44:23:03.59,56.720105,-9.083991,38487.0,292303.5134236342,65
285713618,285713618,westbound,B772,EGLL,KJFK,40:13:42.19,45:21:39.19,54.015713,-9.596911,39068.0,225348.87310682575,91
285713415,285713415,westbound,A359,LFPG,KATL,40:14:23.54,45:07:14.38,54.673286,-8.156726,39025.0,233997.36072263535,79
285713128,285713128,westbound,B772,EHAM,KBOS,40:15:02.29,45:27:15.46,56.725079,-7.825637,39200.0,223428.8240658842,87
285712991,285712991,westbound,B764,LFPG,KIAD,40:15:51.47,45:26:19.80,53.560473,-11.991338,36164.0,176056.2240247852,87
285714590,285714590,westbound,A333,EIDW,KORD,40:17:52.62,44:55:11.26,55.921989,-8.624888,38016.0,196898.33797824197,79
285711159,285711159,eastbound,GLEX,CYKF,LPFR,40:19:02.87,44:42:24.87,46.206212,-52.742361,47201.0,30190.487433822374,78
285711474,285711474,westbound,A388,LIMC,KJFK,40:19:04.81,45:09:16.68,53.328201,-12.923956,39488.0,455693.2500228947,88
285712973,285712973,westbound,B772,LFPG,KIAD,40:21:05.49,45:11:23.04,53.480224,-13.06015,38993.0,225883.28482248873,86
285711839,285711839,westbound,A359,EDDM,CYYZ,40:21:15.17,45:00:05.79,57.275792,-7.746572,39712.0,228257.67014177848,81
285709004,285709004,westbound,B772,LGAV,KJFK,40:22:46.99,45:46:30.17,49.681869,-6.662783,38903.0,225625.7974490588,81
285710814,285710814,westbound,B788,LIRN,KORD,40:23:56.66,45:27:14.55,50.146808,-6.568147,41379.0,179227.3729356727,75
285713786,285713786,westbound,B77W,EHAM,KATL,40:30:31.48,45:13:54.09,56.861229,-8.015016,38998.0,285361.18583504815,79
285714197,285714197,westbound,B788,EGLL,KPIT,40:31:22.44,45:24:56.57,54.013356,-9.460065,41832.0,178267.52971380414,87
285713215,285713215,westbound,A359,LFPG,KMCO,40:31:24.39,45:22:44.57,53.579054,-13.649958,39082.0,234074.7071683597,78
285714016,285714016,westbound,B772,EGLL,KBWI,40:34:23.29,45:42:52.18,53.861242,-8.910046,38879.0,228039.81952703738,91
285712498,285712498,westbound,A388,EDDM,KIAD,40:34:34.26,45:42:53.16,54.081669,-7.811347,39109.0,462828.41869549616,89
285713125,285713125,westbound,B789,EDDF,CYYZ,40:34:37.97,45:16:05.71,56.632795,-8.060589,40758.0,196742.7686715416,83
285714009,285714009,westbound,B789,EGLL,KLAS,40:36:34.72,44:40:02.80,57.058586,-9.110358,39460.0,212772.84772292053,57
285714174,285714174,westbound,B772,EGLL,KIAD,40:37:22.36,45:38:29.78,53.875113,-9.463134,38839.0,228567.70205372648,89
285714049,285714049,westbound,B772,EGLL,KEWR,40:38:23.91,45:43:39.34,55.213796,-8.385777,39054.0,225557.92794536584,90
285713963,285713963,westbound,B788,EGLL,KCVG,40:38:46.74,45:25:59.30,54.087586,-8.700454,41597.0,180859.43352781693,85
285713493,285713493,westbound,B77W,LFPG,KJFK,40:39:09.84,45:31:20.79,53.652246,-13.235912,39914.0,271948.41466929106,86
285715463,285715463,eastbound,B772,BIKF,LEAL,40:40:00.00,43:25:44.85,61.746945,-18.831111,40114.0,211239.5,50
285713314,285713314,westbound,B772,EDDF,KIAD,40:43:15.21,45:42:38.63,56.327209,-8.169665,38882.0,227653.00608386897,88
285714419,285714419,westbound,A35K,EGLL,KJFK,40:44:42.80,45:52:30.82,53.961972,-9.653214,38775.0,255428.84368918795,91
285713259,285713259,westbound,B763,EDDF,KEWR,40:46:17.72,46:03:17.60,55.774772,-7.854686,40079.0,158194.3676714351,89
285714608,285714608,westbound,B77W,EGLL,KLAX,40:47:10.04,45:02:31.11,54.773901,-9.178419,37617.0,303118.9397446899,58
285715475,285715475,westbound,B772,BIKF,KORD,40:48:00.00,43:48:01.45,63.916667,-27.160278,39265.0,223017.8,54
285713386,285713386,westbound,A343,EDDF,KJFK,40:49:30.52,46:17:55.15,55.814776,-7.763098,37960.0,211487.7381127161,92
285714268,285714268,westbound,B772,EGLL,KDFW,40:50:58.01,45:02:09.25,56.533893,-8.826416,37963.0,240484.22391516756,64
285714396,285714396,westbound,B772,EHAM,CYYZ,40:51:43.71,45:29:56.87,57.583527,-7.960119,38949.0,226882.62393834247,82
285714374,285714374,westbound,A359,EKCH,KIAD,40:53:44.42,45:53:50.75,60.653172,-1.73177,39362.0,230355.747935449,88
285714765,285714765,westbound,A388,EGLL,KIAD,40:54:51.19,45:55:06.13,53.894604,-8.795293,39112.0,453317.70361912024,90
285712724,285712724,westbound,B789,LOWW,KJFK,40:56:01.30,46:08:40.95,56.050195,-7.629648,40817.0,194717.04266674296,90
285716015,285716015,westbound,B772,BIKF,KMSP,40:57:00.00,43:45:57.15,63.916667,-27.160278,39260.0,223018.9,52
285716537,285716537,westbound,B763,BIKF,KEWR,41:00:00.00,44:55:59.30,63.916667,-27.160278,40701.0,151367.8,67
285713634,285713634,westbound,A343,EDDF,KORD,41:03:22.27,45:37:08.15,57.267986,-8.030451,37431.0,217119.6319334874,75
285716060,285716060,westbound,B772,BIKF,KRDU,41:05:00.00,44:30:02.08,63.916667,-27.160278,39200.0,223934.1,60
285714193,285714193,westbound,A343,EDDF,KBOS,41:07:54.20,46:32:08.34,56.13436,-8.321274,38219.0,208964.26281803983,87
285715190,285715190,westbound,A333,EFHK,KJFK,41:10:58.83,47:24:22.46,65.188207,9.646141,38435.0,194196.71960654118,106
285716423,285716423,westbound,B763,BIKF,KJFK,41:11:00.00,45:23:55.66,63.584722,-27.044722,40691.0,151285.8,72
285712792,285712792,westbound,B788,EPWA,KORD,41:11:07.14,45:22:36.76,60.741067,-8.378019,41746.0,175026.49983539357,66
285712596,285712596,westbound,B772,EPWA,KJFK,41:12:24.28,46:19:16.17,60.816659,-8.070994,39120.0,224003.64257329947,87
285716170,285716170,westbound,B772,BIKF,KIAD,41:13:00.00,44:58:36.87,63.584722,-27.044722,39383.0,221221.3,67
285715982,285715982,westbound,B789,EGLL,CYYZ,41:18:55.67,46:10:25.25,53.914189,-8.647418,40733.0,198774.13552745694,86
285716389,285716389,eastbound,A333,BIKF,LEAL,41:21:00.00,44:20:27.16,62.340833,-19.936945,38920.0,188164.9,52
285716400,285716400,westbound,B772,BIKF,KBWI,41:25:00.00,45:12:40.88,63.916667,-27.160278,39429.0,220766.3,67
285715253,285715253,westbound,B772,EGLL,CYYZ,41:25:01.81,46:16:48.06,54.109776,-8.602344,38940.0,227104.6158222386,86
285715717,285715717,westbound,A332,LEBL,KBOS,41:25:54.79,47:15:47.03,45.316424,-6.567989,39522.0,197960.88892250133,101
285715296,285715296,westbound,B789,GMMN,CYUL,41:27:46.55,46:54:37.84,37.168903,-13.692256,40778.0,197980.95761283708,95
285715824,285715824,westbound,B788,EGLL,KBOS,41:30:42.44,46:35:51.59,53.902515,-9.778622,42222.0,174186.48841600254,88
285713979,285713979,westbound,A333,LSZH,KEWR,41:32:15.21,46:42:30.45,53.855871,-10.030021,38835.0,191726.1789043263,89
285715663,285715663,westbound,A35K,EGLL,KLAS,41:32:31.51,45:38:06.10,57.03565,-9.150242,37255.0,276522.8228531137,57
285716331,285716331,westbound,B772,BIKF,KPIT,41:33:00.00,44:52:59.97,63.916667,-27.160278,39399.0,221160.3,59
285715833,285715833,westbound,A332,LEBL,KJFK,41:34:03.83,47:33:21.24,45.190929,-6.491925,39334.0,199877.4742468758,99
285716173,285716173,westbound,B789,EGLL,CYYZ,41:35:55.53,46:27:16.38,53.886766,-8.701749,40733.0,198774.39192713297,86
285716762,285716762,westbound,B772,BIKF,KBNA,41:38:00.00,44:37:19.06,63.916667,-27.160278,39001.0,226687.2,54
285716725,285716725,westbound,B763,BIKF,KBOS,41:40:00.00,45:54:40.34,63.584722,-27.044722,40901.0,149673.2,72
285715482,285715482,westbound,A359,LFPG,KBOS,41:41:35.97,46:35:19.97,53.5251,-12.711927,40079.0,222651.5532059879,85
285705257,285705257,eastbound,B77L,KLAX,EDDP,41:42:19.96,46:35:49.74,51.349995,-55.258314,42413.0,233260.0295539928,57
285716571,285716571,westbound,B772,BIKF,CYYZ,41:43:00.00,45:04:04.26,63.916667,-27.160278,39577.0,218715.8,60
285716454,285716454,westbound,B763,EGLL,KEWR,41:46:04.56,47:03:23.76,53.90099,-9.328675,40035.0,157525.36137392346,89
285713873,285713873,westbound,B789,EPWA,CYYZ,41:46:32.31,46:20:28.35,60.589747,-6.638128,40810.0,194532.49160250265,76
285716606,285716606,westbound,B772,EGLL,KJFK,41:49:46.24,46:57:49.03,53.965252,-9.611169,39064.0,225340.51422275684,91
285711095,285711095,eastbound,GLEX,KMEM,LIMC,41:50:40.61,46:37:30.54,48.476822,-52.603606,46455.0,30742.85336939518,69
285714680,285714680,westbound,A333,LSZH,KBOS,41:51:59.57,47:05:21.20,53.86575,-10.237502,38839.0,191734.40276950624,88
285712272,285712272,westbound,B77W,LGAV,KEWR,41:52:02.18,47:16:01.71,49.730874,-6.575016,39501.0,278594.2634822877,82
285716464,285716464,westbound,GLEX,EGLF,KLAX,41:54:50.62,46:14:37.76,54.156543,-9.261964,43982.0,38934.296771626825,57
285716828,285716828,westbound,A339,EGLL,KBOS,41:55:39.81,47:11:11.83,53.947958,-9.589102,39790.0,202134.88393072612,88
285715634,285715634,westbound,A359,LFPO,KSFO,41:59:05.66,46:15:32.79,55.60759,-8.892601,37925.0,246639.059971448,55
285716746,285716746,westbound,B772,EGLL,KJFK,42:00:27.11,47:05:08.82,53.747607,-10.419214,39039.0,225767.01642574466,90
285715582,285715582,westbound,B744,ELLX,KLAX,42:00:54.67,46:07:33.43,57.271879,-8.053609,36792.0,330115.87960012804,53
285716604,285716604,westbound,B788,EGLL,CYUL,42:01:09.46,46:59:15.02,53.975638,-9.444583,42234.0,174123.9372011456,76
285716207,285716207,westbound,B772,LFPG,KJFK,42:04:54.34,46:59:11.12,53.556068,-12.802973,39189.0,223112.98383885415,87
285716660,285716660,westbound,A333,LPPT,CYYZ,42:13:52.80,47:37:55.42,40.008348,-13.494809,38057.0,196641.20645345494,94
285716998,285716998,westbound,B789,EGLL,KJFK,42:15:29.63,47:23:06.11,54.049372,-9.580201,40847.0,197341.55111047154,91
285716138,285716138,westbound,A35K,LFPO,KEWR,42:22:00.00,47:09:03.86,53.55751,-12.825437,38886.0,255560.36708763894,85
285717434,285717434,westbound,A333,LPPT,CYUL,42:25:31.33,47:48:09.55,40.168396,-13.856268,38096.0,196409.0439639735,91
285715760,285715760,eastbound,B772,KBOS,BIKF,42:26:01.58,44:59:40.50,53.023557,-56.639804,40348.0,204630.0520949004,47
285717882,285717882,westbound,A35K,EGLL,KJFK,42:26:50.91,47:34:34.37,53.983658,-9.650037,38775.0,255420.2157077995,91
285718912,285718912,westbound,B763,EINN,KNGU,42:29:00.00,47:36:45.96,53.575278,-12.844722,39914.0,158024.8,87
285717083,285717083,westbound,A359,LFPO,CYUL,42:40:39.71,47:25:31.11,53.60918,-11.59755,40047.0,222832.3793030708,84
285716498,285716498,westbound,A359,EDDM,CYUL,42:41:21.94,47:38:52.31,55.956152,-8.304643,39968.0,225162.67827479017,84
285717543,285717543,westbound,B748,EDDK,KSDF,42:50:14.82,47:23:50.98,56.021575,-8.166069,36726.0,386026.06192158157,77
285717061,285717061,westbound,B789,EDDB,KJFK,43:01:08.80,48:10:10.50,58.716927,-7.656877,40848.0,195315.8499347242,91
285717761,285717761,westbound,A359,LFPG,KLAX,43:05:43.88,47:21:20.75,55.872419,-8.857178,37843.0,247551.61651505742,55
285716646,285716646,westbound,B789,LIRF,KJFK,43:10:47.91,48:49:46.44,49.577868,-6.649742,40669.0,196500.43608862703,96
285719097,285719097,westbound,B772,EGLL,KJFK,43:23:11.47,48:34:25.84,53.86218,-8.869234,39037.0,225800.96450260704,92
285718455,285718455,westbound,B789,LFPG,KJFK,43:36:34.98,48:31:13.93,53.5256,-12.666899,40954.0,194657.15029877605,87
285718565,285718565,westbound,A359,LFPO,KEWR,43:43:46.42,48:38:33.89,53.548658,-12.74596,39886.0,224828.8305674158,87
285715741,285715741,eastbound,B77L,KCVG,EDDP,43:57:08.40,48:45:21.55,50.031586,-53.124521,42294.0,238586.0705298513,78
285720931,285720931,westbound,B772,BIKF,KJFK,43:59:00.00,48:00:16.62,63.584722,-27.044722,39581.0,218655.2,72
285720727,285720727,westbound,B772,BIKF,KIAD,44:01:00.00,47:28:54.25,63.916667,-27.160278,39396.0,221221.3,61
285720440,285720440,westbound,B772,BIKF,KORD,44:02:00.00,47:01:04.05,63.916667,-27.160278,39266.0,223017.8,54
285719841,285719841,westbound,B789,EGLL,KJFK,44:04:26.60,49:11:18.83,54.026839,-9.671684,40847.0,197347.94334652022,91
285719015,285719015,westbound,B77L,EDDF,KLAX,44:05:00.19,48:16:51.50,57.553505,-8.583591,40548.0,268478.7135071008,53
285720845,285720845,westbound,B772,BIKF,CYYZ,44:06:00.00,47:26:29.89,63.916667,-27.160278,39576.0,218715.8,60
285719415,285719415,westbound,B77L,EDDF,KJFK,44:10:35.42,49:21:30.78,55.504407,-8.170735,42260.0,243049.6905315476,92
285719810,285719810,westbound,B763,EBBR,KCVG,44:20:36.84,49:07:47.37,56.31559,-8.539341,39610.0,161900.05012934777,79
285720118,285720118,westbound,B772,EGLL,KBOS,44:22:44.48,49:28:40.90,54.023842,-9.651172,39233.0,223015.29914298365,89
285718647,285718647,eastbound,B789,KJFK,LGAV,44:27:02.80,49:02:17.45,46.95315,-51.990404,39895.0,201100.76819860117,67
285720862,285720862,westbound,B77L,EGSS,KMEM,44:33:06.33,48:58:40.86,56.052651,-8.330384,41459.0,254986.4325617716,73
285720347,285720347,westbound,B772,EHAM,KJFK,44:36:35.65,49:45:58.85,56.425248,-8.278234,39010.0,226069.57960340378,91
285719401,285719401,eastbound,A339,KBOS,LGAV,44:38:43.60,49:35:03.99,47.080019,-52.324693,38754.0,213360.202067812,71
285716171,285716171,eastbound,B789,MMMY,LEMD,44:42:37.43,50:43:07.74,40.196467,-68.113882,40347.0,192624.63723019586,81
285717358,285717358,westbound,B763,LBSF,KBWI,44:52:04.74,50:00:30.11,53.972089,-11.532537,40161.0,160331.35686164192,72
285720656,285720656,westbound,B77L,LFPG,KORD,44:55:32.33,49:28:19.87,53.753232,-10.029903,41840.0,249213.4742509255,81
285721432,285721432,westbound,A333,LPPT,BIKF,45:10:19.50,47:59:28.75,43.85774,-9.675471,39319.0,184961.9560382525,48
285721307,285721307,westbound,B789,EHAM,MMMX,45:11:54.08,50:52:10.39,55.623348,-8.667671,39084.0,217264.5145676572,68
285719093,285719093,eastbound,B744,KDOV,EDFH,45:16:17.49,50:08:42.22,47.56811,-52.344754,38754.0,289566.8403959371,88
285720990,285720990,westbound,B77L,LFPG,KMEM,45:27:57.75,49:57:16.26,55.416049,-9.130153,41496.0,254389.48393605405,71
285720364,285720364,eastbound,A333,KJFK,LGAV,45:50:00.62,50:54:11.35,46.689257,-52.514635,38834.0,190270.97510073334,69
285721030,285721030,eastbound,A339,KBOS,EDDF,45:54:08.21,51:00:48.18,47.248842,-52.90312,39613.0,202613.13389914398,87
285720972,285720972,eastbound,B78X,KEWR,LGAV,46:05:21.25,50:44:58.10,47.08263,-52.357991,39095.0,219301.88949038144,68
285722080,285722080,westbound,A359,LFPG,KJFK,46:05:32.21,51:15:55.00,53.929786,-8.92209,39769.0,225676.09082483084,92
285720674,285720674,eastbound,B744,KJFK,EDDF,46:09:40.00,50:59:11.07,46.974164,-52.87111,38777.0,290283.1809217094,89
285721208,285721208,eastbound,A332,CYUL,DAAG,46:23:09.59,50:53:40.55,47.07931,-52.421714,39503.0,197108.35999623558,80
285718370,285718370,eastbound,B772,KAEX,LROP,46:32:18.67,51:22:33.56,46.872448,-52.338824,38250.0,229248.6720863088,59
285721727,285721727,westbound,A333,LEBL,BIKF,46:36:11.66,48:09:33.30,54.142649,-8.986127,39982.0,180416.33831808856,27
285722447,285722447,westbound,B788,EGLL,MMMX,46:40:58.81,51:02:42.51,56.286802,-8.928096,40315.0,193617.59885013584,55
285721764,285721764,eastbound,B788,KPHL,LGAV,46:57:31.19,51:40:20.18,46.36429,-52.467998,40702.0,178637.07430020053,67
285723058,285723058,westbound,B763,EGSS,KSDF,47:05:28.70,51:58:52.39,55.469955,-8.290291,39439.0,162693.92393616211,83
285722759,285722759,westbound,B772,LEAL,BIKF,47:37:01.43,49:47:46.38,48.736761,-7.162833,40626.0,202219.03457421955,39
285722277,285722277,westbound,B788,LIRF,MMMX,47:44:03.20,53:05:37.93,43.499228,-11.957926,40287.0,190421.83505296157,58
285723394,285723394,westbound,B744,EDDK,KSDF,48:28:06.04,53:03:08.31,56.002293,-8.044015,38141.0,305359.5404969951,77
285722961,285722961,westbound,A333,LEAL,BIKF,48:32:22.73,50:08:16.99,53.597118,-9.652229,39923.0,181235.39063538934,28
