identifier,base_fid,direction,actype,origin,destination,spawn_time,del_time,spawn_lat,spawn_lon,spawn_alt_ft,spawn_mass_kg,n_waypoints
287226048,287226048,eastbound,A332,KJFK,LYBE,20:42:22.66,25:24:41.76,50.002348,-53.011712,39245.0,202139.75010024162,73
287230055,287230055,westbound,A333,LPPT,BIKF,20:52:37.13,23:39:07.69,44.140609,-10.237936,39358.0,184755.2329991418,48
287228106,287228106,eastbound,A339,KBOS,LGAV,20:58:56.00,25:48:42.71,49.146963,-52.895145,38829.0,213207.71702904988,70
287223817,287223817,eastbound,B744,KIAH,EBLG,21:03:15.78,25:37:34.86,53.440503,-56.435238,38249.0,293427.45438958926,68
287228710,287228710,eastbound,E550,KFOK,EINN,21:19:36.87,25:01:15.62,50.57825,-54.223214,43470.0,9757.848170826326,63
287226057,287226057,eastbound,A332,KJFK,LROP,21:26:23.85,26:15:37.59,51.361186,-54.249273,38984.0,204623.55528139806,71
287230807,287230807,westbound,B788,EGLL,SKBO,21:34:25.43,27:31:04.27,50.157343,-6.233344,40347.0,194218.1047459717,79
287229509,287229509,eastbound,A339,KBOS,EDDF,22:00:59.57,27:08:18.08,50.961318,-54.743023,39805.0,202432.15505532405,88
287230493,287230493,westbound,A333,LEAL,BIKF,22:02:44.20,24:43:38.16,45.554873,-6.919815,39425.0,184960.45048222132,45
287228797,287228797,eastbound,A333,KJFK,LGAV,22:03:34.30,26:55:25.43,48.89244,-52.374735,38964.0,189904.3063802705,67
287230296,287230296,eastbound,B772,MDPC,EGKK,22:18:31.53,28:31:53.31,26.310997,-57.887119,38657.0,229696.85946305477,106
287228423,287228423,eastbound,B748,KSDF,EDDK,22:19:27.60,26:55:21.14,53.261262,-55.672289,37137.0,371170.2283906739,81
287229663,287229663,eastbound,A339,KJFK,EDDF,22:20:59.13,27:29:06.28,51.387571,-55.220602,39783.0,202942.15270657634,88
287231185,287231185,westbound,B789,EGLL,MMMX,22:26:38.07,28:15:35.61,50.280191,-6.247149,38973.0,219368.73418417832,74
287229339,287229339,eastbound,A343,KIAD,EDDF,22:33:46.51,27:37:58.00,51.542513,-55.253409,38144.0,210020.1572889711,87
287230154,287230154,eastbound,A339,KBOS,LIRF,22:37:30.83,27:32:00.06,49.177115,-52.819805,39447.0,206480.21154738855,83
287230195,287230195,eastbound,A333,KBOS,LEMD,22:38:47.34,27:18:21.64,47.075503,-52.792449,38729.0,191636.4221186231,80
287229115,287229115,eastbound,B744,KJFK,EDDF,22:41:28.21,27:26:51.78,51.704568,-55.006645,38961.0,289264.38356626197,87
287230106,287230106,eastbound,B763,KJFK,EKCH,22:43:19.44,27:47:46.98,52.455067,-55.996308,40323.0,155360.51243394733,89
287230429,287230429,eastbound,B772,CYYZ,EHAM,22:44:01.28,27:13:00.97,53.104198,-56.404099,39305.0,217554.96489857617,84
287230104,287230104,eastbound,A333,CYYZ,EDDF,22:45:25.47,27:52:32.13,53.221707,-56.742885,38918.0,189592.4221468882,87
287229463,287229463,eastbound,B744,KORD,EDFH,22:45:33.23,27:29:46.00,53.684049,-56.861992,37325.0,291270.0561448784,84
287229859,287229859,eastbound,B763,KEWR,LIRN,22:50:09.73,27:37:00.10,50.005958,-53.049273,39798.0,160197.99849981567,77
287230899,287230899,eastbound,B789,MDPC,EGCC,22:53:00.04,29:00:55.24,26.226486,-57.723139,40519.0,198546.7209050429,106
287230090,287230090,eastbound,B77W,KJFK,LFPG,22:54:06.69,27:25:19.41,50.915602,-54.759688,40092.0,267417.4051909731,83
287229876,287229876,eastbound,A333,KJFK,LSZH,22:56:12.81,28:01:43.79,51.030695,-54.633569,38913.0,190062.60674858172,86
287230858,287230858,eastbound,A332,KBOS,LIRF,23:01:49.96,27:47:32.02,48.886743,-53.190169,39445.0,199405.17096729073,83
287230321,287230321,eastbound,B788,KPHL,LGAV,23:02:59.25,27:39:24.36,49.303841,-53.034155,41272.0,178438.12724212543,66
287230504,287230504,eastbound,A339,KBOS,EHAM,23:03:57.65,27:47:17.64,50.769442,-54.430501,40003.0,200295.3041588066,82
287223120,287223120,eastbound,B788,MMMX,LEMD,23:04:40.47,27:31:44.33,48.693112,-53.089726,42147.0,156495.23165309362,57
287230661,287230661,eastbound,A333,KJFK,EIDW,23:06:49.12,26:58:57.28,50.592579,-54.143482,38915.0,190140.41241948967,67
287228396,287228396,eastbound,A332,KATL,LIRN,23:08:08.22,27:55:32.98,51.246818,-54.562124,39460.0,201319.94862252366,66
287228978,287228978,eastbound,A333,KRDU,EDDF,23:08:44.49,28:16:23.41,51.883492,-54.96712,39327.0,186925.6318710983,82
287228846,287228846,eastbound,B763,KATL,LFPG,23:09:31.90,27:48:08.61,51.701776,-54.254593,40485.0,154875.87355533784,76
287231234,287231234,westbound,B744,EBLG,KRFD,23:09:39.66,27:37:49.06,55.05596,-8.448767,38216.0,304071.6542580011,79
287230704,287230704,eastbound,B789,CYUL,LFPG,23:11:15.97,27:45:55.31,52.037171,-55.672736,41141.0,190008.15314322617,84
287229888,287229888,eastbound,A343,KDTW,EDDF,23:11:41.87,28:18:31.72,53.701002,-57.31702,36917.0,210754.25209685107,88
287230443,287230443,eastbound,A359,KJFK,LEMD,23:13:15.15,27:42:49.79,46.837551,-52.722159,40195.0,221534.68055066522,78
287230761,287230761,eastbound,B789,KJFK,LIRF,23:15:44.04,27:55:02.15,49.955279,-53.144126,40670.0,194635.4811121762,79
287230830,287230830,eastbound,A333,KBOS,LSZH,23:16:34.96,28:21:20.17,50.589227,-54.132142,38738.0,191424.6038114929,85
287231472,287231472,westbound,FA7X,LIML,KTEB,23:21:50.03,29:18:04.34,48.628705,-6.097391,45188.0,21664.028339446566,99
287230358,287230358,eastbound,B764,KDTW,EDDM,23:22:06.10,28:24:58.89,53.940345,-57.025422,35547.0,175675.4221409731,83
287231054,287231054,eastbound,A332,CYUL,LGAV,23:23:18.29,28:09:06.34,52.410977,-54.748738,38717.0,206296.04001166808,71
287230777,287230777,eastbound,B789,KJFK,LIMC,23:23:21.69,28:10:45.25,50.706725,-54.65089,40877.0,192291.70098714586,86
287230048,287230048,eastbound,A333,KDTW,LFPG,23:24:48.09,28:15:40.78,52.462823,-55.921422,39144.0,187899.91004763392,85
287230980,287230980,eastbound,B772,CYOW,LFPG,23:25:16.93,27:58:01.11,52.22793,-55.845502,39356.0,218112.30563243604,84
287231158,287231158,eastbound,A333,KBOS,EIDW,23:25:39.10,27:16:51.61,50.39349,-53.878904,38738.0,191478.00746945437,67
287230760,287230760,eastbound,B763,KJFK,LIRF,23:27:36.01,28:14:31.56,49.440395,-53.085818,39924.0,159179.21599282924,78
287229779,287229779,eastbound,B78X,KORD,EDDF,23:28:28.81,28:21:43.57,53.3397,-57.26602,39934.0,216257.32277464887,84
287228732,287228732,eastbound,A359,KATL,EHAM,23:29:40.54,28:02:12.93,51.98705,-54.879516,40058.0,224822.59364579947,76
287230623,287230623,eastbound,A332,KIAD,LIRF,23:31:35.38,28:14:10.49,50.374082,-53.351704,39430.0,200565.49173013595,74
287231308,287231308,eastbound,A333,KBOS,EKCH,23:32:47.05,28:42:48.74,51.964989,-55.496312,38741.0,191412.78936167705,88
287230297,287230297,eastbound,A359,KDTW,EHAM,23:34:32.50,28:09:45.20,53.076171,-56.338028,40050.0,223146.65262523337,84
287230061,287230061,eastbound,B772,KCLT,EDDM,23:35:57.00,28:23:43.49,51.741838,-54.804961,39042.0,220930.88790740457,76
287231177,287231177,eastbound,A339,KBOS,LIMC,23:36:23.45,28:35:55.56,49.859373,-53.624267,39703.0,203699.94007474068,85
287230892,287230892,eastbound,A333,KJFK,ENGM,23:37:30.07,28:26:59.00,52.640281,-56.243213,38914.0,190103.17138262995,82
287229805,287229805,eastbound,B764,KEWR,LEPA,23:37:30.79,28:18:44.76,49.390363,-53.171189,35076.0,173411.37766365262,81
287230243,287230243,eastbound,A359,KORD,EDDM,23:37:33.62,28:35:09.44,53.542226,-56.582255,39637.0,228287.91194186793,80
287229521,287229521,eastbound,A332,CYUL,DTTA,23:39:28.83,28:20:00.61,50.786463,-54.712262,39246.0,200811.80492010145,80
287231205,287231205,eastbound,B772,KJFK,LFPG,23:41:20.03,28:10:24.47,50.279156,-54.103999,39413.0,217408.93238484094,82
287231424,287231424,eastbound,A346,KBOS,EDDF,23:47:24.17,28:39:42.66,50.937432,-54.75997,39682.0,279294.4615535589,85
287231041,287231041,eastbound,B764,KJFK,EDDB,23:48:43.78,28:57:12.36,51.790419,-55.571866,35678.0,173898.763370566,88
287231615,287231615,eastbound,A333,KBDL,EIDW,23:49:03.60,27:39:12.06,50.60694,-54.067198,38820.0,190850.1391260726,66
287231183,287231183,eastbound,B789,KJFK,EHAM,23:49:52.81,28:20:15.50,51.00151,-54.645834,41159.0,189055.72505210602,82
287230961,287230961,eastbound,A333,KEWR,EKCH,23:52:49.97,29:04:01.66,52.182395,-55.944328,38914.0,190085.23097401173,89
287229887,287229887,eastbound,A333,KATL,EDDF,23:53:32.73,28:59:18.00,52.711857,-55.019669,39620.0,184441.40279134217,76
287230901,287230901,eastbound,A333,CYYZ,EKCH,23:53:42.71,29:02:08.10,53.926945,-57.234173,38849.0,189555.55562242266,89
287230546,287230546,eastbound,A333,KMSP,LFPG,23:54:11.92,28:52:00.75,54.268687,-58.463149,39322.0,186617.91303072026,83
287231495,287231495,eastbound,B77W,CYUL,LGAV,23:55:33.01,28:34:16.97,52.498493,-54.937959,37397.0,285084.97198823607,72
287230954,287230954,eastbound,A359,KJFK,LIRF,23:58:09.75,28:39:07.83,49.236798,-53.184454,39566.0,228769.9034112219,78
287230770,287230770,eastbound,A359,KMSP,EHAM,23:58:31.46,28:36:43.82,54.95546,-58.473626,40036.0,224054.1377252914,82
287231028,287231028,eastbound,B763,KIAD,LFMN,23:58:55.82,28:50:00.08,50.026447,-53.692354,40182.0,157065.63971870719,80
287232435,287232435,eastbound,B763,CYQX,LIRN,23:59:00.00,28:49:02.41,47.392222,-52.016389,39516.0,157636.6,83
287231157,287231157,eastbound,A333,KEWR,ESSA,23:59:14.88,29:16:27.82,53.045139,-56.939936,38910.0,190002.99084827583,92
287231245,287231245,eastbound,A333,CYYZ,EDDM,24:00:09.91,29:06:46.72,52.728622,-55.642587,38943.0,189430.4033725991,86
287230000,287230000,eastbound,A359,KATL,LIRF,24:00:51.96,28:43:32.39,51.065968,-54.340308,39485.0,231720.6646548476,66
287231314,287231314,eastbound,B772,KEWR,LOWW,24:01:42.50,28:49:30.51,51.609562,-55.077486,38893.0,224543.79689786478,83
287229847,287229847,eastbound,A339,KATL,LGAV,24:03:23.49,28:52:53.54,48.560145,-52.241298,39091.0,212515.53971605658,58
287230948,287230948,eastbound,B763,KIAD,LIPZ,24:04:41.16,28:58:21.08,50.832359,-53.439149,40030.0,158381.39793894874,78
287232155,287232155,westbound,GLEX,EGGW,MMGL,24:04:55.36,29:18:07.64,51.087512,-13.700553,43920.0,38949.168440152855,65
287230602,287230602,eastbound,B772,KCLT,EIDW,24:05:53.97,27:44:27.20,51.748095,-55.191481,39751.0,210420.80512726444,67
287232127,287232127,eastbound,A333,CYHZ,EDDF,24:07:56.13,29:07:24.71,49.700615,-53.183993,38381.0,194196.08459053817,84
287231102,287231102,eastbound,B763,KIAD,LOWW,24:08:35.40,29:11:33.04,51.4861,-54.670182,39945.0,159087.11379195115,79
287229627,287229627,eastbound,A333,KORD,LSZH,24:10:50.70,29:17:48.10,53.045155,-55.87695,39295.0,186638.3157301732,80
287231392,287231392,eastbound,A333,CYYZ,LOWW,24:10:57.21,29:16:21.60,52.920188,-55.308735,38959.0,189307.39540681153,82
287229188,287229188,eastbound,B772,KDFW,LIRF,24:12:40.36,28:49:18.61,51.947236,-54.668223,38719.0,223116.42789772447,60
287230568,287230568,eastbound,B78X,KORD,LIRF,24:13:00.22,28:53:46.87,52.192047,-55.357654,40415.0,215793.9091241503,72
287231068,287231068,eastbound,A359,KEWR,LFPG,24:13:16.89,28:49:05.84,51.212094,-54.610521,40156.0,221716.09002903715,83
287231009,287231009,eastbound,A333,KIAD,EIDW,24:15:19.24,28:08:15.86,51.168743,-54.884734,39117.0,188557.99500116886,67
287230992,287230992,eastbound,B788,KIAD,LGAV,24:15:24.59,28:50:19.81,49.035643,-52.523066,41292.0,177500.95514351354,64
287231513,287231513,eastbound,B763,KJFK,LICC,24:15:34.69,28:58:44.17,49.093377,-52.458062,39644.0,161650.61299708253,72
287231055,287231055,eastbound,A333,CYYZ,EIDW,24:15:45.84,28:10:21.43,52.544996,-56.043023,38914.0,189658.60734438282,69
287231174,287231174,eastbound,A388,KJFK,EDDM,24:16:00.72,28:58:09.42,50.811638,-54.368311,39364.0,456273.4701365214,86
287231303,287231303,eastbound,B788,KIAD,EDDM,24:17:56.52,29:11:58.43,50.915582,-54.877674,42011.0,170030.2123655,83
287230642,287230642,eastbound,B763,KORD,LSZH,24:18:21.39,29:18:58.12,53.047379,-56.041032,38590.0,157315.78646400577,81
287231919,287231919,eastbound,B77W,CYUL,LFPG,24:18:22.32,28:50:37.59,51.704855,-55.513238,40142.0,266484.5810982621,84
287229342,287229342,eastbound,B78X,KEWR,LGAV,24:19:39.97,28:53:22.04,49.754747,-53.081219,40114.0,219131.77873988374,67
287231938,287231938,eastbound,B763,CYUL,LOWW,24:20:14.14,29:23:23.78,52.457088,-55.666599,39828.0,158354.29248091904,88
287231270,287231270,eastbound,A333,KPHL,EDDF,24:25:02.18,29:32:36.00,51.350965,-54.628646,39006.0,189411.51354339594,86
287230541,287230541,eastbound,A332,KORD,LIRF,24:26:36.75,29:16:35.26,52.264972,-55.278378,39260.0,202111.06634052453,72
287231497,287231497,eastbound,B772,KEWR,EGLL,24:26:44.38,28:35:55.96,50.500129,-54.518997,39564.0,215247.4019972362,76
287231924,287231924,eastbound,A333,KBOS,EINN,24:27:39.26,28:06:42.64,50.206826,-53.823311,38737.0,191477.42668826145,63
287230470,287230470,eastbound,A333,KORD,EIDW,24:30:42.74,28:25:18.91,53.285851,-56.427502,39280.0,186773.60876854602,69
287231950,287231950,eastbound,A333,CYUL,EDDF,24:30:54.03,29:41:40.51,51.977507,-55.594839,38699.0,191511.02794022244,88
287231276,287231276,eastbound,A333,KIAD,EBBR,24:34:57.03,29:26:57.93,51.218325,-55.117999,39114.0,188580.1430748099,84
287231310,287231310,eastbound,B772,KIAD,LIRF,24:35:05.69,29:08:50.28,50.625892,-53.55,38862.0,224516.20663219367,74
287231869,287231869,eastbound,B77W,CYUL,LEBL,24:36:15.11,29:08:29.00,50.329354,-54.327415,39860.0,270752.57263715,83
287231645,287231645,eastbound,A333,KJFK,EHAM,24:36:57.46,29:21:57.92,51.322204,-54.587114,38911.0,190118.97696661353,82
287231399,287231399,eastbound,B789,KJFK,EPWA,24:37:04.33,29:31:05.46,52.156119,-55.343491,40679.0,194338.98274547508,84
287231091,287231091,eastbound,B763,KEWR,EGLL,24:37:31.73,29:00:41.78,50.072993,-54.086538,40717.0,151989.17165767096,75
287231406,287231406,eastbound,B77W,KIAD,EBBR,24:38:13.01,29:08:28.74,51.08152,-54.364163,40129.0,266563.64030000055,83
287231741,287231741,eastbound,A359,CYYZ,LFPG,24:38:40.87,29:14:41.21,52.309338,-55.282031,40077.0,222391.65284989905,84
287230879,287230879,eastbound,B764,KEWR,EDDB,24:39:03.96,29:43:27.36,52.636515,-55.56748,35530.0,173883.73993925474,87
287231966,287231966,eastbound,A333,KBOS,EGLL,24:39:55.15,29:06:18.05,50.98222,-54.751949,38731.0,191466.54910457754,77
287231670,287231670,eastbound,A333,KJFK,EBBR,24:40:31.34,29:31:44.72,51.417104,-55.129635,38906.0,190050.0345976043,84
287231137,287231137,eastbound,B772,KCLT,LFPG,24:40:44.34,29:11:23.23,50.932992,-54.857528,39374.0,216277.19988031278,80
287230250,287230250,eastbound,B77W,KMIA,LFPG,24:41:51.04,29:05:30.49,49.379092,-52.495601,40277.0,265334.06011583237,69
287231556,287231556,eastbound,A339,KJFK,EGLL,24:43:29.87,29:04:31.90,50.484116,-54.034,40161.0,198900.26506261417,75
287231518,287231518,eastbound,A332,KJFK,LIRF,24:43:30.32,29:25:18.93,49.318778,-53.148309,39444.0,199938.52469535457,78
287231001,287231001,eastbound,B77W,KEWR,LIRF,24:43:38.05,29:20:53.82,49.792881,-53.56856,39544.0,275531.6633046952,79
287231862,287231862,eastbound,B77W,KJFK,EGLL,24:43:41.71,28:51:57.79,50.370435,-54.160385,40302.0,264469.5408012383,76
287231031,287231031,eastbound,B789,KORD,LOWW,24:45:42.03,29:36:50.88,54.041289,-56.955625,40580.0,192605.99183848617,76
287230882,287230882,eastbound,B763,KATL,LSZH,24:46:09.62,29:37:41.92,51.46992,-53.909867,40221.0,157371.48554215956,72
287231592,287231592,eastbound,B763,KJFK,ESSA,24:46:26.94,29:57:32.07,52.913085,-56.629201,40095.0,155831.25462659466,91
287231557,287231557,eastbound,B772,KCLT,EDDF,24:50:48.62,29:30:46.77,51.812108,-54.345549,39225.0,218201.37152825072,77
287231947,287231947,eastbound,B789,CYYZ,EBBR,24:50:51.45,29:24:31.87,52.409634,-55.415882,41098.0,188576.0709682835,84
287231850,287231850,eastbound,B764,KJFK,LFMN,24:51:09.54,29:41:26.42,49.920301,-53.395225,35135.0,174205.75630660818,83
287231198,287231198,eastbound,B763,KEWR,LSGG,24:51:22.48,29:47:51.81,50.058606,-54.166275,40299.0,155721.50881001973,85
287230955,287230955,eastbound,B78X,KORD,EHAM,24:53:17.47,29:22:56.18,53.585283,-56.930579,38569.0,216035.40100199624,83
287231430,287231430,eastbound,B788,KORD,LGAV,24:54:24.46,29:36:53.20,52.724495,-55.347989,41179.0,176393.9587678612,62
287232184,287232184,eastbound,A339,KBOS,EGLL,24:55:13.07,29:20:09.24,50.81411,-54.627283,40180.0,198348.5844863155,77
287230809,287230809,eastbound,B763,KORD,EGLL,24:55:18.95,29:18:37.94,53.325434,-56.624671,40019.0,152972.6139597494,79
287231289,287231289,eastbound,B772,KEWR,LFPG,24:55:41.23,29:25:35.92,50.197537,-54.265136,39401.0,217538.5870460651,82
287230962,287230962,eastbound,A339,KATL,LGAV,24:56:38.24,29:46:30.41,48.555285,-52.334927,39092.0,212501.05951721605,58
287231718,287231718,eastbound,A333,KIAD,EHAM,24:56:48.12,29:43:39.13,51.553668,-55.097316,39118.0,188532.28179442362,82
287231299,287231299,eastbound,B748,KORD,EDDF,24:57:27.16,29:42:20.44,53.681504,-57.310789,36677.0,372930.9632953767,83
287231668,287231668,eastbound,B772,KRDU,EGLL,24:57:44.36,29:06:43.96,51.543211,-54.696416,39536.0,214101.24491793144,76
287230149,287230149,eastbound,A359,KSEA,LFPG,24:57:52.30,29:49:20.33,60.750053,-64.045634,40027.0,228093.07522611087,70
287230173,287230173,eastbound,B789,KIAH,EGLL,25:00:09.76,29:12:10.78,53.501966,-56.303128,41173.0,181374.69700191636,65
287232104,287232104,eastbound,A339,KBOS,LFPG,25:00:39.57,29:46:32.30,50.387461,-54.280576,40007.0,200246.62798521682,83
287231121,287231121,eastbound,B764,KATL,EDDM,25:00:41.04,29:58:53.84,52.884985,-55.840173,35943.0,174504.60143660154,72
287232235,287232235,eastbound,A333,KBOS,BIKF,25:01:51.90,27:43:53.56,53.23395,-56.656198,39255.0,186449.70825678488,48
287230097,287230097,eastbound,B772,KIAH,EHAM,25:03:19.28,29:29:27.81,52.997589,-55.567386,39163.0,216377.78398344995,68
287231610,287231610,eastbound,A333,KIAD,EGLL,25:03:38.60,29:31:45.36,51.380219,-55.090693,39118.0,188541.13777357707,77
287231608,287231608,eastbound,B772,KIAD,LFPG,25:06:44.67,29:34:07.03,50.753424,-54.027555,39405.0,216673.70891268083,82
287231260,287231260,eastbound,B764,KATL,EGLL,25:07:41.75,29:31:38.84,52.011384,-55.944165,36438.0,171184.8191072782,75
287230397,287230397,eastbound,B748,KMIA,EDDF,25:08:26.39,29:49:57.33,50.738249,-54.098726,37780.0,373449.9709785134,70
287231810,287231810,eastbound,B78X,KORD,EGLL,25:09:00.91,29:22:42.63,53.692965,-57.273389,40346.0,216304.78316776638,79
287230828,287230828,eastbound,B772,KMCO,EGKK,25:09:37.62,29:18:24.02,51.201521,-53.990386,39595.0,212073.65244012658,69
287232164,287232164,eastbound,A333,KEWR,LFPO,25:09:49.88,29:56:56.82,49.847356,-53.975573,38914.0,190141.1151758786,83
287231889,287231889,eastbound,B772,KIAD,LEBL,25:10:02.29,29:37:59.26,48.902268,-53.090449,39235.0,219332.76119916048,81
287231916,287231916,eastbound,A35K,KPHL,EGLL,25:10:35.09,29:24:56.42,50.781589,-54.240091,39284.0,250712.86322135178,76
287232021,287232021,eastbound,B789,KPHL,EIDW,25:10:54.10,28:52:26.70,50.691573,-54.716593,41518.0,184461.11216635245,68
287231965,287231965,eastbound,A333,KBOS,EHAM,25:11:50.62,29:55:29.46,50.656843,-53.919993,38772.0,191284.80796668222,80
287232036,287232036,eastbound,A333,CYUL,LFPG,25:11:57.49,30:01:19.08,52.249695,-55.553463,38663.0,191627.44698620736,84
287230188,287230188,eastbound,B78X,KSEA,EGLL,25:12:07.09,29:31:56.92,63.256045,-64.233956,41083.0,210749.68631468085,67
287231914,287231914,eastbound,A339,KDTW,EHAM,25:12:13.23,29:56:22.11,53.081478,-56.341394,39883.0,201817.2899645065,82
287231920,287231920,eastbound,A333,CYYZ,LEMD,25:12:33.11,29:57:24.31,50.435072,-53.942356,38967.0,189217.4104477377,83
287230251,287230251,eastbound,B748,KIAH,EDDF,25:13:34.61,29:57:05.79,53.347894,-56.416313,36841.0,374869.5084480227,68
287232009,287232009,eastbound,B77W,KJFK,EGLL,25:14:23.22,29:25:13.72,51.223848,-54.969037,40270.0,264660.33283263305,77
287232045,287232045,eastbound,A333,KEWR,ENGM,25:14:46.21,30:01:24.65,53.060115,-56.084686,38932.0,189851.09654020844,81
287232031,287232031,eastbound,A35K,CYYZ,EGLL,25:15:39.03,29:32:25.20,52.508271,-55.501184,39229.0,250816.5559684122,78
287230733,287230733,eastbound,A388,KMIA,EGLL,25:16:04.93,29:21:07.85,49.243741,-52.461488,40010.0,457789.33160890907,67
287231640,287231640,eastbound,B763,KEWR,LSZH,25:16:40.78,30:13:54.45,50.163452,-53.986708,40237.0,156291.13345136473,85
287232058,287232058,eastbound,A332,CYUL,EHAM,25:16:42.19,29:54:56.74,52.245953,-55.859492,40038.0,192639.42913423013,83
287232087,287232087,eastbound,B789,KPHL,LSZH,25:18:20.80,30:05:06.97,50.290347,-54.202165,40918.0,191434.69130274458,86
287232225,287232225,eastbound,A333,KSWF,BIKF,25:18:29.06,28:00:38.19,53.492775,-57.206367,39224.0,186927.54151808706,46
287231846,287231846,eastbound,B763,KEWR,EGLL,25:22:19.35,29:42:22.03,50.393446,-54.215434,40722.0,152001.54901611136,76
287231876,287231876,eastbound,B77W,CYYZ,LGAV,25:22:32.66,30:02:37.62,52.849021,-55.395626,36788.0,285077.0321122369,68
287229889,287229889,eastbound,B77W,KDFW,EGLL,25:22:48.20,29:34:17.95,53.477116,-56.684537,40034.0,264695.6102404027,67
287231678,287231678,eastbound,B77W,KJFK,EGLL,25:23:12.75,29:31:33.21,50.489312,-53.919011,40379.0,263368.5925603689,76
287231912,287231912,eastbound,B748,KEWR,EDDF,25:23:58.01,30:05:10.27,51.813537,-54.857524,37560.0,370009.32159315934,86
287231868,287231868,eastbound,B748,KIAD,EDDF,25:24:48.85,30:03:38.04,51.600115,-55.112298,37487.0,371340.5570062929,84
287231611,287231611,eastbound,B789,CYUL,EDDF,25:25:13.40,30:13:29.83,52.335073,-55.937998,40981.0,192024.27878383055,86
287231331,287231331,eastbound,A359,KATL,EHAM,25:25:20.30,29:57:41.77,52.170036,-54.996798,40074.0,224720.9471860559,75
287231226,287231226,eastbound,B763,KMIA,EBBR,25:25:28.99,30:07:53.02,49.832865,-53.363506,40576.0,155243.9410085949,70
287231831,287231831,eastbound,A333,KJFK,EINN,25:26:17.09,29:05:38.15,50.578989,-54.040637,38913.0,190114.93694251118,63
287231972,287231972,eastbound,A333,KDTW,LFPG,25:27:18.57,30:18:10.34,52.565524,-55.925458,39113.0,188048.64744274318,85
287231990,287231990,eastbound,B748,CYYZ,EDDF,25:27:50.90,30:13:06.69,52.810332,-56.488541,36984.0,371004.79665290756,89
287231464,287231464,eastbound,A35K,KMCO,EGLL,25:28:22.72,29:41:06.02,49.59123,-53.22951,39339.0,254427.74765652136,69
287231674,287231674,eastbound,B764,KIAD,LEMD,25:29:51.39,30:06:00.16,49.435739,-53.201316,36050.0,170796.19376411053,79
287231880,287231880,eastbound,B77W,CYYZ,EGLL,25:30:06.63,29:39:29.88,52.966009,-55.830843,39908.0,263215.63278906763,78
287231171,287231171,eastbound,B78X,KEWR,EDDM,25:30:19.54,30:17:20.97,50.925553,-54.751748,40074.0,219307.44830711404,86
287231921,287231921,eastbound,B772,KJFK,LGAV,25:30:52.11,30:03:25.44,49.988289,-52.835226,38316.0,232904.5287500013,67
287231925,287231925,eastbound,B77W,KJFK,LFPG,25:30:59.48,30:00:20.94,51.04248,-54.453404,40164.0,266136.4608921985,83
287231536,287231536,eastbound,B764,KJFK,LEBL,25:31:33.02,30:10:10.48,48.699496,-52.456495,37091.0,172788.65889296265,80
287231502,287231502,eastbound,B772,KEWR,EHAM,25:31:44.43,29:58:35.58,51.631123,-54.767331,39413.0,217066.67306211003,82
287232204,287232204,eastbound,B788,KPHL,EGPH,25:32:07.13,29:25:30.80,50.818247,-54.792617,42685.0,163895.62665382682,71
287232223,287232223,eastbound,B788,KPHL,EHAM,25:33:38.60,30:07:02.63,50.650568,-53.971824,42394.0,166719.7493493856,82
287232337,287232337,eastbound,B789,CYUL,LFBO,25:34:54.33,30:07:47.29,50.346046,-54.094413,41075.0,190791.68485920763,83
287231644,287231644,eastbound,B789,KORD,EPWA,25:36:05.23,30:31:33.01,54.863196,-57.604785,40609.0,192365.758820936,78
287231996,287231996,eastbound,A332,KJFK,EDDF,25:37:14.36,30:33:01.17,50.441872,-53.97813,39878.0,195419.71585098878,86
287231580,287231580,eastbound,A332,KATL,EDDF,25:37:53.65,30:33:25.96,51.977849,-54.904109,39800.0,197920.1672906966,76
287232138,287232138,eastbound,B772,KEWR,LIMC,25:38:22.13,30:22:11.88,50.816014,-54.080058,39116.0,221488.63679083285,85
287231933,287231933,eastbound,B772,KIAD,EGLL,25:38:31.55,29:48:24.39,50.700094,-54.679585,39543.0,214800.81348239587,74
287231913,287231913,eastbound,A339,KDTW,LIRF,25:38:53.04,30:31:37.71,52.164895,-54.445442,39281.0,208369.662832952,74
287230952,287230952,eastbound,B789,KMIA,EGKK,25:39:26.21,29:51:19.42,50.615001,-53.666284,41350.0,181201.6494618449,67
287231856,287231856,eastbound,B78X,KEWR,EBBR,25:39:51.32,30:12:52.14,50.736922,-54.764142,40080.0,219345.86338855833,83
287255738,287255738,eastbound,B772,CYHZ,BIKF,25:40:42.79,28:17:17.23,51.549026,-54.919372,40401.0,205530.20722543917,48
287232237,287232237,eastbound,A333,CYYZ,EGPF,25:41:25.75,29:38:39.91,52.766363,-56.298045,38915.0,189639.28810789454,69
287229568,287229568,eastbound,B772,KSFO,EGLL,25:44:16.97,29:58:53.00,55.028349,-58.352662,39451.0,210830.5889263887,59
287231771,287231771,eastbound,B789,KJFK,EGKK,25:44:34.07,29:59:58.78,50.836701,-54.796377,41295.0,187463.72927869463,78
287232263,287232263,eastbound,B77W,TNCC,EHAM,25:44:52.21,31:57:37.55,26.527936,-52.961392,39261.0,280468.33696695726,94
287231835,287231835,eastbound,A333,KJFK,LIRF,25:46:01.52,30:38:58.62,49.30542,-53.097486,38939.0,190065.9814119398,78
287232250,287232250,eastbound,B763,KBOS,EGPH,25:46:40.16,29:43:15.78,51.375224,-55.054776,40947.0,149732.33855750354,70
287232314,287232314,eastbound,B77W,KJFK,EGLL,25:47:45.07,29:56:11.72,50.418263,-54.06954,40382.0,263321.0855821087,75
287230457,287230457,eastbound,A359,CYVR,LFPG,25:48:25.32,30:40:04.68,61.140021,-64.276319,40032.0,227701.94377133803,71
287255547,287255547,eastbound,B772,KBOS,EGLL,25:49:41.00,29:57:22.01,50.223127,-53.903541,39593.0,215460.74658615017,76
287231691,287231691,eastbound,B772,KATL,LFPG,25:50:16.45,30:17:25.72,51.66853,-54.453519,39332.0,215941.4856583833,76
287231398,287231398,eastbound,A333,KMCO,EGCC,25:50:33.12,29:58:25.91,51.741686,-54.177592,39881.0,183039.4093817149,67
287231108,287231108,eastbound,B763,KIAD,LSGG,25:51:14.46,30:47:22.57,50.497661,-54.305565,40301.0,155957.30752790786,84
287231759,287231759,eastbound,A333,KJFK,LEMD,25:51:26.19,30:30:45.10,47.41328,-53.017773,38914.0,190326.0081624364,80
287232325,287232325,eastbound,B77W,CYYZ,LEBL,25:52:29.47,30:25:52.65,50.834608,-54.113527,39851.0,269627.6694472365,84
287231667,287231667,eastbound,A359,KORD,LFPG,25:52:34.19,30:30:58.99,53.246446,-56.397334,39996.0,224198.63471818692,83
287231710,287231710,eastbound,A35K,KATL,EGLL,25:53:05.60,30:12:36.75,52.229767,-56.018421,39167.0,254223.84843313758,75
287231560,287231560,eastbound,A333,KORD,LEMD,25:53:16.48,30:38:26.51,50.908445,-54.226179,39317.0,186373.690100875,81
287232469,287232469,eastbound,A388,KBOS,EGLL,25:54:02.22,29:59:27.31,50.353782,-54.164173,39951.0,439808.36929522373,76
287231796,287231796,eastbound,B772,KRDU,LFPG,25:54:11.88,30:23:02.78,50.796917,-54.375161,39386.0,216399.63442747525,82
287232056,287232056,eastbound,A333,KBWI,BIKF,25:55:06.74,28:37:58.55,53.665321,-57.563391,39202.0,187584.51586709064,47
287232247,287232247,eastbound,B78X,KEWR,LEBL,25:55:39.94,30:26:51.62,48.858854,-53.16098,40081.0,219320.88729699617,82
287231547,287231547,eastbound,B764,KATL,LFPG,25:56:16.75,30:36:28.01,52.691414,-54.927337,36148.0,172517.73378318554,76
287232301,287232301,eastbound,A333,KJFK,LSGG,25:56:41.18,30:56:13.74,50.704379,-54.063635,38912.0,190094.18037151522,84
287231926,287231926,eastbound,B764,KEWR,LIPZ,25:57:29.64,30:55:41.15,51.26547,-54.500016,35677.0,175884.48980480473,84
287255617,287255617,eastbound,A339,KBOS,EGLL,25:57:57.96,30:21:57.50,50.906845,-54.44828,40177.0,198364.34343098226,77
287229932,287229932,eastbound,B77W,KSFO,EDDF,25:58:07.86,30:52:49.86,56.162596,-59.793655,39866.0,269339.1958203661,62
287232157,287232157,eastbound,A35K,KJFK,EGLL,25:58:17.98,30:14:09.85,50.680573,-54.494545,39287.0,250270.12367123077,77
287232324,287232324,eastbound,A333,CYUL,LSZH,25:59:17.63,31:06:19.79,52.128449,-55.550908,38658.0,191666.57517280543,88
287231891,287231891,eastbound,FA7X,KROG,EGLF,25:59:20.14,30:29:22.73,53.572155,-56.895333,45667.0,14594.8788430048,75
287232179,287232179,eastbound,B752,KIAD,EIDW,25:59:39.37,29:49:50.38,50.74789,-54.599672,39843.0,88686.55128506754,66
287230832,287230832,eastbound,A339,KSEA,EHAM,26:00:42.96,30:53:02.72,62.925243,-65.182442,39940.0,204914.59827669474,70
287232406,287232406,eastbound,B788,KPHL,LIPZ,26:01:09.42,30:48:11.51,50.104933,-53.560448,41923.0,171404.42628984284,81
287231802,287231802,eastbound,B763,KJFK,LIRN,26:02:26.32,30:48:55.66,49.870837,-52.955809,39744.0,160526.47325035167,77
287232123,287232123,eastbound,B789,SKCG,EHAM,26:03:24.16,32:24:52.47,26.376826,-54.468213,40358.0,195873.69686722558,89
287232404,287232404,eastbound,B789,CYYZ,EGPH,26:04:38.67,29:52:51.91,52.988038,-56.215113,41445.0,184742.18166077408,70
287231859,287231859,eastbound,B763,KATL,LEBL,26:04:53.34,30:42:34.26,49.407212,-52.569983,40300.0,156784.31685881095,71
287231052,287231052,eastbound,A343,KDFW,EDDF,26:05:21.89,31:09:13.20,53.393131,-56.602585,36976.0,215576.00616364254,70
287232260,287232260,eastbound,B788,CYYZ,EPWA,26:05:37.23,30:59:11.32,54.179803,-56.735365,41851.0,172085.076635025,83
287231025,287231025,eastbound,B772,KIAH,EGLL,26:05:43.93,30:16:16.60,52.780861,-55.737285,39325.0,214655.9654792605,67
287230029,287230029,eastbound,B77W,KLAX,EGLL,26:07:08.36,30:21:29.88,54.615128,-58.048255,40113.0,264336.0579796454,59
287231770,287231770,eastbound,A333,KATL,LIMC,26:07:10.29,31:05:31.63,51.327459,-54.297315,39643.0,184506.67132019685,70
287232338,287232338,eastbound,A35K,KJFK,EGCC,26:07:26.28,30:10:09.06,51.339346,-54.944978,39384.0,248862.04185907356,73
287232209,287232209,eastbound,B772,KJFK,LIMC,26:07:44.33,30:46:20.78,49.234793,-53.22754,39135.0,221520.68207120418,83
287232384,287232384,eastbound,A333,CYUL,LPPR,26:07:50.60,30:19:37.28,50.040613,-53.386223,38707.0,191293.48982463538,74
287231888,287231888,eastbound,B77W,KJFK,LFPG,26:08:01.99,30:36:16.23,50.840239,-54.071712,40169.0,266165.1756630604,82
287231496,287231496,eastbound,A333,KTPA,EDDF,26:08:07.50,31:10:18.96,50.930475,-54.133554,39964.0,182793.3524030794,69
287232353,287232353,eastbound,B789,KIAD,EGLL,26:08:34.19,30:16:56.38,50.515557,-53.84327,41303.0,186019.445160787,76
287232257,287232257,eastbound,B77W,CYUL,EBBR,26:09:54.85,30:41:15.67,52.215219,-55.371038,39855.0,266537.99479119934,84
287232367,287232367,eastbound,A333,KJFK,EHAM,26:11:22.33,30:58:47.81,51.610472,-55.300252,38903.0,190060.68140121392,83
287232166,287232166,eastbound,A333,KJFK,EGCC,26:11:56.98,30:23:16.42,51.045873,-54.666701,38906.0,190141.10586587214,73
287255619,287255619,eastbound,B77W,CYUL,LIRF,26:12:22.49,30:52:17.61,51.87322,-55.033299,38899.0,275867.9773393846,85
287230373,287230373,eastbound,B77W,KLAX,LFPG,26:12:36.32,30:46:40.39,54.486593,-57.598414,39859.0,268373.5307759688,62
287232374,287232374,eastbound,B77W,CYYZ,LIRF,26:12:48.71,30:46:53.87,52.204643,-54.499735,38906.0,275501.5271281843,77
287256083,287256083,eastbound,B772,CYHZ,LEBL,26:13:51.35,30:41:39.42,47.298748,-52.580509,39324.0,220883.46892540518,80
287232176,287232176,eastbound,B763,KJFK,EBBR,26:13:56.62,30:57:43.37,50.684902,-54.330129,40458.0,154213.0273432916,83
287232100,287232100,eastbound,B789,CYOW,EGLL,26:14:03.90,30:25:58.54,52.617994,-55.651086,41299.0,187719.3585004059,78
287256121,287256121,westbound,B763,EGNX,KJFK,26:15:42.75,31:37:54.01,51.665808,-12.972782,40283.0,155778.46253494456,86
287232282,287232282,eastbound,B789,KORD,LFPG,26:16:04.24,30:53:37.08,53.42249,-57.219963,41007.0,187706.79344632482,84
287230194,287230194,eastbound,B789,KLAX,LFPG,26:16:08.75,30:51:05.16,54.367945,-57.195372,40956.0,179514.64018596816,61
287255577,287255577,eastbound,A388,KBOS,EDDM,26:17:17.68,31:00:13.97,50.807477,-54.533154,39386.0,453243.3715606726,86
287232008,287232008,eastbound,B763,KEWR,EGLL,26:17:18.08,30:36:59.32,50.336289,-54.17844,40722.0,151992.36975127642,74
287232451,287232451,eastbound,A333,CYYZ,EGKK,26:17:21.74,30:48:46.21,52.371283,-56.050493,38916.0,189620.51142545787,79
287232181,287232181,eastbound,B763,KORD,EGLL,26:18:55.57,30:44:50.07,53.304381,-57.129219,40353.0,153267.6289314572,80
287231263,287231263,eastbound,B772,KIAH,EDDM,26:20:58.30,31:06:26.61,52.551493,-55.960929,38831.0,221748.61937711717,65
287232474,287232474,eastbound,B789,KPHL,EGLL,26:20:58.51,30:30:45.99,50.335566,-54.091643,41309.0,186862.75132636385,76
287256537,287256537,eastbound,F900,CYQX,LIMJ,26:21:00.00,31:17:36.34,50.427223,-52.123888,38187.0,17976.3,82
287232336,287232336,eastbound,B772,KEWR,EIDW,26:21:50.18,30:04:30.65,50.273027,-54.391516,39794.0,211888.71938734272,67
287231131,287231131,eastbound,B77W,KIAD,EDDF,26:23:41.71,31:12:38.98,51.121715,-54.717766,39921.0,269585.49404286937,87
287232405,287232405,eastbound,B763,KEWR,LFMN,26:24:30.83,31:14:18.01,49.848388,-53.316838,40201.0,156605.09227432628,83
287232080,287232080,eastbound,B763,KJFK,LIPZ,26:24:47.25,31:17:36.88,49.423639,-53.447876,40028.0,158204.04427456827,83
287232124,287232124,eastbound,B788,KORD,EDDM,26:24:54.84,31:17:35.55,53.950941,-56.795399,41916.0,168681.4287133202,79
287230544,287230544,eastbound,A359,KDFW,LFPG,26:25:21.76,31:01:16.59,53.345264,-55.869727,39963.0,227218.31419384206,69
287231609,287231609,eastbound,B789,CYVR,EIDW,26:26:16.51,30:04:09.22,65.239426,-60.818616,41488.0,179067.37371208673,61
287230711,287230711,eastbound,B772,KSFO,EDDM,26:26:43.65,31:23:14.44,56.165192,-60.369711,39010.0,218362.9836331156,59
287232409,287232409,eastbound,A332,CYYZ,LGAV,26:29:02.13,31:16:09.60,52.114322,-54.947262,38804.0,206019.68755319196,67
287231246,287231246,eastbound,A339,KSLC,LFPG,26:29:54.21,31:20:27.39,54.540696,-57.742433,39849.0,204964.9246620163,67
287232357,287232357,eastbound,A339,KJFK,EHAM,26:30:07.16,31:13:35.07,50.663482,-54.381133,40004.0,200731.4146858979,82
287230549,287230549,eastbound,B78X,KLAX,EHAM,26:30:10.95,31:02:12.71,54.580991,-58.195815,41100.0,205980.89792849193,62
287232491,287232491,eastbound,A339,CYYZ,EDDF,26:30:36.33,31:39:32.59,52.95787,-56.748568,39702.0,203445.33094896452,89
287231507,287231507,eastbound,B788,KDFW,EHAM,26:30:36.95,31:04:36.92,54.017466,-57.196464,42311.0,159013.62352332924,67
287255623,287255623,eastbound,B77L,CYYZ,LSZH,26:30:40.09,31:15:57.42,52.010821,-55.595854,42040.0,238800.85014359397,87
287232432,287232432,eastbound,B788,KEWR,EPWA,26:33:05.15,31:25:39.99,52.883287,-55.074039,41885.0,171943.56531483325,83
287232312,287232312,eastbound,B78X,KORD,EDDF,26:33:45.85,31:24:08.69,53.774098,-57.069629,40275.0,216027.4696094227,83
287256171,287256171,eastbound,B772,CYHZ,EGPH,26:34:02.49,30:19:56.84,50.361157,-54.052952,39837.0,213459.33316817315,69
287255581,287255581,eastbound,B77W,KJFK,EGLL,26:35:11.79,30:43:02.09,50.665658,-54.345949,40353.0,263417.7822885725,76
287255682,287255682,eastbound,A332,CYUL,LIRF,26:36:47.00,31:27:49.08,51.848235,-55.310336,39355.0,199638.50515196138,85
287231261,287231261,eastbound,A333,KTPA,EHAM,26:37:04.18,31:25:14.11,52.050391,-54.817126,39927.0,182586.5115236668,71
287232339,287232339,eastbound,B772,KJFK,EGLL,26:39:19.11,30:47:57.27,50.584485,-54.376169,39563.0,215129.2474341543,76
287232107,287232107,eastbound,B772,KCLT,LIRF,26:39:31.35,31:16:10.22,50.157317,-53.792906,38850.0,223856.9468651577,69
287231262,287231262,eastbound,B789,MMUN,EGKK,26:39:57.83,30:53:48.81,50.940006,-54.46175,41266.0,179838.18977343527,62
287232276,287232276,eastbound,B744,KGSP,EBLG,26:41:02.81,31:11:41.72,52.106159,-54.705151,39001.0,289306.08540228603,79
287256168,287256168,westbound,B763,LFPG,KEWR,26:42:09.51,32:33:08.14,48.964592,-6.532704,39757.0,158988.54432032615,98
287232417,287232417,eastbound,A332,KDTW,EDDF,26:42:53.93,31:42:17.82,53.08343,-56.545921,39731.0,196788.99944752944,87
287255780,287255780,eastbound,B788,CYUL,EIDW,26:43:57.26,30:27:32.21,52.532287,-55.663289,42743.0,164490.9771568941,68
287255726,287255726,eastbound,A333,KPHL,EIDW,26:44:54.91,30:36:00.76,50.933969,-54.384399,38994.0,189481.7353058318,66
287231457,287231457,eastbound,B789,KDEN,EDDF,26:45:18.13,31:39:10.35,55.866313,-58.824713,40728.0,188419.96270030952,74
287255563,287255563,eastbound,B772,KJFK,EGKK,26:45:57.82,30:57:31.84,50.934292,-54.502904,39555.0,215265.14421946186,77
287255888,287255888,westbound,B763,EDDK,KEWR,26:47:57.44,31:52:13.11,52.295707,-13.331581,40262.0,156894.36281694134,86
287255613,287255613,eastbound,A339,CYYZ,LIRF,26:48:20.65,31:39:30.44,52.143515,-54.386625,39320.0,207660.66445969333,77
287255712,287255712,eastbound,A333,KJFK,EIDW,26:48:46.38,30:41:07.77,50.918258,-54.597126,38902.0,190152.69194139756,68
287232436,287232436,eastbound,A333,KCVG,LFPG,26:50:26.13,31:41:58.84,52.265908,-55.888884,39291.0,186781.67848181247,83
287232297,287232297,eastbound,A332,KMSP,EIDW,26:52:14.69,30:43:38.04,54.395304,-57.941418,40373.0,190654.622009806,69
287230436,287230436,eastbound,B78X,KSFO,EHAM,26:53:06.25,31:25:16.77,55.973148,-59.113523,41034.0,205690.79009878408,61
287232461,287232461,eastbound,B77W,KIAD,LFPG,26:53:35.55,31:22:46.54,50.368656,-54.271254,40128.0,266441.84190762095,82
287231449,287231449,eastbound,A359,KDFW,EFHK,26:54:36.41,31:54:02.82,55.379003,-58.525257,39679.0,230579.10721120317,68
287231833,287231833,eastbound,B772,KDFW,LEMD,26:55:37.98,31:22:44.77,50.804889,-53.680653,39254.0,214748.76522514314,68
287231742,287231742,eastbound,A388,KDEN,EDDM,26:55:56.96,31:42:41.13,54.370259,-57.821461,39245.0,474879.9530794457,67
287232075,287232075,eastbound,B772,KTPA,EGKK,26:56:57.47,31:05:04.55,51.121413,-53.877359,39582.0,212043.25153128454,68
287255532,287255532,eastbound,B752,KEWR,LPPR,26:58:20.40,31:06:56.06,47.933623,-53.000604,39884.0,89899.13495120968,71
287255667,287255667,eastbound,A332,KDTW,EGLL,26:58:32.48,31:18:36.22,52.95375,-56.557674,40116.0,192748.78579155673,79
287232380,287232380,eastbound,B752,KORD,EGPH,26:59:11.67,30:58:52.05,53.806483,-57.490527,36940.0,88956.24732393026,71
287255597,287255597,eastbound,A333,KCLE,EIDW,26:59:26.59,30:54:06.54,52.299986,-55.830623,39085.0,188338.96920790963,69
287255720,287255720,eastbound,B763,KJFK,LKPR,26:59:27.29,32:00:30.04,50.666939,-53.940832,40146.0,157194.3577190977,85
287232454,287232454,eastbound,A333,KIND,EIDW,27:00:32.40,30:52:59.20,52.693849,-55.644151,39333.0,186419.29736206352,68
287255714,287255714,eastbound,B772,KDTW,BIKF,27:01:40.49,29:33:37.29,55.011545,-59.212817,40283.0,203629.6958154997,48
287232303,287232303,eastbound,B763,KJFK,LIRF,27:05:31.08,31:52:14.74,49.400774,-53.036002,39897.0,159179.92651448934,78
287232202,287232202,eastbound,A333,KATL,LEMD,27:05:55.04,31:42:18.67,48.6771,-52.093353,39657.0,184617.46212368456,74
287255795,287255795,eastbound,A332,KJFK,LEMD,27:06:04.24,31:36:10.84,47.849449,-52.974182,40112.0,192964.97452532835,79
287255842,287255842,eastbound,A333,KBOS,LFPG,27:06:50.71,31:51:07.08,50.327186,-53.830466,38730.0,191413.2913794928,82
287232175,287232175,eastbound,A359,KCLT,EDDM,27:07:18.07,31:52:23.04,51.13699,-53.903004,39749.0,228122.37394047197,73
287255593,287255593,eastbound,A333,KJFK,LFPG,27:10:04.10,31:57:14.13,49.805526,-54.046498,38925.0,190126.74700864873,82
287255898,287255898,eastbound,B763,KDOV,ETAR,27:10:59.69,32:09:11.09,50.750968,-54.105477,40343.0,155346.4829348822,85
287232344,287232344,eastbound,A333,KATL,EGCC,27:11:29.51,31:24:33.31,52.235107,-55.711349,39570.0,184792.7371973265,73
287231971,287231971,eastbound,B772,KDFW,LIPZ,27:11:38.21,31:54:24.32,53.016668,-55.645634,38819.0,221546.6676751125,63
287256034,287256034,westbound,A333,EDDP,KJFK,27:12:13.11,32:26:55.45,52.237059,-13.469022,39004.0,190643.86520751636,86
287256109,287256109,eastbound,A333,KBOS,EIDW,27:13:54.59,31:05:22.64,50.521571,-54.023305,38737.0,191407.3537340926,66
287231787,287231787,eastbound,B788,KORD,LIRF,27:14:00.92,31:55:59.07,52.588846,-55.483696,41689.0,170878.63525758527,71
287256522,287256522,eastbound,B772,CYHZ,EGKK,27:14:01.79,31:21:58.39,48.897801,-52.596651,39661.0,215984.82603421446,74
287255700,287255700,eastbound,B772,KBWI,BIKF,27:14:11.76,29:46:58.12,53.53226,-57.05124,40308.0,203706.32366654143,48
287255727,287255727,eastbound,B789,CYYZ,EGLL,27:14:14.40,31:27:26.30,53.154813,-56.387672,41262.0,186913.9400364385,78
287255775,287255775,eastbound,A333,KJFK,LSZH,27:15:21.96,32:18:14.38,50.1201,-54.239008,38915.0,190171.6098490027,85
287231302,287231302,eastbound,B772,KSFO,LFPG,27:15:24.65,31:50:03.79,54.566082,-57.704217,39288.0,213183.59056705728,61
287255948,287255948,eastbound,B772,CYYZ,BIKF,27:16:04.10,29:47:13.40,54.868656,-58.731656,40315.0,203888.07147004883,47
287256057,287256057,eastbound,A359,CYUL,EDDM,27:16:38.49,32:09:01.94,52.409348,-55.521571,39746.0,225445.50091667712,87
287255610,287255610,eastbound,A333,KORD,EKCH,27:17:56.39,32:30:11.29,54.201077,-58.169692,39239.0,187167.61135253558,86
287231010,287231010,eastbound,B763,KIAH,EHAM,27:18:25.13,31:59:14.15,52.906257,-55.246503,40346.0,155925.95599370106,67
287232501,287232501,eastbound,A333,KMSP,EIDW,27:18:42.94,31:16:18.39,54.051887,-57.611469,39341.0,186413.549675595,69
287255785,287255785,eastbound,B752,KDTW,BIKF,27:18:48.24,29:56:00.14,54.810408,-58.486499,40629.0,84295.81502874628,48
287231806,287231806,eastbound,B788,KDFW,EDDF,27:18:55.98,32:13:48.96,53.641098,-57.055013,41978.0,163612.79631340018,70
287231994,287231994,eastbound,B752,KDEN,BIKF,27:20:32.10,29:54:47.94,58.39666,-62.702967,40596.0,83982.82009977559,45
287255859,287255859,eastbound,B763,KBOS,BIKF,27:20:46.31,29:59:22.51,53.225134,-56.340362,40948.0,143647.92038957792,47
287231642,287231642,eastbound,B789,MMUN,EGCC,27:21:40.00,31:15:52.40,51.06724,-53.968317,41382.0,178332.23130006727,59
287255739,287255739,eastbound,B772,KIAD,BIKF,27:21:58.79,29:54:45.96,53.522849,-56.905023,40304.0,203610.2725501794,45
287255705,287255705,eastbound,A333,KJFK,LSZH,27:22:14.63,32:26:37.42,50.717207,-54.225709,38907.0,190122.37661352003,86
287232358,287232358,eastbound,B77W,KMIA,EGLL,27:22:49.52,31:27:55.23,50.693643,-53.247782,40333.0,263950.1565779291,68
287255800,287255800,eastbound,B772,KORD,EGLL,27:22:58.88,31:35:32.66,53.373403,-56.779875,39439.0,214664.13639154832,79
287255900,287255900,eastbound,B789,CYYZ,EIDW,27:24:14.91,31:10:49.13,53.347766,-56.628014,41483.0,184336.91418072916,70
287255832,287255832,eastbound,A333,KIAD,LSZH,27:24:48.54,32:30:07.14,50.783351,-54.408789,39111.0,188587.80698130748,84
287255824,287255824,eastbound,A333,CYUL,LIMC,27:26:22.55,32:28:08.70,51.295282,-54.786796,38681.0,191472.22071313745,86
287255793,287255793,eastbound,B77W,CYYZ,LFPG,27:27:13.23,31:56:35.21,52.373284,-55.327661,39945.0,266283.6351276389,84
287255567,287255567,eastbound,B77W,KORD,LSZH,27:27:37.71,32:11:13.34,53.021803,-55.5013,39649.0,270893.58469158236,80
287255792,287255792,eastbound,B764,KJFK,LFPG,27:27:45.04,32:11:15.16,51.360151,-54.85028,36106.0,171102.01109846134,83
287256055,287256055,eastbound,B789,CYYZ,EKCH,27:28:44.73,32:21:50.01,54.151015,-57.875961,40942.0,190631.9851931208,89
287255881,287255881,eastbound,B77W,KJFK,EDDF,27:28:53.40,32:13:29.74,51.944632,-54.923283,39476.0,268993.3036237807,86
287255728,287255728,eastbound,B772,KMSP,BIKF,27:30:07.97,30:00:02.57,57.205793,-61.537776,40327.0,202621.833981523,46
287255679,287255679,eastbound,A333,KIAD,EIDW,27:30:29.68,31:24:48.67,50.696955,-54.624038,39109.0,188608.5554317315,66
287255688,287255688,eastbound,A333,KJFK,LGAV,27:30:34.89,32:23:14.09,49.177834,-52.722804,38956.0,189909.30346898639,67
287232042,287232042,eastbound,B77W,KDFW,EGLL,27:31:44.15,31:42:07.17,53.32643,-56.33175,40085.0,264508.60763551295,67
287256898,287256898,eastbound,B772,CYYT,EIDW,27:32:00.00,30:58:32.75,48.893334,-50.435833,40071.0,211862.8,63
287232400,287232400,eastbound,B77W,KMIA,LSZH,27:33:07.50,32:10:16.68,49.755462,-52.946866,39914.0,270658.34696073947,67
287255899,287255899,eastbound,B77W,KJFK,EGLL,27:34:19.70,31:42:00.77,50.58174,-54.182909,40111.0,263374.5766305515,76
287255605,287255605,eastbound,B772,KCLT,EGLL,27:35:07.65,31:46:30.93,51.784497,-55.492063,39416.0,213804.87004751014,77
287232453,287232453,eastbound,A333,KATL,EHAM,27:35:28.78,32:20:30.09,52.391361,-55.168644,39612.0,184609.74959062552,76
287255913,287255913,eastbound,B77W,CYUL,LFPG,27:35:40.96,32:06:42.40,52.153962,-55.494577,39744.0,266233.64382500865,84
287256084,287256084,eastbound,B788,KPHL,LIMC,27:35:45.76,32:18:59.59,49.37276,-53.352188,42058.0,170180.45058794878,83
287255966,287255966,eastbound,A332,CYUL,LFML,27:36:19.75,32:24:37.59,51.609913,-54.610092,39701.0,195657.02363419314,85
287256690,287256690,eastbound,B772,CYHZ,EHAM,27:36:47.09,32:03:60.00,49.620221,-53.265802,39499.0,218212.92881029853,78
287255986,287255986,eastbound,A333,CYYZ,LFPG,27:37:08.86,32:28:26.11,52.247189,-55.847741,38917.0,189623.18131217864,85
287256141,287256141,eastbound,A333,CYUL,LFPG,27:37:09.08,32:24:43.11,52.21718,-55.159986,38659.0,191643.19674639817,84
287256011,287256011,eastbound,A332,CYYZ,LIPZ,27:38:25.95,32:32:11.35,52.014756,-55.466967,39372.0,199238.7269831779,82
287255687,287255687,eastbound,B772,KORD,BIKF,27:38:32.49,30:10:06.96,55.38612,-59.617662,40265.0,203250.27350442373,47
287231452,287231452,eastbound,B772,KSFO,EHAM,27:39:06.23,32:14:20.29,55.922974,-59.972331,39331.0,213150.50480306838,62
287256032,287256032,eastbound,A333,CYUL,LSGG,27:39:31.92,32:41:47.06,52.089712,-55.05905,38662.0,191609.51144695326,86
287231976,287231976,eastbound,B772,KDFW,LFPG,27:40:36.68,32:10:35.58,52.755915,-55.621067,39240.0,215278.26322189064,69
287231565,287231565,eastbound,B744,KLAX,EBBR,27:40:38.31,32:12:24.44,54.424373,-57.605558,38857.0,295183.4249138592,62
287231197,287231197,eastbound,B789,KLAX,LIRF,27:42:39.16,32:30:48.37,52.804158,-56.014603,40457.0,185279.38380955113,54
287231057,287231057,eastbound,B772,KSFO,LSZH,27:43:13.07,32:32:37.08,54.305099,-58.176089,39071.0,216553.13785474806,58
287232298,287232298,eastbound,A339,KMIA,EGLL,27:44:32.39,32:04:11.00,49.388847,-52.359834,40246.0,201288.58399199962,66
287256282,287256282,eastbound,A333,KBOS,EGKK,27:46:52.08,32:14:39.74,50.986005,-54.531442,38731.0,191412.21142594225,77
287255699,287255699,eastbound,A333,KJFK,EKCH,27:46:56.01,32:55:36.19,52.596526,-55.651401,38909.0,189971.20416834933,88
287232300,287232300,eastbound,A343,KTPA,LSZH,27:46:57.45,32:40:09.48,51.976977,-54.43107,38146.0,213682.27801111626,67
287255722,287255722,eastbound,B764,KJFK,EGLL,27:48:13.13,32:08:03.72,51.339052,-54.640432,36269.0,168726.77038272194,76
287256364,287256364,eastbound,A343,KBOS,EDDF,27:48:14.29,32:45:05.16,50.991863,-54.502467,38212.0,207826.0867265656,85
287231508,287231508,eastbound,B748,KSFO,EDDF,27:48:42.30,32:39:28.96,56.289705,-60.486683,38237.0,367034.92600009334,62
287255845,287255845,eastbound,B764,KJFK,LSGG,27:50:43.63,32:46:12.50,50.819247,-54.142687,35911.0,172721.1392341352,84
287232329,287232329,eastbound,A339,KMIA,LIRF,27:50:57.81,32:40:41.80,48.89929,-52.702577,39538.0,209108.63391548666,61
287256076,287256076,eastbound,B77W,CYYZ,EGLL,27:51:02.35,32:00:02.57,52.588586,-55.501119,39812.0,263412.23956192104,78
287256025,287256025,eastbound,B78X,KJFK,EHAM,27:52:02.12,32:19:52.91,50.990926,-54.551523,39621.0,219301.33688380691,82
287232192,287232192,eastbound,B772,KDFW,LEBL,27:52:56.80,32:22:17.20,51.321412,-54.090681,38863.0,217704.38061314344,64
287255706,287255706,eastbound,B772,KRDU,BIKF,27:53:11.81,30:26:22.20,53.657658,-57.201726,40247.0,203608.7501832549,45
287256090,287256090,eastbound,B772,KBWI,EGLL,27:53:32.32,32:04:12.29,51.444299,-55.06341,39336.0,214618.70572800504,77
287232238,287232238,eastbound,A332,KSLC,EGLL,27:53:37.40,32:16:32.10,55.07452,-58.629996,40126.0,196048.13720463795,65
287232395,287232395,eastbound,A339,KATL,LIRF,27:53:55.58,32:52:36.02,51.291914,-54.667429,39326.0,209311.63031866518,67
287232443,287232443,eastbound,B77W,MPTO,EHAM,27:53:58.72,34:12:07.88,26.364194,-53.871009,39259.0,280527.37135522463,84
287232498,287232498,eastbound,B752,KORD,EINN,27:54:29.33,31:36:52.57,53.077385,-56.106518,39222.0,87901.7224887062,67
287231600,287231600,eastbound,B772,KLAX,LOWW,27:55:57.15,32:47:34.70,55.038378,-58.172471,38853.0,219404.32858222493,56
287231593,287231593,eastbound,B77W,KSFO,LFPG,27:56:10.77,32:32:28.62,54.640315,-58.205594,40044.0,265902.39936693764,61
287255908,287255908,eastbound,A333,KJFK,EGLL,27:56:26.22,32:25:11.37,51.736934,-55.544034,38865.0,190001.72633620093,78
287255655,287255655,eastbound,B763,KATL,LIPZ,27:58:21.62,32:53:59.90,51.514798,-54.763589,39049.0,159267.6805651211,69
287256085,287256085,eastbound,A359,KIAD,LFPG,27:59:37.46,32:33:12.74,50.320874,-54.003859,40124.0,222761.98979403422,82
287232487,287232487,eastbound,A333,KMCO,EIDW,27:59:48.25,31:51:48.67,51.738256,-54.860526,39856.0,183194.67046648767,65
287256160,287256160,eastbound,A333,CYYZ,LIPZ,28:02:28.52,33:08:02.69,51.895445,-55.809791,38882.0,189625.99640088654,82
287232172,287232172,eastbound,B772,KAUS,EGLL,28:03:25.11,32:11:21.33,53.237172,-55.625944,39371.0,212774.76753846748,64
287256274,287256274,eastbound,A333,KBOS,EIDW,28:03:50.06,31:55:17.41,50.990596,-54.47871,38731.0,191414.39756176298,67
287256061,287256061,eastbound,A333,CYUL,LFLL,28:04:03.06,33:03:51.18,51.493779,-54.943602,38523.0,191603.36843270168,86
287232496,287232496,eastbound,A333,KATL,EIDW,28:04:11.88,31:58:15.71,51.734438,-54.993159,39495.0,184679.30695703608,67
287256591,287256591,westbound,B744,EDDK,KPHL,28:04:12.26,33:04:25.30,51.1647,-13.00904,38787.0,294260.71047195146,89
287232281,287232281,eastbound,B772,KIAH,EDDF,28:05:56.42,32:52:55.36,52.607831,-55.22434,39033.0,219088.5617292057,69
287231944,287231944,eastbound,A339,KSLC,EHAM,28:06:44.41,32:53:40.26,55.51457,-58.650668,39915.0,204322.63348892028,67
287255909,287255909,eastbound,B752,KMSP,BIKF,28:07:15.85,30:42:24.01,56.90131,-60.82853,40736.0,84090.8208415528,46
287232450,287232450,eastbound,A333,KMCO,EDDF,28:07:28.73,33:08:27.36,50.683261,-53.756794,39895.0,183354.64826703217,70
287255955,287255955,eastbound,B77W,KEWR,EDDF,28:09:00.08,32:58:01.12,50.767658,-54.501199,39618.0,269508.873936098,87
287231832,287231832,eastbound,B77W,KLAX,LFPG,28:09:09.86,32:42:54.76,54.157392,-57.322046,39893.0,266896.10361525934,61
287255629,287255629,eastbound,B764,KEWR,LIRF,28:09:22.27,32:56:43.31,50.695959,-53.205397,35788.0,176755.65962414807,78
287256060,287256060,eastbound,B763,KJFK,EGPH,28:09:39.47,32:04:52.67,52.120798,-55.381272,40088.0,150118.75298743317,70
287256072,287256072,eastbound,B77W,CYUL,LFPG,28:10:59.50,32:41:02.50,52.173566,-55.376783,39148.0,266182.5601244574,84
287255987,287255987,eastbound,A333,KMSP,EHAM,28:11:04.69,33:03:37.26,54.083003,-58.166727,39324.0,186562.94528712437,82
287231705,287231705,eastbound,A359,KLAX,LIRF,28:12:24.13,33:05:46.98,52.890615,-56.234321,39582.0,233920.50152527832,54
287255952,287255952,eastbound,A35K,KJFK,EGLL,28:12:59.99,32:29:11.68,51.226129,-54.674795,39268.0,250228.4141248753,77
287256369,287256369,eastbound,A333,CYUL,LPPR,28:13:12.69,32:26:16.53,49.337962,-53.346603,38710.0,191332.26995412406,74
287256240,287256240,eastbound,B789,CYUL,EDDF,28:13:26.78,33:05:55.79,52.535554,-55.959487,40638.0,191961.78106829067,89
287256208,287256208,eastbound,A333,KJFK,LFPG,28:14:45.48,32:59:35.31,50.294443,-53.846312,38911.0,190091.6795807134,82
287256450,287256450,eastbound,B772,CYUL,LFPG,28:14:48.49,32:44:54.66,52.115358,-55.403915,39124.0,217937.56359946422,84
287231666,287231666,eastbound,B748,KLAX,EDDF,28:16:34.67,33:02:53.39,55.634336,-58.770532,38316.0,364775.08338626183,61
287256430,287256430,eastbound,B772,CYUL,EGPH,28:18:40.04,32:04:28.77,52.610844,-56.026982,39498.0,212866.73259497716,69
287256511,287256511,eastbound,A359,KBOS,LFPG,28:18:41.29,32:54:17.84,50.525815,-54.249105,40175.0,221085.1660698632,83
287256493,287256493,eastbound,A333,CYUL,LFBD,28:18:56.95,33:09:45.21,51.459872,-54.684165,38546.0,191578.7119881614,85
287256165,287256165,eastbound,A332,CYYZ,LPPT,28:19:01.63,32:29:24.31,49.128375,-52.535956,40234.0,191340.95395196008,74
287256624,287256624,eastbound,A333,KBOS,EHAM,28:19:02.87,33:04:58.82,50.910827,-54.58783,38721.0,191461.10151714677,82
287256214,287256214,eastbound,A333,CYYZ,ESSA,28:19:34.67,33:36:00.50,54.027823,-57.982751,38909.0,189776.02714329516,91
287256150,287256150,eastbound,B77W,KJFK,EGLL,28:20:27.49,32:28:44.50,51.771013,-54.775147,39794.0,262757.73665942316,77
287256192,287256192,eastbound,A332,CYYZ,LIRF,28:21:24.22,33:07:13.09,51.855208,-54.440088,39299.0,200534.30245695793,78
287256066,287256066,eastbound,B772,KDTW,LFPG,28:21:42.56,32:54:40.28,52.606601,-56.183372,39205.0,217368.23195693296,85
287255725,287255725,eastbound,A333,KEWR,LIMC,28:22:07.13,33:26:30.02,50.406569,-54.274164,38906.0,190129.90053934723,86
287256414,287256414,eastbound,A332,CYYZ,EHAM,28:22:14.01,32:58:12.08,52.947049,-56.006169,39999.0,193610.3913576652,83
287231871,287231871,eastbound,A35K,KLAX,EGLL,28:23:11.82,32:44:43.90,54.349423,-57.811367,39077.0,260390.44982953326,59
287256117,287256117,eastbound,B764,KEWR,LDDU,28:23:17.74,33:12:40.88,50.718682,-53.357427,35372.0,179113.42129634347,74
287232388,287232388,eastbound,B789,KDEN,EGLL,28:23:39.21,32:38:46.67,54.395112,-57.627573,41164.0,181493.0526609671,68
287256492,287256492,eastbound,A333,KBOS,LSZH,28:25:08.95,33:27:54.30,50.110263,-54.303827,38706.0,191635.53875861233,85
287256392,287256392,eastbound,A333,CYUL,EGKK,28:25:50.52,32:55:40.13,52.659855,-55.930207,38686.0,191398.1108040101,79
287255855,287255855,eastbound,B763,KEWR,EGLL,28:26:24.00,32:50:10.52,50.957401,-54.984664,38998.0,151893.67482909907,78
287256080,287256080,eastbound,B789,KMSP,LFPG,28:27:19.04,33:04:17.42,53.81177,-57.561388,40963.0,187041.75703549,82
287255833,287255833,eastbound,B789,CYYC,LIRF,28:27:27.44,33:27:19.58,58.542813,-62.39963,40553.0,191989.86265590528,66
287256401,287256401,eastbound,B772,MKJP,EGKK,28:29:13.16,34:48:41.14,28.741492,-60.590449,38703.0,228353.36095890964,96
287256153,287256153,eastbound,B77W,KJFK,LFPG,28:30:58.91,33:00:36.09,51.345698,-54.67418,38629.0,265746.5125596519,83
287256644,287256644,eastbound,A333,KBOS,LPPT,28:32:51.03,32:51:09.25,46.734553,-52.987714,38704.0,191817.71654402657,75
287232447,287232447,eastbound,B789,KDEN,LIRF,28:33:00.03,33:16:32.91,52.73938,-56.024633,40449.0,189026.68614662674,61
287256019,287256019,eastbound,B764,KEWR,LFPG,28:33:51.48,33:13:09.21,50.66458,-53.962326,36265.0,170742.06969333775,81
287256457,287256457,eastbound,B772,CYYZ,EGPH,28:34:49.07,32:18:55.32,52.854623,-55.809154,39456.0,212259.71982520103,68
287256123,287256123,eastbound,A35K,KJFK,EGLL,28:35:14.73,32:51:27.71,50.474366,-54.594999,39215.0,250462.88005798374,77
287256384,287256384,eastbound,B788,CYYZ,LGAV,28:35:54.69,33:17:26.48,51.954358,-54.824246,41164.0,178620.62771326382,67
287256725,287256725,eastbound,A333,KBOS,EGPH,28:36:24.63,32:37:35.66,51.313945,-55.027292,38640.0,191441.20504185214,68
287256636,287256636,eastbound,B78X,KBOS,EGLL,28:38:23.73,32:46:03.62,50.351163,-54.116587,39151.0,220628.03151156454,76
287256533,287256533,eastbound,B789,KPHL,EGLL,28:39:58.74,32:49:00.41,50.364354,-53.98492,41306.0,186853.82839520604,76
287255812,287255812,eastbound,B77W,KMIA,EGLL,28:40:19.49,32:47:54.47,49.961328,-53.296448,40421.0,263147.96882338217,67
287256009,287256009,eastbound,B763,KEWR,LGAV,28:42:34.54,33:29:10.98,50.139505,-52.92023,38645.0,164866.54020752423,67
287255621,287255621,eastbound,B789,CYYC,LFPG,28:44:08.26,33:29:12.71,59.109083,-62.30706,41036.0,186609.53676272725,76
287231911,287231911,eastbound,B77W,SPJC,EHAM,28:44:19.93,34:32:04.65,26.488109,-46.779355,39149.0,278570.9460388874,66
287256630,287256630,eastbound,B772,CYYZ,EGLL,28:44:26.35,32:54:20.77,52.5176,-55.659981,39187.0,214965.00197433017,78
287256728,287256728,eastbound,B772,KBOS,LEBL,28:45:29.57,33:14:05.74,48.217296,-52.428009,39295.0,219743.72531221085,81
287256238,287256238,eastbound,A359,KJFK,LIRF,28:48:55.70,33:27:35.82,49.534724,-53.132978,39555.0,228781.96194058732,78
287232128,287232128,eastbound,B772,KSFO,EGLL,28:49:56.62,33:04:08.42,54.996814,-58.261138,39445.0,210861.98472862082,59
287255731,287255731,eastbound,B772,KMCO,EGKK,28:50:03.52,32:58:03.00,50.740457,-53.814797,39450.0,212246.96581244998,68
287232449,287232449,eastbound,A332,KORD,LYBE,28:50:21.22,33:41:07.35,53.123487,-55.764179,39150.0,203338.36278537315,69
287256166,287256166,eastbound,B789,KORD,EGLL,28:51:18.79,33:06:34.38,53.482056,-57.003701,41055.0,185406.40529933313,79
287256435,287256435,eastbound,B789,CYYZ,LIRF,28:52:57.19,33:29:04.58,51.882376,-54.458116,40021.0,194386.97326381743,77
287257415,287257415,westbound,B748,ELLX,KJFK,28:52:58.16,34:28:04.43,49.175792,-6.355975,37217.0,377128.88177163753,98
287256436,287256436,eastbound,B772,CYYZ,EIDW,28:52:58.88,32:30:26.66,52.523604,-55.443487,39416.0,211536.99023681224,68
287232194,287232194,eastbound,B789,KSFO,EGLL,28:53:49.32,33:10:24.82,55.568826,-58.707606,41182.0,177434.17037822248,59
287256413,287256413,eastbound,B763,KIAD,LIRF,28:53:54.09,33:41:15.35,50.428183,-53.454251,39515.0,159364.68523909658,74
287256234,287256234,eastbound,B788,KORD,EHAM,28:55:31.29,33:29:41.30,53.737381,-57.130153,42186.0,165402.59475725636,83
287256705,287256705,eastbound,B789,KPHL,LFMN,28:56:14.15,33:34:48.22,49.585467,-53.449035,40875.0,191879.07316493843,83
287256494,287256494,eastbound,B789,CYYZ,EPWA,28:56:34.25,33:51:35.28,53.386529,-56.138434,40555.0,193896.05405284546,84
287255975,287255975,eastbound,A333,KJFK,EIDW,28:57:15.63,32:48:28.37,50.695459,-54.004687,38889.0,190065.124619683,66
287256304,287256304,eastbound,A332,KDTW,EIDW,28:59:14.57,32:46:10.92,52.931425,-55.814039,40117.0,189619.2621449467,68
287256415,287256415,eastbound,B772,KIAD,EDDF,28:59:32.57,33:43:47.42,51.524104,-55.094508,38654.0,219453.55767283973,85
287255964,287255964,eastbound,B752,KEWR,EBBR,28:59:36.45,33:45:09.19,51.304274,-55.130123,37325.0,91934.37667532297,84
287232106,287232106,eastbound,B789,MMMX,LFPG,29:01:00.07,33:33:05.75,51.670839,-55.083785,40711.0,179741.54264218453,59
287255748,287255748,eastbound,A339,KSEA,EHAM,29:01:01.82,33:52:21.09,63.034755,-65.045293,39941.0,204887.47822821361,70
287232355,287232355,eastbound,B788,KLAX,EPWA,29:01:02.87,33:59:03.97,56.99807,-61.162685,41804.0,161797.34809956333,58
287256370,287256370,eastbound,B763,KJFK,BIKF,29:01:16.09,31:40:31.74,53.450098,-57.07572,40172.0,144026.34225991264,46
287256239,287256239,eastbound,B789,KJFK,LOWW,29:01:51.44,33:51:26.24,51.84361,-55.177801,39938.0,193936.00029488796,83
287232505,287232505,eastbound,A359,KDEN,EDDF,29:02:22.46,34:01:47.57,54.708516,-58.377981,39802.0,228760.3585562499,71
287257162,287257162,westbound,A359,LIRF,CYYZ,29:06:43.95,34:45:08.21,45.607192,-6.665801,39421.0,231522.6660599504,88
287255533,287255533,eastbound,B764,KEWR,LEMD,29:07:23.60,33:42:42.27,48.902513,-52.644557,36662.0,170241.45613569982,80
287256081,287256081,eastbound,A333,KMCO,EGCC,29:08:58.52,33:18:00.32,50.613332,-53.660654,39902.0,183312.41938507312,67
287255644,287255644,eastbound,B78X,KORD,EBBR,29:09:00.28,33:41:21.81,53.042549,-56.152248,39362.0,215834.06123365017,83
287256219,287256219,eastbound,B763,KEWR,EGLL,29:09:27.47,33:33:04.16,50.24227,-54.088151,39619.0,151914.19764309295,77
287232483,287232483,eastbound,A343,KDEN,LSZH,29:09:42.51,34:06:39.19,53.335669,-56.042379,37934.0,215686.17944268757,66
287257021,287257021,eastbound,A339,KBOS,EGLL,29:10:26.18,33:34:27.88,50.870132,-54.530174,40177.0,198332.6541587408,77
287255799,287255799,eastbound,B77W,KDFW,EGLL,29:10:51.84,33:21:07.56,52.944451,-56.057604,39066.0,264382.70762193674,67
287256586,287256586,eastbound,B78X,KEWR,EGLL,29:11:01.78,33:20:16.39,50.492236,-54.509468,38866.0,219299.6134295661,76
287257178,287257178,eastbound,B772,KBOS,BIKF,29:11:18.23,31:44:52.16,52.892578,-56.239147,39838.0,204414.86698449566,47
287256687,287256687,eastbound,A332,CYYZ,EGKK,29:11:27.39,33:31:52.01,52.4833,-55.800874,39759.0,192046.23507299312,79
287256658,287256658,eastbound,B772,CYYZ,BIKF,29:11:30.50,31:43:59.86,55.023851,-59.207574,40315.0,204015.59495165004,48
287256887,287256887,eastbound,B772,CYYZ,BIKF,29:13:43.49,31:46:00.87,54.809522,-59.002509,40316.0,203958.36348482344,46
287256049,287256049,eastbound,A333,KMSP,LIRF,29:13:46.24,34:16:49.82,53.099278,-56.12923,39345.0,186096.6817900079,71
287256137,287256137,eastbound,B763,KIAD,EHAM,29:13:52.11,33:54:14.70,51.587818,-55.081679,38687.0,154070.72692358127,81
287256102,287256102,eastbound,B763,KJFK,EIDW,29:14:12.52,33:02:32.26,51.32722,-54.900912,38964.0,149215.7665659585,68
287232142,287232142,eastbound,B789,KAUS,EHAM,29:15:49.21,33:43:59.72,53.293865,-55.857324,40919.0,182572.61171148648,66
287257518,287257518,eastbound,A333,CYQB,LFPG,29:16:05.39,34:01:38.00,51.800157,-54.87593,38430.0,192523.61217430411,84
287256231,287256231,eastbound,B78X,KORD,LGAV,29:18:39.14,33:56:52.20,52.21609,-54.987825,38628.0,215592.86202266993,62
287257252,287257252,eastbound,B763,KBOS,EIDW,29:19:11.35,33:06:10.75,51.073872,-54.398733,38792.0,149150.49157972037,67
287256531,287256531,eastbound,B752,KIAD,EGPH,29:20:21.03,33:28:47.64,51.484045,-55.307053,37514.0,89047.90734229895,73
287256258,287256258,eastbound,A343,KJFK,EDDF,29:20:38.09,34:23:11.75,51.409553,-54.845224,37992.0,208744.91307871338,87
287256089,287256089,eastbound,B772,CYVR,EGLL,29:20:59.99,33:41:50.19,63.391915,-64.596612,39392.0,215866.11895242732,70
287257238,287257238,eastbound,A333,CYUL,LEMD,29:21:04.59,34:04:24.22,50.538318,-54.349106,38234.0,191532.79387897407,81
287256589,287256589,eastbound,B789,MKJS,EGLL,29:21:18.54,35:04:20.26,37.816156,-63.543432,40735.0,192997.71336808798,87
287256610,287256610,eastbound,A333,KDTW,EHAM,29:21:51.60,34:09:10.21,52.682528,-56.070278,39006.0,188135.37349120982,82
287256425,287256425,eastbound,B752,KORD,BIKF,29:23:09.00,31:59:43.79,55.509294,-59.363291,40670.0,84261.01151283039,47
287256365,287256365,eastbound,B788,KCVG,EGLL,29:23:34.49,33:37:39.81,52.195155,-55.77021,42426.0,163674.38881305826,78
287255941,287255941,eastbound,B772,KDFW,EIDW,29:23:47.57,33:01:25.71,53.092972,-55.78165,39498.0,209617.4889583538,62
287256783,287256783,eastbound,A333,CYUL,DAAG,29:25:43.16,34:15:13.53,50.695459,-54.141868,38243.0,191463.35549887017,83
287256655,287256655,eastbound,A388,KIAD,EGLL,29:26:32.18,33:34:47.04,51.353552,-55.045322,39302.0,446389.44960668974,77
287256468,287256468,eastbound,B752,KIAD,EIDW,29:27:02.28,33:16:58.84,51.231754,-54.877772,37610.0,88525.28743965673,67
287256499,287256499,eastbound,A333,KJFK,LEBL,29:28:21.36,34:13:03.24,48.488683,-52.748622,38938.0,190044.1446655942,80
287232368,287232368,eastbound,B772,KSFO,LIRF,29:28:56.34,34:15:16.12,52.78916,-56.511082,38624.0,220670.3593279492,54
287256287,287256287,eastbound,B789,CYYC,EIDW,29:30:55.94,33:27:10.02,59.763675,-63.760929,41445.0,181606.4869590302,69
287256587,287256587,eastbound,B764,KJFK,LFPG,29:32:34.86,34:12:59.16,50.99166,-54.374897,36241.0,170556.26856913065,82
287257120,287257120,eastbound,B77W,CYYZ,LFPG,29:32:45.35,34:05:30.15,51.96114,-55.787816,38094.0,267155.52543731785,85
287256288,287256288,eastbound,B764,KATL,EGLL,29:32:47.87,33:54:17.31,51.717251,-55.311135,36281.0,171203.91994094697,75
287257041,287257041,eastbound,B789,CYYZ,EGLL,29:33:49.56,33:45:50.59,52.427532,-55.900618,40747.0,187021.89223821022,77
287256832,287256832,eastbound,A333,CYYZ,LPPT,29:36:02.25,33:56:31.26,49.334222,-52.978825,38984.0,189030.19705733308,77
287256489,287256489,eastbound,A388,KIAD,EDDM,29:37:07.34,34:20:09.80,51.715127,-54.448385,39008.0,459514.07240916736,82
287256502,287256502,eastbound,A388,KJFK,LIMC,29:37:18.55,34:18:48.20,50.425405,-54.150441,39152.0,455285.20033378754,86
287232330,287232330,eastbound,B789,KLAX,EGKK,29:37:45.23,33:54:40.95,54.109618,-57.396702,41058.0,177762.00995654325,59
287256504,287256504,eastbound,A333,KEWR,LSZH,29:37:53.52,34:39:14.14,50.548674,-54.130994,38722.0,190089.4715104246,85
287232057,287232057,eastbound,B77W,KLAX,EGLL,29:37:57.61,33:50:47.26,54.572763,-57.656474,40187.0,262909.1548114166,58
287256526,287256526,eastbound,B789,CYUL,EGLL,29:38:40.68,33:50:43.66,52.28901,-55.469289,39991.0,188198.25544227206,78
287232416,287232416,eastbound,B789,KLAX,EGLL,29:38:47.60,33:55:11.98,54.097551,-57.718496,41044.0,177693.58679318507,59
287256711,287256711,eastbound,B764,KIAD,LFPG,29:39:38.65,34:21:00.73,51.124183,-54.648296,36303.0,171238.69901672192,82
287255796,287255796,eastbound,B772,MMUN,EGKK,29:41:06.15,33:50:12.83,51.481641,-54.326138,38893.0,210849.55230533774,61
287255829,287255829,eastbound,B763,KEWR,LIRN,29:41:06.22,34:30:31.40,50.120489,-53.419049,38717.0,160282.3497908532,77
287256521,287256521,eastbound,B763,KORD,EGLL,29:41:44.80,34:05:00.05,53.157235,-56.43489,39902.0,153213.9767011741,79
287256283,287256283,eastbound,B764,KATL,LFPG,29:45:41.66,34:23:04.79,51.533505,-54.00231,36203.0,172613.0032609898,76
287256775,287256775,eastbound,A333,KJFK,EFHK,29:46:10.18,35:13:15.58,52.69014,-56.542494,38852.0,190070.79791904864,92
287256512,287256512,eastbound,B772,KIAD,EGLL,29:47:36.67,33:57:25.11,50.682191,-54.706756,38912.0,214760.1528478433,77
287256464,287256464,eastbound,B77L,KATL,EDDF,29:48:22.74,34:30:34.36,52.031329,-55.052804,39766.0,237244.1616036401,75
287257201,287257201,eastbound,A333,KBOS,LPPR,29:48:42.08,33:58:31.28,47.490522,-52.664954,38727.0,191590.57912544964,73
287256440,287256440,eastbound,B789,CYYC,EGLL,29:49:01.00,34:13:42.85,59.91582,-63.666485,41256.0,183879.2455070164,73
287256022,287256022,eastbound,A35K,KDEN,EGLL,29:51:13.90,34:09:46.57,54.140777,-57.002669,39115.0,256478.46733878186,68
287256900,287256900,eastbound,B78X,KORD,EGLL,29:51:57.93,34:01:40.12,52.717431,-55.854827,38748.0,215723.50302050562,78
287257250,287257250,eastbound,A333,CYUL,LFBO,29:52:22.87,34:45:25.05,51.333455,-54.669059,38291.0,191571.40021415535,84
287256691,287256691,eastbound,A333,CYUL,LPPT,29:52:41.07,34:12:50.32,49.473222,-53.023945,38708.0,191270.49481071948,76
287232386,287232386,eastbound,B77W,KSAN,EGLL,29:55:17.20,34:10:29.96,54.296523,-58.060195,40013.0,264578.5968512847,59
287256958,287256958,eastbound,B77W,KJFK,EGLL,29:56:31.93,34:03:17.49,50.693705,-54.050355,38787.0,263316.976549056,76
287257322,287257322,eastbound,B77L,CYYZ,EGLL,29:56:50.68,34:08:11.41,52.705328,-56.15841,41504.0,233490.98900370044,78
287255594,287255594,eastbound,B77W,KLAX,EGLL,29:57:03.69,34:12:02.67,54.19874,-57.940015,39890.0,265441.8041412629,60
287256561,287256561,eastbound,B788,KORD,LFPG,29:57:32.59,34:33:56.51,53.02529,-56.35436,42231.0,165444.75797822353,83
287256470,287256470,eastbound,A333,KORD,EIDW,29:57:39.11,33:52:19.91,52.830902,-56.208138,39135.0,186771.13133957554,69
287232455,287232455,eastbound,B78X,KLAX,EHAM,29:57:42.85,34:25:46.74,54.322909,-57.082993,41097.0,205655.71242567498,61
287256513,287256513,eastbound,B752,KEWR,BIKF,29:59:10.64,32:40:29.03,52.748794,-56.368633,38431.0,84675.75012163741,46
287257003,287257003,eastbound,B772,KIAD,BIKF,29:59:49.30,32:32:47.37,53.227055,-56.534919,40013.0,203511.9689036356,46
287256797,287256797,eastbound,B77W,KJFK,EGLL,29:59:52.68,34:08:08.12,50.596997,-53.927632,39046.0,264330.50195258483,76
287256659,287256659,eastbound,A359,KORD,EDDM,30:00:36.74,34:54:59.38,53.212508,-55.965778,39577.0,228283.15296253652,79
287256199,287256199,eastbound,B752,KEWR,LPPR,30:00:51.18,34:08:56.10,47.81037,-52.873096,39890.0,89885.2433228866,71
287256968,287256968,eastbound,B763,KJFK,EGKK,30:01:21.41,34:23:49.88,50.405308,-54.087013,38976.0,152323.41674752935,77
287232273,287232273,eastbound,A339,KSFO,LPPT,30:02:12.09,34:24:06.38,49.811446,-53.58813,39345.0,202228.14035145915,57
287256394,287256394,eastbound,B772,MYNN,EGLL,30:03:14.22,34:12:33.48,49.083589,-52.727935,39680.0,212159.8866114691,68
287255630,287255630,eastbound,A359,KLAX,LFPG,30:04:29.90,34:43:04.47,54.092441,-56.995165,39929.0,229710.75226577785,61
287257375,287257375,eastbound,A333,CYYZ,EGCC,30:05:44.77,34:16:28.42,52.365926,-55.4221,38755.0,189460.02430401143,74
287256673,287256673,eastbound,A333,KEWR,LPPR,30:08:23.97,34:19:53.33,47.717328,-52.847531,38903.0,190222.95296817992,74
287256296,287256296,eastbound,B772,KBNA,BIKF,30:11:25.89,32:45:11.98,54.78362,-59.201147,40227.0,203220.76230904125,47
287232352,287232352,eastbound,A388,KSFO,EGLL,30:11:39.98,34:23:47.99,55.752319,-58.918209,39795.0,472722.98312253767,59
287256424,287256424,eastbound,A339,KTPA,EGLL,30:12:32.37,34:32:56.47,52.141276,-54.439043,39435.0,200940.79336543434,68
287256755,287256755,eastbound,B752,KEWR,EINN,30:13:36.07,33:52:24.93,50.773106,-54.775697,37692.0,88114.41002255063,64
287256506,287256506,eastbound,B788,KJFK,EPWA,30:13:45.83,35:10:54.21,52.349571,-55.360267,41856.0,172486.60296791056,84
287257535,287257535,eastbound,B77W,KEWR,LGAV,30:15:05.11,34:50:13.96,50.765417,-53.509506,37793.0,285943.06418693776,69
287257554,287257554,eastbound,A333,CYYZ,EIDW,30:15:33.89,34:08:10.06,52.357187,-55.482322,38749.0,189487.56711159265,69
287256746,287256746,eastbound,A333,KMSP,EHAM,30:15:47.78,35:07:07.06,53.457577,-57.455031,39314.0,186394.81353956895,82
287256039,287256039,eastbound,B772,KIAH,EGLL,30:17:25.90,34:27:12.77,52.188869,-55.306934,38715.0,212097.2035312083,64
287256625,287256625,eastbound,B788,KORD,LIMC,30:18:31.83,34:59:53.17,52.636494,-55.4263,41958.0,168315.50871295264,76
287257489,287257489,eastbound,B789,KPHL,LIRF,30:19:08.08,34:55:45.20,49.899993,-53.233238,40651.0,194326.41584700614,77
287256886,287256886,eastbound,B789,KORD,EGLL,30:20:56.90,34:34:56.66,53.254594,-56.701377,41135.0,185429.54973571474,79
287256376,287256376,eastbound,A339,KMIA,EDDF,30:21:09.60,35:18:50.15,50.581756,-53.291077,39876.0,205225.68337847805,69
287258124,287258124,eastbound,A333,KBOS,LEMD,30:21:48.63,34:59:39.27,47.648672,-52.772585,38724.0,191585.92527901783,80
287255625,287255625,eastbound,A359,KSAN,EDDM,30:22:04.08,35:20:08.35,54.252733,-57.941584,39597.0,233775.90946910094,58
287255694,287255694,eastbound,A388,KLAX,EDDM,30:22:19.32,35:10:26.75,54.703448,-58.124624,39223.0,486776.4027963152,58
287257507,287257507,eastbound,A332,CYYZ,LPPR,30:24:01.56,34:30:02.87,49.959342,-53.358179,38998.0,190919.0640326953,75
287256862,287256862,eastbound,A333,KJFK,EGPH,30:24:05.55,34:30:45.59,51.503758,-54.738929,38547.0,190016.7762618046,71
287256542,287256542,eastbound,B772,KBNA,EGLL,30:24:55.10,34:32:48.96,51.931413,-55.040959,38652.0,213802.28218879388,75
287256149,287256149,eastbound,A339,KSEA,LFPG,30:25:08.20,35:29:07.79,60.911023,-64.859246,39824.0,206103.20426191902,71
287257006,287257006,eastbound,B772,KORD,BIKF,30:25:51.26,32:55:08.46,55.520222,-59.133814,40290.0,202949.66878823034,46
287256627,287256627,eastbound,B789,CYYC,EGLL,30:30:28.58,34:53:44.80,59.712288,-62.998061,41242.0,184067.66232873395,73
287256946,287256946,eastbound,B772,KJFK,BIKF,30:31:59.66,33:03:50.09,53.341736,-56.542566,40061.0,203988.86083514144,47
287257928,287257928,eastbound,B788,KPHL,LFPG,30:33:11.82,35:04:34.79,50.132906,-53.737322,42365.0,166998.08741830473,82
287255786,287255786,eastbound,B772,KSFO,LEBL,30:34:12.92,35:12:56.95,52.827315,-55.545545,38803.0,216581.95924616297,56
287256565,287256565,eastbound,B789,KMIA,EGLL,30:35:36.10,34:42:14.94,48.962013,-52.541631,41365.0,182097.34480473847,67
287257092,287257092,eastbound,A35K,KJFK,EGLL,30:35:54.41,34:52:51.44,51.611294,-54.972308,38678.0,250117.57106744958,77
287256578,287256578,eastbound,B788,KORD,EIDW,30:36:00.52,34:24:40.16,53.390588,-57.118912,42635.0,161515.98840816107,70
287258131,287258131,eastbound,B789,KJFK,LFPG,30:37:20.65,35:07:12.32,49.810582,-53.546207,41142.0,188957.9142146556,82
287256809,287256809,eastbound,B772,KATL,LFPG,30:37:59.06,35:04:46.64,51.379387,-54.317393,38596.0,215694.9908550534,76
287256203,287256203,eastbound,B77W,MMUN,LFPG,30:40:15.15,35:09:42.80,51.237099,-54.850401,38689.0,265354.02542021085,64
287257661,287257661,eastbound,B77L,KORD,EDDF,30:41:00.45,35:30:46.45,53.275844,-56.420705,41474.0,237848.7646840215,83
287257451,287257451,eastbound,B763,KJFK,BIKF,30:41:18.42,33:20:23.45,53.282258,-56.65573,40021.0,144130.90303728622,48
287256298,287256298,eastbound,A332,KDEN,EIDW,30:42:01.45,34:26:36.00,54.053096,-56.624374,40365.0,192363.55651896598,63
287255762,287255762,eastbound,A339,KSFO,LIRF,30:44:26.15,35:50:44.17,52.589365,-56.411112,39741.0,203419.34521366245,54
287255704,287255704,eastbound,A339,KLAX,EDDF,30:44:29.35,35:50:05.82,53.636518,-57.433141,39942.0,203796.85983827288,60
287257328,287257328,eastbound,A333,CYYZ,EHAM,30:46:10.05,35:33:39.60,52.375629,-55.935163,38687.0,189675.4432281928,84
287255769,287255769,eastbound,A333,KSFO,EIDW,30:46:24.29,34:46:00.83,55.25447,-58.72411,40691.0,176153.49547650662,55
287255828,287255828,eastbound,B77L,MMMX,LEBL,30:47:18.27,35:14:53.74,49.371784,-53.445832,42271.0,237680.16205385316,54
287256614,287256614,eastbound,A332,KSEA,EIDW,30:48:59.24,34:52:22.82,60.160297,-64.89195,40190.0,195500.08608188084,67
287257138,287257138,eastbound,B77W,KATL,EHAM,30:50:01.93,35:17:00.92,51.987598,-55.106983,38636.0,266690.6814603463,76
287256953,287256953,eastbound,B763,KATL,EGPH,30:50:25.48,34:47:04.93,52.070324,-55.665482,38898.0,151686.2904450236,70
287257538,287257538,eastbound,B789,KJFK,ENGM,30:52:32.75,35:23:34.24,52.884217,-55.82084,40661.0,188713.33867137335,83
287257188,287257188,eastbound,B772,KCLT,EGLL,30:56:22.40,35:05:03.13,51.736424,-54.938468,38764.0,213654.7982266988,76
287256613,287256613,eastbound,B772,KDFW,EGLL,30:59:13.85,35:06:36.51,52.687624,-55.205553,38990.0,212683.77595190215,66
287257050,287257050,eastbound,B788,KORD,EIDW,30:59:33.56,34:42:25.44,53.149216,-56.240621,42646.0,161102.06445035132,69
287255810,287255810,eastbound,A339,KSFO,EDDF,31:01:52.19,36:07:36.09,55.579246,-58.853223,40028.0,204130.68331719068,60
287255851,287255851,eastbound,A359,KLAX,LEMD,31:05:37.52,35:40:35.75,51.676878,-54.732694,39430.0,230975.05985413236,59
287256760,287256760,eastbound,B772,KMIA,LIRF,31:06:46.04,35:36:58.02,49.208966,-52.270041,39033.0,221486.58364766097,60
287257109,287257109,eastbound,A343,KORD,EDDF,31:09:11.33,36:06:26.67,52.8164,-55.733291,38047.0,211229.0662156936,81
287259415,287259415,eastbound,B789,KJFK,LIRF,31:09:12.60,35:49:22.82,49.490154,-53.147186,40662.0,194817.7575051634,80
287259370,287259370,eastbound,A333,CYYZ,EDDF,31:09:36.86,36:14:33.68,52.274738,-55.764826,38660.0,189617.0897243346,87
287262766,287262766,westbound,A332,LFRS,CYUL,31:10:35.61,36:47:26.60,48.269034,-6.40225,39582.0,196454.79597088785,95
287256163,287256163,eastbound,B77W,KLAX,LFPG,31:14:19.67,35:43:31.94,53.202431,-55.70283,39408.0,267233.9265236506,61
287257575,287257575,eastbound,A339,KMSP,EGLL,31:17:30.70,35:41:29.03,53.321715,-56.347648,39871.0,200492.49244516683,77
287256844,287256844,eastbound,B77W,CYVR,EGLL,31:21:04.93,35:41:39.67,63.774163,-64.486311,40136.0,267244.2553768373,70
287262326,287262326,westbound,B77W,LFPG,KJFK,31:22:43.07,37:11:49.15,48.067441,-6.578734,39581.0,276605.3377728217,98
287255940,287255940,eastbound,A359,MMMX,LEMD,31:24:24.46,35:50:57.55,48.565513,-52.892845,40146.0,229282.7685952585,57
287256481,287256481,eastbound,B77W,KIAH,EGLL,31:26:19.45,35:36:20.55,52.397875,-55.514104,38669.0,264288.23937455,65
287256514,287256514,eastbound,B789,KDEN,EGLL,31:28:11.20,35:38:59.11,53.976428,-56.381087,41197.0,180774.68113468154,67
287256634,287256634,eastbound,A333,KDFW,LEMD,31:36:10.01,36:23:32.21,50.809575,-54.12,39305.0,181340.52013644011,69
287256817,287256817,eastbound,B78X,KPDX,EGLL,31:36:20.90,35:58:21.66,59.79531,-63.053817,41045.0,209664.49890831488,65
287264461,287264461,westbound,A333,EGPF,CYYZ,31:38:00.00,36:33:30.57,56.662222,-7.859722,37948.0,197329.4,84
287262968,287262968,westbound,A333,LFPG,KDTW,31:41:20.35,37:31:47.59,48.894553,-6.491638,38237.0,195539.23208028995,97
287261626,287261626,westbound,A332,DAAG,CYUL,31:42:37.53,37:07:06.28,42.076328,-12.238927,39674.0,197953.12550320168,94
287260213,287260213,eastbound,B772,KJFK,EHAM,31:42:40.61,36:12:46.21,51.302859,-55.291003,38782.0,217681.7690901551,82
287262788,287262788,westbound,B788,LFPG,SKBO,31:42:59.07,37:33:28.68,48.268343,-6.613043,40392.0,193073.96241084774,77
287257576,287257576,eastbound,A339,KATL,EGLL,31:43:01.18,36:03:09.08,51.531488,-54.266575,39120.0,200945.89005684134,73
287258122,287258122,eastbound,B772,KATL,EGLL,31:43:35.41,35:49:57.87,51.509666,-54.479943,38664.0,213347.41142631567,73
287257098,287257098,eastbound,B77W,KSEA,EGLL,31:47:27.79,36:09:34.18,63.366973,-64.9886,40216.0,265983.67410353257,68
287256527,287256527,eastbound,B772,KSFO,EDDF,31:52:37.24,36:49:58.42,55.662259,-59.973763,39149.0,215779.76846607565,63
287256213,287256213,eastbound,A343,KLAX,EDDF,31:53:29.20,36:59:03.86,55.451872,-58.831615,37993.0,218432.08305841824,61
287262199,287262199,westbound,B77L,EBLG,KIND,31:55:46.46,36:42:39.41,52.783472,-13.222403,41911.0,248259.15306333362,83
287256721,287256721,eastbound,B789,KDEN,EDDM,31:59:03.74,36:51:58.34,53.591121,-57.216571,40714.0,186394.9219894406,67
287260090,287260090,eastbound,B748,KORD,ELLX,32:01:39.67,36:35:48.61,52.765916,-55.1113,37625.0,370670.00514437445,83
287259519,287259519,eastbound,B788,KORD,EPWA,32:02:48.69,36:59:24.32,54.379113,-57.302733,41805.0,170286.21811377333,77
287257078,287257078,eastbound,A339,KSEA,EGLL,32:03:14.69,36:35:09.42,63.258851,-64.386501,40030.0,203894.4089360126,68
287256574,287256574,eastbound,A359,KLAX,EKCH,32:03:29.42,36:58:41.32,56.604726,-60.216733,39939.0,229872.8334342918,64
287265272,287265272,westbound,B789,EGPH,CYYZ,32:03:48.61,36:42:10.87,56.901051,-8.322667,40770.0,199180.50521385449,81
287260766,287260766,eastbound,B77W,KJFK,LFPG,32:04:56.17,36:33:23.73,50.756342,-54.366322,38059.0,266788.08298088016,83
287256260,287256260,eastbound,B748,MMMX,EDDF,32:05:50.19,36:48:54.68,51.978538,-55.491692,38187.0,364910.4655434448,59
287258501,287258501,eastbound,B789,KORD,EGLL,32:07:01.06,36:21:41.93,53.036551,-56.704345,41082.0,185440.99626196412,79
287263397,287263397,westbound,B763,EGLL,KEWR,32:07:47.05,37:28:03.54,51.727871,-12.791068,40209.0,156451.8630013402,89
287256643,287256643,eastbound,B77W,KSFO,LSZH,32:10:28.68,36:56:32.66,53.168354,-56.817332,39340.0,270267.2413514554,58
287258810,287258810,eastbound,A333,KJFK,LIMC,32:11:51.30,37:10:40.50,49.883308,-53.792785,38909.0,190147.07836243935,84
287261395,287261395,eastbound,B744,KDOV,ETAR,32:12:12.83,36:54:19.46,50.6767,-54.113021,38061.0,289636.4453450884,86
287256151,287256151,eastbound,B788,MMMX,LIRF,32:15:44.47,36:59:47.87,50.227078,-54.31939,41732.0,162934.96286102518,52
287257981,287257981,eastbound,B772,CYVR,EGLL,32:16:02.34,36:36:33.08,63.391413,-64.50833,39451.0,214835.6964958011,69
287264945,287264945,westbound,B752,EIDW,KIAD,32:17:48.22,37:37:57.37,52.711979,-13.221163,36969.0,96736.3773966192,88
287263132,287263132,westbound,B77W,LFPG,CYUL,32:18:49.05,37:04:52.16,53.819942,-12.172005,40110.0,269439.95063376427,81
287263492,287263492,westbound,B788,EBBR,MDPC,32:18:53.22,38:21:42.50,50.698626,-5.917224,41191.0,184604.74272526073,99
287265461,287265461,westbound,B763,EGPH,KATL,32:21:04.48,38:17:11.99,54.767636,-7.887609,39250.0,163486.1283300074,97
287264350,287264350,westbound,B77W,EGLL,CYYZ,32:21:35.75,37:01:32.30,53.78403,-11.687554,39745.0,274409.27727425337,83
287260089,287260089,eastbound,A339,KJFK,EGLL,32:22:22.22,36:42:39.22,50.196382,-53.676698,40154.0,198911.01670331744,76
287262859,287262859,westbound,B78X,EDDF,KORD,32:22:29.03,36:50:25.41,56.519981,-7.804451,39909.0,221828.82581081512,76
287264255,287264255,westbound,A333,LFPG,KJFK,32:23:30.82,38:21:34.50,48.83223,-6.027699,38237.0,195586.63119245658,97
287257578,287257578,eastbound,B77W,KDFW,EGLL,32:23:43.10,36:30:24.87,52.537091,-54.931508,38926.0,263958.6040647892,66
287263850,287263850,westbound,A333,EGLL,KJFK,32:23:43.13,38:17:08.99,50.733512,-6.239246,38093.0,196459.6850692984,98
287260951,287260951,westbound,A332,LYBE,KJFK,32:24:03.68,38:15:53.30,49.976878,-6.41319,39501.0,201404.83055316668,90
287264371,287264371,westbound,B763,EGLL,KORD,32:25:55.26,37:15:42.18,53.942166,-8.520939,39565.0,161690.77458200388,80
287263938,287263938,westbound,B763,LSGG,KEWR,32:27:29.89,38:29:17.73,47.732171,-5.987079,39884.0,159541.9314231383,99
287263980,287263980,westbound,B77W,EGLL,KDFW,32:27:38.96,36:53:41.89,54.106014,-8.825403,38440.0,293116.67642643827,65
287264131,287264131,westbound,A333,EGLL,KBOS,32:27:47.41,37:34:44.99,51.75415,-13.325104,38421.0,194431.0565768631,87
287264167,287264167,westbound,B772,EGLL,KJFK,32:31:33.17,37:39:45.24,51.818876,-13.27415,39183.0,223568.81920057026,85
287256606,287256606,eastbound,B77W,KLAX,LSZH,32:32:32.16,37:16:17.11,52.642315,-56.04882,39076.0,271518.66869493056,58
287256750,287256750,eastbound,B789,KSFO,EGLL,32:32:58.75,36:54:10.50,55.567148,-59.595503,41170.0,177869.61550349538,60
287260609,287260609,eastbound,B763,KIAD,LSZH,32:33:07.62,37:29:08.65,50.795721,-54.221264,38644.0,156605.38511469332,84
287264720,287264720,westbound,B772,LFPG,KEWR,32:33:44.57,38:14:34.52,48.939155,-6.000707,38863.0,228327.44775098684,99
287266052,287266052,westbound,B789,EIDW,CYVR,32:34:00.00,36:42:58.45,54.774444,-9.036944,39768.0,210828.2,67
287264799,287264799,westbound,A333,LFPG,CYUL,32:34:01.37,38:05:40.30,49.590651,-6.140045,38245.0,195554.84655090098,95
287264615,287264615,westbound,B789,EBBR,CYYZ,32:34:08.50,37:23:39.33,54.220673,-8.048465,40725.0,198208.28607785836,85
287262496,287262496,westbound,B77W,EDDF,KJFK,32:35:07.38,37:44:29.31,51.582711,-13.278239,39905.0,272213.4279777871,86
287266332,287266332,westbound,B752,EINN,KORD,32:40:00.00,37:11:43.77,54.013889,-13.077778,38274.0,98659.4,75
287265311,287265311,westbound,B789,LFBO,CYUL,32:43:17.25,38:19:18.94,46.223202,-6.006829,40758.0,198353.42111383282,97
287263862,287263862,westbound,B77L,EBLG,KMEM,32:43:39.80,37:51:18.04,51.178723,-13.501883,41587.0,253025.36864715544,78
287263139,287263139,westbound,B764,EDDM,KATL,32:44:19.55,38:46:25.08,50.622655,-6.663662,33367.0,181862.6316882074,84
287266082,287266082,westbound,B788,EIDW,CYUL,32:45:00.00,37:41:59.35,54.169722,-9.419444,42248.0,175434.5,84
287264029,287264029,westbound,A339,LIMC,KBOS,32:45:07.28,38:39:20.81,46.885339,-6.000818,39576.0,205614.4332056161,100
287265334,287265334,westbound,B772,LFPG,KCLT,32:45:44.53,38:36:01.94,48.761203,-6.002455,38393.0,234839.2902520788,100
287256763,287256763,eastbound,B77W,KSFO,EGLL,32:48:21.19,37:05:30.81,55.383299,-59.251193,39992.0,264198.10646695714,60
287263964,287263964,westbound,B763,LFPG,KATL,32:48:54.96,38:56:25.87,48.716446,-6.174257,39109.0,165587.68173134557,96
287264331,287264331,westbound,A359,EHAM,KDTW,32:50:24.24,37:29:02.54,56.564395,-8.387596,39477.0,229026.97636615034,81
287262639,287262639,eastbound,B763,KJFK,EINN,32:50:36.84,36:27:06.41,50.60747,-54.063322,40091.0,148987.4801256798,64
287264130,287264130,westbound,A333,LSZH,KORD,32:51:21.69,38:44:13.05,47.412015,-6.903923,38618.0,193262.15791776337,84
287266747,287266747,westbound,B772,EGPH,CYHZ,32:53:26.42,37:26:08.76,55.363294,-7.617254,39540.0,219160.39428931443,79
287266121,287266121,westbound,B763,ESSA,KJFK,32:56:57.20,39:11:13.44,62.714622,6.851487,39550.0,161530.66320372047,105
287262150,287262150,eastbound,B77L,KORD,EGPK,32:58:24.14,36:42:09.18,53.259488,-56.796637,42877.0,229702.58817857903,69
287263133,287263133,westbound,A339,LIRF,KDTW,33:00:27.83,38:50:43.39,44.854026,-7.033974,39091.0,211909.568205786,84
287256927,287256927,eastbound,A35K,KLAX,EGLL,33:01:46.43,37:18:28.65,52.973519,-56.019831,38890.0,259839.03203835734,58
287264937,287264937,westbound,B78X,EHAM,SKBO,33:02:12.53,38:52:07.09,50.362961,-6.655594,39608.0,223890.38447018163,75
287264044,287264044,westbound,A359,EHAM,KATL,33:02:43.02,38:16:44.31,51.440158,-12.961702,39179.0,232999.2643833653,85
287264995,287264995,westbound,A359,EHAM,KMSP,33:05:21.94,37:19:58.57,57.206254,-8.318754,39277.0,231377.11284418477,74
287265141,287265141,westbound,B772,EGLL,KBOS,33:05:32.34,38:04:58.89,51.820909,-13.278221,39349.0,221244.80635004977,87
287264349,287264349,westbound,B744,EBLG,KATL,33:06:02.81,38:15:33.43,51.258227,-12.904794,38107.0,306271.46468124824,84
287264979,287264979,westbound,B789,EHAM,KSAN,33:07:15.98,37:01:19.39,59.116662,-8.737585,39289.0,214390.57485268055,51
287256907,287256907,eastbound,A388,KLAX,EGLL,33:08:14.49,37:15:26.23,53.043459,-55.930812,39460.0,473968.361685649,58
287266060,287266060,westbound,B772,EIDW,KEWR,33:08:43.89,38:11:22.36,51.944599,-13.466501,39151.0,224329.98331994007,88
287266535,287266535,westbound,B789,EIDW,KPHL,33:09:59.13,38:16:07.79,52.511781,-13.119501,40893.0,197366.0732979796,89
287267697,287267697,eastbound,B772,BIKF,LEAL,33:11:00.00,36:02:29.14,62.313888,-19.886389,40117.0,211239.5,52
287257081,287257081,eastbound,B772,KLAS,EHAM,33:13:14.88,37:40:06.57,53.230518,-55.995572,39104.0,211826.40409359676,62
287265518,287265518,westbound,B744,EBLG,KORD,33:13:43.95,37:44:08.06,55.259465,-7.881423,38232.0,303567.9919988568,77
287263668,287263668,westbound,B772,EDDM,KCLT,33:15:33.35,38:25:38.43,51.153358,-13.414937,38744.0,228984.1608857138,80
287260560,287260560,eastbound,B763,KEWR,EGLL,33:16:26.44,37:38:00.31,51.212607,-54.679749,38745.0,151772.85364909624,77
287266335,287266335,westbound,A333,LFPO,KEWR,33:18:41.29,39:14:52.57,48.803044,-6.132698,38237.0,195577.02516168717,100
287265174,287265174,westbound,A332,EHAM,TNCM,33:19:11.94,39:20:27.47,50.16014,-6.325526,38825.0,205036.36583676247,103
287265346,287265346,westbound,B772,EHAM,KEWR,33:19:33.75,38:22:53.40,55.107051,-7.833762,39007.0,226107.47406229566,90
287265095,287265095,westbound,A333,LSZH,CYYZ,33:20:33.36,39:18:01.93,47.683025,-6.1676,38581.0,193500.5433383831,97
287264952,287264952,westbound,B789,EHAM,KLAX,33:21:34.55,37:24:15.26,57.314717,-8.652917,39290.0,214541.87257016165,52
287257262,287257262,eastbound,A35K,KPHX,EGLL,33:21:53.48,37:36:36.25,52.990335,-55.383111,38855.0,259282.10945430023,60
287267651,287267651,westbound,B789,EIDW,CYYZ,33:22:00.00,38:05:56.17,54.251111,-9.414722,40761.0,199548.9,84
287265074,287265074,westbound,A333,EDDF,CYUL,33:22:28.66,38:30:10.44,54.537858,-8.381285,38675.0,192875.16991878336,85
287267705,287267705,westbound,A332,EIDW,KDTW,33:23:00.00,38:14:04.44,55.034167,-8.535,39312.0,198808.5,83
287266395,287266395,westbound,B789,LFPG,CYUL,33:24:19.23,38:51:58.68,49.731462,-6.083616,40835.0,197667.45286414988,94
287265005,287265005,westbound,B764,EDDB,KEWR,33:24:52.70,38:39:06.72,57.646192,-8.069792,33510.0,175899.79869295328,89
287265234,287265234,westbound,A333,LSZH,KJFK,33:25:03.36,39:27:35.12,47.610138,-6.395045,38589.0,193413.7136142259,97
287265954,287265954,westbound,B772,EGLL,KCLT,33:27:46.03,38:42:09.67,51.642638,-13.087476,38701.0,230363.76710949128,90
287266435,287266435,westbound,B772,LFPG,KATL,33:28:16.10,39:16:37.01,47.767215,-6.459602,38232.0,236996.1189941548,94
287264572,287264572,westbound,B763,LIPZ,KIAD,33:28:33.78,39:34:19.13,45.951309,-6.583984,39422.0,162296.12695652418,93
287267021,287267021,westbound,B789,EGKK,MMUN,33:29:18.96,39:18:36.41,50.586415,-6.609282,39472.0,213664.36843696816,85
287265970,287265970,westbound,B78X,EBBR,KORD,33:30:45.08,37:59:50.65,55.424367,-8.467266,39737.0,223089.07846194212,78
287261669,287261669,westbound,A339,LGAV,KATL,33:31:37.17,39:10:49.04,44.621997,-11.426246,39307.0,213163.62517389833,66
287259217,287259217,eastbound,B789,MUHA,LIRF,33:31:42.14,38:10:13.98,49.126093,-52.898626,40754.0,188215.8233240551,59
287266103,287266103,westbound,B764,EGLL,KATL,33:32:20.86,39:05:11.24,51.380621,-13.261368,34034.0,180694.11823357662,91
287265693,287265693,westbound,B763,LSZH,KATL,33:35:40.48,39:42:55.83,47.70268,-6.522582,39144.0,166204.32828218353,89
287266306,287266306,westbound,A359,LFPG,KDFW,33:35:46.67,39:18:15.34,50.951107,-6.656619,38359.0,240941.94493824503,79
287263948,287263948,westbound,B764,EDDB,KJFK,33:35:55.93,39:02:09.99,52.502582,-12.915512,35009.0,174365.3906077471,87
287257001,287257001,eastbound,A333,KLAX,EIDW,33:39:18.03,37:32:53.63,53.124978,-55.971939,40540.0,176194.01840581105,55
287265463,287265463,westbound,B748,EDDF,KIAH,33:40:29.31,39:00:57.29,51.026835,-10.14593,35948.0,399159.38802517403,72
287266467,287266467,westbound,B789,EGLL,CYUL,33:40:53.21,38:27:01.33,53.808978,-12.163226,41096.0,194110.88508599286,81
287265067,287265067,westbound,B772,EHAM,KIAH,33:42:29.30,38:56:18.89,52.848285,-13.758184,38077.0,238756.1101133495,68
287264968,287264968,westbound,B763,LSZH,KORD,33:43:50.32,38:24:28.48,53.656089,-11.355492,39763.0,161910.861624125,74
287267963,287267963,westbound,B772,EIDW,CYYT,33:44:32.19,36:55:22.81,53.6474,-13.385758,40201.0,209757.79740793584,45
287266292,287266292,westbound,B789,EGLL,KIAH,33:44:35.68,38:55:27.30,51.408486,-13.863647,39842.0,208275.16006888295,74
287257926,287257926,eastbound,A359,KSFO,EDDM,33:44:59.64,38:47:36.32,55.665076,-60.187601,39723.0,232758.95781384222,59
287267768,287267768,westbound,B772,EGLL,KRDU,33:45:47.63,39:36:19.41,50.675186,-6.007521,38517.0,233265.37069594415,102
287266361,287266361,westbound,B772,EHAM,SEQM,33:46:17.68,39:38:01.08,49.870558,-6.83143,36952.0,254766.14746170017,72
287265677,287265677,westbound,B763,LSZH,KEWR,33:47:04.37,39:41:56.30,50.597496,-6.184702,40032.0,158699.21944220483,98
287266588,287266588,westbound,A339,EGLL,KJFK,33:48:02.12,39:06:21.79,51.885059,-12.796395,39708.0,203385.12190589588,86
287266617,287266617,westbound,B77W,EBBR,CYUL,33:49:51.88,38:43:36.25,54.004868,-10.058391,39998.0,270958.6955906792,86
287258024,287258024,eastbound,B789,KLAS,EGLL,33:50:43.98,38:02:07.97,53.565495,-56.165061,41127.0,177816.11314902338,60
287265399,287265399,westbound,A359,EDDM,KORD,33:51:15.06,38:18:29.66,56.76467,-8.267252,39313.0,232568.4935471005,73
287267560,287267560,westbound,A332,LFPG,TNCM,33:52:01.58,39:50:49.80,48.187016,-6.229573,38857.0,204473.37988568784,103
287267253,287267253,westbound,A35K,EGLL,KLAX,33:52:40.80,38:14:11.42,53.875209,-8.676908,36923.0,280279.01883945777,57
287257580,287257580,eastbound,B789,MMMX,EGLL,33:53:22.09,38:05:08.01,51.524885,-54.921757,40435.0,178883.25435742026,57
287267533,287267533,westbound,B789,EGKK,KMIA,33:53:24.31,39:44:07.03,50.490641,-6.132345,39891.0,208934.80681877007,98
287265428,287265428,westbound,A333,EDDF,CYYZ,33:53:32.81,38:45:22.23,56.361823,-7.788793,38710.0,192686.4324315899,82
287265804,287265804,westbound,A359,EHAM,KATL,33:55:37.32,39:10:59.09,51.479029,-12.932668,39179.0,233005.93753063164,85
287264862,287264862,westbound,B78X,LIRF,KORD,33:56:40.59,39:35:35.36,45.228943,-6.944824,39840.0,220475.60538577958,81
287266407,287266407,westbound,B763,EGLL,KEWR,33:58:14.10,39:18:17.67,51.796344,-12.894675,40214.0,156424.5512856435,88
1500045189,1500045189,westbound,A332,LIRN,KATL,33:59:24.79,39:57:02.05,44.947758,-6.931774,38703.0,208555.21784741932,83
287269265,287269265,westbound,B772,BIKF,CYYZ,34:00:00.00,37:17:44.46,64.7,-26.925,39577.0,218715.8,58
287258268,287258268,eastbound,B789,KSFO,EGLL,34:03:36.04,38:23:18.26,55.83803,-59.858608,41091.0,179951.4833676285,61
287267747,287267747,westbound,B772,EGKK,TAPA,34:03:54.23,39:53:04.28,50.039809,-6.525813,38375.0,235168.88731813538,103
287267214,287267214,westbound,A339,LFPG,KDTW,34:05:20.71,39:57:47.28,48.861068,-6.365456,39103.0,209421.1338142312,97
287265014,287265014,eastbound,B752,KEWR,EGPH,34:06:30.58,38:04:00.09,51.201731,-54.711042,37379.0,89189.12492728529,70
287265728,287265728,westbound,A333,EDDF,KDFW,34:07:09.06,39:35:16.83,51.383651,-13.953373,38912.0,191286.6273015821,66
287267453,287267453,westbound,B763,LSGG,KIAD,34:09:34.68,40:17:37.14,46.152941,-6.071534,39471.0,161665.8892673973,101
287268885,287268885,westbound,A333,EIDW,KBOS,34:10:39.59,39:18:21.82,52.690442,-13.372674,38132.0,196210.93141452386,87
287267831,287267831,westbound,A388,EGLL,KMIA,34:11:00.45,39:52:18.64,50.71449,-6.191086,38239.0,471511.2256471011,98
287266953,287266953,westbound,B772,LIMC,KEWR,34:11:43.07,39:58:49.95,45.934732,-6.435627,38834.0,228144.27680472142,100
287264438,287264438,westbound,A332,LIRF,KJFK,34:14:06.83,40:04:42.69,44.818869,-8.447452,39516.0,200697.5690856462,94
287266209,287266209,westbound,B764,EDDM,KDTW,34:14:29.42,40:08:52.84,50.829184,-6.660538,33029.0,179710.06041280786,89
287264725,287264725,westbound,A359,LIRF,KATL,34:14:43.40,39:42:46.84,44.894552,-11.95108,39076.0,236630.90768073744,76
287269329,287269329,westbound,B772,BIKF,KBOS,34:17:00.00,38:23:04.03,63.916667,-27.160278,39743.0,216408.0,72
287267769,287267769,westbound,B789,EGLL,KPHL,34:17:06.96,39:24:26.12,51.678331,-13.163713,40874.0,196511.83049250458,89
287267076,287267076,westbound,B789,EGCC,MDPC,34:17:31.11,39:48:40.92,52.572273,-13.202262,40235.0,204169.0226267733,97
287265312,287265312,westbound,B788,EHAM,KPHL,34:17:31.13,39:23:31.14,51.867234,-13.207751,42096.0,173660.1582609127,89
287266040,287266040,westbound,A333,EDDF,KRDU,34:17:34.52,39:49:40.35,51.332869,-12.907506,38861.0,191631.61310844094,88
287257708,287257708,eastbound,A359,KLAX,LFPG,34:19:41.50,38:54:02.37,52.4376,-55.16543,39608.0,229165.43899374563,60
287267384,287267384,westbound,A333,EBBR,KJFK,34:22:36.05,39:39:55.41,51.594628,-13.370514,38675.0,192867.23094256013,85
287266303,287266303,westbound,A333,EDDF,KATL,34:22:43.81,39:47:25.22,51.320702,-13.690202,38896.0,191425.81170830276,80
287266907,287266907,westbound,B763,EBBR,KJFK,34:23:11.77,39:45:41.01,51.628005,-13.352756,40285.0,156463.959978251,85
287266948,287266948,westbound,B77W,EGLL,KJFK,34:23:24.45,39:32:44.39,52.024275,-13.186825,39845.0,272922.63287386333,86
287269013,287269013,westbound,A339,EGLL,KMIA,34:23:54.77,40:26:05.53,50.262193,-6.213483,38530.0,215037.82268884085,97
287258283,287258283,eastbound,B748,MMSM,ELLX,34:24:05.36,38:58:38.98,51.402617,-54.445381,38125.0,364890.6714619286,60
287256380,287256380,eastbound,B789,MMMX,EHAM,34:24:38.96,38:53:41.27,51.867089,-55.016056,40501.0,180507.76412312986,59
287267317,287267317,westbound,B788,EHAM,KDFW,34:25:23.01,39:31:56.19,52.924387,-13.880367,41121.0,183844.04305067763,69
287269623,287269623,eastbound,B752,BIKF,GCTS,34:27:00.00,38:41:25.41,62.014444,-21.418889,38506.0,91389.4,72
287257487,287257487,eastbound,A359,KSFO,LFPO,34:27:19.57,39:03:55.38,52.754828,-55.790267,39743.0,228339.90330230747,60
287268445,287268445,westbound,B764,LFPG,KJFK,34:27:56.34,40:31:53.04,49.439802,-5.935185,33471.0,176386.02791312264,97
287267530,287267530,westbound,B772,EGLL,KIAH,34:27:58.99,39:38:50.69,51.581236,-13.990094,37951.0,240381.83081142596,75
287268288,287268288,westbound,B78X,EHAM,CYYZ,34:28:42.82,39:17:38.85,55.730768,-8.285954,39689.0,223410.91048887264,85
287267492,287267492,westbound,B772,LFPG,KDFW,34:30:37.51,39:39:36.16,51.088108,-13.458625,38091.0,238835.82527117923,69
287266765,287266765,westbound,A333,EGKK,CYYZ,34:31:55.59,39:18:35.38,53.52111,-12.192548,38414.0,194439.077318249,82
287268072,287268072,westbound,A339,EDDF,KJFK,34:31:58.60,40:26:16.68,50.12328,-6.539852,39479.0,206412.63871879707,96
287269357,287269357,westbound,A339,LPPT,KLAX,34:32:30.21,40:05:22.91,40.652725,-13.721491,37650.0,224371.5113792267,62
287268413,287268413,westbound,B772,EGKK,KLAS,34:33:46.66,38:42:20.71,55.975561,-8.800191,37543.0,246757.70678275925,57
287268838,287268838,westbound,B772,EGKK,KMCO,34:35:25.07,40:19:57.40,50.71385,-6.383799,38117.0,238781.1034379577,96
287270663,287270663,westbound,B752,EGPH,KORD,34:37:00.00,39:14:29.03,56.449444,-9.008333,38259.0,99471.3,77
287268913,287268913,westbound,B789,EGBB,MKJS,34:37:00.17,39:58:13.78,52.363784,-13.367606,39927.0,207448.13898237442,81
287266469,287266469,westbound,A343,EDDF,KIAD,34:38:08.63,40:01:36.11,51.284643,-13.49119,37894.0,212971.41317288677,88
287267216,287267216,westbound,B748,EDDF,KORD,34:38:24.19,39:00:49.52,56.267109,-8.005307,36860.0,384544.28439603007,76
287270084,287270084,westbound,B772,EGPH,CYUL,34:39:56.22,39:37:20.50,57.083119,-8.262711,39246.0,223184.16404978672,84
287270275,287270275,westbound,B763,EGPH,KBOS,34:40:08.72,40:00:43.30,54.244515,-11.349873,40385.0,154413.08372950324,90
287266551,287266551,westbound,A339,LIRF,KJFK,34:40:09.09,40:33:56.08,44.856578,-8.835109,39490.0,207848.55151007825,94
287268023,287268023,westbound,B789,LFPG,KORD,34:40:42.48,39:07:07.71,53.521175,-12.182092,40534.0,199784.44697860995,78
287266726,287266726,westbound,A339,EGLL,KBOS,34:40:52.27,39:48:56.34,51.873074,-13.324426,39915.0,201248.97188059046,87
287268994,287268994,westbound,B772,EGKK,CYHZ,34:41:25.83,39:30:12.62,50.802124,-6.368929,39437.0,220413.4126440649,81
287265598,287265598,westbound,B763,LFMN,KIAD,34:42:29.19,40:53:26.21,45.452682,-6.13243,39466.0,162084.81045291034,98
287266724,287266724,westbound,A332,EDDF,KATL,34:42:42.12,40:01:31.86,51.386165,-13.762004,39072.0,204721.6403920963,78
287266546,287266546,westbound,A332,LIRF,CYYZ,34:43:23.61,40:23:38.79,45.412962,-7.042572,39318.0,202562.15997109594,89
287269098,287269098,westbound,A339,LFPG,KBOS,34:43:49.24,40:32:04.45,49.163035,-6.131214,39586.0,204246.67580659944,98
287269741,287269741,westbound,B77W,LFPG,KJFK,34:44:23.18,40:33:28.18,48.887221,-6.254989,39526.0,277415.8516754003,97
287268610,287268610,westbound,B77W,EGLL,KDFW,34:45:21.97,39:51:22.77,51.770575,-14.037369,38491.0,290825.37122829235,72
287266341,287266341,eastbound,B763,KEWR,LFPG,34:46:25.26,39:27:25.63,50.880684,-54.217618,38849.0,153496.62239478744,83
287258358,287258358,eastbound,B789,MMMX,EGLL,34:46:38.93,38:52:46.40,50.767982,-53.558253,41183.0,178557.59754228982,56
287267904,287267904,westbound,A339,EHAM,KJFK,34:47:17.56,40:04:55.41,51.837917,-13.225536,39771.0,203563.0811127363,86
287270778,287270778,westbound,B788,EGPH,KPHL,34:47:31.77,40:13:23.53,56.220984,-7.823544,41946.0,178343.07615730944,95
287267090,287267090,westbound,B763,LOWW,KIAD,34:47:35.71,40:46:04.87,50.801999,-6.618314,39772.0,161504.48800428677,89
287268687,287268687,westbound,A333,EHAM,KDTW,34:47:46.46,39:44:46.41,55.607611,-8.326471,38458.0,194247.0082242792,85
287267590,287267590,westbound,A332,EDDF,KDTW,34:48:53.74,39:44:58.62,55.470798,-8.049104,39321.0,201384.5039429053,83
287268948,287268948,westbound,A333,LSGG,KJFK,34:49:51.93,40:52:57.95,47.564656,-6.547659,38513.0,193869.911300399,97
287268147,287268147,westbound,B772,LIMC,KJFK,34:50:49.93,40:43:17.88,45.870172,-6.262087,38862.0,228077.9587619662,99
287270507,287270507,westbound,B772,EIDW,CYYZ,34:51:00.00,39:33:05.64,54.080833,-9.688611,38968.0,227142.6,83
287266194,287266194,westbound,A332,LIRF,KBOS,34:51:13.56,40:42:09.61,44.852683,-8.189657,39690.0,198822.9877849777,97
287267978,287267978,westbound,B748,EDDF,KJFK,34:52:02.83,40:28:47.98,50.600297,-6.55602,37244.0,377242.2868969508,96
287265712,287265712,westbound,B78X,EDDM,KEWR,34:52:44.02,39:55:14.10,51.236615,-13.442354,40216.0,219390.9078929715,88
287264222,287264222,eastbound,B752,KEWR,EIDW,34:53:34.03,38:43:29.88,50.660201,-54.510833,37023.0,88719.4791120769,66
287267474,287267474,westbound,A333,LFPG,KSLC,34:54:12.26,39:14:36.76,53.704003,-13.075815,38669.0,192959.4498583155,59
287270078,287270078,westbound,B772,LFPG,KJFK,34:55:55.70,40:38:12.01,49.063415,-5.928197,38850.0,228514.1024699052,98
287260172,287260172,eastbound,A35K,KLAS,EGLL,34:58:56.36,39:16:31.66,52.601177,-55.665095,38881.0,258546.28128730736,60
287270570,287270570,westbound,B772,EGPH,CYYZ,34:58:57.68,39:37:46.60,57.146044,-8.415475,38978.0,226891.24653364433,81
287269102,287269102,westbound,B789,LSZH,KPHL,35:00:03.12,40:45:37.08,48.097257,-6.379669,40603.0,199036.6605711073,99
287269613,287269613,westbound,A333,LEMD,KORD,35:00:06.04,40:41:10.93,42.905381,-11.322153,38266.0,195252.1636473368,92
287269767,287269767,westbound,B763,EGLL,KORD,35:00:43.66,39:50:33.69,53.991126,-8.766377,39528.0,161885.3867410202,80
287270142,287270142,westbound,A35K,EGCC,KMCO,35:03:46.15,40:28:19.89,52.951652,-12.904467,38080.0,264944.1383435721,92
287267626,287267626,westbound,GLEX,LOWK,KMSY,35:04:00.99,40:31:32.85,51.021702,-10.384628,45064.0,35710.336822209065,71
287267472,287267472,westbound,B77W,LIRF,KEWR,35:04:32.35,40:49:48.51,44.826786,-7.234131,39547.0,277990.7740196051,94
287270547,287270547,westbound,A333,EIDW,KJFK,35:06:20.96,40:25:54.55,53.130904,-12.726386,38097.0,196420.30292348197,85
287257549,287257549,eastbound,B77L,MMGL,EDDF,35:07:26.65,39:54:16.56,52.265539,-55.574483,42270.0,237913.94313491744,57
287270432,287270432,westbound,B772,LFPG,KIAD,35:09:01.19,40:56:44.29,48.888548,-6.034315,38676.0,230919.56867384867,99
287268967,287268967,westbound,B77W,EGLL,KJFK,35:09:57.74,40:20:14.90,51.967225,-12.866273,39879.0,272468.95338829485,86
287268576,287268576,westbound,A333,EDDF,KMSP,35:11:24.01,39:42:28.56,56.39546,-7.629433,38702.0,192708.75582793236,72
287269584,287269584,westbound,A333,EGCC,KMCO,35:11:27.55,40:41:48.81,52.907539,-13.113988,38296.0,195162.4837791092,89
287270768,287270768,westbound,A333,EIDW,KATL,35:12:28.60,40:42:56.97,52.393492,-13.099096,38129.0,196227.9342962342,90
287270987,287270987,westbound,A333,EIDW,KORD,35:13:00.00,39:55:30.62,54.372222,-9.393611,37948.0,197329.4,79
287269727,287269727,westbound,B78X,EGLL,KORD,35:13:05.95,39:49:26.69,54.000235,-9.27142,39524.0,224537.3542608054,81
287263419,287263419,westbound,B763,EKCH,KJFK,35:13:37.93,40:51:13.70,56.674054,-7.976556,40059.0,158176.9307653339,92
287268471,287268471,westbound,B788,EDDM,KORD,35:14:15.05,39:46:09.68,56.680514,-7.570556,41615.0,177535.86307473027,74
287267028,287267028,westbound,B772,LOWW,KEWR,35:16:16.42,40:23:30.04,51.39024,-13.243412,39183.0,222428.78821992324,86
287269527,287269527,westbound,B77W,EBBR,KIAD,35:16:58.23,40:27:14.59,51.457628,-12.824039,39663.0,275818.01110391464,89
287269890,287269890,westbound,A333,LFPG,KCVG,35:16:58.70,41:19:51.92,48.806011,-6.346677,38249.0,195498.34648545523,96
287267667,287267667,westbound,B763,LOWW,CYUL,35:18:26.46,40:28:25.61,56.586793,-7.88305,40320.0,156903.39676235637,88
287270280,287270280,westbound,B764,LFPG,KATL,35:18:41.64,41:27:10.09,48.473247,-6.293533,32895.0,183653.51318994304,95
287271515,287271515,westbound,A332,EIDW,KMSP,35:19:00.00,39:49:45.87,54.978056,-8.417222,39045.0,201409.2,78
287271017,287271017,westbound,A333,LFBD,CYUL,35:19:24.21,41:10:00.29,46.880071,-6.208141,38169.0,195974.04895919323,97
287268647,287268647,westbound,A359,LFPO,KSFO,35:20:09.62,39:29:03.66,53.548784,-13.311944,38036.0,246050.11441372987,54
287268843,287268843,westbound,A339,EDDF,KBOS,35:20:15.35,41:08:21.54,50.088913,-6.493083,39655.0,204497.57974994255,98
287264080,287264080,westbound,A333,LGAV,KJFK,35:21:01.10,40:59:44.13,44.846713,-12.034668,39952.0,184957.35282758475,76
287269524,287269524,westbound,A333,LFPG,CYYZ,35:21:11.62,40:04:21.47,53.353752,-13.540464,38674.0,192903.74776076138,81
287269803,287269803,westbound,B789,LFPG,KLAX,35:21:34.77,39:42:13.08,54.79935,-9.033943,39227.0,215293.43569622093,55
287269598,287269598,westbound,B77W,EGLL,KCLT,35:21:42.85,40:38:12.38,51.666503,-13.057326,39338.0,280004.52955002553,90
287271910,287271910,westbound,B789,EGPF,KMLB,35:23:00.00,41:08:15.88,55.300556,-7.848889,40046.0,207563.5,101
287270786,287270786,westbound,A35K,EGLL,KATL,35:23:51.04,41:11:37.43,50.785906,-6.36262,37937.0,265846.2790245561,95
287267980,287267980,westbound,A343,EDDF,KDTW,35:24:27.33,40:48:23.43,51.612443,-12.778562,37778.0,214066.95039129735,85
287270086,287270086,westbound,B788,EHAM,CYYZ,35:24:42.19,40:08:47.51,56.446564,-7.823161,41955.0,176202.72969729654,83
287271320,287271320,westbound,B772,EIDW,KDFW,35:25:00.00,39:46:45.95,54.414444,-9.3725,37897.0,241967.2,68
287269081,287269081,westbound,A339,EHAM,KBOS,35:26:27.40,40:35:03.50,51.858021,-13.261316,39947.0,201656.29477930834,88
287267513,287267513,westbound,A332,LIRF,KIAD,35:26:54.18,41:13:42.86,44.892985,-8.404996,39297.0,203050.03082709332,88
287266021,287266021,eastbound,B77L,KIND,LFPG,35:26:58.01,39:58:38.19,51.689836,-55.446888,42437.0,236542.6590166481,83
287269053,287269053,westbound,B763,LIPZ,KATL,35:27:30.68,41:30:56.67,46.110356,-7.18491,39201.0,166490.0579215402,81
287270178,287270178,westbound,B763,EHAM,KIAD,35:27:45.61,40:47:58.54,55.524437,-8.008404,39835.0,159783.81867258385,90
287272695,287272695,westbound,B752,EGPH,KIAD,35:28:00.00,41:10:59.21,54.5925,-8.022778,37979.0,97900.9,94
287271919,287271919,westbound,A333,EGPH,KBOS,35:32:08.06,41:01:47.00,54.750988,-7.888291,38022.0,196877.2696665325,93
287260255,287260255,eastbound,A332,KLAX,LEBL,35:32:37.92,40:13:47.52,51.756081,-54.54675,40099.0,191668.6357728311,55
287268888,287268888,westbound,A333,LIMC,KATL,35:34:04.13,41:37:37.78,46.530596,-7.07528,38665.0,192923.63844043022,86
287270558,287270558,westbound,B77W,EGLL,KSAN,35:34:43.24,39:41:14.79,56.463627,-8.588961,37765.0,302949.54313420004,55
287271039,287271039,westbound,B764,LSGG,KJFK,35:34:52.60,41:43:38.39,47.473902,-6.137551,33744.0,176797.9059279007,97
287269151,287269151,westbound,A333,EDDM,CYYZ,35:34:53.88,40:25:30.78,56.307478,-8.252482,38919.0,191251.64862495053,82
287270295,287270295,westbound,B772,EGLL,KAUS,35:35:21.31,40:46:15.50,51.568776,-14.09931,37865.0,241189.0467328337,73
287270237,287270237,westbound,A333,LFPG,CYUL,35:36:26.30,40:27:31.01,53.026292,-13.075768,38639.0,193133.01996935988,83
287272702,287272702,westbound,B752,EINN,KEWR,35:37:20.63,40:56:41.34,51.847698,-13.479445,36518.0,94888.79682041556,88
287271107,287271107,westbound,B789,EKCH,CYYZ,35:38:28.70,40:33:07.72,60.582374,-1.351338,40621.0,198992.73607244474,87
287269548,287269548,westbound,B788,EHAM,MKJS,35:39:07.73,41:03:18.26,51.201433,-12.506587,41082.0,184392.13065480345,78
287268121,287268121,westbound,A333,LFPG,KMSP,35:39:54.56,40:05:53.61,53.543117,-12.463317,38640.0,193113.6137331954,74
287271150,287271150,westbound,A332,EGLL,KDTW,35:43:05.15,40:29:54.68,53.902841,-10.408433,39367.0,199536.25846155133,82
287272772,287272772,eastbound,A333,BIKF,GCTS,35:44:00.00,39:54:34.47,61.776667,-20.153611,38356.0,193402.6,72
287259920,287259920,eastbound,B772,KLAX,EGLL,35:46:17.69,39:57:51.15,52.558097,-56.019791,39093.0,210235.47270584904,58
287271408,287271408,westbound,A333,EGLL,KJFK,35:46:20.20,41:45:12.67,50.12487,-5.962907,38129.0,196231.69912670253,97
287270803,287270803,westbound,B788,EHAM,CYUL,35:46:41.48,40:45:42.52,55.734719,-8.302448,42211.0,173532.2830406002,85
287267511,287267511,westbound,A359,LIRF,KATL,35:46:56.27,41:22:34.00,44.901666,-10.319789,38998.0,237198.81765876713,78
287271116,287271116,westbound,A332,LEMD,KSFO,35:47:09.88,40:58:17.49,44.000181,-11.580783,38162.0,211664.00866956517,63
287271531,287271531,westbound,B752,BIKF,KEWR,35:52:00.00,39:49:49.11,63.916667,-27.160278,39700.0,92058.5,67
287270111,287270111,westbound,B788,LIPZ,KPHL,35:53:10.18,41:42:04.59,46.820065,-6.564698,41801.0,176337.03341094608,96
287270472,287270472,westbound,B789,EGLL,KDEN,35:53:10.18,39:58:37.84,56.686871,-9.160098,39920.0,207638.37351366205,65
287268536,287268536,westbound,A333,LIRF,KJFK,35:54:21.12,41:57:00.54,44.808731,-7.166924,38957.0,191260.27950211594,96
287271343,287271343,westbound,B77W,EHAM,TNCC,35:54:31.33,41:44:15.20,49.973652,-6.94926,38442.0,293108.45467019145,86
287272286,287272286,westbound,B772,EGKK,KTPA,35:54:40.13,41:41:41.75,50.797896,-6.323902,38052.0,239690.0042313303,95
287270942,287270942,westbound,B77W,LFPG,CYYZ,35:57:23.02,40:27:59.27,53.496702,-13.059841,39801.0,273854.54047386633,80
287271230,287271230,westbound,A333,EGKK,CYUL,35:58:22.30,40:49:45.56,53.432731,-12.793448,38459.0,194210.56959963756,83
287270353,287270353,westbound,B789,LIMC,KJFK,35:58:56.03,41:49:06.09,47.28433,-6.612815,40682.0,198006.79624559125,97
287271362,287271362,westbound,B789,EGLL,KORD,35:59:12.44,40:39:10.65,54.001038,-8.692855,40410.0,202508.26063048423,81
287270482,287270482,westbound,B788,EDDF,KDFW,35:59:50.02,41:39:36.18,51.091179,-7.794885,40887.0,186507.64513419865,72
287272004,287272004,westbound,B764,LFPG,KEWR,36:00:01.28,41:58:14.70,49.284692,-6.113025,33044.0,176509.94767415628,99
287269518,287269518,westbound,B788,EDDM,KIAD,36:00:07.07,41:15:49.12,51.031987,-10.864335,41868.0,174830.06737874993,89
287270728,287270728,westbound,B77W,EGLL,KJFK,36:00:08.06,41:01:14.55,52.074146,-13.349846,39852.0,272829.8633420393,87
287272576,287272576,westbound,A359,LFPG,KEWR,36:01:08.77,41:46:22.68,48.776372,-6.134678,39539.0,227328.12950527016,99
287271518,287271518,westbound,A333,EKCH,CYYZ,36:02:20.86,41:09:02.97,60.461805,-0.52896,38444.0,194220.68504691272,87
287269521,287269521,westbound,B737,LFMN,CYQX,36:02:27.96,40:19:05.18,46.484002,-6.380183,39551.0,61167.651635020804,71
287271902,287271902,westbound,A359,LFPG,MMMX,36:05:11.75,41:56:18.45,48.464039,-6.182338,37474.0,250269.28059474332,72
287271381,287271381,westbound,A333,EHAM,KMSP,36:05:14.24,40:33:44.56,56.883984,-7.854254,38478.0,194102.93466811941,75
287269977,287269977,westbound,B77W,LEBL,CYUL,36:08:16.38,41:28:57.35,44.722424,-10.220825,39767.0,274029.56269038183,93
287272703,287272703,westbound,B789,EGLL,KPHL,36:08:35.59,41:49:19.98,50.646415,-6.454025,40637.0,200374.66052273894,99
287271845,287271845,westbound,B77W,EGLL,CYYZ,36:10:27.02,40:55:11.47,55.208384,-8.088774,39675.0,275322.5012995623,84
287271295,287271295,westbound,A333,LSZH,KIAD,36:10:52.43,42:14:33.26,47.700218,-6.54288,38594.0,193422.2726589705,100
287273066,287273066,westbound,B788,EIDW,KORD,36:11:00.00,40:46:33.07,54.086667,-9.718056,41638.0,181668.6,80
287272617,287272617,westbound,B752,EIDW,KIAD,36:11:33.76,41:40:18.84,52.803162,-12.718838,37524.0,96504.25424791542,89
287269638,287269638,westbound,A388,EDDM,KJFK,36:12:23.42,41:20:42.43,51.542679,-12.816819,39493.0,456447.9589981228,86
287268146,287268146,westbound,B763,LICC,KJFK,36:14:20.45,42:02:53.46,44.322452,-10.98766,40046.0,160288.87831692857,87
287268430,287268430,westbound,B77W,EDDF,KEWR,36:14:44.65,41:16:29.21,51.795245,-13.4578,39911.0,272327.8687514635,88
287267356,287267356,eastbound,B77L,KCVG,EBBR,36:16:07.03,40:48:05.93,51.326354,-54.976346,42489.0,235634.87719815815,82
287272468,287272468,westbound,B789,EGAA,MMUN,36:16:39.20,41:34:31.57,53.608312,-12.76251,39700.0,211057.1781316067,82
287272054,287272054,westbound,B77W,EGLL,KMIA,36:16:51.60,41:30:04.37,51.601298,-13.23136,38841.0,286483.83781834535,88
287274124,287274124,westbound,A333,EIDW,CYYZ,36:17:00.00,41:05:20.50,54.323333,-9.387222,37948.0,197329.4,83
287273263,287273263,westbound,A333,EIDW,KIAD,36:17:28.69,41:32:11.58,53.569021,-12.812328,38098.0,196411.8542766937,88
287272013,287272013,westbound,A333,EGKK,KBOS,36:21:02.99,41:32:40.32,51.172702,-13.514288,38456.0,194227.76475893118,88
287271608,287271608,westbound,B78X,EHAM,MPTO,36:22:10.05,42:15:22.17,50.350076,-6.612077,39612.0,223892.8881124591,75
287271628,287271628,westbound,A339,EHAM,KDTW,36:22:42.28,41:15:39.05,56.464808,-7.733766,39305.0,207907.50144949282,83
287265987,287265987,westbound,A332,LGAV,CYUL,36:23:06.24,41:22:02.45,55.7653,-8.98485,39910.0,199263.21607595694,75
287270926,287270926,westbound,A333,LSGG,CYUL,36:23:10.41,41:22:32.12,52.801128,-12.939142,38906.0,191583.15321317216,83
287270083,287270083,westbound,A332,LIRF,CYUL,36:23:26.06,42:05:52.57,45.464974,-6.242684,39588.0,199611.44522222638,97
287271481,287271481,westbound,B77W,EGLL,KDFW,36:24:26.31,41:37:21.19,51.699923,-14.04314,38454.0,290815.1416741051,72
287268713,287268713,westbound,A339,LIRF,KATL,36:24:34.29,42:03:01.46,44.896356,-11.219148,38925.0,214586.81130750146,76
287272847,287272847,westbound,A333,EGCC,KATL,36:24:57.41,41:59:20.42,52.887351,-13.451734,38309.0,195105.21853934252,90
287273461,287273461,westbound,A333,EIDW,KBOS,36:26:00.00,41:41:51.92,53.953333,-9.9125,37948.0,197329.4,88
287266171,287266171,eastbound,B77L,KMEM,LFPG,36:26:04.61,40:51:52.27,51.563714,-53.995081,42462.0,235036.34235088647,74
287274053,287274053,westbound,A333,EGPH,KJFK,36:26:09.73,42:04:38.25,54.764696,-7.959941,38023.0,196875.4906220971,91
287270308,287270308,westbound,B772,EDDM,KIAH,36:26:23.42,41:40:08.18,51.310994,-13.569553,38046.0,238948.4198445321,66
287270239,287270239,westbound,B763,LIRF,KJFK,36:26:49.80,42:37:37.71,44.857271,-6.880754,39926.0,160445.92551065912,97
287274484,287274484,eastbound,B737,LFVP,LFPG,36:27:59.69,41:16:31.67,50.203151,-53.900782,36650.0,64523.68835580694,82
287270434,287270434,westbound,B77W,LIRF,CYYZ,36:28:05.01,42:13:33.53,45.070722,-7.143665,39430.0,279935.3903609991,90
287266934,287266934,eastbound,B748,CYYC,ELLX,36:31:10.44,41:21:29.33,61.167675,-64.226393,37744.0,373342.9492953606,77
287273086,287273086,westbound,A359,LFPG,KORD,36:31:42.47,42:12:48.38,49.111434,-6.418554,39054.0,232777.22447188932,94
287270917,287270917,westbound,B78X,EDDF,KORD,36:31:46.41,40:59:02.67,56.653086,-7.760342,39908.0,221810.4055677786,76
287271799,287271799,westbound,A333,LSZH,KBOS,36:31:49.27,42:30:08.69,47.707466,-6.40846,38599.0,193421.77650913788,99
287272165,287272165,westbound,B772,EGLL,KIAD,36:32:40.73,41:41:55.96,51.747923,-13.335999,38988.0,226338.88106792833,88
287270161,287270161,westbound,A333,LIMC,CYUL,36:34:07.77,42:05:36.36,49.848324,-6.082163,38722.0,192898.0001358907,93
287271193,287271193,westbound,B788,EHAM,KORD,36:36:19.34,41:02:39.02,56.900328,-8.287629,41645.0,179308.67997804965,78
287273518,287273518,westbound,A333,EIDW,KSFO,36:38:00.00,40:57:30.65,55.039722,-8.635833,37947.0,197329.4,59
287269220,287269220,westbound,A332,EDDF,KJFK,36:38:14.37,41:57:21.75,51.989741,-12.815627,39787.0,197099.71616704768,86
287274054,287274054,westbound,B763,EIDW,KJFK,36:38:50.98,42:03:30.76,52.28587,-13.007825,40196.0,155847.68013142308,86
287266872,287266872,eastbound,B744,KSDF,EDDK,36:38:57.82,41:15:05.66,51.955677,-54.202397,38449.0,290902.3053299237,81
287266558,287266558,eastbound,B77L,KMEM,EDDK,36:39:19.75,41:21:12.98,51.600188,-54.618548,42342.0,236992.17860555745,76
287271705,287271705,westbound,B752,EBBR,KEWR,36:39:55.74,41:59:06.88,51.600199,-13.365638,38872.0,94840.92592202863,88
287273006,287273006,westbound,A332,EGKK,CYYZ,36:40:09.66,41:24:58.17,53.649185,-10.440535,39592.0,197342.23149461782,82
287272088,287272088,westbound,B763,EGLL,KEWR,36:40:14.86,41:58:37.30,51.878431,-13.204149,40214.0,156423.77146299562,88
287270262,287270262,westbound,B763,LKPR,KJFK,36:40:59.75,42:06:23.57,52.403529,-12.806041,40200.0,157817.7626406969,86
287274753,287274753,westbound,B788,EGPF,KMLB,36:41:00.00,42:25:55.51,55.226944,-7.902778,41253.0,185641.1,100
287272990,287272990,westbound,B772,EGLL,CYHZ,36:41:28.26,40:55:02.88,52.569063,-12.79338,39682.0,216599.17045956067,75
287270304,287270304,eastbound,B763,KJFK,EGNX,36:44:56.91,40:58:45.86,50.369999,-54.533736,40751.0,151528.3957133922,75
287269054,287269054,westbound,B77W,LIRF,CYUL,36:45:55.39,41:30:57.92,53.042936,-12.759193,40151.0,269955.7562850133,82
287273141,287273141,westbound,GLEX,EFHK,KHPN,36:47:24.76,42:35:03.32,64.346538,8.727544,46005.0,34234.049972764835,102
287272880,287272880,westbound,A35K,EGLL,KJFK,36:47:46.64,41:58:00.01,51.808943,-13.363027,38896.0,254522.5113236851,85
287273933,287273933,westbound,A359,LFPG,MPTO,36:48:43.35,42:40:17.75,48.257779,-6.573616,37832.0,246406.92484476298,76
287272385,287272385,westbound,A333,EKCH,KBOS,36:49:39.27,42:09:24.61,59.068682,-7.370402,38665.0,192769.18395104673,90
287275019,287275019,westbound,A333,EINN,KBOS,36:49:39.94,41:53:37.59,53.538754,-12.848958,37985.0,197097.8907180478,83
287273876,287273876,westbound,B772,EIDW,KCLT,36:49:42.05,42:08:53.73,52.197956,-13.266928,38707.0,230497.63664026305,91
287271672,287271672,westbound,A333,EHAM,KJFK,36:50:34.07,42:11:13.02,51.774802,-13.413116,38671.0,192877.12717015878,86
287272386,287272386,westbound,B789,LFPG,KDEN,36:51:18.12,41:11:00.78,54.981916,-8.844886,39857.0,207965.44981295784,66
287273103,287273103,westbound,A339,EGLL,KBOS,36:51:19.54,42:02:18.45,51.937057,-12.771532,39885.0,201468.92843526223,88
287271824,287271824,westbound,A333,EHAM,KIAD,36:51:35.85,42:10:58.41,52.614665,-13.081982,38648.0,192999.10492491856,88
287272881,287272881,westbound,A333,EGLL,KIAD,36:52:14.62,42:13:53.80,51.715456,-13.350528,38419.0,194411.6804023547,88
287274093,287274093,westbound,B77W,LFPG,KJFK,36:53:42.36,42:44:51.92,48.770636,-6.312469,39528.0,277374.90935033234,97
1500615189,1500615189,westbound,B764,LIRF,KEWR,36:54:02.41,42:52:36.70,44.924324,-7.876737,33824.0,177997.89205540856,93
287271899,287271899,westbound,A359,EDDM,KCLT,36:54:42.17,42:45:30.09,48.052897,-6.835204,39122.0,234238.01866631376,88
287274673,287274673,westbound,A333,EIDW,CYYZ,36:55:00.00,41:47:41.36,54.345556,-9.482222,37948.0,197329.4,84
287271207,287271207,westbound,A333,LSZH,CYUL,36:57:34.73,41:45:14.44,53.647583,-12.971803,39004.0,190988.24899288893,82
287272413,287272413,westbound,B78X,EBBR,KEWR,36:57:35.75,42:04:47.70,51.771732,-12.78237,39847.0,222268.3917447695,89
287274346,287274346,westbound,A333,EGCC,CYYZ,36:57:55.41,41:50:02.54,54.552561,-8.384188,38093.0,196449.0122240533,84
287267892,287267892,westbound,B77W,LGAV,CYUL,36:58:19.98,41:54:37.41,56.392818,-8.685203,40009.0,270830.8997102073,75
287273135,287273135,westbound,B78X,EGLL,KIAD,36:59:24.15,42:07:47.34,51.752962,-13.309427,39650.0,223601.0728513927,88
287272399,287272399,eastbound,B772,KBOS,EGLL,37:00:14.64,41:07:21.22,50.433025,-53.911798,39565.0,215267.21839188755,76
287262345,287262345,eastbound,B789,KLAX,LFPG,37:00:31.72,41:33:18.39,52.502953,-55.599085,40723.0,178589.69097959113,60
287273552,287273552,westbound,A333,LFLL,CYUL,37:01:47.25,42:44:01.22,46.845766,-6.372714,38418.0,194439.07627132314,96
287269116,287269116,eastbound,B763,KSDF,EIDW,37:01:48.35,40:50:28.89,51.302558,-55.024979,40292.0,150767.7767828244,66
287270970,287270970,westbound,B789,EPWA,KJFK,37:03:06.96,42:14:32.55,58.39636,-7.828729,40806.0,193947.4967981061,90
287273501,287273501,westbound,B772,LFPG,CYUL,37:03:54.05,41:44:50.70,53.065922,-12.990694,39362.0,220858.99212776404,83
287273808,287273808,westbound,A332,LEBL,KSFO,37:04:35.03,42:40:45.60,44.49888,-6.566777,38167.0,211638.42234331983,66
287273566,287273566,westbound,B763,EGLL,KEWR,37:05:25.44,42:24:55.89,51.967111,-12.953845,40216.0,156413.08869987892,88
287273353,287273353,westbound,A333,EHAM,TNCA,37:05:36.63,43:15:01.08,49.799793,-6.961296,38394.0,194531.3064501553,86
287272864,287272864,westbound,B748,EDDF,KEWR,37:06:24.52,42:38:30.11,50.634101,-5.939056,37200.0,377851.7980045771,98
287263246,287263246,eastbound,B789,KLAX,EGLL,37:06:32.87,41:17:23.21,52.46435,-55.542234,41100.0,176476.7268487899,57
287273354,287273354,westbound,A333,LFPG,CYQB,37:07:46.19,41:53:13.91,52.932487,-13.05575,38641.0,193110.9915419091,74
287275741,287275741,westbound,B763,EGPH,KJFK,37:08:00.00,42:35:23.78,56.720278,-8.367778,40013.0,157184.6,92
287273806,287273806,westbound,A332,LFLL,CYUL,37:08:41.62,42:45:25.74,46.940893,-6.499912,39588.0,197709.30648964693,97
287264207,287264207,eastbound,B744,KBIF,EDFH,37:09:37.61,41:50:27.51,52.354438,-55.224105,38380.0,295668.8444909877,64
287273498,287273498,westbound,B788,EKCH,KPHL,37:10:53.53,42:36:19.73,55.772092,-8.112886,41923.0,175100.08450190123,95
287273785,287273785,westbound,B764,EGLL,KATL,37:11:13.50,42:43:42.91,51.430701,-13.245331,34277.0,180709.59789611568,90
287273420,287273420,westbound,A359,EHAM,TNCC,37:11:33.68,43:03:08.54,49.835782,-6.965748,38459.0,239884.30955724046,86
287267219,287267219,westbound,A339,LGAV,KATL,37:11:36.32,42:54:24.61,44.347046,-11.524659,39317.0,213080.59205352855,67
287271417,287271417,westbound,B789,LFPG,CYYC,37:11:43.44,41:20:37.54,55.622524,-9.179722,40141.0,204504.41587794447,65
287273465,287273465,westbound,B77W,LFPG,KIAD,37:11:59.36,43:01:23.08,48.703097,-6.047844,39329.0,280257.7334722365,100
287272935,287272935,westbound,A333,LIMC,KEWR,37:12:18.90,43:18:15.78,46.747749,-6.256292,38636.0,193205.74182589003,100
287269684,287269684,westbound,B788,LGAV,KPHL,37:12:26.33,42:54:43.78,47.46234,-6.69447,41795.0,172436.08309491895,79
287275037,287275037,westbound,B788,EIDW,KORD,37:13:00.00,41:48:59.69,54.118333,-9.478611,41634.0,181668.6,80
287273801,287273801,westbound,B789,EGKK,KJFK,37:13:32.73,42:24:26.77,51.182745,-12.842275,40940.0,195741.67699804768,86
287273927,287273927,westbound,B772,EGLL,KORD,37:14:13.34,42:18:27.98,51.901758,-13.340175,38732.0,229942.42344599636,85
287273494,287273494,westbound,A332,LEBL,KLAX,37:15:54.55,42:53:29.64,43.772081,-11.973904,38463.0,209846.59525757266,58
287272936,287272936,westbound,B772,LFPG,CYOW,37:16:03.27,41:59:42.47,53.170149,-12.997015,39292.0,221862.50270558274,79
287267633,287267633,eastbound,B77L,KMEM,EGSS,37:16:17.04,41:22:02.10,51.625096,-53.958898,42622.0,232692.6836228125,71
287272677,287272677,westbound,A333,EHAM,KATL,37:16:27.86,42:46:07.90,51.467425,-13.053478,38660.0,192895.40817469297,84
287269221,287269221,eastbound,B744,KIND,ELLX,37:16:47.65,41:52:00.97,51.822191,-54.172092,38512.0,290103.81623323757,81
287273100,287273100,westbound,A359,LEMD,KLAX,37:17:56.35,42:43:29.88,42.630172,-12.12995,37440.0,250970.3984002506,60
287274884,287274884,westbound,B764,LFPG,KJFK,37:20:18.09,43:26:46.14,48.925971,-6.157058,33313.0,176347.01259752887,96
287272383,287272383,westbound,A333,EDDF,KPHL,37:21:18.96,42:43:27.67,51.538357,-13.359587,38883.0,191510.47800243445,89
287273196,287273196,westbound,B788,EHAM,TNCC,37:21:56.49,42:53:50.28,51.187603,-11.386174,41082.0,184564.7022632543,81
287272744,287272744,westbound,A343,EDDF,KBOS,37:22:12.03,42:42:15.67,51.667726,-12.738184,38355.0,208081.395003246,88
287270535,287270535,westbound,B78X,LIRF,KORD,37:23:29.93,43:10:00.86,44.949836,-6.458619,40078.0,220745.3281319995,82
287274041,287274041,westbound,B788,LFPG,KORD,37:24:09.43,41:58:40.38,54.866836,-8.392353,41642.0,179255.58219958673,81
287272453,287272453,westbound,B748,EDDF,KIAD,37:24:22.20,43:04:22.81,48.920929,-6.479268,36990.0,381320.30836450594,98
287272705,287272705,westbound,B763,LIPZ,KJFK,37:24:29.03,43:32:23.25,47.09549,-6.033226,39923.0,160113.13636611358,97
287274204,287274204,westbound,A35K,EGLL,CYYZ,37:24:42.61,42:10:31.07,53.829646,-9.700308,38683.0,256698.62395581094,84
287274391,287274391,westbound,B789,EGLL,KORD,37:25:35.74,42:03:52.54,55.534513,-7.944957,40434.0,202078.0803042172,81
287274219,287274219,westbound,B77W,EGLL,KJFK,37:26:12.03,42:37:02.92,52.052407,-12.925097,39871.0,272438.9703134142,86
287274345,287274345,westbound,B763,EGKK,KJFK,37:26:48.86,42:52:43.34,51.203337,-12.890342,40244.0,156251.14407333874,86
287272075,287272075,westbound,B77W,EDDF,KIAD,37:30:34.25,42:40:32.28,51.723832,-12.763665,39670.0,275800.41589978046,89
287273902,287273902,westbound,B77W,LFPG,CYUL,37:30:41.86,42:13:36.14,53.055514,-13.48233,40109.0,269327.5212394198,80
287273503,287273503,westbound,A359,LFPG,CYYZ,37:33:14.64,42:07:04.76,53.535097,-13.418678,39825.0,225813.87050288927,81
287269922,287269922,westbound,B77W,LGAV,CYYZ,37:34:15.37,42:56:19.09,44.868095,-11.188731,39716.0,276989.44027177803,72
287270798,287270798,eastbound,B77L,KCVG,EGNX,37:37:48.03,41:39:12.89,51.447536,-55.045558,42705.0,232513.77917480224,75
287274666,287274666,westbound,A35K,EGLL,KDEN,37:38:53.72,41:52:09.39,56.073469,-7.716,37692.0,270204.4442915541,67
287273685,287273685,westbound,B772,EHAM,CYHZ,37:39:19.08,41:52:37.57,52.332013,-13.23043,39725.0,215586.16016646847,72
287269289,287269289,westbound,A339,LGAV,KBOS,37:39:27.00,43:13:02.52,44.695269,-11.624798,39858.0,206979.19842153648,79
287276813,287276813,westbound,A333,EINN,KJFK,37:40:44.13,42:51:59.57,53.318234,-12.878704,37986.0,197092.6772607537,87
287275716,287275716,westbound,B788,LFPG,KPHL,37:41:56.56,43:23:39.21,49.418615,-6.099128,41798.0,178796.5496556532,100
287274163,287274163,westbound,A35K,EGLL,KJFK,37:42:57.55,42:53:15.41,51.89544,-13.380974,38896.0,254511.214163481,85
287275557,287275557,westbound,B789,EGKK,KMCO,37:44:42.16,43:34:15.42,50.425613,-6.136834,39968.0,208040.12733664637,96
287274035,287274035,westbound,A333,EHAM,KBOS,37:46:12.20,43:02:31.82,51.795725,-13.20377,38671.0,192893.19516251315,89
287274463,287274463,westbound,A35K,EGLL,KPHL,37:47:17.11,42:57:53.10,51.754961,-13.249535,38806.0,255708.75179440808,89
287277543,287277543,westbound,A359,LFPG,KBOS,37:49:05.37,43:29:52.51,49.000722,-6.13042,39736.0,225108.27026846178,99
287276138,287276138,westbound,A332,EIDW,KMCO,37:49:24.82,43:16:57.94,52.599286,-13.249513,38858.0,203952.83771682347,94
287274390,287274390,westbound,B77W,EHAM,KJFK,37:53:43.83,42:55:08.36,53.169213,-13.197408,39892.0,272362.49882581236,87
287273210,287273210,westbound,A333,LIPZ,CYUL,37:54:02.20,43:04:53.68,54.57276,-8.019436,39024.0,190654.1445190209,88
287272278,287272278,westbound,A339,LIRF,KBOS,37:54:22.19,43:51:54.90,44.85565,-7.029056,39590.0,206578.8648318183,99
287274903,287274903,westbound,B772,EGLL,KIAH,37:55:14.50,43:11:41.59,52.482049,-13.478937,38029.0,239699.4699428713,74
287274280,287274280,westbound,B789,EDDF,CYUL,37:55:22.42,42:54:37.40,55.47579,-8.391849,40995.0,194033.49452104175,85
287275718,287275718,westbound,B789,EGLL,CYUL,37:55:28.89,42:47:47.00,53.776864,-10.646775,41045.0,194919.00672320926,85
287273287,287273287,westbound,A332,LIPZ,CYYZ,37:57:08.91,42:44:10.99,55.68615,-8.466329,39580.0,200072.56464542262,83
287276599,287276599,westbound,A339,EGLL,KTPA,37:58:18.69,43:58:15.90,50.338233,-6.297146,38550.0,214855.5109300203,94
287275151,287275151,westbound,A359,LFPO,KLAX,37:59:20.10,42:21:56.32,54.634539,-8.754666,37828.0,247833.8296681326,55
287274617,287274617,westbound,A333,EHAM,KBOS,38:00:17.88,43:10:17.90,51.799827,-13.225689,38683.0,192823.40582545707,87
287272018,287272018,eastbound,B77L,KIND,EBLG,38:00:21.08,42:35:45.50,51.813144,-54.993559,42396.0,237045.0680912118,83
287276064,287276064,westbound,A35K,EGCC,KJFK,38:01:26.51,43:14:04.93,53.416065,-12.771481,38878.0,254033.91128120685,87
287274809,287274809,westbound,B77W,EGLL,KMIA,38:02:03.55,43:17:07.92,51.602607,-12.975362,38890.0,286458.24073064746,88
287272339,287272339,westbound,A333,LSZH,KJFK,38:03:49.90,44:09:55.08,47.750989,-6.515851,38599.0,193421.38437672856,97
287273259,287273259,eastbound,B772,KJFK,EGLL,38:05:46.13,42:13:17.95,50.262806,-53.96577,39557.0,215076.31937763424,76
287276655,287276655,westbound,B772,EGKK,KMCO,38:09:26.57,43:56:55.93,50.802589,-6.344698,38120.0,238777.72393456302,96
287273408,287273408,westbound,B772,EDDF,KIAH,38:09:51.73,43:28:24.25,51.781368,-13.190639,38029.0,239468.17664523204,69
287277761,287277761,westbound,A333,EIDW,KBDL,38:10:00.00,43:27:31.44,54.046111,-9.513056,37948.0,197329.4,86
287272806,287272806,westbound,A333,LSZH,KJFK,38:10:32.44,44:16:17.01,46.731231,-6.131398,38634.0,193251.15682429468,98
287274558,287274558,westbound,B789,EHAM,MMMX,38:12:35.15,43:28:07.20,52.360256,-13.799287,39281.0,213963.84968629593,64
287275368,287275368,westbound,A333,EHAM,CYYZ,38:17:11.32,43:07:25.52,56.784414,-8.349083,38488.0,194038.02896353774,82
287275927,287275927,westbound,B763,EGLL,KORD,38:18:14.49,43:01:26.71,55.918843,-8.381246,39629.0,161244.64938438835,79
287275856,287275856,westbound,A333,EHAM,KMSP,38:19:35.24,42:47:25.93,57.093573,-7.881676,38478.0,194082.47142831114,75
287276827,287276827,westbound,A359,LFPG,KLAX,38:19:53.21,44:14:50.61,48.676178,-5.916221,37521.0,249691.44736610376,65
287272402,287272402,eastbound,B77L,KCVG,EDDP,38:22:02.45,43:08:12.57,51.726766,-54.517217,42275.0,238859.6933737505,79
287274526,287274526,westbound,B789,LIRF,CYYZ,38:24:04.58,43:59:06.45,45.573812,-6.84975,40558.0,198635.7771126575,90
287273898,287273898,eastbound,B789,KJFK,EGLL,38:25:19.59,42:34:01.67,49.894931,-53.453775,41307.0,187115.22321176692,75
287276878,287276878,westbound,A333,EGCC,KJFK,38:27:50.29,43:46:29.41,53.33052,-12.877695,38285.0,195250.64209954668,85
287273796,287273796,eastbound,B763,KPHL,LFPG,38:29:33.83,43:09:31.85,49.645389,-53.550765,40527.0,153665.86762931594,82
287274513,287274513,eastbound,B763,KEWR,EGLL,38:30:20.76,42:52:09.61,50.004353,-54.105574,40628.0,151987.5934892366,77
287276825,287276825,westbound,B772,EGLL,TXKF,38:30:53.31,44:14:24.00,50.292928,-6.678068,38956.0,227092.1202760025,102
287278146,287278146,westbound,A333,EIDW,KMSP,38:31:00.00,43:00:33.92,54.466667,-10.116667,37948.0,197329.4,76
287276669,287276669,westbound,A333,EGLF,KEWR,38:31:31.74,43:50:45.07,51.386185,-12.813956,38390.0,194639.27467363494,89
287274309,287274309,eastbound,A333,KJFK,EDDP,38:32:20.72,43:43:52.62,50.559378,-54.543197,38505.0,190258.8462670884,88
287277517,287277517,westbound,B763,EIDW,KBOS,38:33:06.77,43:48:59.68,52.79717,-12.873781,40371.0,154156.51773323608,87
287276521,287276521,westbound,B788,EGLL,KIAD,38:37:56.44,43:40:49.47,51.939391,-13.469606,41979.0,176063.72275823113,88
287272775,287272775,eastbound,B763,KCVG,EBBR,38:38:03.10,43:23:23.58,51.295541,-55.158438,39760.0,154829.26568119114,82
287274128,287274128,westbound,A332,LIRF,CYYZ,38:38:58.85,43:31:01.44,53.905318,-9.312829,39657.0,200462.36430651226,81
287276622,287276622,westbound,A332,EHAM,CYUL,38:39:30.02,43:44:18.48,55.763314,-7.833101,39805.0,195347.76374057337,88
287276888,287276888,westbound,B764,LFPG,KATL,38:39:31.57,44:47:26.23,48.633744,-6.339116,32702.0,183642.30051625893,95
287276844,287276844,westbound,A35K,EGLL,KMCO,38:39:42.76,44:31:29.10,50.347508,-6.403612,37821.0,267403.0482219349,96
287277547,287277547,westbound,B772,EGLL,KCLT,38:44:24.85,44:38:06.22,50.811251,-6.305682,38443.0,234285.9144043608,100
287278492,287278492,westbound,B763,EINN,KJFK,38:44:40.28,44:10:42.57,51.989187,-12.759271,40231.0,155412.61950309156,86
287277509,287277509,westbound,B772,LEBL,KSFO,38:50:30.36,44:18:01.99,44.461968,-6.280019,36889.0,255822.16307388383,66
287277668,287277668,eastbound,B744,CYHZ,EBLG,38:51:02.23,43:24:44.53,48.851981,-53.274378,39183.0,284505.7993929914,85
287272382,287272382,westbound,B77L,LSZH,CYYZ,38:51:38.78,43:24:36.05,53.704538,-13.159158,42324.0,242081.28378738533,81
287277116,287277116,westbound,B772,EGLL,KLAX,38:52:34.34,43:03:16.33,56.285928,-8.4482,37337.0,249558.21111367372,55
287274935,287274935,eastbound,A333,KJFK,EGLL,38:57:04.91,43:22:40.80,50.238728,-54.282353,38862.0,190274.32843089613,76
287276088,287276088,westbound,A339,EDDF,CYYZ,39:01:47.54,43:50:51.96,56.678071,-8.397564,39540.0,206265.87960764975,82
287277932,287277932,westbound,B789,EGLL,MMMX,39:03:41.02,44:48:16.23,50.232583,-7.070827,39010.0,218847.66973702694,73
287276903,287276903,westbound,B77W,EGLL,KJFK,39:04:21.45,44:15:09.93,52.078107,-12.961747,39879.0,272418.4997218917,86
287279063,287279063,westbound,A333,EIDW,KLAX,39:06:00.00,43:30:22.67,54.320278,-9.416944,37944.0,197329.4,58
287274773,287274773,eastbound,B763,KPHL,EGNX,39:08:35.85,43:19:35.12,49.82827,-53.590006,40732.0,151528.7085841565,74
287277853,287277853,westbound,B789,EGLL,KORD,39:10:05.81,43:46:48.23,53.967937,-8.519169,40407.0,202522.25099425865,81
287278092,287278092,westbound,B789,LFPG,KMSP,39:12:34.36,43:42:02.16,54.717201,-7.938014,40371.0,202098.7460683176,78
287277754,287277754,westbound,B772,EGKK,KJFK,39:14:32.95,44:28:07.79,51.352826,-12.910733,39168.0,223799.31722649123,87
287278936,287278936,westbound,A333,EIDW,KCLE,39:14:35.04,44:10:44.49,53.944862,-10.324305,37985.0,197102.72005848243,85
287277241,287277241,westbound,B77W,EGLL,KIAH,39:17:30.13,44:35:16.76,51.643956,-13.380132,38509.0,292327.79982783314,75
287277520,287277520,westbound,B77L,EDDF,CYYZ,39:19:29.46,44:02:53.75,56.537067,-7.914648,42180.0,244230.25508339045,83
287277670,287277670,westbound,B744,EBLG,KGSP,39:22:13.37,44:37:23.61,51.548516,-12.737535,38260.0,303578.233779723,85
287276935,287276935,westbound,A333,EDDF,CYHZ,39:24:22.01,43:44:54.67,52.324906,-12.715271,38852.0,191750.1964286871,73
287279716,287279716,westbound,A333,BIKF,KBWI,39:25:00.00,43:30:42.13,63.916667,-27.160278,38078.0,196102.2,70
287278182,287278182,westbound,B763,EGLL,KEWR,39:25:44.85,44:32:17.76,53.706799,-11.926035,40101.0,157059.93702134915,87
287279740,287279740,westbound,F2TH,EGGP,KBGR,39:27:19.65,44:42:18.93,54.451702,-8.358657,41483.0,16505.69408907763,84
287278006,287278006,westbound,B772,EGLL,KDFW,39:28:57.73,43:54:26.67,54.242824,-8.623408,37896.0,241784.26612029245,65
287279000,287279000,westbound,B789,EGLL,MKJS,39:29:04.32,45:26:18.67,50.288771,-5.826658,39649.0,211672.07298087812,90
287276971,287276971,westbound,B789,LIRF,KJFK,39:29:11.93,45:22:28.62,44.834123,-6.406468,40641.0,197722.17037070455,96
287278370,287278370,westbound,B772,LFPG,KDTW,39:29:29.73,45:11:26.52,48.946004,-6.350622,38597.0,231981.83411503685,96
287278022,287278022,westbound,A388,EGLL,KBOS,39:30:15.96,44:30:20.44,52.091372,-12.698939,39650.0,442896.5046084645,88
287275832,287275832,eastbound,B744,KPHL,EDDK,39:31:59.42,44:12:20.55,50.159233,-54.004938,37375.0,288498.6235481917,87
287276254,287276254,westbound,B763,LIRF,KIAD,39:33:20.77,45:31:26.46,44.888289,-9.373992,39838.0,161578.3875964954,88
287279233,287279233,westbound,B789,EGLL,KMIA,39:33:22.89,45:23:31.03,50.388413,-6.229833,39901.0,208789.2252777039,98
287279096,287279096,westbound,B77W,LFPG,KJFK,39:35:02.59,45:27:07.30,48.776331,-6.072091,39558.0,276947.6644160713,98
287277699,287277699,westbound,B744,EDDF,CYYZ,39:35:58.97,44:14:43.54,56.758246,-7.727316,38610.0,297117.7019211895,82
287280186,287280186,westbound,GLEX,EINN,KVNY,39:36:00.00,43:44:53.64,54.001111,-11.595,44070.0,39070.9,58
287278616,287278616,eastbound,B772,CYHZ,EGLL,39:37:55.91,43:44:08.72,48.990707,-52.864461,39646.0,216022.01124951066,75
287277144,287277144,westbound,A359,EDDM,KORD,39:40:34.13,44:09:46.51,56.716754,-8.190225,39308.0,232610.21792876348,74
287277606,287277606,westbound,A359,EDDM,KEWR,39:42:30.26,45:29:22.75,48.60016,-5.904643,39569.0,228839.6185639542,99
287279429,287279429,eastbound,A333,BIKF,LEAL,39:43:00.00,42:44:02.25,62.280556,-19.823056,38920.0,188164.9,51
287278837,287278837,westbound,A35K,EGLL,KPHX,39:43:00.62,43:50:47.50,56.552241,-9.021763,37198.0,277198.2164698362,56
287278311,287278311,westbound,A339,EGLL,KMSP,39:45:20.76,44:09:39.83,56.269018,-8.588614,39131.0,209364.5323069528,76
287274002,287274002,westbound,A332,LGAV,CYYZ,39:46:54.58,44:27:09.52,57.102647,-8.39698,39740.0,200937.72627822627,69
287276253,287276253,westbound,B788,LIMC,KORD,39:48:26.12,44:09:33.69,53.485484,-13.825037,41770.0,175576.0695271922,72
287278723,287278723,westbound,A339,EGLL,KATL,39:51:01.85,45:19:37.92,51.741657,-13.332495,39008.0,210823.37632858322,89
287280089,287280089,westbound,A333,EIDW,KPHL,39:52:53.84,45:16:07.99,53.3765,-12.842332,38097.0,196386.9504341313,89
287276729,287276729,westbound,A388,EDDM,KBOS,39:53:00.14,44:54:07.52,51.925613,-12.84963,39670.0,452165.1296985564,89
287275335,287275335,westbound,A333,LIRF,KMSP,39:53:36.24,44:20:46.52,53.759256,-11.744215,39406.0,188556.91476817374,63
287278609,287278609,westbound,B78X,EGLL,KORD,39:53:37.38,44:34:15.80,53.992641,-8.811188,39504.0,224695.91701923244,81
287280727,287280727,westbound,A333,EIDW,KORD,39:55:00.00,44:37:51.25,54.355556,-9.320833,37948.0,197329.4,79
287280899,287280899,westbound,A333,EIDW,KJFK,39:57:00.00,45:15:12.47,53.993611,-9.538056,37948.0,197329.4,91
287278312,287278312,westbound,A388,EDDM,KIAD,39:57:26.92,45:40:43.60,48.395061,-6.438573,38948.0,464008.3843037315,96
287279182,287279182,westbound,B77W,EGLL,CYYZ,39:57:38.81,44:45:32.91,55.317421,-7.995237,39674.0,275297.3103360186,85
287277158,287277158,eastbound,B772,KJFK,EGLL,39:59:56.22,44:09:09.97,50.422656,-53.985608,39308.0,215051.6348263913,77
287277369,287277369,westbound,A359,EDDM,CYYZ,40:02:30.40,44:49:45.69,56.379232,-8.103363,39669.0,228434.11895304522,84
287280332,287280332,westbound,A359,LFPG,KIAD,40:04:22.03,45:53:23.08,48.714984,-6.074223,39327.0,229650.6902014345,100
287280615,287280615,westbound,A333,EIDW,KIAD,40:05:02.84,45:20:07.04,53.64515,-12.875112,38099.0,196375.31524968188,88
287278846,287278846,westbound,B772,LEAL,BIKF,40:13:43.80,42:28:09.22,48.097143,-7.372572,40616.0,202763.79794987556,41
287281334,287281334,westbound,A333,BIKF,KSWF,40:14:00.00,44:13:23.08,63.916667,-27.160278,38308.0,193936.5,68
287278536,287278536,westbound,A388,LIMC,KJFK,40:16:19.03,46:03:27.12,46.235007,-6.600395,39173.0,458210.65836110146,101
287280880,287280880,westbound,A333,BIKF,KBOS,40:18:00.00,44:28:59.64,63.916667,-27.160278,38463.0,192471.1,70
287279499,287279499,westbound,B764,LFPG,KIAD,40:24:58.91,46:33:31.33,48.564616,-6.538679,33142.0,178357.3185127611,99
287280980,287280980,westbound,A333,EIDW,KJFK,40:25:09.21,45:37:19.24,53.412382,-12.942978,38100.0,196370.03550366694,87
287277913,287277913,westbound,A339,LIRF,KJFK,40:25:22.83,46:28:18.80,44.810975,-8.251302,39487.0,207957.0911314762,95
287275962,287275962,westbound,B788,LGAV,CYYZ,40:26:59.16,46:07:56.48,44.82383,-6.479897,41775.0,173608.51222609158,77
287279498,287279498,westbound,B763,EGLL,KEWR,40:28:03.15,45:46:40.88,52.067685,-13.090656,40072.0,156374.31675549163,88
287279385,287279385,westbound,B772,EGLL,KBNA,40:29:37.57,45:49:20.40,51.704265,-12.914504,38525.0,232845.1373502264,86
287280257,287280257,westbound,B78X,EHAM,KJFK,40:30:01.20,45:43:51.24,55.404909,-7.937463,39628.0,223582.76753810502,93
287281524,287281524,westbound,A333,EIDW,KBOS,40:31:37.80,45:43:11.42,54.060216,-10.550863,37985.0,197100.11930707333,88
287279732,287279732,westbound,A333,EDDF,CYYZ,40:32:41.44,45:22:19.42,56.71125,-8.236888,38734.0,192494.86495449592,82
287279707,287279707,westbound,A339,EGLL,KJFK,40:32:59.53,45:47:52.33,52.076157,-12.730596,39711.0,203325.72395241825,86
287280645,287280645,westbound,B789,EGLL,KLAS,40:34:05.41,44:51:12.15,54.443118,-8.876696,39374.0,214245.4861037925,59
287279891,287279891,westbound,B772,EGLL,KATL,40:38:58.75,45:59:33.59,51.708045,-13.14104,38507.0,233052.41414083942,90
287279097,287279097,westbound,A359,EDDM,CYUL,40:39:45.63,45:34:48.76,55.871718,-8.415833,39960.0,225137.77459347132,87
287280039,287280039,westbound,B77W,EHAM,KATL,40:40:13.85,45:59:59.55,52.413984,-13.260348,39007.0,283725.0957806854,84
287279667,287279667,westbound,B788,EGLL,KAUS,40:42:42.85,45:59:52.04,51.426877,-13.361996,40917.0,187049.10651327984,74
287280056,287280056,westbound,A343,EDDF,KJFK,40:43:22.26,46:57:39.82,48.698443,-6.230125,37799.0,212301.21587214142,98
287280206,287280206,westbound,B77W,EGLL,KJFK,40:45:28.10,45:57:42.96,51.348726,-12.992551,39903.0,272021.49482860253,87
287282164,287282164,westbound,B772,BIKF,KORD,40:49:00.00,43:51:56.64,63.916667,-27.160278,39266.0,223017.8,53
287279756,287279756,westbound,B772,EDDF,KIAD,40:51:31.46,46:04:56.93,54.640387,-8.272573,38832.0,228262.94326656204,93
287282332,287282332,westbound,B752,EIDW,KEWR,40:54:16.86,46:13:39.97,52.119474,-13.409515,38547.0,95305.78795449817,88
287282172,287282172,eastbound,B772,BIKF,LEAL,40:55:00.00,43:43:35.30,62.347499,-19.949444,40117.0,211239.5,51
287280183,287280183,westbound,B77W,LFPG,CYUL,40:55:50.25,45:37:22.62,52.72732,-12.973538,40080.0,269691.6075333695,83
287280796,287280796,westbound,B772,EGLL,KIAD,40:55:58.08,46:09:17.19,51.909503,-12.77775,38962.0,226687.75325944228,89
287280258,287280258,westbound,B77W,EGLL,KDFW,40:58:54.70,46:18:20.15,51.771582,-13.289705,38578.0,291272.4995123149,72
287280590,287280590,westbound,B78X,EGLL,KEWR,41:00:52.72,46:06:49.54,52.057598,-12.717035,39515.0,223783.05579897985,89
287283337,287283337,westbound,B752,BIKF,KMCO,41:01:00.00,45:12:12.45,63.916667,-27.160278,38499.0,98305.1,72
287280754,287280754,westbound,B788,EGLL,KPIT,41:02:35.63,45:50:47.33,53.762506,-12.262396,41903.0,176866.7428368521,86
287280673,287280673,westbound,B789,EDDF,CYUL,41:04:30.29,46:04:09.93,55.877473,-8.18084,40995.0,194016.97738608535,85
287280659,287280659,westbound,A343,EDDF,KORD,41:06:33.06,45:49:26.29,56.63877,-7.646331,37387.0,217357.57822758565,77
287280594,287280594,westbound,B772,EGLL,KBWI,41:08:53.23,46:22:42.96,51.896217,-12.708956,38999.0,226172.94866271652,89
287281149,287281149,westbound,A333,LSZH,KEWR,41:10:41.81,47:11:58.78,47.921979,-6.107859,38572.0,193558.41539501463,99
287278990,287278990,eastbound,A359,CYYZ,LIRF,41:12:46.61,45:55:20.84,51.023961,-53.630076,39385.0,229355.3805112417,77
287280482,287280482,westbound,A333,LIMC,KJFK,41:13:23.20,47:21:42.92,46.394726,-6.477889,38627.0,193266.97428610717,98
287281333,287281333,westbound,B77W,EGLL,KJFK,41:14:57.34,46:20:21.42,53.621442,-13.013445,39785.0,272724.4942793595,85
287282228,287282228,westbound,B77W,LFPG,KJFK,41:15:53.00,47:06:35.25,48.750005,-6.345896,39485.0,277351.9036503981,97
287281073,287281073,westbound,A35K,EGLL,KJFK,41:16:12.11,46:29:06.05,52.047874,-12.879998,38870.0,254688.5037844082,86
287281455,287281455,westbound,A388,EGLL,KIAD,41:19:27.51,46:13:03.93,53.836472,-12.40303,39245.0,452368.41079267504,88
287281977,287281977,westbound,A35K,EGLL,KLAS,41:20:43.11,45:29:08.60,56.762123,-8.790257,37229.0,276706.789721197,57
287271806,287271806,eastbound,B77L,KLAX,EDDP,41:21:19.28,46:15:50.92,55.132081,-58.496235,42137.0,238495.55528468295,61
287283104,287283104,westbound,B763,BIKF,KJFK,41:23:00.00,45:39:32.98,63.916667,-27.160278,40710.0,151285.8,72
287281842,287281842,westbound,B772,EGLL,CYYZ,41:25:07.08,46:10:36.48,53.92178,-9.843962,38979.0,226578.46720962782,84
287280827,287280827,westbound,A343,EDDF,KBOS,41:28:57.58,46:50:00.65,52.01776,-12.770992,38356.0,208096.6220664664,89
287283624,287283624,westbound,B772,BIKF,KIAD,41:31:00.00,45:02:59.77,63.916667,-27.160278,39394.0,221221.3,62
287282669,287282669,westbound,B772,EHAM,KBOS,41:31:01.70,46:44:03.19,55.080246,-8.107666,39123.0,224457.62048230326,90
287283766,287283766,westbound,B772,BIKF,KDTW,41:33:00.00,44:49:33.20,63.916667,-27.160278,39402.0,221133.8,57
287282304,287282304,westbound,A359,LFPG,MMMX,41:33:52.81,47:22:45.24,48.398571,-6.917906,37521.0,249963.23729757083,71
287282919,287282919,westbound,B752,GCTS,BIKF,41:34:27.61,45:31:27.22,33.987712,-16.729372,39469.0,89458.82264864327,68
287283719,287283719,westbound,B772,BIKF,KPIT,41:35:00.00,45:03:13.49,63.916667,-27.160278,39400.0,221160.3,61
287281956,287281956,westbound,A333,LSZH,KBOS,41:39:34.98,47:36:46.21,47.930878,-6.55275,38594.0,193380.0742122435,99
287282252,287282252,westbound,A359,EKCH,KIAD,41:43:13.74,46:50:15.55,60.700149,-4.655396,39436.0,229748.47008023295,90
287282477,287282477,westbound,B78X,EGLL,KBOS,41:43:18.74,46:43:12.12,53.739739,-11.582965,39409.0,224010.50590084054,87
287282600,287282600,westbound,B789,EGLL,CYYZ,41:43:35.00,46:26:24.74,53.920597,-10.801037,40790.0,197806.0832799964,84
287283180,287283180,westbound,B763,BIKF,KEWR,41:44:00.00,45:42:18.72,63.916667,-27.160278,40698.0,151367.8,67
287280977,287280977,westbound,B772,EPWA,KJFK,41:47:35.10,46:58:11.97,58.586209,-7.95192,39031.0,224359.41107387838,90
287282413,287282413,westbound,B789,EHAM,CYYZ,41:50:23.00,46:37:01.01,56.299175,-8.147146,40749.0,197729.57765998735,84
287277749,287277749,westbound,B772,LGAV,KJFK,41:50:44.28,47:15:34.95,44.514402,-11.554692,39151.0,223144.3780949847,76
287283116,287283116,westbound,B772,BIKF,KBWI,41:53:00.00,45:27:57.79,63.916667,-27.160278,39429.0,220766.3,63
287282855,287282855,westbound,B789,EGLL,CYYZ,41:58:32.07,46:45:05.88,53.919053,-8.802817,40738.0,198697.31707276736,84
287283313,287283313,westbound,B772,BIKF,CYYZ,42:04:00.00,45:24:00.48,63.916667,-27.160278,39575.0,218715.8,59
287282547,287282547,westbound,A359,LFPG,CYUL,42:06:14.72,46:49:11.83,52.946924,-13.194006,40092.0,222616.19441135702,84
287283548,287283548,westbound,A339,EGLL,KBOS,42:12:17.83,47:19:32.91,53.759389,-11.627199,39857.0,201656.61119455908,87
287282709,287282709,westbound,B77W,LFPG,CYYZ,42:12:47.06,46:49:17.40,53.128657,-12.814396,39741.0,274185.86672305665,82
287282381,287282381,westbound,B744,EBBR,KGSP,42:18:17.13,47:34:26.44,51.548874,-13.489049,38284.0,302967.98812950135,88
287282509,287282509,eastbound,B772,KBOS,BIKF,42:20:32.52,44:56:59.25,51.651967,-55.026443,40328.0,204771.58757116063,48
287283307,287283307,westbound,B788,EGLL,CYUL,42:23:08.22,47:07:24.83,53.858345,-11.542404,42293.0,173128.38250791436,84
287284911,287284911,westbound,B752,EGPH,KEWR,42:24:43.29,47:47:10.35,55.896815,-7.754129,38075.0,96273.8460383303,91
287283319,287283319,westbound,B772,EGLL,KJFK,42:32:41.05,47:49:39.46,51.848573,-13.33108,39182.0,223551.89519358438,88
287283614,287283614,westbound,B744,EDDK,KSDF,42:36:03.43,47:03:13.59,57.452882,-9.053817,38201.0,304446.9428685133,73
287284379,287284379,westbound,A359,LFPG,KBOS,42:37:03.34,48:27:00.28,48.154353,-6.438855,39758.0,224919.08695115993,101
287274553,287274553,eastbound,B77L,KLAX,EGNX,42:38:51.07,46:36:31.98,52.524188,-54.81396,42158.0,228755.49122594568,55
287285698,287285698,westbound,B763,BIKF,KBOS,42:40:00.00,46:55:55.76,63.916667,-27.160278,40901.0,149673.2,70
287285104,287285104,westbound,A333,GCTS,BIKF,42:40:24.34,46:38:44.57,33.980515,-16.741383,38646.0,191470.91149371845,68
287284017,287284017,westbound,A359,LFPG,KLAX,42:41:58.39,47:05:47.67,54.51209,-8.535518,37778.0,248056.15442896413,56
287284205,287284205,westbound,A359,LFPO,CYUL,43:00:18.25,47:43:30.57,52.915741,-13.202897,40093.0,222601.92310108597,84
287284876,287284876,westbound,B77L,LIMC,KMEM,43:08:52.83,49:00:10.94,46.243965,-6.71632,41239.0,258335.452967266,82
287284946,287284946,westbound,B772,EGLL,KJFK,43:10:20.38,48:23:52.80,52.075836,-12.809934,39157.0,223852.97579258503,86
287284612,287284612,westbound,A35K,EGLL,KJFK,43:13:32.42,48:27:53.93,51.959091,-12.857611,38869.0,254667.43554032815,86
287283534,287283534,eastbound,B789,CYUL,GMMN,43:14:39.19,47:28:59.04,47.153328,-52.680353,40666.0,190029.1163706129,77
287284348,287284348,westbound,B77L,EDDP,KCVG,43:23:47.62,47:56:28.37,58.930135,-7.441086,41805.0,249674.86513982413,73
287285891,287285891,westbound,B789,ENGM,KJFK,43:26:40.48,49:08:25.45,62.500576,2.358256,40573.0,200817.25659779046,101
287283966,287283966,eastbound,B789,KJFK,LGAV,43:39:34.56,48:13:41.52,49.037225,-52.716939,40005.0,201048.62766458877,67
287285771,287285771,westbound,B77L,LFPG,KMEM,43:40:04.04,49:30:09.11,48.81072,-6.219119,41246.0,258150.9498834898,89
287286401,287286401,westbound,B789,LFPG,KJFK,43:43:58.08,49:31:20.35,49.100235,-5.990007,40671.0,199541.83473053298,97
287287360,287287360,westbound,B772,BIKF,KORD,43:51:00.00,46:52:31.20,63.916667,-27.160278,39266.0,223017.8,53
287285893,287285893,westbound,B772,EGLL,KJFK,43:51:45.88,49:08:38.70,51.764491,-13.410367,39182.0,223541.5332082429,88
287287609,287287609,westbound,B772,BIKF,KIAD,43:53:00.00,47:43:05.83,63.916667,-27.160278,39395.0,221221.3,68
287287713,287287713,westbound,B772,BIKF,CYYZ,44:00:00.00,47:20:06.81,63.916667,-27.160278,39577.0,218715.8,59
287287096,287287096,westbound,B77W,LFPG,KJFK,44:04:36.49,49:53:41.31,48.849989,-6.231019,39310.0,277384.3419321506,97
287285812,287285812,westbound,B77L,EHAM,KORD,44:13:35.79,48:39:29.94,57.24596,-8.193377,41852.0,249119.2125754296,78
287286776,287286776,westbound,B789,EGLL,KJFK,44:17:42.31,49:27:29.96,51.815477,-13.434115,40955.0,195545.6400072881,88
287288163,287288163,westbound,B772,BIKF,KBOS,44:19:00.00,48:20:32.82,63.916667,-27.160278,39743.0,216408.0,70
287284513,287284513,eastbound,A332,KJFK,LYBE,44:21:09.42,49:07:39.83,48.687558,-52.581047,39058.0,202253.32753780167,75
287287613,287287613,westbound,B77L,EGNX,KCVG,44:26:16.38,49:05:34.97,55.505512,-8.529553,41786.0,250198.9516981133,82
287286700,287286700,westbound,B772,EGLL,KBOS,44:26:48.14,49:25:18.22,53.726724,-11.73661,39257.0,221980.8494440374,86
287286657,287286657,westbound,B77L,EBBR,KCVG,44:28:18.84,49:12:08.65,55.371178,-7.787049,41754.0,250497.4044262306,82
287287546,287287546,westbound,B763,EGSS,KSDF,44:28:30.61,49:21:00.93,55.486478,-8.383429,39360.0,162814.03854563544,81
287287780,287287780,westbound,B772,BIKF,KJFK,44:29:00.00,48:36:06.83,63.916667,-27.160278,39581.0,218655.2,73
287286970,287286970,westbound,B772,BIKF,KRDU,44:32:00.00,48:16:08.17,63.916667,-27.160278,39199.0,223934.1,66
287287750,287287750,westbound,B77L,EGSS,KMEM,44:38:27.01,49:11:59.12,55.521711,-8.899846,41470.0,254817.39635380867,74
287287988,287287988,westbound,B744,ELLX,KORD,44:59:48.35,49:27:19.72,56.023599,-7.938292,38242.0,303467.1520542353,79
287286658,287286658,eastbound,A339,KBOS,LGAV,45:12:34.62,50:04:41.15,48.513766,-52.567582,38772.0,213314.0961851571,71
287287771,287287771,westbound,B77L,EDDK,KMEM,45:13:01.44,49:35:27.78,57.973311,-8.811313,41511.0,254135.10505959025,66
287288699,287288699,westbound,B763,EGNX,KCVG,45:20:35.91,50:18:51.88,55.343004,-8.190572,39486.0,161959.97190093665,83
287288306,287288306,westbound,B744,EDDK,KSDF,45:29:42.98,49:56:46.80,57.272943,-8.251966,38162.0,304883.870035646,73
287289135,287289135,westbound,B788,EGLL,SKBO,45:39:09.55,51:28:56.64,50.292629,-6.836367,40384.0,193870.59780890457,79
287288508,287288508,westbound,B763,EGLL,KEWR,45:51:37.43,51:22:26.51,51.056083,-11.294461,38658.0,156764.13486618103,91
287288311,287288311,westbound,B788,EHAM,MMMX,45:51:49.89,51:12:34.70,52.604122,-13.916135,40473.0,189973.32382859543,63
287289493,287289493,westbound,B789,EGLL,MMMX,46:06:04.00,51:58:20.20,50.392643,-6.210076,38973.0,219441.8869167948,74
287286576,287286576,eastbound,B748,KSDF,EDDK,46:09:09.38,50:43:24.53,50.735624,-53.699487,37676.0,370828.72387314495,80
287287182,287287182,eastbound,A333,KJFK,LGAV,46:09:14.20,51:05:24.74,48.252905,-52.616707,38894.0,190071.09423962925,68
287287918,287287918,eastbound,A339,KBOS,EDDF,46:12:28.07,51:10:08.89,49.365479,-53.012069,39771.0,202298.3499741658,85
287282910,287282910,eastbound,B789,MMMY,LEMD,46:23:52.25,50:47:45.07,48.929141,-52.690175,40612.0,180373.52742490108,59
287289146,287289146,westbound,A333,LEAL,BIKF,46:23:58.34,48:43:07.85,48.092112,-7.461356,39567.0,183847.5373223707,41
287281587,287281587,eastbound,B789,MMGL,LEMD,46:25:24.96,50:47:28.85,48.985738,-52.24473,40750.0,177931.60288708337,54
287287875,287287875,eastbound,B78X,KEWR,LGAV,46:43:31.80,51:16:45.18,49.182004,-52.393149,39527.0,218997.37913956586,67
287288203,287288203,eastbound,A332,CYUL,DAAG,47:05:29.27,51:37:32.76,48.639317,-52.988406,39410.0,197245.91233034505,80
287289723,287289723,westbound,B772,LEAL,BIKF,47:29:26.80,49:46:45.46,47.716001,-7.335068,40592.0,203052.99188741285,41
287287075,287287075,eastbound,A343,KIAD,EDDF,47:52:15.14,52:55:56.74,49.861711,-54.070767,38183.0,209492.81253029467,86
